MFEM mesh v1.0

dimension
3

elements
11520
1 4 0 1 34 727
1 4 0 694 1 727
1 4 0 34 33 727
1 4 0 33 726 727
1 4 0 693 694 727
1 4 0 726 693 727
1 4 1 2 35 728
1 4 1 695 2 728
1 4 1 35 34 728
1 4 1 34 727 728
1 4 1 694 695 728
1 4 1 727 694 728
1 4 2 3 36 729
1 4 2 696 3 729
1 4 2 36 35 729
1 4 2 35 728 729
1 4 2 695 696 729
1 4 2 728 695 729
1 4 3 4 37 730
1 4 3 697 4 730
1 4 3 37 36 730
1 4 3 36 729 730
1 4 3 696 697 730
1 4 3 729 696 730
1 4 4 5 38 731
1 4 4 698 5 731
1 4 4 38 37 731
1 4 4 37 730 731
1 4 4 697 698 731
1 4 4 730 697 731
1 4 5 6 39 732
1 4 5 699 6 732
1 4 5 39 38 732
1 4 5 38 731 732
1 4 5 698 699 732
1 4 5 731 698 732
1 4 6 7 40 733
1 4 6 700 7 733
1 4 6 40 39 733
1 4 6 39 732 733
1 4 6 699 700 733
1 4 6 732 699 733
1 4 7 8 41 734
1 4 7 701 8 734
1 4 7 41 40 734
1 4 7 40 733 734
1 4 7 700 701 734
1 4 7 733 700 734
1 4 8 9 42 735
1 4 8 702 9 735
1 4 8 42 41 735
1 4 8 41 734 735
1 4 8 701 702 735
1 4 8 734 701 735
1 4 9 10 43 736
1 4 9 703 10 736
1 4 9 43 42 736
1 4 9 42 735 736
1 4 9 702 703 736
1 4 9 735 702 736
1 4 10 11 44 737
1 4 10 704 11 737
1 4 10 44 43 737
1 4 10 43 736 737
1 4 10 703 704 737
1 4 10 736 703 737
1 4 11 12 45 738
1 4 11 705 12 738
1 4 11 45 44 738
1 4 11 44 737 738
1 4 11 704 705 738
1 4 11 737 704 738
1 4 12 13 46 739
1 4 12 706 13 739
1 4 12 46 45 739
1 4 12 45 738 739
1 4 12 705 706 739
1 4 12 738 705 739
1 4 13 14 47 740
1 4 13 707 14 740
1 4 13 47 46 740
1 4 13 46 739 740
1 4 13 706 707 740
1 4 13 739 706 740
1 4 14 15 48 741
1 4 14 708 15 741
1 4 14 48 47 741
1 4 14 47 740 741
1 4 14 707 708 741
1 4 14 740 707 741
1 4 15 16 49 742
1 4 15 709 16 742
1 4 15 49 48 742
1 4 15 48 741 742
1 4 15 708 709 742
1 4 15 741 708 742
1 4 16 17 50 743
1 4 16 710 17 743
1 4 16 50 49 743
1 4 16 49 742 743
1 4 16 709 710 743
1 4 16 742 709 743
1 4 17 18 51 744
1 4 17 711 18 744
1 4 17 51 50 744
1 4 17 50 743 744
1 4 17 710 711 744
1 4 17 743 710 744
1 4 18 19 52 745
1 4 18 712 19 745
1 4 18 52 51 745
1 4 18 51 744 745
1 4 18 711 712 745
1 4 18 744 711 745
1 4 19 20 53 746
1 4 19 713 20 746
1 4 19 53 52 746
1 4 19 52 745 746
1 4 19 712 713 746
1 4 19 745 712 746
1 4 20 21 54 747
1 4 20 714 21 747
1 4 20 54 53 747
1 4 20 53 746 747
1 4 20 713 714 747
1 4 20 746 713 747
1 4 21 22 55 748
1 4 21 715 22 748
1 4 21 55 54 748
1 4 21 54 747 748
1 4 21 714 715 748
1 4 21 747 714 748
1 4 22 23 56 749
1 4 22 716 23 749
1 4 22 56 55 749
1 4 22 55 748 749
1 4 22 715 716 749
1 4 22 748 715 749
1 4 23 24 57 750
1 4 23 717 24 750
1 4 23 57 56 750
1 4 23 56 749 750
1 4 23 716 717 750
1 4 23 749 716 750
1 4 24 25 58 751
1 4 24 718 25 751
1 4 24 58 57 751
1 4 24 57 750 751
1 4 24 717 718 751
1 4 24 750 717 751
1 4 25 26 59 752
1 4 25 719 26 752
1 4 25 59 58 752
1 4 25 58 751 752
1 4 25 718 719 752
1 4 25 751 718 752
1 4 26 27 60 753
1 4 26 720 27 753
1 4 26 60 59 753
1 4 26 59 752 753
1 4 26 719 720 753
1 4 26 752 719 753
1 4 27 28 61 754
1 4 27 721 28 754
1 4 27 61 60 754
1 4 27 60 753 754
1 4 27 720 721 754
1 4 27 753 720 754
1 4 28 29 62 755
1 4 28 722 29 755
1 4 28 62 61 755
1 4 28 61 754 755
1 4 28 721 722 755
1 4 28 754 721 755
1 4 29 30 63 756
1 4 29 723 30 756
1 4 29 63 62 756
1 4 29 62 755 756
1 4 29 722 723 756
1 4 29 755 722 756
1 4 30 31 64 757
1 4 30 724 31 757
1 4 30 64 63 757
1 4 30 63 756 757
1 4 30 723 724 757
1 4 30 756 723 757
1 4 31 32 65 758
1 4 31 725 32 758
1 4 31 65 64 758
1 4 31 64 757 758
1 4 31 724 725 758
1 4 31 757 724 758
1 4 33 34 67 760
1 4 33 727 34 760
1 4 33 67 66 760
1 4 33 66 759 760
1 4 33 726 727 760
1 4 33 759 726 760
1 4 34 35 68 761
1 4 34 728 35 761
1 4 34 68 67 761
1 4 34 67 760 761
1 4 34 727 728 761
1 4 34 760 727 761
1 4 35 36 69 762
1 4 35 729 36 762
1 4 35 69 68 762
1 4 35 68 761 762
1 4 35 728 729 762
1 4 35 761 728 762
1 4 36 37 70 763
1 4 36 730 37 763
1 4 36 70 69 763
1 4 36 69 762 763
1 4 36 729 730 763
1 4 36 762 729 763
1 4 37 38 71 764
1 4 37 731 38 764
1 4 37 71 70 764
1 4 37 70 763 764
1 4 37 730 731 764
1 4 37 763 730 764
1 4 38 39 72 765
1 4 38 732 39 765
1 4 38 72 71 765
1 4 38 71 764 765
1 4 38 731 732 765
1 4 38 764 731 765
1 4 39 40 73 766
1 4 39 733 40 766
1 4 39 73 72 766
1 4 39 72 765 766
1 4 39 732 733 766
1 4 39 765 732 766
1 4 40 41 74 767
1 4 40 734 41 767
1 4 40 74 73 767
1 4 40 73 766 767
1 4 40 733 734 767
1 4 40 766 733 767
1 4 41 42 75 768
1 4 41 735 42 768
1 4 41 75 74 768
1 4 41 74 767 768
1 4 41 734 735 768
1 4 41 767 734 768
1 4 42 43 76 769
1 4 42 736 43 769
1 4 42 76 75 769
1 4 42 75 768 769
1 4 42 735 736 769
1 4 42 768 735 769
1 4 43 44 77 770
1 4 43 737 44 770
1 4 43 77 76 770
1 4 43 76 769 770
1 4 43 736 737 770
1 4 43 769 736 770
1 4 44 45 78 771
1 4 44 738 45 771
1 4 44 78 77 771
1 4 44 77 770 771
1 4 44 737 738 771
1 4 44 770 737 771
1 4 45 46 79 772
1 4 45 739 46 772
1 4 45 79 78 772
1 4 45 78 771 772
1 4 45 738 739 772
1 4 45 771 738 772
1 4 46 47 80 773
1 4 46 740 47 773
1 4 46 80 79 773
1 4 46 79 772 773
1 4 46 739 740 773
1 4 46 772 739 773
1 4 47 48 81 774
1 4 47 741 48 774
1 4 47 81 80 774
1 4 47 80 773 774
1 4 47 740 741 774
1 4 47 773 740 774
1 4 48 49 82 775
1 4 48 742 49 775
1 4 48 82 81 775
1 4 48 81 774 775
1 4 48 741 742 775
1 4 48 774 741 775
1 4 49 50 83 776
1 4 49 743 50 776
1 4 49 83 82 776
1 4 49 82 775 776
1 4 49 742 743 776
1 4 49 775 742 776
1 4 50 51 84 777
1 4 50 744 51 777
1 4 50 84 83 777
1 4 50 83 776 777
1 4 50 743 744 777
1 4 50 776 743 777
1 4 51 52 85 778
1 4 51 745 52 778
1 4 51 85 84 778
1 4 51 84 777 778
1 4 51 744 745 778
1 4 51 777 744 778
1 4 52 53 86 779
1 4 52 746 53 779
1 4 52 86 85 779
1 4 52 85 778 779
1 4 52 745 746 779
1 4 52 778 745 779
1 4 53 54 87 780
1 4 53 747 54 780
1 4 53 87 86 780
1 4 53 86 779 780
1 4 53 746 747 780
1 4 53 779 746 780
1 4 54 55 88 781
1 4 54 748 55 781
1 4 54 88 87 781
1 4 54 87 780 781
1 4 54 747 748 781
1 4 54 780 747 781
1 4 55 56 89 782
1 4 55 749 56 782
1 4 55 89 88 782
1 4 55 88 781 782
1 4 55 748 749 782
1 4 55 781 748 782
1 4 56 57 90 783
1 4 56 750 57 783
1 4 56 90 89 783
1 4 56 89 782 783
1 4 56 749 750 783
1 4 56 782 749 783
1 4 57 58 91 784
1 4 57 751 58 784
1 4 57 91 90 784
1 4 57 90 783 784
1 4 57 750 751 784
1 4 57 783 750 784
1 4 58 59 92 785
1 4 58 752 59 785
1 4 58 92 91 785
1 4 58 91 784 785
1 4 58 751 752 785
1 4 58 784 751 785
1 4 59 60 93 786
1 4 59 753 60 786
1 4 59 93 92 786
1 4 59 92 785 786
1 4 59 752 753 786
1 4 59 785 752 786
1 4 60 61 94 787
1 4 60 754 61 787
1 4 60 94 93 787
1 4 60 93 786 787
1 4 60 753 754 787
1 4 60 786 753 787
1 4 61 62 95 788
1 4 61 755 62 788
1 4 61 95 94 788
1 4 61 94 787 788
1 4 61 754 755 788
1 4 61 787 754 788
1 4 62 63 96 789
1 4 62 756 63 789
1 4 62 96 95 789
1 4 62 95 788 789
1 4 62 755 756 789
1 4 62 788 755 789
1 4 63 64 97 790
1 4 63 757 64 790
1 4 63 97 96 790
1 4 63 96 789 790
1 4 63 756 757 790
1 4 63 789 756 790
1 4 64 65 98 791
1 4 64 758 65 791
1 4 64 98 97 791
1 4 64 97 790 791
1 4 64 757 758 791
1 4 64 790 757 791
1 4 66 67 100 793
1 4 66 760 67 793
1 4 66 100 99 793
1 4 66 99 792 793
1 4 66 759 760 793
1 4 66 792 759 793
1 4 67 68 101 794
1 4 67 761 68 794
1 4 67 101 100 794
1 4 67 100 793 794
1 4 67 760 761 794
1 4 67 793 760 794
1 4 68 69 102 795
1 4 68 762 69 795
1 4 68 102 101 795
1 4 68 101 794 795
1 4 68 761 762 795
1 4 68 794 761 795
1 4 69 70 103 796
1 4 69 763 70 796
1 4 69 103 102 796
1 4 69 102 795 796
1 4 69 762 763 796
1 4 69 795 762 796
1 4 70 71 104 797
1 4 70 764 71 797
1 4 70 104 103 797
1 4 70 103 796 797
1 4 70 763 764 797
1 4 70 796 763 797
1 4 71 72 105 798
1 4 71 765 72 798
1 4 71 105 104 798
1 4 71 104 797 798
1 4 71 764 765 798
1 4 71 797 764 798
1 4 72 73 106 799
1 4 72 766 73 799
1 4 72 106 105 799
1 4 72 105 798 799
1 4 72 765 766 799
1 4 72 798 765 799
1 4 73 74 107 800
1 4 73 767 74 800
1 4 73 107 106 800
1 4 73 106 799 800
1 4 73 766 767 800
1 4 73 799 766 800
1 4 74 75 108 801
1 4 74 768 75 801
1 4 74 108 107 801
1 4 74 107 800 801
1 4 74 767 768 801
1 4 74 800 767 801
1 4 75 76 109 802
1 4 75 769 76 802
1 4 75 109 108 802
1 4 75 108 801 802
1 4 75 768 769 802
1 4 75 801 768 802
1 4 76 77 110 803
1 4 76 770 77 803
1 4 76 110 109 803
1 4 76 109 802 803
1 4 76 769 770 803
1 4 76 802 769 803
1 4 77 78 111 804
1 4 77 771 78 804
1 4 77 111 110 804
1 4 77 110 803 804
1 4 77 770 771 804
1 4 77 803 770 804
1 4 78 79 112 805
1 4 78 772 79 805
1 4 78 112 111 805
1 4 78 111 804 805
1 4 78 771 772 805
1 4 78 804 771 805
1 4 79 80 113 806
1 4 79 773 80 806
1 4 79 113 112 806
1 4 79 112 805 806
1 4 79 772 773 806
1 4 79 805 772 806
1 4 80 81 114 807
1 4 80 774 81 807
1 4 80 114 113 807
1 4 80 113 806 807
1 4 80 773 774 807
1 4 80 806 773 807
1 4 81 82 115 808
1 4 81 775 82 808
1 4 81 115 114 808
1 4 81 114 807 808
1 4 81 774 775 808
1 4 81 807 774 808
1 4 82 83 116 809
1 4 82 776 83 809
1 4 82 116 115 809
1 4 82 115 808 809
1 4 82 775 776 809
1 4 82 808 775 809
1 4 83 84 117 810
1 4 83 777 84 810
1 4 83 117 116 810
1 4 83 116 809 810
1 4 83 776 777 810
1 4 83 809 776 810
1 4 84 85 118 811
1 4 84 778 85 811
1 4 84 118 117 811
1 4 84 117 810 811
1 4 84 777 778 811
1 4 84 810 777 811
1 4 85 86 119 812
1 4 85 779 86 812
1 4 85 119 118 812
1 4 85 118 811 812
1 4 85 778 779 812
1 4 85 811 778 812
1 4 86 87 120 813
1 4 86 780 87 813
1 4 86 120 119 813
1 4 86 119 812 813
1 4 86 779 780 813
1 4 86 812 779 813
1 4 87 88 121 814
1 4 87 781 88 814
1 4 87 121 120 814
1 4 87 120 813 814
1 4 87 780 781 814
1 4 87 813 780 814
1 4 88 89 122 815
1 4 88 782 89 815
1 4 88 122 121 815
1 4 88 121 814 815
1 4 88 781 782 815
1 4 88 814 781 815
1 4 89 90 123 816
1 4 89 783 90 816
1 4 89 123 122 816
1 4 89 122 815 816
1 4 89 782 783 816
1 4 89 815 782 816
1 4 90 91 124 817
1 4 90 784 91 817
1 4 90 124 123 817
1 4 90 123 816 817
1 4 90 783 784 817
1 4 90 816 783 817
1 4 91 92 125 818
1 4 91 785 92 818
1 4 91 125 124 818
1 4 91 124 817 818
1 4 91 784 785 818
1 4 91 817 784 818
1 4 92 93 126 819
1 4 92 786 93 819
1 4 92 126 125 819
1 4 92 125 818 819
1 4 92 785 786 819
1 4 92 818 785 819
1 4 93 94 127 820
1 4 93 787 94 820
1 4 93 127 126 820
1 4 93 126 819 820
1 4 93 786 787 820
1 4 93 819 786 820
1 4 94 95 128 821
1 4 94 788 95 821
1 4 94 128 127 821
1 4 94 127 820 821
1 4 94 787 788 821
1 4 94 820 787 821
1 4 95 96 129 822
1 4 95 789 96 822
1 4 95 129 128 822
1 4 95 128 821 822
1 4 95 788 789 822
1 4 95 821 788 822
1 4 96 97 130 823
1 4 96 790 97 823
1 4 96 130 129 823
1 4 96 129 822 823
1 4 96 789 790 823
1 4 96 822 789 823
1 4 97 98 131 824
1 4 97 791 98 824
1 4 97 131 130 824
1 4 97 130 823 824
1 4 97 790 791 824
1 4 97 823 790 824
1 4 99 100 133 826
1 4 99 793 100 826
1 4 99 133 132 826
1 4 99 132 825 826
1 4 99 792 793 826
1 4 99 825 792 826
1 4 100 101 134 827
1 4 100 794 101 827
1 4 100 134 133 827
1 4 100 133 826 827
1 4 100 793 794 827
1 4 100 826 793 827
1 4 101 102 135 828
1 4 101 795 102 828
1 4 101 135 134 828
1 4 101 134 827 828
1 4 101 794 795 828
1 4 101 827 794 828
1 4 102 103 136 829
1 4 102 796 103 829
1 4 102 136 135 829
1 4 102 135 828 829
1 4 102 795 796 829
1 4 102 828 795 829
1 4 103 104 137 830
1 4 103 797 104 830
1 4 103 137 136 830
1 4 103 136 829 830
1 4 103 796 797 830
1 4 103 829 796 830
1 4 104 105 138 831
1 4 104 798 105 831
1 4 104 138 137 831
1 4 104 137 830 831
1 4 104 797 798 831
1 4 104 830 797 831
1 4 105 106 139 832
1 4 105 799 106 832
1 4 105 139 138 832
1 4 105 138 831 832
1 4 105 798 799 832
1 4 105 831 798 832
1 4 106 107 140 833
1 4 106 800 107 833
1 4 106 140 139 833
1 4 106 139 832 833
1 4 106 799 800 833
1 4 106 832 799 833
1 4 107 108 141 834
1 4 107 801 108 834
1 4 107 141 140 834
1 4 107 140 833 834
1 4 107 800 801 834
1 4 107 833 800 834
1 4 108 109 142 835
1 4 108 802 109 835
1 4 108 142 141 835
1 4 108 141 834 835
1 4 108 801 802 835
1 4 108 834 801 835
1 4 109 110 143 836
1 4 109 803 110 836
1 4 109 143 142 836
1 4 109 142 835 836
1 4 109 802 803 836
1 4 109 835 802 836
1 4 110 111 144 837
1 4 110 804 111 837
1 4 110 144 143 837
1 4 110 143 836 837
1 4 110 803 804 837
1 4 110 836 803 837
1 4 111 112 145 838
1 4 111 805 112 838
1 4 111 145 144 838
1 4 111 144 837 838
1 4 111 804 805 838
1 4 111 837 804 838
1 4 112 113 146 839
1 4 112 806 113 839
1 4 112 146 145 839
1 4 112 145 838 839
1 4 112 805 806 839
1 4 112 838 805 839
1 4 113 114 147 840
1 4 113 807 114 840
1 4 113 147 146 840
1 4 113 146 839 840
1 4 113 806 807 840
1 4 113 839 806 840
1 4 114 115 148 841
1 4 114 808 115 841
1 4 114 148 147 841
1 4 114 147 840 841
1 4 114 807 808 841
1 4 114 840 807 841
1 4 115 116 149 842
1 4 115 809 116 842
1 4 115 149 148 842
1 4 115 148 841 842
1 4 115 808 809 842
1 4 115 841 808 842
1 4 116 117 150 843
1 4 116 810 117 843
1 4 116 150 149 843
1 4 116 149 842 843
1 4 116 809 810 843
1 4 116 842 809 843
1 4 117 118 151 844
1 4 117 811 118 844
1 4 117 151 150 844
1 4 117 150 843 844
1 4 117 810 811 844
1 4 117 843 810 844
1 4 118 119 152 845
1 4 118 812 119 845
1 4 118 152 151 845
1 4 118 151 844 845
1 4 118 811 812 845
1 4 118 844 811 845
1 4 119 120 153 846
1 4 119 813 120 846
1 4 119 153 152 846
1 4 119 152 845 846
1 4 119 812 813 846
1 4 119 845 812 846
1 4 120 121 154 847
1 4 120 814 121 847
1 4 120 154 153 847
1 4 120 153 846 847
1 4 120 813 814 847
1 4 120 846 813 847
1 4 121 122 155 848
1 4 121 815 122 848
1 4 121 155 154 848
1 4 121 154 847 848
1 4 121 814 815 848
1 4 121 847 814 848
1 4 122 123 156 849
1 4 122 816 123 849
1 4 122 156 155 849
1 4 122 155 848 849
1 4 122 815 816 849
1 4 122 848 815 849
1 4 123 124 157 850
1 4 123 817 124 850
1 4 123 157 156 850
1 4 123 156 849 850
1 4 123 816 817 850
1 4 123 849 816 850
1 4 124 125 158 851
1 4 124 818 125 851
1 4 124 158 157 851
1 4 124 157 850 851
1 4 124 817 818 851
1 4 124 850 817 851
1 4 125 126 159 852
1 4 125 819 126 852
1 4 125 159 158 852
1 4 125 158 851 852
1 4 125 818 819 852
1 4 125 851 818 852
1 4 126 127 160 853
1 4 126 820 127 853
1 4 126 160 159 853
1 4 126 159 852 853
1 4 126 819 820 853
1 4 126 852 819 853
1 4 127 128 161 854
1 4 127 821 128 854
1 4 127 161 160 854
1 4 127 160 853 854
1 4 127 820 821 854
1 4 127 853 820 854
1 4 128 129 162 855
1 4 128 822 129 855
1 4 128 162 161 855
1 4 128 161 854 855
1 4 128 821 822 855
1 4 128 854 821 855
1 4 129 130 163 856
1 4 129 823 130 856
1 4 129 163 162 856
1 4 129 162 855 856
1 4 129 822 823 856
1 4 129 855 822 856
1 4 130 131 164 857
1 4 130 824 131 857
1 4 130 164 163 857
1 4 130 163 856 857
1 4 130 823 824 857
1 4 130 856 823 857
1 4 132 133 166 859
1 4 132 826 133 859
1 4 132 166 165 859
1 4 132 165 858 859
1 4 132 825 826 859
1 4 132 858 825 859
1 4 133 134 167 860
1 4 133 827 134 860
1 4 133 167 166 860
1 4 133 166 859 860
1 4 133 826 827 860
1 4 133 859 826 860
1 4 134 135 168 861
1 4 134 828 135 861
1 4 134 168 167 861
1 4 134 167 860 861
1 4 134 827 828 861
1 4 134 860 827 861
1 4 135 136 169 862
1 4 135 829 136 862
1 4 135 169 168 862
1 4 135 168 861 862
1 4 135 828 829 862
1 4 135 861 828 862
1 4 136 137 170 863
1 4 136 830 137 863
1 4 136 170 169 863
1 4 136 169 862 863
1 4 136 829 830 863
1 4 136 862 829 863
1 4 137 138 171 864
1 4 137 831 138 864
1 4 137 171 170 864
1 4 137 170 863 864
1 4 137 830 831 864
1 4 137 863 830 864
1 4 138 139 172 865
1 4 138 832 139 865
1 4 138 172 171 865
1 4 138 171 864 865
1 4 138 831 832 865
1 4 138 864 831 865
1 4 139 140 173 866
1 4 139 833 140 866
1 4 139 173 172 866
1 4 139 172 865 866
1 4 139 832 833 866
1 4 139 865 832 866
1 4 140 141 174 867
1 4 140 834 141 867
1 4 140 174 173 867
1 4 140 173 866 867
1 4 140 833 834 867
1 4 140 866 833 867
1 4 141 142 175 868
1 4 141 835 142 868
1 4 141 175 174 868
1 4 141 174 867 868
1 4 141 834 835 868
1 4 141 867 834 868
1 4 142 143 176 869
1 4 142 836 143 869
1 4 142 176 175 869
1 4 142 175 868 869
1 4 142 835 836 869
1 4 142 868 835 869
1 4 143 144 177 870
1 4 143 837 144 870
1 4 143 177 176 870
1 4 143 176 869 870
1 4 143 836 837 870
1 4 143 869 836 870
1 4 144 145 178 871
1 4 144 838 145 871
1 4 144 178 177 871
1 4 144 177 870 871
1 4 144 837 838 871
1 4 144 870 837 871
1 4 145 146 179 872
1 4 145 839 146 872
1 4 145 179 178 872
1 4 145 178 871 872
1 4 145 838 839 872
1 4 145 871 838 872
1 4 146 147 180 873
1 4 146 840 147 873
1 4 146 180 179 873
1 4 146 179 872 873
1 4 146 839 840 873
1 4 146 872 839 873
1 4 147 148 181 874
1 4 147 841 148 874
1 4 147 181 180 874
1 4 147 180 873 874
1 4 147 840 841 874
1 4 147 873 840 874
1 4 148 149 182 875
1 4 148 842 149 875
1 4 148 182 181 875
1 4 148 181 874 875
1 4 148 841 842 875
1 4 148 874 841 875
1 4 149 150 183 876
1 4 149 843 150 876
1 4 149 183 182 876
1 4 149 182 875 876
1 4 149 842 843 876
1 4 149 875 842 876
1 4 150 151 184 877
1 4 150 844 151 877
1 4 150 184 183 877
1 4 150 183 876 877
1 4 150 843 844 877
1 4 150 876 843 877
1 4 151 152 185 878
1 4 151 845 152 878
1 4 151 185 184 878
1 4 151 184 877 878
1 4 151 844 845 878
1 4 151 877 844 878
1 4 152 153 186 879
1 4 152 846 153 879
1 4 152 186 185 879
1 4 152 185 878 879
1 4 152 845 846 879
1 4 152 878 845 879
1 4 153 154 187 880
1 4 153 847 154 880
1 4 153 187 186 880
1 4 153 186 879 880
1 4 153 846 847 880
1 4 153 879 846 880
1 4 154 155 188 881
1 4 154 848 155 881
1 4 154 188 187 881
1 4 154 187 880 881
1 4 154 847 848 881
1 4 154 880 847 881
1 4 155 156 189 882
1 4 155 849 156 882
1 4 155 189 188 882
1 4 155 188 881 882
1 4 155 848 849 882
1 4 155 881 848 882
1 4 156 157 190 883
1 4 156 850 157 883
1 4 156 190 189 883
1 4 156 189 882 883
1 4 156 849 850 883
1 4 156 882 849 883
1 4 157 158 191 884
1 4 157 851 158 884
1 4 157 191 190 884
1 4 157 190 883 884
1 4 157 850 851 884
1 4 157 883 850 884
1 4 158 159 192 885
1 4 158 852 159 885
1 4 158 192 191 885
1 4 158 191 884 885
1 4 158 851 852 885
1 4 158 884 851 885
1 4 159 160 193 886
1 4 159 853 160 886
1 4 159 193 192 886
1 4 159 192 885 886
1 4 159 852 853 886
1 4 159 885 852 886
1 4 160 161 194 887
1 4 160 854 161 887
1 4 160 194 193 887
1 4 160 193 886 887
1 4 160 853 854 887
1 4 160 886 853 887
1 4 161 162 195 888
1 4 161 855 162 888
1 4 161 195 194 888
1 4 161 194 887 888
1 4 161 854 855 888
1 4 161 887 854 888
1 4 162 163 196 889
1 4 162 856 163 889
1 4 162 196 195 889
1 4 162 195 888 889
1 4 162 855 856 889
1 4 162 888 855 889
1 4 163 164 197 890
1 4 163 857 164 890
1 4 163 197 196 890
1 4 163 196 889 890
1 4 163 856 857 890
1 4 163 889 856 890
1 4 165 166 199 892
1 4 165 859 166 892
1 4 165 199 198 892
1 4 165 198 891 892
1 4 165 858 859 892
1 4 165 891 858 892
1 4 166 167 200 893
1 4 166 860 167 893
1 4 166 200 199 893
1 4 166 199 892 893
1 4 166 859 860 893
1 4 166 892 859 893
1 4 167 168 201 894
1 4 167 861 168 894
1 4 167 201 200 894
1 4 167 200 893 894
1 4 167 860 861 894
1 4 167 893 860 894
1 4 168 169 202 895
1 4 168 862 169 895
1 4 168 202 201 895
1 4 168 201 894 895
1 4 168 861 862 895
1 4 168 894 861 895
1 4 169 170 203 896
1 4 169 863 170 896
1 4 169 203 202 896
1 4 169 202 895 896
1 4 169 862 863 896
1 4 169 895 862 896
1 4 170 171 204 897
1 4 170 864 171 897
1 4 170 204 203 897
1 4 170 203 896 897
1 4 170 863 864 897
1 4 170 896 863 897
1 4 171 172 205 898
1 4 171 865 172 898
1 4 171 205 204 898
1 4 171 204 897 898
1 4 171 864 865 898
1 4 171 897 864 898
1 4 172 173 206 899
1 4 172 866 173 899
1 4 172 206 205 899
1 4 172 205 898 899
1 4 172 865 866 899
1 4 172 898 865 899
1 4 173 174 207 900
1 4 173 867 174 900
1 4 173 207 206 900
1 4 173 206 899 900
1 4 173 866 867 900
1 4 173 899 866 900
1 4 174 175 208 901
1 4 174 868 175 901
1 4 174 208 207 901
1 4 174 207 900 901
1 4 174 867 868 901
1 4 174 900 867 901
1 4 175 176 209 902
1 4 175 869 176 902
1 4 175 209 208 902
1 4 175 208 901 902
1 4 175 868 869 902
1 4 175 901 868 902
1 4 176 177 210 903
1 4 176 870 177 903
1 4 176 210 209 903
1 4 176 209 902 903
1 4 176 869 870 903
1 4 176 902 869 903
1 4 177 178 211 904
1 4 177 871 178 904
1 4 177 211 210 904
1 4 177 210 903 904
1 4 177 870 871 904
1 4 177 903 870 904
1 4 178 179 212 905
1 4 178 872 179 905
1 4 178 212 211 905
1 4 178 211 904 905
1 4 178 871 872 905
1 4 178 904 871 905
1 4 179 180 213 906
1 4 179 873 180 906
1 4 179 213 212 906
1 4 179 212 905 906
1 4 179 872 873 906
1 4 179 905 872 906
1 4 180 181 214 907
1 4 180 874 181 907
1 4 180 214 213 907
1 4 180 213 906 907
1 4 180 873 874 907
1 4 180 906 873 907
1 4 181 182 215 908
1 4 181 875 182 908
1 4 181 215 214 908
1 4 181 214 907 908
1 4 181 874 875 908
1 4 181 907 874 908
1 4 182 183 216 909
1 4 182 876 183 909
1 4 182 216 215 909
1 4 182 215 908 909
1 4 182 875 876 909
1 4 182 908 875 909
1 4 183 184 217 910
1 4 183 877 184 910
1 4 183 217 216 910
1 4 183 216 909 910
1 4 183 876 877 910
1 4 183 909 876 910
1 4 184 185 218 911
1 4 184 878 185 911
1 4 184 218 217 911
1 4 184 217 910 911
1 4 184 877 878 911
1 4 184 910 877 911
1 4 185 186 219 912
1 4 185 879 186 912
1 4 185 219 218 912
1 4 185 218 911 912
1 4 185 878 879 912
1 4 185 911 878 912
1 4 186 187 220 913
1 4 186 880 187 913
1 4 186 220 219 913
1 4 186 219 912 913
1 4 186 879 880 913
1 4 186 912 879 913
1 4 187 188 221 914
1 4 187 881 188 914
1 4 187 221 220 914
1 4 187 220 913 914
1 4 187 880 881 914
1 4 187 913 880 914
1 4 188 189 222 915
1 4 188 882 189 915
1 4 188 222 221 915
1 4 188 221 914 915
1 4 188 881 882 915
1 4 188 914 881 915
1 4 189 190 223 916
1 4 189 883 190 916
1 4 189 223 222 916
1 4 189 222 915 916
1 4 189 882 883 916
1 4 189 915 882 916
1 4 190 191 224 917
1 4 190 884 191 917
1 4 190 224 223 917
1 4 190 223 916 917
1 4 190 883 884 917
1 4 190 916 883 917
1 4 191 192 225 918
1 4 191 885 192 918
1 4 191 225 224 918
1 4 191 224 917 918
1 4 191 884 885 918
1 4 191 917 884 918
1 4 192 193 226 919
1 4 192 886 193 919
1 4 192 226 225 919
1 4 192 225 918 919
1 4 192 885 886 919
1 4 192 918 885 919
1 4 193 194 227 920
1 4 193 887 194 920
1 4 193 227 226 920
1 4 193 226 919 920
1 4 193 886 887 920
1 4 193 919 886 920
1 4 194 195 228 921
1 4 194 888 195 921
1 4 194 228 227 921
1 4 194 227 920 921
1 4 194 887 888 921
1 4 194 920 887 921
1 4 195 196 229 922
1 4 195 889 196 922
1 4 195 229 228 922
1 4 195 228 921 922
1 4 195 888 889 922
1 4 195 921 888 922
1 4 196 197 230 923
1 4 196 890 197 923
1 4 196 230 229 923
1 4 196 229 922 923
1 4 196 889 890 923
1 4 196 922 889 923
1 4 198 199 232 925
1 4 198 892 199 925
1 4 198 232 231 925
1 4 198 231 924 925
1 4 198 891 892 925
1 4 198 924 891 925
1 4 199 200 233 926
1 4 199 893 200 926
1 4 199 233 232 926
1 4 199 232 925 926
1 4 199 892 893 926
1 4 199 925 892 926
1 4 200 201 234 927
1 4 200 894 201 927
1 4 200 234 233 927
1 4 200 233 926 927
1 4 200 893 894 927
1 4 200 926 893 927
1 4 201 202 235 928
1 4 201 895 202 928
1 4 201 235 234 928
1 4 201 234 927 928
1 4 201 894 895 928
1 4 201 927 894 928
1 4 202 203 236 929
1 4 202 896 203 929
1 4 202 236 235 929
1 4 202 235 928 929
1 4 202 895 896 929
1 4 202 928 895 929
1 4 203 204 237 930
1 4 203 897 204 930
1 4 203 237 236 930
1 4 203 236 929 930
1 4 203 896 897 930
1 4 203 929 896 930
1 4 204 205 238 931
1 4 204 898 205 931
1 4 204 238 237 931
1 4 204 237 930 931
1 4 204 897 898 931
1 4 204 930 897 931
1 4 205 206 239 932
1 4 205 899 206 932
1 4 205 239 238 932
1 4 205 238 931 932
1 4 205 898 899 932
1 4 205 931 898 932
1 4 206 207 240 933
1 4 206 900 207 933
1 4 206 240 239 933
1 4 206 239 932 933
1 4 206 899 900 933
1 4 206 932 899 933
1 4 207 208 241 934
1 4 207 901 208 934
1 4 207 241 240 934
1 4 207 240 933 934
1 4 207 900 901 934
1 4 207 933 900 934
1 4 208 209 242 935
1 4 208 902 209 935
1 4 208 242 241 935
1 4 208 241 934 935
1 4 208 901 902 935
1 4 208 934 901 935
1 4 209 210 243 936
1 4 209 903 210 936
1 4 209 243 242 936
1 4 209 242 935 936
1 4 209 902 903 936
1 4 209 935 902 936
1 4 210 211 244 937
1 4 210 904 211 937
1 4 210 244 243 937
1 4 210 243 936 937
1 4 210 903 904 937
1 4 210 936 903 937
1 4 211 212 245 938
1 4 211 905 212 938
1 4 211 245 244 938
1 4 211 244 937 938
1 4 211 904 905 938
1 4 211 937 904 938
1 4 212 213 246 939
1 4 212 906 213 939
1 4 212 246 245 939
1 4 212 245 938 939
1 4 212 905 906 939
1 4 212 938 905 939
1 4 213 214 247 940
1 4 213 907 214 940
1 4 213 247 246 940
1 4 213 246 939 940
1 4 213 906 907 940
1 4 213 939 906 940
1 4 214 215 248 941
1 4 214 908 215 941
1 4 214 248 247 941
1 4 214 247 940 941
1 4 214 907 908 941
1 4 214 940 907 941
1 4 215 216 249 942
1 4 215 909 216 942
1 4 215 249 248 942
1 4 215 248 941 942
1 4 215 908 909 942
1 4 215 941 908 942
1 4 216 217 250 943
1 4 216 910 217 943
1 4 216 250 249 943
1 4 216 249 942 943
1 4 216 909 910 943
1 4 216 942 909 943
1 4 217 218 251 944
1 4 217 911 218 944
1 4 217 251 250 944
1 4 217 250 943 944
1 4 217 910 911 944
1 4 217 943 910 944
1 4 218 219 252 945
1 4 218 912 219 945
1 4 218 252 251 945
1 4 218 251 944 945
1 4 218 911 912 945
1 4 218 944 911 945
1 4 219 220 253 946
1 4 219 913 220 946
1 4 219 253 252 946
1 4 219 252 945 946
1 4 219 912 913 946
1 4 219 945 912 946
1 4 220 221 254 947
1 4 220 914 221 947
1 4 220 254 253 947
1 4 220 253 946 947
1 4 220 913 914 947
1 4 220 946 913 947
1 4 221 222 255 948
1 4 221 915 222 948
1 4 221 255 254 948
1 4 221 254 947 948
1 4 221 914 915 948
1 4 221 947 914 948
1 4 222 223 256 949
1 4 222 916 223 949
1 4 222 256 255 949
1 4 222 255 948 949
1 4 222 915 916 949
1 4 222 948 915 949
1 4 223 224 257 950
1 4 223 917 224 950
1 4 223 257 256 950
1 4 223 256 949 950
1 4 223 916 917 950
1 4 223 949 916 950
1 4 224 225 258 951
1 4 224 918 225 951
1 4 224 258 257 951
1 4 224 257 950 951
1 4 224 917 918 951
1 4 224 950 917 951
1 4 225 226 259 952
1 4 225 919 226 952
1 4 225 259 258 952
1 4 225 258 951 952
1 4 225 918 919 952
1 4 225 951 918 952
1 4 226 227 260 953
1 4 226 920 227 953
1 4 226 260 259 953
1 4 226 259 952 953
1 4 226 919 920 953
1 4 226 952 919 953
1 4 227 228 261 954
1 4 227 921 228 954
1 4 227 261 260 954
1 4 227 260 953 954
1 4 227 920 921 954
1 4 227 953 920 954
1 4 228 229 262 955
1 4 228 922 229 955
1 4 228 262 261 955
1 4 228 261 954 955
1 4 228 921 922 955
1 4 228 954 921 955
1 4 229 230 263 956
1 4 229 923 230 956
1 4 229 263 262 956
1 4 229 262 955 956
1 4 229 922 923 956
1 4 229 955 922 956
1 4 231 232 265 958
1 4 231 925 232 958
1 4 231 265 264 958
1 4 231 264 957 958
1 4 231 924 925 958
1 4 231 957 924 958
1 4 232 233 266 959
1 4 232 926 233 959
1 4 232 266 265 959
1 4 232 265 958 959
1 4 232 925 926 959
1 4 232 958 925 959
1 4 233 234 267 960
1 4 233 927 234 960
1 4 233 267 266 960
1 4 233 266 959 960
1 4 233 926 927 960
1 4 233 959 926 960
1 4 234 235 268 961
1 4 234 928 235 961
1 4 234 268 267 961
1 4 234 267 960 961
1 4 234 927 928 961
1 4 234 960 927 961
1 4 235 236 269 962
1 4 235 929 236 962
1 4 235 269 268 962
1 4 235 268 961 962
1 4 235 928 929 962
1 4 235 961 928 962
1 4 236 237 270 963
1 4 236 930 237 963
1 4 236 270 269 963
1 4 236 269 962 963
1 4 236 929 930 963
1 4 236 962 929 963
1 4 237 238 271 964
1 4 237 931 238 964
1 4 237 271 270 964
1 4 237 270 963 964
1 4 237 930 931 964
1 4 237 963 930 964
1 4 238 239 272 965
1 4 238 932 239 965
1 4 238 272 271 965
1 4 238 271 964 965
1 4 238 931 932 965
1 4 238 964 931 965
1 4 239 240 273 966
1 4 239 933 240 966
1 4 239 273 272 966
1 4 239 272 965 966
1 4 239 932 933 966
1 4 239 965 932 966
1 4 240 241 274 967
1 4 240 934 241 967
1 4 240 274 273 967
1 4 240 273 966 967
1 4 240 933 934 967
1 4 240 966 933 967
1 4 241 242 275 968
1 4 241 935 242 968
1 4 241 275 274 968
1 4 241 274 967 968
1 4 241 934 935 968
1 4 241 967 934 968
1 4 242 243 276 969
1 4 242 936 243 969
1 4 242 276 275 969
1 4 242 275 968 969
1 4 242 935 936 969
1 4 242 968 935 969
1 4 243 244 277 970
1 4 243 937 244 970
1 4 243 277 276 970
1 4 243 276 969 970
1 4 243 936 937 970
1 4 243 969 936 970
1 4 244 245 278 971
1 4 244 938 245 971
1 4 244 278 277 971
1 4 244 277 970 971
1 4 244 937 938 971
1 4 244 970 937 971
1 4 245 246 279 972
1 4 245 939 246 972
1 4 245 279 278 972
1 4 245 278 971 972
1 4 245 938 939 972
1 4 245 971 938 972
1 4 246 247 280 973
1 4 246 940 247 973
1 4 246 280 279 973
1 4 246 279 972 973
1 4 246 939 940 973
1 4 246 972 939 973
1 4 247 248 281 974
1 4 247 941 248 974
1 4 247 281 280 974
1 4 247 280 973 974
1 4 247 940 941 974
1 4 247 973 940 974
1 4 248 249 282 975
1 4 248 942 249 975
1 4 248 282 281 975
1 4 248 281 974 975
1 4 248 941 942 975
1 4 248 974 941 975
1 4 249 250 283 976
1 4 249 943 250 976
1 4 249 283 282 976
1 4 249 282 975 976
1 4 249 942 943 976
1 4 249 975 942 976
1 4 250 251 284 977
1 4 250 944 251 977
1 4 250 284 283 977
1 4 250 283 976 977
1 4 250 943 944 977
1 4 250 976 943 977
1 4 251 252 285 978
1 4 251 945 252 978
1 4 251 285 284 978
1 4 251 284 977 978
1 4 251 944 945 978
1 4 251 977 944 978
1 4 252 253 286 979
1 4 252 946 253 979
1 4 252 286 285 979
1 4 252 285 978 979
1 4 252 945 946 979
1 4 252 978 945 979
1 4 253 254 287 980
1 4 253 947 254 980
1 4 253 287 286 980
1 4 253 286 979 980
1 4 253 946 947 980
1 4 253 979 946 980
1 4 254 255 288 981
1 4 254 948 255 981
1 4 254 288 287 981
1 4 254 287 980 981
1 4 254 947 948 981
1 4 254 980 947 981
1 4 255 256 289 982
1 4 255 949 256 982
1 4 255 289 288 982
1 4 255 288 981 982
1 4 255 948 949 982
1 4 255 981 948 982
1 4 256 257 290 983
1 4 256 950 257 983
1 4 256 290 289 983
1 4 256 289 982 983
1 4 256 949 950 983
1 4 256 982 949 983
1 4 257 258 291 984
1 4 257 951 258 984
1 4 257 291 290 984
1 4 257 290 983 984
1 4 257 950 951 984
1 4 257 983 950 984
1 4 258 259 292 985
1 4 258 952 259 985
1 4 258 292 291 985
1 4 258 291 984 985
1 4 258 951 952 985
1 4 258 984 951 985
1 4 259 260 293 986
1 4 259 953 260 986
1 4 259 293 292 986
1 4 259 292 985 986
1 4 259 952 953 986
1 4 259 985 952 986
1 4 260 261 294 987
1 4 260 954 261 987
1 4 260 294 293 987
1 4 260 293 986 987
1 4 260 953 954 987
1 4 260 986 953 987
1 4 261 262 295 988
1 4 261 955 262 988
1 4 261 295 294 988
1 4 261 294 987 988
1 4 261 954 955 988
1 4 261 987 954 988
1 4 262 263 296 989
1 4 262 956 263 989
1 4 262 296 295 989
1 4 262 295 988 989
1 4 262 955 956 989
1 4 262 988 955 989
1 4 264 265 298 991
1 4 264 958 265 991
1 4 264 298 297 991
1 4 264 297 990 991
1 4 264 957 958 991
1 4 264 990 957 991
1 4 265 266 299 992
1 4 265 959 266 992
1 4 265 299 298 992
1 4 265 298 991 992
1 4 265 958 959 992
1 4 265 991 958 992
1 4 266 267 300 993
1 4 266 960 267 993
1 4 266 300 299 993
1 4 266 299 992 993
1 4 266 959 960 993
1 4 266 992 959 993
1 4 267 268 301 994
1 4 267 961 268 994
1 4 267 301 300 994
1 4 267 300 993 994
1 4 267 960 961 994
1 4 267 993 960 994
1 4 268 269 302 995
1 4 268 962 269 995
1 4 268 302 301 995
1 4 268 301 994 995
1 4 268 961 962 995
1 4 268 994 961 995
1 4 269 270 303 996
1 4 269 963 270 996
1 4 269 303 302 996
1 4 269 302 995 996
1 4 269 962 963 996
1 4 269 995 962 996
1 4 270 271 304 997
1 4 270 964 271 997
1 4 270 304 303 997
1 4 270 303 996 997
1 4 270 963 964 997
1 4 270 996 963 997
1 4 271 272 305 998
1 4 271 965 272 998
1 4 271 305 304 998
1 4 271 304 997 998
1 4 271 964 965 998
1 4 271 997 964 998
1 4 272 273 306 999
1 4 272 966 273 999
1 4 272 306 305 999
1 4 272 305 998 999
1 4 272 965 966 999
1 4 272 998 965 999
1 4 273 274 307 1000
1 4 273 967 274 1000
1 4 273 307 306 1000
1 4 273 306 999 1000
1 4 273 966 967 1000
1 4 273 999 966 1000
1 4 274 275 308 1001
1 4 274 968 275 1001
1 4 274 308 307 1001
1 4 274 307 1000 1001
1 4 274 967 968 1001
1 4 274 1000 967 1001
1 4 275 276 309 1002
1 4 275 969 276 1002
1 4 275 309 308 1002
1 4 275 308 1001 1002
1 4 275 968 969 1002
1 4 275 1001 968 1002
1 4 276 277 310 1003
1 4 276 970 277 1003
1 4 276 310 309 1003
1 4 276 309 1002 1003
1 4 276 969 970 1003
1 4 276 1002 969 1003
1 4 277 278 311 1004
1 4 277 971 278 1004
1 4 277 311 310 1004
1 4 277 310 1003 1004
1 4 277 970 971 1004
1 4 277 1003 970 1004
1 4 278 279 312 1005
1 4 278 972 279 1005
1 4 278 312 311 1005
1 4 278 311 1004 1005
1 4 278 971 972 1005
1 4 278 1004 971 1005
1 4 279 280 313 1006
1 4 279 973 280 1006
1 4 279 313 312 1006
1 4 279 312 1005 1006
1 4 279 972 973 1006
1 4 279 1005 972 1006
1 4 280 281 314 1007
1 4 280 974 281 1007
1 4 280 314 313 1007
1 4 280 313 1006 1007
1 4 280 973 974 1007
1 4 280 1006 973 1007
1 4 281 282 315 1008
1 4 281 975 282 1008
1 4 281 315 314 1008
1 4 281 314 1007 1008
1 4 281 974 975 1008
1 4 281 1007 974 1008
1 4 282 283 316 1009
1 4 282 976 283 1009
1 4 282 316 315 1009
1 4 282 315 1008 1009
1 4 282 975 976 1009
1 4 282 1008 975 1009
1 4 283 284 317 1010
1 4 283 977 284 1010
1 4 283 317 316 1010
1 4 283 316 1009 1010
1 4 283 976 977 1010
1 4 283 1009 976 1010
1 4 284 285 318 1011
1 4 284 978 285 1011
1 4 284 318 317 1011
1 4 284 317 1010 1011
1 4 284 977 978 1011
1 4 284 1010 977 1011
1 4 285 286 319 1012
1 4 285 979 286 1012
1 4 285 319 318 1012
1 4 285 318 1011 1012
1 4 285 978 979 1012
1 4 285 1011 978 1012
1 4 286 287 320 1013
1 4 286 980 287 1013
1 4 286 320 319 1013
1 4 286 319 1012 1013
1 4 286 979 980 1013
1 4 286 1012 979 1013
1 4 287 288 321 1014
1 4 287 981 288 1014
1 4 287 321 320 1014
1 4 287 320 1013 1014
1 4 287 980 981 1014
1 4 287 1013 980 1014
1 4 288 289 322 1015
1 4 288 982 289 1015
1 4 288 322 321 1015
1 4 288 321 1014 1015
1 4 288 981 982 1015
1 4 288 1014 981 1015
1 4 289 290 323 1016
1 4 289 983 290 1016
1 4 289 323 322 1016
1 4 289 322 1015 1016
1 4 289 982 983 1016
1 4 289 1015 982 1016
1 4 290 291 324 1017
1 4 290 984 291 1017
1 4 290 324 323 1017
1 4 290 323 1016 1017
1 4 290 983 984 1017
1 4 290 1016 983 1017
1 4 291 292 325 1018
1 4 291 985 292 1018
1 4 291 325 324 1018
1 4 291 324 1017 1018
1 4 291 984 985 1018
1 4 291 1017 984 1018
1 4 292 293 326 1019
1 4 292 986 293 1019
1 4 292 326 325 1019
1 4 292 325 1018 1019
1 4 292 985 986 1019
1 4 292 1018 985 1019
1 4 293 294 327 1020
1 4 293 987 294 1020
1 4 293 327 326 1020
1 4 293 326 1019 1020
1 4 293 986 987 1020
1 4 293 1019 986 1020
1 4 294 295 328 1021
1 4 294 988 295 1021
1 4 294 328 327 1021
1 4 294 327 1020 1021
1 4 294 987 988 1021
1 4 294 1020 987 1021
1 4 295 296 329 1022
1 4 295 989 296 1022
1 4 295 329 328 1022
1 4 295 328 1021 1022
1 4 295 988 989 1022
1 4 295 1021 988 1022
1 4 297 298 331 1024
1 4 297 991 298 1024
1 4 297 331 330 1024
1 4 297 330 1023 1024
1 4 297 990 991 1024
1 4 297 1023 990 1024
1 4 298 299 332 1025
1 4 298 992 299 1025
1 4 298 332 331 1025
1 4 298 331 1024 1025
1 4 298 991 992 1025
1 4 298 1024 991 1025
1 4 299 300 333 1026
1 4 299 993 300 1026
1 4 299 333 332 1026
1 4 299 332 1025 1026
1 4 299 992 993 1026
1 4 299 1025 992 1026
1 4 300 301 334 1027
1 4 300 994 301 1027
1 4 300 334 333 1027
1 4 300 333 1026 1027
1 4 300 993 994 1027
1 4 300 1026 993 1027
1 4 301 302 335 1028
1 4 301 995 302 1028
1 4 301 335 334 1028
1 4 301 334 1027 1028
1 4 301 994 995 1028
1 4 301 1027 994 1028
1 4 302 303 336 1029
1 4 302 996 303 1029
1 4 302 336 335 1029
1 4 302 335 1028 1029
1 4 302 995 996 1029
1 4 302 1028 995 1029
1 4 303 304 337 1030
1 4 303 997 304 1030
1 4 303 337 336 1030
1 4 303 336 1029 1030
1 4 303 996 997 1030
1 4 303 1029 996 1030
1 4 304 305 338 1031
1 4 304 998 305 1031
1 4 304 338 337 1031
1 4 304 337 1030 1031
1 4 304 997 998 1031
1 4 304 1030 997 1031
1 4 305 306 339 1032
1 4 305 999 306 1032
1 4 305 339 338 1032
1 4 305 338 1031 1032
1 4 305 998 999 1032
1 4 305 1031 998 1032
1 4 306 307 340 1033
1 4 306 1000 307 1033
1 4 306 340 339 1033
1 4 306 339 1032 1033
1 4 306 999 1000 1033
1 4 306 1032 999 1033
1 4 307 308 341 1034
1 4 307 1001 308 1034
1 4 307 341 340 1034
1 4 307 340 1033 1034
1 4 307 1000 1001 1034
1 4 307 1033 1000 1034
1 4 308 309 342 1035
1 4 308 1002 309 1035
1 4 308 342 341 1035
1 4 308 341 1034 1035
1 4 308 1001 1002 1035
1 4 308 1034 1001 1035
1 4 309 310 343 1036
1 4 309 1003 310 1036
1 4 309 343 342 1036
1 4 309 342 1035 1036
1 4 309 1002 1003 1036
1 4 309 1035 1002 1036
1 4 310 311 344 1037
1 4 310 1004 311 1037
1 4 310 344 343 1037
1 4 310 343 1036 1037
1 4 310 1003 1004 1037
1 4 310 1036 1003 1037
1 4 311 312 345 1038
1 4 311 1005 312 1038
1 4 311 345 344 1038
1 4 311 344 1037 1038
1 4 311 1004 1005 1038
1 4 311 1037 1004 1038
1 4 312 313 346 1039
1 4 312 1006 313 1039
1 4 312 346 345 1039
1 4 312 345 1038 1039
1 4 312 1005 1006 1039
1 4 312 1038 1005 1039
1 4 313 314 347 1040
1 4 313 1007 314 1040
1 4 313 347 346 1040
1 4 313 346 1039 1040
1 4 313 1006 1007 1040
1 4 313 1039 1006 1040
1 4 314 315 348 1041
1 4 314 1008 315 1041
1 4 314 348 347 1041
1 4 314 347 1040 1041
1 4 314 1007 1008 1041
1 4 314 1040 1007 1041
1 4 315 316 349 1042
1 4 315 1009 316 1042
1 4 315 349 348 1042
1 4 315 348 1041 1042
1 4 315 1008 1009 1042
1 4 315 1041 1008 1042
1 4 316 317 350 1043
1 4 316 1010 317 1043
1 4 316 350 349 1043
1 4 316 349 1042 1043
1 4 316 1009 1010 1043
1 4 316 1042 1009 1043
1 4 317 318 351 1044
1 4 317 1011 318 1044
1 4 317 351 350 1044
1 4 317 350 1043 1044
1 4 317 1010 1011 1044
1 4 317 1043 1010 1044
1 4 318 319 352 1045
1 4 318 1012 319 1045
1 4 318 352 351 1045
1 4 318 351 1044 1045
1 4 318 1011 1012 1045
1 4 318 1044 1011 1045
1 4 319 320 353 1046
1 4 319 1013 320 1046
1 4 319 353 352 1046
1 4 319 352 1045 1046
1 4 319 1012 1013 1046
1 4 319 1045 1012 1046
1 4 320 321 354 1047
1 4 320 1014 321 1047
1 4 320 354 353 1047
1 4 320 353 1046 1047
1 4 320 1013 1014 1047
1 4 320 1046 1013 1047
1 4 321 322 355 1048
1 4 321 1015 322 1048
1 4 321 355 354 1048
1 4 321 354 1047 1048
1 4 321 1014 1015 1048
1 4 321 1047 1014 1048
1 4 322 323 356 1049
1 4 322 1016 323 1049
1 4 322 356 355 1049
1 4 322 355 1048 1049
1 4 322 1015 1016 1049
1 4 322 1048 1015 1049
1 4 323 324 357 1050
1 4 323 1017 324 1050
1 4 323 357 356 1050
1 4 323 356 1049 1050
1 4 323 1016 1017 1050
1 4 323 1049 1016 1050
1 4 324 325 358 1051
1 4 324 1018 325 1051
1 4 324 358 357 1051
1 4 324 357 1050 1051
1 4 324 1017 1018 1051
1 4 324 1050 1017 1051
1 4 325 326 359 1052
1 4 325 1019 326 1052
1 4 325 359 358 1052
1 4 325 358 1051 1052
1 4 325 1018 1019 1052
1 4 325 1051 1018 1052
1 4 326 327 360 1053
1 4 326 1020 327 1053
1 4 326 360 359 1053
1 4 326 359 1052 1053
1 4 326 1019 1020 1053
1 4 326 1052 1019 1053
1 4 327 328 361 1054
1 4 327 1021 328 1054
1 4 327 361 360 1054
1 4 327 360 1053 1054
1 4 327 1020 1021 1054
1 4 327 1053 1020 1054
1 4 328 329 362 1055
1 4 328 1022 329 1055
1 4 328 362 361 1055
1 4 328 361 1054 1055
1 4 328 1021 1022 1055
1 4 328 1054 1021 1055
2 4 330 331 364 1057
2 4 330 1024 331 1057
2 4 330 364 363 1057
2 4 330 363 1056 1057
2 4 330 1023 1024 1057
2 4 330 1056 1023 1057
2 4 331 332 365 1058
2 4 331 1025 332 1058
2 4 331 365 364 1058
2 4 331 364 1057 1058
2 4 331 1024 1025 1058
2 4 331 1057 1024 1058
2 4 332 333 366 1059
2 4 332 1026 333 1059
2 4 332 366 365 1059
2 4 332 365 1058 1059
2 4 332 1025 1026 1059
2 4 332 1058 1025 1059
2 4 333 334 367 1060
2 4 333 1027 334 1060
2 4 333 367 366 1060
2 4 333 366 1059 1060
2 4 333 1026 1027 1060
2 4 333 1059 1026 1060
2 4 334 335 368 1061
2 4 334 1028 335 1061
2 4 334 368 367 1061
2 4 334 367 1060 1061
2 4 334 1027 1028 1061
2 4 334 1060 1027 1061
2 4 335 336 369 1062
2 4 335 1029 336 1062
2 4 335 369 368 1062
2 4 335 368 1061 1062
2 4 335 1028 1029 1062
2 4 335 1061 1028 1062
2 4 336 337 370 1063
2 4 336 1030 337 1063
2 4 336 370 369 1063
2 4 336 369 1062 1063
2 4 336 1029 1030 1063
2 4 336 1062 1029 1063
2 4 337 338 371 1064
2 4 337 1031 338 1064
2 4 337 371 370 1064
2 4 337 370 1063 1064
2 4 337 1030 1031 1064
2 4 337 1063 1030 1064
2 4 338 339 372 1065
2 4 338 1032 339 1065
2 4 338 372 371 1065
2 4 338 371 1064 1065
2 4 338 1031 1032 1065
2 4 338 1064 1031 1065
2 4 339 340 373 1066
2 4 339 1033 340 1066
2 4 339 373 372 1066
2 4 339 372 1065 1066
2 4 339 1032 1033 1066
2 4 339 1065 1032 1066
2 4 340 341 374 1067
2 4 340 1034 341 1067
2 4 340 374 373 1067
2 4 340 373 1066 1067
2 4 340 1033 1034 1067
2 4 340 1066 1033 1067
2 4 341 342 375 1068
2 4 341 1035 342 1068
2 4 341 375 374 1068
2 4 341 374 1067 1068
2 4 341 1034 1035 1068
2 4 341 1067 1034 1068
2 4 342 343 376 1069
2 4 342 1036 343 1069
2 4 342 376 375 1069
2 4 342 375 1068 1069
2 4 342 1035 1036 1069
2 4 342 1068 1035 1069
2 4 343 344 377 1070
2 4 343 1037 344 1070
2 4 343 377 376 1070
2 4 343 376 1069 1070
2 4 343 1036 1037 1070
2 4 343 1069 1036 1070
2 4 344 345 378 1071
2 4 344 1038 345 1071
2 4 344 378 377 1071
2 4 344 377 1070 1071
2 4 344 1037 1038 1071
2 4 344 1070 1037 1071
2 4 345 346 379 1072
2 4 345 1039 346 1072
2 4 345 379 378 1072
2 4 345 378 1071 1072
2 4 345 1038 1039 1072
2 4 345 1071 1038 1072
2 4 346 347 380 1073
2 4 346 1040 347 1073
2 4 346 380 379 1073
2 4 346 379 1072 1073
2 4 346 1039 1040 1073
2 4 346 1072 1039 1073
2 4 347 348 381 1074
2 4 347 1041 348 1074
2 4 347 381 380 1074
2 4 347 380 1073 1074
2 4 347 1040 1041 1074
2 4 347 1073 1040 1074
2 4 348 349 382 1075
2 4 348 1042 349 1075
2 4 348 382 381 1075
2 4 348 381 1074 1075
2 4 348 1041 1042 1075
2 4 348 1074 1041 1075
2 4 349 350 383 1076
2 4 349 1043 350 1076
2 4 349 383 382 1076
2 4 349 382 1075 1076
2 4 349 1042 1043 1076
2 4 349 1075 1042 1076
2 4 350 351 384 1077
2 4 350 1044 351 1077
2 4 350 384 383 1077
2 4 350 383 1076 1077
2 4 350 1043 1044 1077
2 4 350 1076 1043 1077
2 4 351 352 385 1078
2 4 351 1045 352 1078
2 4 351 385 384 1078
2 4 351 384 1077 1078
2 4 351 1044 1045 1078
2 4 351 1077 1044 1078
2 4 352 353 386 1079
2 4 352 1046 353 1079
2 4 352 386 385 1079
2 4 352 385 1078 1079
2 4 352 1045 1046 1079
2 4 352 1078 1045 1079
2 4 353 354 387 1080
2 4 353 1047 354 1080
2 4 353 387 386 1080
2 4 353 386 1079 1080
2 4 353 1046 1047 1080
2 4 353 1079 1046 1080
2 4 354 355 388 1081
2 4 354 1048 355 1081
2 4 354 388 387 1081
2 4 354 387 1080 1081
2 4 354 1047 1048 1081
2 4 354 1080 1047 1081
2 4 355 356 389 1082
2 4 355 1049 356 1082
2 4 355 389 388 1082
2 4 355 388 1081 1082
2 4 355 1048 1049 1082
2 4 355 1081 1048 1082
2 4 356 357 390 1083
2 4 356 1050 357 1083
2 4 356 390 389 1083
2 4 356 389 1082 1083
2 4 356 1049 1050 1083
2 4 356 1082 1049 1083
2 4 357 358 391 1084
2 4 357 1051 358 1084
2 4 357 391 390 1084
2 4 357 390 1083 1084
2 4 357 1050 1051 1084
2 4 357 1083 1050 1084
2 4 358 359 392 1085
2 4 358 1052 359 1085
2 4 358 392 391 1085
2 4 358 391 1084 1085
2 4 358 1051 1052 1085
2 4 358 1084 1051 1085
2 4 359 360 393 1086
2 4 359 1053 360 1086
2 4 359 393 392 1086
2 4 359 392 1085 1086
2 4 359 1052 1053 1086
2 4 359 1085 1052 1086
2 4 360 361 394 1087
2 4 360 1054 361 1087
2 4 360 394 393 1087
2 4 360 393 1086 1087
2 4 360 1053 1054 1087
2 4 360 1086 1053 1087
2 4 361 362 395 1088
2 4 361 1055 362 1088
2 4 361 395 394 1088
2 4 361 394 1087 1088
2 4 361 1054 1055 1088
2 4 361 1087 1054 1088
2 4 363 364 397 1090
2 4 363 1057 364 1090
2 4 363 397 396 1090
2 4 363 396 1089 1090
2 4 363 1056 1057 1090
2 4 363 1089 1056 1090
2 4 364 365 398 1091
2 4 364 1058 365 1091
2 4 364 398 397 1091
2 4 364 397 1090 1091
2 4 364 1057 1058 1091
2 4 364 1090 1057 1091
2 4 365 366 399 1092
2 4 365 1059 366 1092
2 4 365 399 398 1092
2 4 365 398 1091 1092
2 4 365 1058 1059 1092
2 4 365 1091 1058 1092
2 4 366 367 400 1093
2 4 366 1060 367 1093
2 4 366 400 399 1093
2 4 366 399 1092 1093
2 4 366 1059 1060 1093
2 4 366 1092 1059 1093
2 4 367 368 401 1094
2 4 367 1061 368 1094
2 4 367 401 400 1094
2 4 367 400 1093 1094
2 4 367 1060 1061 1094
2 4 367 1093 1060 1094
2 4 368 369 402 1095
2 4 368 1062 369 1095
2 4 368 402 401 1095
2 4 368 401 1094 1095
2 4 368 1061 1062 1095
2 4 368 1094 1061 1095
2 4 369 370 403 1096
2 4 369 1063 370 1096
2 4 369 403 402 1096
2 4 369 402 1095 1096
2 4 369 1062 1063 1096
2 4 369 1095 1062 1096
2 4 370 371 404 1097
2 4 370 1064 371 1097
2 4 370 404 403 1097
2 4 370 403 1096 1097
2 4 370 1063 1064 1097
2 4 370 1096 1063 1097
2 4 371 372 405 1098
2 4 371 1065 372 1098
2 4 371 405 404 1098
2 4 371 404 1097 1098
2 4 371 1064 1065 1098
2 4 371 1097 1064 1098
2 4 372 373 406 1099
2 4 372 1066 373 1099
2 4 372 406 405 1099
2 4 372 405 1098 1099
2 4 372 1065 1066 1099
2 4 372 1098 1065 1099
2 4 373 374 407 1100
2 4 373 1067 374 1100
2 4 373 407 406 1100
2 4 373 406 1099 1100
2 4 373 1066 1067 1100
2 4 373 1099 1066 1100
2 4 374 375 408 1101
2 4 374 1068 375 1101
2 4 374 408 407 1101
2 4 374 407 1100 1101
2 4 374 1067 1068 1101
2 4 374 1100 1067 1101
2 4 375 376 409 1102
2 4 375 1069 376 1102
2 4 375 409 408 1102
2 4 375 408 1101 1102
2 4 375 1068 1069 1102
2 4 375 1101 1068 1102
2 4 376 377 410 1103
2 4 376 1070 377 1103
2 4 376 410 409 1103
2 4 376 409 1102 1103
2 4 376 1069 1070 1103
2 4 376 1102 1069 1103
2 4 377 378 411 1104
2 4 377 1071 378 1104
2 4 377 411 410 1104
2 4 377 410 1103 1104
2 4 377 1070 1071 1104
2 4 377 1103 1070 1104
2 4 378 379 412 1105
2 4 378 1072 379 1105
2 4 378 412 411 1105
2 4 378 411 1104 1105
2 4 378 1071 1072 1105
2 4 378 1104 1071 1105
2 4 379 380 413 1106
2 4 379 1073 380 1106
2 4 379 413 412 1106
2 4 379 412 1105 1106
2 4 379 1072 1073 1106
2 4 379 1105 1072 1106
2 4 380 381 414 1107
2 4 380 1074 381 1107
2 4 380 414 413 1107
2 4 380 413 1106 1107
2 4 380 1073 1074 1107
2 4 380 1106 1073 1107
2 4 381 382 415 1108
2 4 381 1075 382 1108
2 4 381 415 414 1108
2 4 381 414 1107 1108
2 4 381 1074 1075 1108
2 4 381 1107 1074 1108
2 4 382 383 416 1109
2 4 382 1076 383 1109
2 4 382 416 415 1109
2 4 382 415 1108 1109
2 4 382 1075 1076 1109
2 4 382 1108 1075 1109
2 4 383 384 417 1110
2 4 383 1077 384 1110
2 4 383 417 416 1110
2 4 383 416 1109 1110
2 4 383 1076 1077 1110
2 4 383 1109 1076 1110
2 4 384 385 418 1111
2 4 384 1078 385 1111
2 4 384 418 417 1111
2 4 384 417 1110 1111
2 4 384 1077 1078 1111
2 4 384 1110 1077 1111
2 4 385 386 419 1112
2 4 385 1079 386 1112
2 4 385 419 418 1112
2 4 385 418 1111 1112
2 4 385 1078 1079 1112
2 4 385 1111 1078 1112
2 4 386 387 420 1113
2 4 386 1080 387 1113
2 4 386 420 419 1113
2 4 386 419 1112 1113
2 4 386 1079 1080 1113
2 4 386 1112 1079 1113
2 4 387 388 421 1114
2 4 387 1081 388 1114
2 4 387 421 420 1114
2 4 387 420 1113 1114
2 4 387 1080 1081 1114
2 4 387 1113 1080 1114
2 4 388 389 422 1115
2 4 388 1082 389 1115
2 4 388 422 421 1115
2 4 388 421 1114 1115
2 4 388 1081 1082 1115
2 4 388 1114 1081 1115
2 4 389 390 423 1116
2 4 389 1083 390 1116
2 4 389 423 422 1116
2 4 389 422 1115 1116
2 4 389 1082 1083 1116
2 4 389 1115 1082 1116
2 4 390 391 424 1117
2 4 390 1084 391 1117
2 4 390 424 423 1117
2 4 390 423 1116 1117
2 4 390 1083 1084 1117
2 4 390 1116 1083 1117
2 4 391 392 425 1118
2 4 391 1085 392 1118
2 4 391 425 424 1118
2 4 391 424 1117 1118
2 4 391 1084 1085 1118
2 4 391 1117 1084 1118
2 4 392 393 426 1119
2 4 392 1086 393 1119
2 4 392 426 425 1119
2 4 392 425 1118 1119
2 4 392 1085 1086 1119
2 4 392 1118 1085 1119
2 4 393 394 427 1120
2 4 393 1087 394 1120
2 4 393 427 426 1120
2 4 393 426 1119 1120
2 4 393 1086 1087 1120
2 4 393 1119 1086 1120
2 4 394 395 428 1121
2 4 394 1088 395 1121
2 4 394 428 427 1121
2 4 394 427 1120 1121
2 4 394 1087 1088 1121
2 4 394 1120 1087 1121
2 4 396 397 430 1123
2 4 396 1090 397 1123
2 4 396 430 429 1123
2 4 396 429 1122 1123
2 4 396 1089 1090 1123
2 4 396 1122 1089 1123
2 4 397 398 431 1124
2 4 397 1091 398 1124
2 4 397 431 430 1124
2 4 397 430 1123 1124
2 4 397 1090 1091 1124
2 4 397 1123 1090 1124
2 4 398 399 432 1125
2 4 398 1092 399 1125
2 4 398 432 431 1125
2 4 398 431 1124 1125
2 4 398 1091 1092 1125
2 4 398 1124 1091 1125
2 4 399 400 433 1126
2 4 399 1093 400 1126
2 4 399 433 432 1126
2 4 399 432 1125 1126
2 4 399 1092 1093 1126
2 4 399 1125 1092 1126
2 4 400 401 434 1127
2 4 400 1094 401 1127
2 4 400 434 433 1127
2 4 400 433 1126 1127
2 4 400 1093 1094 1127
2 4 400 1126 1093 1127
2 4 401 402 435 1128
2 4 401 1095 402 1128
2 4 401 435 434 1128
2 4 401 434 1127 1128
2 4 401 1094 1095 1128
2 4 401 1127 1094 1128
2 4 402 403 436 1129
2 4 402 1096 403 1129
2 4 402 436 435 1129
2 4 402 435 1128 1129
2 4 402 1095 1096 1129
2 4 402 1128 1095 1129
2 4 403 404 437 1130
2 4 403 1097 404 1130
2 4 403 437 436 1130
2 4 403 436 1129 1130
2 4 403 1096 1097 1130
2 4 403 1129 1096 1130
2 4 404 405 438 1131
2 4 404 1098 405 1131
2 4 404 438 437 1131
2 4 404 437 1130 1131
2 4 404 1097 1098 1131
2 4 404 1130 1097 1131
2 4 405 406 439 1132
2 4 405 1099 406 1132
2 4 405 439 438 1132
2 4 405 438 1131 1132
2 4 405 1098 1099 1132
2 4 405 1131 1098 1132
2 4 406 407 440 1133
2 4 406 1100 407 1133
2 4 406 440 439 1133
2 4 406 439 1132 1133
2 4 406 1099 1100 1133
2 4 406 1132 1099 1133
2 4 407 408 441 1134
2 4 407 1101 408 1134
2 4 407 441 440 1134
2 4 407 440 1133 1134
2 4 407 1100 1101 1134
2 4 407 1133 1100 1134
2 4 408 409 442 1135
2 4 408 1102 409 1135
2 4 408 442 441 1135
2 4 408 441 1134 1135
2 4 408 1101 1102 1135
2 4 408 1134 1101 1135
2 4 409 410 443 1136
2 4 409 1103 410 1136
2 4 409 443 442 1136
2 4 409 442 1135 1136
2 4 409 1102 1103 1136
2 4 409 1135 1102 1136
2 4 410 411 444 1137
2 4 410 1104 411 1137
2 4 410 444 443 1137
2 4 410 443 1136 1137
2 4 410 1103 1104 1137
2 4 410 1136 1103 1137
2 4 411 412 445 1138
2 4 411 1105 412 1138
2 4 411 445 444 1138
2 4 411 444 1137 1138
2 4 411 1104 1105 1138
2 4 411 1137 1104 1138
2 4 412 413 446 1139
2 4 412 1106 413 1139
2 4 412 446 445 1139
2 4 412 445 1138 1139
2 4 412 1105 1106 1139
2 4 412 1138 1105 1139
2 4 413 414 447 1140
2 4 413 1107 414 1140
2 4 413 447 446 1140
2 4 413 446 1139 1140
2 4 413 1106 1107 1140
2 4 413 1139 1106 1140
2 4 414 415 448 1141
2 4 414 1108 415 1141
2 4 414 448 447 1141
2 4 414 447 1140 1141
2 4 414 1107 1108 1141
2 4 414 1140 1107 1141
2 4 415 416 449 1142
2 4 415 1109 416 1142
2 4 415 449 448 1142
2 4 415 448 1141 1142
2 4 415 1108 1109 1142
2 4 415 1141 1108 1142
2 4 416 417 450 1143
2 4 416 1110 417 1143
2 4 416 450 449 1143
2 4 416 449 1142 1143
2 4 416 1109 1110 1143
2 4 416 1142 1109 1143
2 4 417 418 451 1144
2 4 417 1111 418 1144
2 4 417 451 450 1144
2 4 417 450 1143 1144
2 4 417 1110 1111 1144
2 4 417 1143 1110 1144
2 4 418 419 452 1145
2 4 418 1112 419 1145
2 4 418 452 451 1145
2 4 418 451 1144 1145
2 4 418 1111 1112 1145
2 4 418 1144 1111 1145
2 4 419 420 453 1146
2 4 419 1113 420 1146
2 4 419 453 452 1146
2 4 419 452 1145 1146
2 4 419 1112 1113 1146
2 4 419 1145 1112 1146
2 4 420 421 454 1147
2 4 420 1114 421 1147
2 4 420 454 453 1147
2 4 420 453 1146 1147
2 4 420 1113 1114 1147
2 4 420 1146 1113 1147
2 4 421 422 455 1148
2 4 421 1115 422 1148
2 4 421 455 454 1148
2 4 421 454 1147 1148
2 4 421 1114 1115 1148
2 4 421 1147 1114 1148
2 4 422 423 456 1149
2 4 422 1116 423 1149
2 4 422 456 455 1149
2 4 422 455 1148 1149
2 4 422 1115 1116 1149
2 4 422 1148 1115 1149
2 4 423 424 457 1150
2 4 423 1117 424 1150
2 4 423 457 456 1150
2 4 423 456 1149 1150
2 4 423 1116 1117 1150
2 4 423 1149 1116 1150
2 4 424 425 458 1151
2 4 424 1118 425 1151
2 4 424 458 457 1151
2 4 424 457 1150 1151
2 4 424 1117 1118 1151
2 4 424 1150 1117 1151
2 4 425 426 459 1152
2 4 425 1119 426 1152
2 4 425 459 458 1152
2 4 425 458 1151 1152
2 4 425 1118 1119 1152
2 4 425 1151 1118 1152
2 4 426 427 460 1153
2 4 426 1120 427 1153
2 4 426 460 459 1153
2 4 426 459 1152 1153
2 4 426 1119 1120 1153
2 4 426 1152 1119 1153
2 4 427 428 461 1154
2 4 427 1121 428 1154
2 4 427 461 460 1154
2 4 427 460 1153 1154
2 4 427 1120 1121 1154
2 4 427 1153 1120 1154
2 4 429 430 463 1156
2 4 429 1123 430 1156
2 4 429 463 462 1156
2 4 429 462 1155 1156
2 4 429 1122 1123 1156
2 4 429 1155 1122 1156
2 4 430 431 464 1157
2 4 430 1124 431 1157
2 4 430 464 463 1157
2 4 430 463 1156 1157
2 4 430 1123 1124 1157
2 4 430 1156 1123 1157
2 4 431 432 465 1158
2 4 431 1125 432 1158
2 4 431 465 464 1158
2 4 431 464 1157 1158
2 4 431 1124 1125 1158
2 4 431 1157 1124 1158
2 4 432 433 466 1159
2 4 432 1126 433 1159
2 4 432 466 465 1159
2 4 432 465 1158 1159
2 4 432 1125 1126 1159
2 4 432 1158 1125 1159
2 4 433 434 467 1160
2 4 433 1127 434 1160
2 4 433 467 466 1160
2 4 433 466 1159 1160
2 4 433 1126 1127 1160
2 4 433 1159 1126 1160
2 4 434 435 468 1161
2 4 434 1128 435 1161
2 4 434 468 467 1161
2 4 434 467 1160 1161
2 4 434 1127 1128 1161
2 4 434 1160 1127 1161
2 4 435 436 469 1162
2 4 435 1129 436 1162
2 4 435 469 468 1162
2 4 435 468 1161 1162
2 4 435 1128 1129 1162
2 4 435 1161 1128 1162
2 4 436 437 470 1163
2 4 436 1130 437 1163
2 4 436 470 469 1163
2 4 436 469 1162 1163
2 4 436 1129 1130 1163
2 4 436 1162 1129 1163
2 4 437 438 471 1164
2 4 437 1131 438 1164
2 4 437 471 470 1164
2 4 437 470 1163 1164
2 4 437 1130 1131 1164
2 4 437 1163 1130 1164
2 4 438 439 472 1165
2 4 438 1132 439 1165
2 4 438 472 471 1165
2 4 438 471 1164 1165
2 4 438 1131 1132 1165
2 4 438 1164 1131 1165
2 4 439 440 473 1166
2 4 439 1133 440 1166
2 4 439 473 472 1166
2 4 439 472 1165 1166
2 4 439 1132 1133 1166
2 4 439 1165 1132 1166
2 4 440 441 474 1167
2 4 440 1134 441 1167
2 4 440 474 473 1167
2 4 440 473 1166 1167
2 4 440 1133 1134 1167
2 4 440 1166 1133 1167
2 4 441 442 475 1168
2 4 441 1135 442 1168
2 4 441 475 474 1168
2 4 441 474 1167 1168
2 4 441 1134 1135 1168
2 4 441 1167 1134 1168
2 4 442 443 476 1169
2 4 442 1136 443 1169
2 4 442 476 475 1169
2 4 442 475 1168 1169
2 4 442 1135 1136 1169
2 4 442 1168 1135 1169
2 4 443 444 477 1170
2 4 443 1137 444 1170
2 4 443 477 476 1170
2 4 443 476 1169 1170
2 4 443 1136 1137 1170
2 4 443 1169 1136 1170
2 4 444 445 478 1171
2 4 444 1138 445 1171
2 4 444 478 477 1171
2 4 444 477 1170 1171
2 4 444 1137 1138 1171
2 4 444 1170 1137 1171
2 4 445 446 479 1172
2 4 445 1139 446 1172
2 4 445 479 478 1172
2 4 445 478 1171 1172
2 4 445 1138 1139 1172
2 4 445 1171 1138 1172
2 4 446 447 480 1173
2 4 446 1140 447 1173
2 4 446 480 479 1173
2 4 446 479 1172 1173
2 4 446 1139 1140 1173
2 4 446 1172 1139 1173
2 4 447 448 481 1174
2 4 447 1141 448 1174
2 4 447 481 480 1174
2 4 447 480 1173 1174
2 4 447 1140 1141 1174
2 4 447 1173 1140 1174
2 4 448 449 482 1175
2 4 448 1142 449 1175
2 4 448 482 481 1175
2 4 448 481 1174 1175
2 4 448 1141 1142 1175
2 4 448 1174 1141 1175
2 4 449 450 483 1176
2 4 449 1143 450 1176
2 4 449 483 482 1176
2 4 449 482 1175 1176
2 4 449 1142 1143 1176
2 4 449 1175 1142 1176
2 4 450 451 484 1177
2 4 450 1144 451 1177
2 4 450 484 483 1177
2 4 450 483 1176 1177
2 4 450 1143 1144 1177
2 4 450 1176 1143 1177
2 4 451 452 485 1178
2 4 451 1145 452 1178
2 4 451 485 484 1178
2 4 451 484 1177 1178
2 4 451 1144 1145 1178
2 4 451 1177 1144 1178
2 4 452 453 486 1179
2 4 452 1146 453 1179
2 4 452 486 485 1179
2 4 452 485 1178 1179
2 4 452 1145 1146 1179
2 4 452 1178 1145 1179
2 4 453 454 487 1180
2 4 453 1147 454 1180
2 4 453 487 486 1180
2 4 453 486 1179 1180
2 4 453 1146 1147 1180
2 4 453 1179 1146 1180
2 4 454 455 488 1181
2 4 454 1148 455 1181
2 4 454 488 487 1181
2 4 454 487 1180 1181
2 4 454 1147 1148 1181
2 4 454 1180 1147 1181
2 4 455 456 489 1182
2 4 455 1149 456 1182
2 4 455 489 488 1182
2 4 455 488 1181 1182
2 4 455 1148 1149 1182
2 4 455 1181 1148 1182
2 4 456 457 490 1183
2 4 456 1150 457 1183
2 4 456 490 489 1183
2 4 456 489 1182 1183
2 4 456 1149 1150 1183
2 4 456 1182 1149 1183
2 4 457 458 491 1184
2 4 457 1151 458 1184
2 4 457 491 490 1184
2 4 457 490 1183 1184
2 4 457 1150 1151 1184
2 4 457 1183 1150 1184
2 4 458 459 492 1185
2 4 458 1152 459 1185
2 4 458 492 491 1185
2 4 458 491 1184 1185
2 4 458 1151 1152 1185
2 4 458 1184 1151 1185
2 4 459 460 493 1186
2 4 459 1153 460 1186
2 4 459 493 492 1186
2 4 459 492 1185 1186
2 4 459 1152 1153 1186
2 4 459 1185 1152 1186
2 4 460 461 494 1187
2 4 460 1154 461 1187
2 4 460 494 493 1187
2 4 460 493 1186 1187
2 4 460 1153 1154 1187
2 4 460 1186 1153 1187
2 4 462 463 496 1189
2 4 462 1156 463 1189
2 4 462 496 495 1189
2 4 462 495 1188 1189
2 4 462 1155 1156 1189
2 4 462 1188 1155 1189
2 4 463 464 497 1190
2 4 463 1157 464 1190
2 4 463 497 496 1190
2 4 463 496 1189 1190
2 4 463 1156 1157 1190
2 4 463 1189 1156 1190
2 4 464 465 498 1191
2 4 464 1158 465 1191
2 4 464 498 497 1191
2 4 464 497 1190 1191
2 4 464 1157 1158 1191
2 4 464 1190 1157 1191
2 4 465 466 499 1192
2 4 465 1159 466 1192
2 4 465 499 498 1192
2 4 465 498 1191 1192
2 4 465 1158 1159 1192
2 4 465 1191 1158 1192
2 4 466 467 500 1193
2 4 466 1160 467 1193
2 4 466 500 499 1193
2 4 466 499 1192 1193
2 4 466 1159 1160 1193
2 4 466 1192 1159 1193
2 4 467 468 501 1194
2 4 467 1161 468 1194
2 4 467 501 500 1194
2 4 467 500 1193 1194
2 4 467 1160 1161 1194
2 4 467 1193 1160 1194
2 4 468 469 502 1195
2 4 468 1162 469 1195
2 4 468 502 501 1195
2 4 468 501 1194 1195
2 4 468 1161 1162 1195
2 4 468 1194 1161 1195
2 4 469 470 503 1196
2 4 469 1163 470 1196
2 4 469 503 502 1196
2 4 469 502 1195 1196
2 4 469 1162 1163 1196
2 4 469 1195 1162 1196
2 4 470 471 504 1197
2 4 470 1164 471 1197
2 4 470 504 503 1197
2 4 470 503 1196 1197
2 4 470 1163 1164 1197
2 4 470 1196 1163 1197
2 4 471 472 505 1198
2 4 471 1165 472 1198
2 4 471 505 504 1198
2 4 471 504 1197 1198
2 4 471 1164 1165 1198
2 4 471 1197 1164 1198
2 4 472 473 506 1199
2 4 472 1166 473 1199
2 4 472 506 505 1199
2 4 472 505 1198 1199
2 4 472 1165 1166 1199
2 4 472 1198 1165 1199
2 4 473 474 507 1200
2 4 473 1167 474 1200
2 4 473 507 506 1200
2 4 473 506 1199 1200
2 4 473 1166 1167 1200
2 4 473 1199 1166 1200
2 4 474 475 508 1201
2 4 474 1168 475 1201
2 4 474 508 507 1201
2 4 474 507 1200 1201
2 4 474 1167 1168 1201
2 4 474 1200 1167 1201
2 4 475 476 509 1202
2 4 475 1169 476 1202
2 4 475 509 508 1202
2 4 475 508 1201 1202
2 4 475 1168 1169 1202
2 4 475 1201 1168 1202
2 4 476 477 510 1203
2 4 476 1170 477 1203
2 4 476 510 509 1203
2 4 476 509 1202 1203
2 4 476 1169 1170 1203
2 4 476 1202 1169 1203
2 4 477 478 511 1204
2 4 477 1171 478 1204
2 4 477 511 510 1204
2 4 477 510 1203 1204
2 4 477 1170 1171 1204
2 4 477 1203 1170 1204
2 4 478 479 512 1205
2 4 478 1172 479 1205
2 4 478 512 511 1205
2 4 478 511 1204 1205
2 4 478 1171 1172 1205
2 4 478 1204 1171 1205
2 4 479 480 513 1206
2 4 479 1173 480 1206
2 4 479 513 512 1206
2 4 479 512 1205 1206
2 4 479 1172 1173 1206
2 4 479 1205 1172 1206
2 4 480 481 514 1207
2 4 480 1174 481 1207
2 4 480 514 513 1207
2 4 480 513 1206 1207
2 4 480 1173 1174 1207
2 4 480 1206 1173 1207
2 4 481 482 515 1208
2 4 481 1175 482 1208
2 4 481 515 514 1208
2 4 481 514 1207 1208
2 4 481 1174 1175 1208
2 4 481 1207 1174 1208
2 4 482 483 516 1209
2 4 482 1176 483 1209
2 4 482 516 515 1209
2 4 482 515 1208 1209
2 4 482 1175 1176 1209
2 4 482 1208 1175 1209
2 4 483 484 517 1210
2 4 483 1177 484 1210
2 4 483 517 516 1210
2 4 483 516 1209 1210
2 4 483 1176 1177 1210
2 4 483 1209 1176 1210
2 4 484 485 518 1211
2 4 484 1178 485 1211
2 4 484 518 517 1211
2 4 484 517 1210 1211
2 4 484 1177 1178 1211
2 4 484 1210 1177 1211
2 4 485 486 519 1212
2 4 485 1179 486 1212
2 4 485 519 518 1212
2 4 485 518 1211 1212
2 4 485 1178 1179 1212
2 4 485 1211 1178 1212
2 4 486 487 520 1213
2 4 486 1180 487 1213
2 4 486 520 519 1213
2 4 486 519 1212 1213
2 4 486 1179 1180 1213
2 4 486 1212 1179 1213
2 4 487 488 521 1214
2 4 487 1181 488 1214
2 4 487 521 520 1214
2 4 487 520 1213 1214
2 4 487 1180 1181 1214
2 4 487 1213 1180 1214
2 4 488 489 522 1215
2 4 488 1182 489 1215
2 4 488 522 521 1215
2 4 488 521 1214 1215
2 4 488 1181 1182 1215
2 4 488 1214 1181 1215
2 4 489 490 523 1216
2 4 489 1183 490 1216
2 4 489 523 522 1216
2 4 489 522 1215 1216
2 4 489 1182 1183 1216
2 4 489 1215 1182 1216
2 4 490 491 524 1217
2 4 490 1184 491 1217
2 4 490 524 523 1217
2 4 490 523 1216 1217
2 4 490 1183 1184 1217
2 4 490 1216 1183 1217
2 4 491 492 525 1218
2 4 491 1185 492 1218
2 4 491 525 524 1218
2 4 491 524 1217 1218
2 4 491 1184 1185 1218
2 4 491 1217 1184 1218
2 4 492 493 526 1219
2 4 492 1186 493 1219
2 4 492 526 525 1219
2 4 492 525 1218 1219
2 4 492 1185 1186 1219
2 4 492 1218 1185 1219
2 4 493 494 527 1220
2 4 493 1187 494 1220
2 4 493 527 526 1220
2 4 493 526 1219 1220
2 4 493 1186 1187 1220
2 4 493 1219 1186 1220
2 4 495 496 529 1222
2 4 495 1189 496 1222
2 4 495 529 528 1222
2 4 495 528 1221 1222
2 4 495 1188 1189 1222
2 4 495 1221 1188 1222
2 4 496 497 530 1223
2 4 496 1190 497 1223
2 4 496 530 529 1223
2 4 496 529 1222 1223
2 4 496 1189 1190 1223
2 4 496 1222 1189 1223
2 4 497 498 531 1224
2 4 497 1191 498 1224
2 4 497 531 530 1224
2 4 497 530 1223 1224
2 4 497 1190 1191 1224
2 4 497 1223 1190 1224
2 4 498 499 532 1225
2 4 498 1192 499 1225
2 4 498 532 531 1225
2 4 498 531 1224 1225
2 4 498 1191 1192 1225
2 4 498 1224 1191 1225
2 4 499 500 533 1226
2 4 499 1193 500 1226
2 4 499 533 532 1226
2 4 499 532 1225 1226
2 4 499 1192 1193 1226
2 4 499 1225 1192 1226
2 4 500 501 534 1227
2 4 500 1194 501 1227
2 4 500 534 533 1227
2 4 500 533 1226 1227
2 4 500 1193 1194 1227
2 4 500 1226 1193 1227
2 4 501 502 535 1228
2 4 501 1195 502 1228
2 4 501 535 534 1228
2 4 501 534 1227 1228
2 4 501 1194 1195 1228
2 4 501 1227 1194 1228
2 4 502 503 536 1229
2 4 502 1196 503 1229
2 4 502 536 535 1229
2 4 502 535 1228 1229
2 4 502 1195 1196 1229
2 4 502 1228 1195 1229
2 4 503 504 537 1230
2 4 503 1197 504 1230
2 4 503 537 536 1230
2 4 503 536 1229 1230
2 4 503 1196 1197 1230
2 4 503 1229 1196 1230
2 4 504 505 538 1231
2 4 504 1198 505 1231
2 4 504 538 537 1231
2 4 504 537 1230 1231
2 4 504 1197 1198 1231
2 4 504 1230 1197 1231
2 4 505 506 539 1232
2 4 505 1199 506 1232
2 4 505 539 538 1232
2 4 505 538 1231 1232
2 4 505 1198 1199 1232
2 4 505 1231 1198 1232
2 4 506 507 540 1233
2 4 506 1200 507 1233
2 4 506 540 539 1233
2 4 506 539 1232 1233
2 4 506 1199 1200 1233
2 4 506 1232 1199 1233
2 4 507 508 541 1234
2 4 507 1201 508 1234
2 4 507 541 540 1234
2 4 507 540 1233 1234
2 4 507 1200 1201 1234
2 4 507 1233 1200 1234
2 4 508 509 542 1235
2 4 508 1202 509 1235
2 4 508 542 541 1235
2 4 508 541 1234 1235
2 4 508 1201 1202 1235
2 4 508 1234 1201 1235
2 4 509 510 543 1236
2 4 509 1203 510 1236
2 4 509 543 542 1236
2 4 509 542 1235 1236
2 4 509 1202 1203 1236
2 4 509 1235 1202 1236
2 4 510 511 544 1237
2 4 510 1204 511 1237
2 4 510 544 543 1237
2 4 510 543 1236 1237
2 4 510 1203 1204 1237
2 4 510 1236 1203 1237
2 4 511 512 545 1238
2 4 511 1205 512 1238
2 4 511 545 544 1238
2 4 511 544 1237 1238
2 4 511 1204 1205 1238
2 4 511 1237 1204 1238
2 4 512 513 546 1239
2 4 512 1206 513 1239
2 4 512 546 545 1239
2 4 512 545 1238 1239
2 4 512 1205 1206 1239
2 4 512 1238 1205 1239
2 4 513 514 547 1240
2 4 513 1207 514 1240
2 4 513 547 546 1240
2 4 513 546 1239 1240
2 4 513 1206 1207 1240
2 4 513 1239 1206 1240
2 4 514 515 548 1241
2 4 514 1208 515 1241
2 4 514 548 547 1241
2 4 514 547 1240 1241
2 4 514 1207 1208 1241
2 4 514 1240 1207 1241
2 4 515 516 549 1242
2 4 515 1209 516 1242
2 4 515 549 548 1242
2 4 515 548 1241 1242
2 4 515 1208 1209 1242
2 4 515 1241 1208 1242
2 4 516 517 550 1243
2 4 516 1210 517 1243
2 4 516 550 549 1243
2 4 516 549 1242 1243
2 4 516 1209 1210 1243
2 4 516 1242 1209 1243
2 4 517 518 551 1244
2 4 517 1211 518 1244
2 4 517 551 550 1244
2 4 517 550 1243 1244
2 4 517 1210 1211 1244
2 4 517 1243 1210 1244
2 4 518 519 552 1245
2 4 518 1212 519 1245
2 4 518 552 551 1245
2 4 518 551 1244 1245
2 4 518 1211 1212 1245
2 4 518 1244 1211 1245
2 4 519 520 553 1246
2 4 519 1213 520 1246
2 4 519 553 552 1246
2 4 519 552 1245 1246
2 4 519 1212 1213 1246
2 4 519 1245 1212 1246
2 4 520 521 554 1247
2 4 520 1214 521 1247
2 4 520 554 553 1247
2 4 520 553 1246 1247
2 4 520 1213 1214 1247
2 4 520 1246 1213 1247
2 4 521 522 555 1248
2 4 521 1215 522 1248
2 4 521 555 554 1248
2 4 521 554 1247 1248
2 4 521 1214 1215 1248
2 4 521 1247 1214 1248
2 4 522 523 556 1249
2 4 522 1216 523 1249
2 4 522 556 555 1249
2 4 522 555 1248 1249
2 4 522 1215 1216 1249
2 4 522 1248 1215 1249
2 4 523 524 557 1250
2 4 523 1217 524 1250
2 4 523 557 556 1250
2 4 523 556 1249 1250
2 4 523 1216 1217 1250
2 4 523 1249 1216 1250
2 4 524 525 558 1251
2 4 524 1218 525 1251
2 4 524 558 557 1251
2 4 524 557 1250 1251
2 4 524 1217 1218 1251
2 4 524 1250 1217 1251
2 4 525 526 559 1252
2 4 525 1219 526 1252
2 4 525 559 558 1252
2 4 525 558 1251 1252
2 4 525 1218 1219 1252
2 4 525 1251 1218 1252
2 4 526 527 560 1253
2 4 526 1220 527 1253
2 4 526 560 559 1253
2 4 526 559 1252 1253
2 4 526 1219 1220 1253
2 4 526 1252 1219 1253
2 4 528 529 562 1255
2 4 528 1222 529 1255
2 4 528 562 561 1255
2 4 528 561 1254 1255
2 4 528 1221 1222 1255
2 4 528 1254 1221 1255
2 4 529 530 563 1256
2 4 529 1223 530 1256
2 4 529 563 562 1256
2 4 529 562 1255 1256
2 4 529 1222 1223 1256
2 4 529 1255 1222 1256
2 4 530 531 564 1257
2 4 530 1224 531 1257
2 4 530 564 563 1257
2 4 530 563 1256 1257
2 4 530 1223 1224 1257
2 4 530 1256 1223 1257
2 4 531 532 565 1258
2 4 531 1225 532 1258
2 4 531 565 564 1258
2 4 531 564 1257 1258
2 4 531 1224 1225 1258
2 4 531 1257 1224 1258
2 4 532 533 566 1259
2 4 532 1226 533 1259
2 4 532 566 565 1259
2 4 532 565 1258 1259
2 4 532 1225 1226 1259
2 4 532 1258 1225 1259
2 4 533 534 567 1260
2 4 533 1227 534 1260
2 4 533 567 566 1260
2 4 533 566 1259 1260
2 4 533 1226 1227 1260
2 4 533 1259 1226 1260
2 4 534 535 568 1261
2 4 534 1228 535 1261
2 4 534 568 567 1261
2 4 534 567 1260 1261
2 4 534 1227 1228 1261
2 4 534 1260 1227 1261
2 4 535 536 569 1262
2 4 535 1229 536 1262
2 4 535 569 568 1262
2 4 535 568 1261 1262
2 4 535 1228 1229 1262
2 4 535 1261 1228 1262
2 4 536 537 570 1263
2 4 536 1230 537 1263
2 4 536 570 569 1263
2 4 536 569 1262 1263
2 4 536 1229 1230 1263
2 4 536 1262 1229 1263
2 4 537 538 571 1264
2 4 537 1231 538 1264
2 4 537 571 570 1264
2 4 537 570 1263 1264
2 4 537 1230 1231 1264
2 4 537 1263 1230 1264
2 4 538 539 572 1265
2 4 538 1232 539 1265
2 4 538 572 571 1265
2 4 538 571 1264 1265
2 4 538 1231 1232 1265
2 4 538 1264 1231 1265
2 4 539 540 573 1266
2 4 539 1233 540 1266
2 4 539 573 572 1266
2 4 539 572 1265 1266
2 4 539 1232 1233 1266
2 4 539 1265 1232 1266
2 4 540 541 574 1267
2 4 540 1234 541 1267
2 4 540 574 573 1267
2 4 540 573 1266 1267
2 4 540 1233 1234 1267
2 4 540 1266 1233 1267
2 4 541 542 575 1268
2 4 541 1235 542 1268
2 4 541 575 574 1268
2 4 541 574 1267 1268
2 4 541 1234 1235 1268
2 4 541 1267 1234 1268
2 4 542 543 576 1269
2 4 542 1236 543 1269
2 4 542 576 575 1269
2 4 542 575 1268 1269
2 4 542 1235 1236 1269
2 4 542 1268 1235 1269
2 4 543 544 577 1270
2 4 543 1237 544 1270
2 4 543 577 576 1270
2 4 543 576 1269 1270
2 4 543 1236 1237 1270
2 4 543 1269 1236 1270
2 4 544 545 578 1271
2 4 544 1238 545 1271
2 4 544 578 577 1271
2 4 544 577 1270 1271
2 4 544 1237 1238 1271
2 4 544 1270 1237 1271
2 4 545 546 579 1272
2 4 545 1239 546 1272
2 4 545 579 578 1272
2 4 545 578 1271 1272
2 4 545 1238 1239 1272
2 4 545 1271 1238 1272
2 4 546 547 580 1273
2 4 546 1240 547 1273
2 4 546 580 579 1273
2 4 546 579 1272 1273
2 4 546 1239 1240 1273
2 4 546 1272 1239 1273
2 4 547 548 581 1274
2 4 547 1241 548 1274
2 4 547 581 580 1274
2 4 547 580 1273 1274
2 4 547 1240 1241 1274
2 4 547 1273 1240 1274
2 4 548 549 582 1275
2 4 548 1242 549 1275
2 4 548 582 581 1275
2 4 548 581 1274 1275
2 4 548 1241 1242 1275
2 4 548 1274 1241 1275
2 4 549 550 583 1276
2 4 549 1243 550 1276
2 4 549 583 582 1276
2 4 549 582 1275 1276
2 4 549 1242 1243 1276
2 4 549 1275 1242 1276
2 4 550 551 584 1277
2 4 550 1244 551 1277
2 4 550 584 583 1277
2 4 550 583 1276 1277
2 4 550 1243 1244 1277
2 4 550 1276 1243 1277
2 4 551 552 585 1278
2 4 551 1245 552 1278
2 4 551 585 584 1278
2 4 551 584 1277 1278
2 4 551 1244 1245 1278
2 4 551 1277 1244 1278
2 4 552 553 586 1279
2 4 552 1246 553 1279
2 4 552 586 585 1279
2 4 552 585 1278 1279
2 4 552 1245 1246 1279
2 4 552 1278 1245 1279
2 4 553 554 587 1280
2 4 553 1247 554 1280
2 4 553 587 586 1280
2 4 553 586 1279 1280
2 4 553 1246 1247 1280
2 4 553 1279 1246 1280
2 4 554 555 588 1281
2 4 554 1248 555 1281
2 4 554 588 587 1281
2 4 554 587 1280 1281
2 4 554 1247 1248 1281
2 4 554 1280 1247 1281
2 4 555 556 589 1282
2 4 555 1249 556 1282
2 4 555 589 588 1282
2 4 555 588 1281 1282
2 4 555 1248 1249 1282
2 4 555 1281 1248 1282
2 4 556 557 590 1283
2 4 556 1250 557 1283
2 4 556 590 589 1283
2 4 556 589 1282 1283
2 4 556 1249 1250 1283
2 4 556 1282 1249 1283
2 4 557 558 591 1284
2 4 557 1251 558 1284
2 4 557 591 590 1284
2 4 557 590 1283 1284
2 4 557 1250 1251 1284
2 4 557 1283 1250 1284
2 4 558 559 592 1285
2 4 558 1252 559 1285
2 4 558 592 591 1285
2 4 558 591 1284 1285
2 4 558 1251 1252 1285
2 4 558 1284 1251 1285
2 4 559 560 593 1286
2 4 559 1253 560 1286
2 4 559 593 592 1286
2 4 559 592 1285 1286
2 4 559 1252 1253 1286
2 4 559 1285 1252 1286
2 4 561 562 595 1288
2 4 561 1255 562 1288
2 4 561 595 594 1288
2 4 561 594 1287 1288
2 4 561 1254 1255 1288
2 4 561 1287 1254 1288
2 4 562 563 596 1289
2 4 562 1256 563 1289
2 4 562 596 595 1289
2 4 562 595 1288 1289
2 4 562 1255 1256 1289
2 4 562 1288 1255 1289
2 4 563 564 597 1290
2 4 563 1257 564 1290
2 4 563 597 596 1290
2 4 563 596 1289 1290
2 4 563 1256 1257 1290
2 4 563 1289 1256 1290
2 4 564 565 598 1291
2 4 564 1258 565 1291
2 4 564 598 597 1291
2 4 564 597 1290 1291
2 4 564 1257 1258 1291
2 4 564 1290 1257 1291
2 4 565 566 599 1292
2 4 565 1259 566 1292
2 4 565 599 598 1292
2 4 565 598 1291 1292
2 4 565 1258 1259 1292
2 4 565 1291 1258 1292
2 4 566 567 600 1293
2 4 566 1260 567 1293
2 4 566 600 599 1293
2 4 566 599 1292 1293
2 4 566 1259 1260 1293
2 4 566 1292 1259 1293
2 4 567 568 601 1294
2 4 567 1261 568 1294
2 4 567 601 600 1294
2 4 567 600 1293 1294
2 4 567 1260 1261 1294
2 4 567 1293 1260 1294
2 4 568 569 602 1295
2 4 568 1262 569 1295
2 4 568 602 601 1295
2 4 568 601 1294 1295
2 4 568 1261 1262 1295
2 4 568 1294 1261 1295
2 4 569 570 603 1296
2 4 569 1263 570 1296
2 4 569 603 602 1296
2 4 569 602 1295 1296
2 4 569 1262 1263 1296
2 4 569 1295 1262 1296
2 4 570 571 604 1297
2 4 570 1264 571 1297
2 4 570 604 603 1297
2 4 570 603 1296 1297
2 4 570 1263 1264 1297
2 4 570 1296 1263 1297
2 4 571 572 605 1298
2 4 571 1265 572 1298
2 4 571 605 604 1298
2 4 571 604 1297 1298
2 4 571 1264 1265 1298
2 4 571 1297 1264 1298
2 4 572 573 606 1299
2 4 572 1266 573 1299
2 4 572 606 605 1299
2 4 572 605 1298 1299
2 4 572 1265 1266 1299
2 4 572 1298 1265 1299
2 4 573 574 607 1300
2 4 573 1267 574 1300
2 4 573 607 606 1300
2 4 573 606 1299 1300
2 4 573 1266 1267 1300
2 4 573 1299 1266 1300
2 4 574 575 608 1301
2 4 574 1268 575 1301
2 4 574 608 607 1301
2 4 574 607 1300 1301
2 4 574 1267 1268 1301
2 4 574 1300 1267 1301
2 4 575 576 609 1302
2 4 575 1269 576 1302
2 4 575 609 608 1302
2 4 575 608 1301 1302
2 4 575 1268 1269 1302
2 4 575 1301 1268 1302
2 4 576 577 610 1303
2 4 576 1270 577 1303
2 4 576 610 609 1303
2 4 576 609 1302 1303
2 4 576 1269 1270 1303
2 4 576 1302 1269 1303
2 4 577 578 611 1304
2 4 577 1271 578 1304
2 4 577 611 610 1304
2 4 577 610 1303 1304
2 4 577 1270 1271 1304
2 4 577 1303 1270 1304
2 4 578 579 612 1305
2 4 578 1272 579 1305
2 4 578 612 611 1305
2 4 578 611 1304 1305
2 4 578 1271 1272 1305
2 4 578 1304 1271 1305
2 4 579 580 613 1306
2 4 579 1273 580 1306
2 4 579 613 612 1306
2 4 579 612 1305 1306
2 4 579 1272 1273 1306
2 4 579 1305 1272 1306
2 4 580 581 614 1307
2 4 580 1274 581 1307
2 4 580 614 613 1307
2 4 580 613 1306 1307
2 4 580 1273 1274 1307
2 4 580 1306 1273 1307
2 4 581 582 615 1308
2 4 581 1275 582 1308
2 4 581 615 614 1308
2 4 581 614 1307 1308
2 4 581 1274 1275 1308
2 4 581 1307 1274 1308
2 4 582 583 616 1309
2 4 582 1276 583 1309
2 4 582 616 615 1309
2 4 582 615 1308 1309
2 4 582 1275 1276 1309
2 4 582 1308 1275 1309
2 4 583 584 617 1310
2 4 583 1277 584 1310
2 4 583 617 616 1310
2 4 583 616 1309 1310
2 4 583 1276 1277 1310
2 4 583 1309 1276 1310
2 4 584 585 618 1311
2 4 584 1278 585 1311
2 4 584 618 617 1311
2 4 584 617 1310 1311
2 4 584 1277 1278 1311
2 4 584 1310 1277 1311
2 4 585 586 619 1312
2 4 585 1279 586 1312
2 4 585 619 618 1312
2 4 585 618 1311 1312
2 4 585 1278 1279 1312
2 4 585 1311 1278 1312
2 4 586 587 620 1313
2 4 586 1280 587 1313
2 4 586 620 619 1313
2 4 586 619 1312 1313
2 4 586 1279 1280 1313
2 4 586 1312 1279 1313
2 4 587 588 621 1314
2 4 587 1281 588 1314
2 4 587 621 620 1314
2 4 587 620 1313 1314
2 4 587 1280 1281 1314
2 4 587 1313 1280 1314
2 4 588 589 622 1315
2 4 588 1282 589 1315
2 4 588 622 621 1315
2 4 588 621 1314 1315
2 4 588 1281 1282 1315
2 4 588 1314 1281 1315
2 4 589 590 623 1316
2 4 589 1283 590 1316
2 4 589 623 622 1316
2 4 589 622 1315 1316
2 4 589 1282 1283 1316
2 4 589 1315 1282 1316
2 4 590 591 624 1317
2 4 590 1284 591 1317
2 4 590 624 623 1317
2 4 590 623 1316 1317
2 4 590 1283 1284 1317
2 4 590 1316 1283 1317
2 4 591 592 625 1318
2 4 591 1285 592 1318
2 4 591 625 624 1318
2 4 591 624 1317 1318
2 4 591 1284 1285 1318
2 4 591 1317 1284 1318
2 4 592 593 626 1319
2 4 592 1286 593 1319
2 4 592 626 625 1319
2 4 592 625 1318 1319
2 4 592 1285 1286 1319
2 4 592 1318 1285 1319
2 4 594 595 628 1321
2 4 594 1288 595 1321
2 4 594 628 627 1321
2 4 594 627 1320 1321
2 4 594 1287 1288 1321
2 4 594 1320 1287 1321
2 4 595 596 629 1322
2 4 595 1289 596 1322
2 4 595 629 628 1322
2 4 595 628 1321 1322
2 4 595 1288 1289 1322
2 4 595 1321 1288 1322
2 4 596 597 630 1323
2 4 596 1290 597 1323
2 4 596 630 629 1323
2 4 596 629 1322 1323
2 4 596 1289 1290 1323
2 4 596 1322 1289 1323
2 4 597 598 631 1324
2 4 597 1291 598 1324
2 4 597 631 630 1324
2 4 597 630 1323 1324
2 4 597 1290 1291 1324
2 4 597 1323 1290 1324
2 4 598 599 632 1325
2 4 598 1292 599 1325
2 4 598 632 631 1325
2 4 598 631 1324 1325
2 4 598 1291 1292 1325
2 4 598 1324 1291 1325
2 4 599 600 633 1326
2 4 599 1293 600 1326
2 4 599 633 632 1326
2 4 599 632 1325 1326
2 4 599 1292 1293 1326
2 4 599 1325 1292 1326
2 4 600 601 634 1327
2 4 600 1294 601 1327
2 4 600 634 633 1327
2 4 600 633 1326 1327
2 4 600 1293 1294 1327
2 4 600 1326 1293 1327
2 4 601 602 635 1328
2 4 601 1295 602 1328
2 4 601 635 634 1328
2 4 601 634 1327 1328
2 4 601 1294 1295 1328
2 4 601 1327 1294 1328
2 4 602 603 636 1329
2 4 602 1296 603 1329
2 4 602 636 635 1329
2 4 602 635 1328 1329
2 4 602 1295 1296 1329
2 4 602 1328 1295 1329
2 4 603 604 637 1330
2 4 603 1297 604 1330
2 4 603 637 636 1330
2 4 603 636 1329 1330
2 4 603 1296 1297 1330
2 4 603 1329 1296 1330
2 4 604 605 638 1331
2 4 604 1298 605 1331
2 4 604 638 637 1331
2 4 604 637 1330 1331
2 4 604 1297 1298 1331
2 4 604 1330 1297 1331
2 4 605 606 639 1332
2 4 605 1299 606 1332
2 4 605 639 638 1332
2 4 605 638 1331 1332
2 4 605 1298 1299 1332
2 4 605 1331 1298 1332
2 4 606 607 640 1333
2 4 606 1300 607 1333
2 4 606 640 639 1333
2 4 606 639 1332 1333
2 4 606 1299 1300 1333
2 4 606 1332 1299 1333
2 4 607 608 641 1334
2 4 607 1301 608 1334
2 4 607 641 640 1334
2 4 607 640 1333 1334
2 4 607 1300 1301 1334
2 4 607 1333 1300 1334
2 4 608 609 642 1335
2 4 608 1302 609 1335
2 4 608 642 641 1335
2 4 608 641 1334 1335
2 4 608 1301 1302 1335
2 4 608 1334 1301 1335
2 4 609 610 643 1336
2 4 609 1303 610 1336
2 4 609 643 642 1336
2 4 609 642 1335 1336
2 4 609 1302 1303 1336
2 4 609 1335 1302 1336
2 4 610 611 644 1337
2 4 610 1304 611 1337
2 4 610 644 643 1337
2 4 610 643 1336 1337
2 4 610 1303 1304 1337
2 4 610 1336 1303 1337
2 4 611 612 645 1338
2 4 611 1305 612 1338
2 4 611 645 644 1338
2 4 611 644 1337 1338
2 4 611 1304 1305 1338
2 4 611 1337 1304 1338
2 4 612 613 646 1339
2 4 612 1306 613 1339
2 4 612 646 645 1339
2 4 612 645 1338 1339
2 4 612 1305 1306 1339
2 4 612 1338 1305 1339
2 4 613 614 647 1340
2 4 613 1307 614 1340
2 4 613 647 646 1340
2 4 613 646 1339 1340
2 4 613 1306 1307 1340
2 4 613 1339 1306 1340
2 4 614 615 648 1341
2 4 614 1308 615 1341
2 4 614 648 647 1341
2 4 614 647 1340 1341
2 4 614 1307 1308 1341
2 4 614 1340 1307 1341
2 4 615 616 649 1342
2 4 615 1309 616 1342
2 4 615 649 648 1342
2 4 615 648 1341 1342
2 4 615 1308 1309 1342
2 4 615 1341 1308 1342
2 4 616 617 650 1343
2 4 616 1310 617 1343
2 4 616 650 649 1343
2 4 616 649 1342 1343
2 4 616 1309 1310 1343
2 4 616 1342 1309 1343
2 4 617 618 651 1344
2 4 617 1311 618 1344
2 4 617 651 650 1344
2 4 617 650 1343 1344
2 4 617 1310 1311 1344
2 4 617 1343 1310 1344
2 4 618 619 652 1345
2 4 618 1312 619 1345
2 4 618 652 651 1345
2 4 618 651 1344 1345
2 4 618 1311 1312 1345
2 4 618 1344 1311 1345
2 4 619 620 653 1346
2 4 619 1313 620 1346
2 4 619 653 652 1346
2 4 619 652 1345 1346
2 4 619 1312 1313 1346
2 4 619 1345 1312 1346
2 4 620 621 654 1347
2 4 620 1314 621 1347
2 4 620 654 653 1347
2 4 620 653 1346 1347
2 4 620 1313 1314 1347
2 4 620 1346 1313 1347
2 4 621 622 655 1348
2 4 621 1315 622 1348
2 4 621 655 654 1348
2 4 621 654 1347 1348
2 4 621 1314 1315 1348
2 4 621 1347 1314 1348
2 4 622 623 656 1349
2 4 622 1316 623 1349
2 4 622 656 655 1349
2 4 622 655 1348 1349
2 4 622 1315 1316 1349
2 4 622 1348 1315 1349
2 4 623 624 657 1350
2 4 623 1317 624 1350
2 4 623 657 656 1350
2 4 623 656 1349 1350
2 4 623 1316 1317 1350
2 4 623 1349 1316 1350
2 4 624 625 658 1351
2 4 624 1318 625 1351
2 4 624 658 657 1351
2 4 624 657 1350 1351
2 4 624 1317 1318 1351
2 4 624 1350 1317 1351
2 4 625 626 659 1352
2 4 625 1319 626 1352
2 4 625 659 658 1352
2 4 625 658 1351 1352
2 4 625 1318 1319 1352
2 4 625 1351 1318 1352
2 4 627 628 661 1354
2 4 627 1321 628 1354
2 4 627 661 660 1354
2 4 627 660 1353 1354
2 4 627 1320 1321 1354
2 4 627 1353 1320 1354
2 4 628 629 662 1355
2 4 628 1322 629 1355
2 4 628 662 661 1355
2 4 628 661 1354 1355
2 4 628 1321 1322 1355
2 4 628 1354 1321 1355
2 4 629 630 663 1356
2 4 629 1323 630 1356
2 4 629 663 662 1356
2 4 629 662 1355 1356
2 4 629 1322 1323 1356
2 4 629 1355 1322 1356
2 4 630 631 664 1357
2 4 630 1324 631 1357
2 4 630 664 663 1357
2 4 630 663 1356 1357
2 4 630 1323 1324 1357
2 4 630 1356 1323 1357
2 4 631 632 665 1358
2 4 631 1325 632 1358
2 4 631 665 664 1358
2 4 631 664 1357 1358
2 4 631 1324 1325 1358
2 4 631 1357 1324 1358
2 4 632 633 666 1359
2 4 632 1326 633 1359
2 4 632 666 665 1359
2 4 632 665 1358 1359
2 4 632 1325 1326 1359
2 4 632 1358 1325 1359
2 4 633 634 667 1360
2 4 633 1327 634 1360
2 4 633 667 666 1360
2 4 633 666 1359 1360
2 4 633 1326 1327 1360
2 4 633 1359 1326 1360
2 4 634 635 668 1361
2 4 634 1328 635 1361
2 4 634 668 667 1361
2 4 634 667 1360 1361
2 4 634 1327 1328 1361
2 4 634 1360 1327 1361
2 4 635 636 669 1362
2 4 635 1329 636 1362
2 4 635 669 668 1362
2 4 635 668 1361 1362
2 4 635 1328 1329 1362
2 4 635 1361 1328 1362
2 4 636 637 670 1363
2 4 636 1330 637 1363
2 4 636 670 669 1363
2 4 636 669 1362 1363
2 4 636 1329 1330 1363
2 4 636 1362 1329 1363
2 4 637 638 671 1364
2 4 637 1331 638 1364
2 4 637 671 670 1364
2 4 637 670 1363 1364
2 4 637 1330 1331 1364
2 4 637 1363 1330 1364
2 4 638 639 672 1365
2 4 638 1332 639 1365
2 4 638 672 671 1365
2 4 638 671 1364 1365
2 4 638 1331 1332 1365
2 4 638 1364 1331 1365
2 4 639 640 673 1366
2 4 639 1333 640 1366
2 4 639 673 672 1366
2 4 639 672 1365 1366
2 4 639 1332 1333 1366
2 4 639 1365 1332 1366
2 4 640 641 674 1367
2 4 640 1334 641 1367
2 4 640 674 673 1367
2 4 640 673 1366 1367
2 4 640 1333 1334 1367
2 4 640 1366 1333 1367
2 4 641 642 675 1368
2 4 641 1335 642 1368
2 4 641 675 674 1368
2 4 641 674 1367 1368
2 4 641 1334 1335 1368
2 4 641 1367 1334 1368
2 4 642 643 676 1369
2 4 642 1336 643 1369
2 4 642 676 675 1369
2 4 642 675 1368 1369
2 4 642 1335 1336 1369
2 4 642 1368 1335 1369
2 4 643 644 677 1370
2 4 643 1337 644 1370
2 4 643 677 676 1370
2 4 643 676 1369 1370
2 4 643 1336 1337 1370
2 4 643 1369 1336 1370
2 4 644 645 678 1371
2 4 644 1338 645 1371
2 4 644 678 677 1371
2 4 644 677 1370 1371
2 4 644 1337 1338 1371
2 4 644 1370 1337 1371
2 4 645 646 679 1372
2 4 645 1339 646 1372
2 4 645 679 678 1372
2 4 645 678 1371 1372
2 4 645 1338 1339 1372
2 4 645 1371 1338 1372
2 4 646 647 680 1373
2 4 646 1340 647 1373
2 4 646 680 679 1373
2 4 646 679 1372 1373
2 4 646 1339 1340 1373
2 4 646 1372 1339 1373
2 4 647 648 681 1374
2 4 647 1341 648 1374
2 4 647 681 680 1374
2 4 647 680 1373 1374
2 4 647 1340 1341 1374
2 4 647 1373 1340 1374
2 4 648 649 682 1375
2 4 648 1342 649 1375
2 4 648 682 681 1375
2 4 648 681 1374 1375
2 4 648 1341 1342 1375
2 4 648 1374 1341 1375
2 4 649 650 683 1376
2 4 649 1343 650 1376
2 4 649 683 682 1376
2 4 649 682 1375 1376
2 4 649 1342 1343 1376
2 4 649 1375 1342 1376
2 4 650 651 684 1377
2 4 650 1344 651 1377
2 4 650 684 683 1377
2 4 650 683 1376 1377
2 4 650 1343 1344 1377
2 4 650 1376 1343 1377
2 4 651 652 685 1378
2 4 651 1345 652 1378
2 4 651 685 684 1378
2 4 651 684 1377 1378
2 4 651 1344 1345 1378
2 4 651 1377 1344 1378
2 4 652 653 686 1379
2 4 652 1346 653 1379
2 4 652 686 685 1379
2 4 652 685 1378 1379
2 4 652 1345 1346 1379
2 4 652 1378 1345 1379
2 4 653 654 687 1380
2 4 653 1347 654 1380
2 4 653 687 686 1380
2 4 653 686 1379 1380
2 4 653 1346 1347 1380
2 4 653 1379 1346 1380
2 4 654 655 688 1381
2 4 654 1348 655 1381
2 4 654 688 687 1381
2 4 654 687 1380 1381
2 4 654 1347 1348 1381
2 4 654 1380 1347 1381
2 4 655 656 689 1382
2 4 655 1349 656 1382
2 4 655 689 688 1382
2 4 655 688 1381 1382
2 4 655 1348 1349 1382
2 4 655 1381 1348 1382
2 4 656 657 690 1383
2 4 656 1350 657 1383
2 4 656 690 689 1383
2 4 656 689 1382 1383
2 4 656 1349 1350 1383
2 4 656 1382 1349 1383
2 4 657 658 691 1384
2 4 657 1351 658 1384
2 4 657 691 690 1384
2 4 657 690 1383 1384
2 4 657 1350 1351 1384
2 4 657 1383 1350 1384
2 4 658 659 692 1385
2 4 658 1352 659 1385
2 4 658 692 691 1385
2 4 658 691 1384 1385
2 4 658 1351 1352 1385
2 4 658 1384 1351 1385
1 4 693 694 727 1420
1 4 693 1387 694 1420
1 4 693 727 726 1420
1 4 693 726 1419 1420
1 4 693 1386 1387 1420
1 4 693 1419 1386 1420
1 4 694 695 728 1421
1 4 694 1388 695 1421
1 4 694 728 727 1421
1 4 694 727 1420 1421
1 4 694 1387 1388 1421
1 4 694 1420 1387 1421
1 4 695 696 729 1422
1 4 695 1389 696 1422
1 4 695 729 728 1422
1 4 695 728 1421 1422
1 4 695 1388 1389 1422
1 4 695 1421 1388 1422
1 4 696 697 730 1423
1 4 696 1390 697 1423
1 4 696 730 729 1423
1 4 696 729 1422 1423
1 4 696 1389 1390 1423
1 4 696 1422 1389 1423
1 4 697 698 731 1424
1 4 697 1391 698 1424
1 4 697 731 730 1424
1 4 697 730 1423 1424
1 4 697 1390 1391 1424
1 4 697 1423 1390 1424
1 4 698 699 732 1425
1 4 698 1392 699 1425
1 4 698 732 731 1425
1 4 698 731 1424 1425
1 4 698 1391 1392 1425
1 4 698 1424 1391 1425
1 4 699 700 733 1426
1 4 699 1393 700 1426
1 4 699 733 732 1426
1 4 699 732 1425 1426
1 4 699 1392 1393 1426
1 4 699 1425 1392 1426
1 4 700 701 734 1427
1 4 700 1394 701 1427
1 4 700 734 733 1427
1 4 700 733 1426 1427
1 4 700 1393 1394 1427
1 4 700 1426 1393 1427
1 4 701 702 735 1428
1 4 701 1395 702 1428
1 4 701 735 734 1428
1 4 701 734 1427 1428
1 4 701 1394 1395 1428
1 4 701 1427 1394 1428
1 4 702 703 736 1429
1 4 702 1396 703 1429
1 4 702 736 735 1429
1 4 702 735 1428 1429
1 4 702 1395 1396 1429
1 4 702 1428 1395 1429
1 4 703 704 737 1430
1 4 703 1397 704 1430
1 4 703 737 736 1430
1 4 703 736 1429 1430
1 4 703 1396 1397 1430
1 4 703 1429 1396 1430
1 4 704 705 738 1431
1 4 704 1398 705 1431
1 4 704 738 737 1431
1 4 704 737 1430 1431
1 4 704 1397 1398 1431
1 4 704 1430 1397 1431
1 4 705 706 739 1432
1 4 705 1399 706 1432
1 4 705 739 738 1432
1 4 705 738 1431 1432
1 4 705 1398 1399 1432
1 4 705 1431 1398 1432
1 4 706 707 740 1433
1 4 706 1400 707 1433
1 4 706 740 739 1433
1 4 706 739 1432 1433
1 4 706 1399 1400 1433
1 4 706 1432 1399 1433
1 4 707 708 741 1434
1 4 707 1401 708 1434
1 4 707 741 740 1434
1 4 707 740 1433 1434
1 4 707 1400 1401 1434
1 4 707 1433 1400 1434
1 4 708 709 742 1435
1 4 708 1402 709 1435
1 4 708 742 741 1435
1 4 708 741 1434 1435
1 4 708 1401 1402 1435
1 4 708 1434 1401 1435
1 4 709 710 743 1436
1 4 709 1403 710 1436
1 4 709 743 742 1436
1 4 709 742 1435 1436
1 4 709 1402 1403 1436
1 4 709 1435 1402 1436
1 4 710 711 744 1437
1 4 710 1404 711 1437
1 4 710 744 743 1437
1 4 710 743 1436 1437
1 4 710 1403 1404 1437
1 4 710 1436 1403 1437
1 4 711 712 745 1438
1 4 711 1405 712 1438
1 4 711 745 744 1438
1 4 711 744 1437 1438
1 4 711 1404 1405 1438
1 4 711 1437 1404 1438
1 4 712 713 746 1439
1 4 712 1406 713 1439
1 4 712 746 745 1439
1 4 712 745 1438 1439
1 4 712 1405 1406 1439
1 4 712 1438 1405 1439
1 4 713 714 747 1440
1 4 713 1407 714 1440
1 4 713 747 746 1440
1 4 713 746 1439 1440
1 4 713 1406 1407 1440
1 4 713 1439 1406 1440
1 4 714 715 748 1441
1 4 714 1408 715 1441
1 4 714 748 747 1441
1 4 714 747 1440 1441
1 4 714 1407 1408 1441
1 4 714 1440 1407 1441
1 4 715 716 749 1442
1 4 715 1409 716 1442
1 4 715 749 748 1442
1 4 715 748 1441 1442
1 4 715 1408 1409 1442
1 4 715 1441 1408 1442
1 4 716 717 750 1443
1 4 716 1410 717 1443
1 4 716 750 749 1443
1 4 716 749 1442 1443
1 4 716 1409 1410 1443
1 4 716 1442 1409 1443
1 4 717 718 751 1444
1 4 717 1411 718 1444
1 4 717 751 750 1444
1 4 717 750 1443 1444
1 4 717 1410 1411 1444
1 4 717 1443 1410 1444
1 4 718 719 752 1445
1 4 718 1412 719 1445
1 4 718 752 751 1445
1 4 718 751 1444 1445
1 4 718 1411 1412 1445
1 4 718 1444 1411 1445
1 4 719 720 753 1446
1 4 719 1413 720 1446
1 4 719 753 752 1446
1 4 719 752 1445 1446
1 4 719 1412 1413 1446
1 4 719 1445 1412 1446
1 4 720 721 754 1447
1 4 720 1414 721 1447
1 4 720 754 753 1447
1 4 720 753 1446 1447
1 4 720 1413 1414 1447
1 4 720 1446 1413 1447
1 4 721 722 755 1448
1 4 721 1415 722 1448
1 4 721 755 754 1448
1 4 721 754 1447 1448
1 4 721 1414 1415 1448
1 4 721 1447 1414 1448
1 4 722 723 756 1449
1 4 722 1416 723 1449
1 4 722 756 755 1449
1 4 722 755 1448 1449
1 4 722 1415 1416 1449
1 4 722 1448 1415 1449
1 4 723 724 757 1450
1 4 723 1417 724 1450
1 4 723 757 756 1450
1 4 723 756 1449 1450
1 4 723 1416 1417 1450
1 4 723 1449 1416 1450
1 4 724 725 758 1451
1 4 724 1418 725 1451
1 4 724 758 757 1451
1 4 724 757 1450 1451
1 4 724 1417 1418 1451
1 4 724 1450 1417 1451
1 4 726 727 760 1453
1 4 726 1420 727 1453
1 4 726 760 759 1453
1 4 726 759 1452 1453
1 4 726 1419 1420 1453
1 4 726 1452 1419 1453
1 4 727 728 761 1454
1 4 727 1421 728 1454
1 4 727 761 760 1454
1 4 727 760 1453 1454
1 4 727 1420 1421 1454
1 4 727 1453 1420 1454
1 4 728 729 762 1455
1 4 728 1422 729 1455
1 4 728 762 761 1455
1 4 728 761 1454 1455
1 4 728 1421 1422 1455
1 4 728 1454 1421 1455
1 4 729 730 763 1456
1 4 729 1423 730 1456
1 4 729 763 762 1456
1 4 729 762 1455 1456
1 4 729 1422 1423 1456
1 4 729 1455 1422 1456
1 4 730 731 764 1457
1 4 730 1424 731 1457
1 4 730 764 763 1457
1 4 730 763 1456 1457
1 4 730 1423 1424 1457
1 4 730 1456 1423 1457
1 4 731 732 765 1458
1 4 731 1425 732 1458
1 4 731 765 764 1458
1 4 731 764 1457 1458
1 4 731 1424 1425 1458
1 4 731 1457 1424 1458
1 4 732 733 766 1459
1 4 732 1426 733 1459
1 4 732 766 765 1459
1 4 732 765 1458 1459
1 4 732 1425 1426 1459
1 4 732 1458 1425 1459
1 4 733 734 767 1460
1 4 733 1427 734 1460
1 4 733 767 766 1460
1 4 733 766 1459 1460
1 4 733 1426 1427 1460
1 4 733 1459 1426 1460
1 4 734 735 768 1461
1 4 734 1428 735 1461
1 4 734 768 767 1461
1 4 734 767 1460 1461
1 4 734 1427 1428 1461
1 4 734 1460 1427 1461
1 4 735 736 769 1462
1 4 735 1429 736 1462
1 4 735 769 768 1462
1 4 735 768 1461 1462
1 4 735 1428 1429 1462
1 4 735 1461 1428 1462
1 4 736 737 770 1463
1 4 736 1430 737 1463
1 4 736 770 769 1463
1 4 736 769 1462 1463
1 4 736 1429 1430 1463
1 4 736 1462 1429 1463
1 4 737 738 771 1464
1 4 737 1431 738 1464
1 4 737 771 770 1464
1 4 737 770 1463 1464
1 4 737 1430 1431 1464
1 4 737 1463 1430 1464
1 4 738 739 772 1465
1 4 738 1432 739 1465
1 4 738 772 771 1465
1 4 738 771 1464 1465
1 4 738 1431 1432 1465
1 4 738 1464 1431 1465
1 4 739 740 773 1466
1 4 739 1433 740 1466
1 4 739 773 772 1466
1 4 739 772 1465 1466
1 4 739 1432 1433 1466
1 4 739 1465 1432 1466
1 4 740 741 774 1467
1 4 740 1434 741 1467
1 4 740 774 773 1467
1 4 740 773 1466 1467
1 4 740 1433 1434 1467
1 4 740 1466 1433 1467
1 4 741 742 775 1468
1 4 741 1435 742 1468
1 4 741 775 774 1468
1 4 741 774 1467 1468
1 4 741 1434 1435 1468
1 4 741 1467 1434 1468
1 4 742 743 776 1469
1 4 742 1436 743 1469
1 4 742 776 775 1469
1 4 742 775 1468 1469
1 4 742 1435 1436 1469
1 4 742 1468 1435 1469
1 4 743 744 777 1470
1 4 743 1437 744 1470
1 4 743 777 776 1470
1 4 743 776 1469 1470
1 4 743 1436 1437 1470
1 4 743 1469 1436 1470
1 4 744 745 778 1471
1 4 744 1438 745 1471
1 4 744 778 777 1471
1 4 744 777 1470 1471
1 4 744 1437 1438 1471
1 4 744 1470 1437 1471
1 4 745 746 779 1472
1 4 745 1439 746 1472
1 4 745 779 778 1472
1 4 745 778 1471 1472
1 4 745 1438 1439 1472
1 4 745 1471 1438 1472
1 4 746 747 780 1473
1 4 746 1440 747 1473
1 4 746 780 779 1473
1 4 746 779 1472 1473
1 4 746 1439 1440 1473
1 4 746 1472 1439 1473
1 4 747 748 781 1474
1 4 747 1441 748 1474
1 4 747 781 780 1474
1 4 747 780 1473 1474
1 4 747 1440 1441 1474
1 4 747 1473 1440 1474
1 4 748 749 782 1475
1 4 748 1442 749 1475
1 4 748 782 781 1475
1 4 748 781 1474 1475
1 4 748 1441 1442 1475
1 4 748 1474 1441 1475
1 4 749 750 783 1476
1 4 749 1443 750 1476
1 4 749 783 782 1476
1 4 749 782 1475 1476
1 4 749 1442 1443 1476
1 4 749 1475 1442 1476
1 4 750 751 784 1477
1 4 750 1444 751 1477
1 4 750 784 783 1477
1 4 750 783 1476 1477
1 4 750 1443 1444 1477
1 4 750 1476 1443 1477
1 4 751 752 785 1478
1 4 751 1445 752 1478
1 4 751 785 784 1478
1 4 751 784 1477 1478
1 4 751 1444 1445 1478
1 4 751 1477 1444 1478
1 4 752 753 786 1479
1 4 752 1446 753 1479
1 4 752 786 785 1479
1 4 752 785 1478 1479
1 4 752 1445 1446 1479
1 4 752 1478 1445 1479
1 4 753 754 787 1480
1 4 753 1447 754 1480
1 4 753 787 786 1480
1 4 753 786 1479 1480
1 4 753 1446 1447 1480
1 4 753 1479 1446 1480
1 4 754 755 788 1481
1 4 754 1448 755 1481
1 4 754 788 787 1481
1 4 754 787 1480 1481
1 4 754 1447 1448 1481
1 4 754 1480 1447 1481
1 4 755 756 789 1482
1 4 755 1449 756 1482
1 4 755 789 788 1482
1 4 755 788 1481 1482
1 4 755 1448 1449 1482
1 4 755 1481 1448 1482
1 4 756 757 790 1483
1 4 756 1450 757 1483
1 4 756 790 789 1483
1 4 756 789 1482 1483
1 4 756 1449 1450 1483
1 4 756 1482 1449 1483
1 4 757 758 791 1484
1 4 757 1451 758 1484
1 4 757 791 790 1484
1 4 757 790 1483 1484
1 4 757 1450 1451 1484
1 4 757 1483 1450 1484
1 4 759 760 793 1486
1 4 759 1453 760 1486
1 4 759 793 792 1486
1 4 759 792 1485 1486
1 4 759 1452 1453 1486
1 4 759 1485 1452 1486
1 4 760 761 794 1487
1 4 760 1454 761 1487
1 4 760 794 793 1487
1 4 760 793 1486 1487
1 4 760 1453 1454 1487
1 4 760 1486 1453 1487
1 4 761 762 795 1488
1 4 761 1455 762 1488
1 4 761 795 794 1488
1 4 761 794 1487 1488
1 4 761 1454 1455 1488
1 4 761 1487 1454 1488
1 4 762 763 796 1489
1 4 762 1456 763 1489
1 4 762 796 795 1489
1 4 762 795 1488 1489
1 4 762 1455 1456 1489
1 4 762 1488 1455 1489
1 4 763 764 797 1490
1 4 763 1457 764 1490
1 4 763 797 796 1490
1 4 763 796 1489 1490
1 4 763 1456 1457 1490
1 4 763 1489 1456 1490
1 4 764 765 798 1491
1 4 764 1458 765 1491
1 4 764 798 797 1491
1 4 764 797 1490 1491
1 4 764 1457 1458 1491
1 4 764 1490 1457 1491
1 4 765 766 799 1492
1 4 765 1459 766 1492
1 4 765 799 798 1492
1 4 765 798 1491 1492
1 4 765 1458 1459 1492
1 4 765 1491 1458 1492
1 4 766 767 800 1493
1 4 766 1460 767 1493
1 4 766 800 799 1493
1 4 766 799 1492 1493
1 4 766 1459 1460 1493
1 4 766 1492 1459 1493
1 4 767 768 801 1494
1 4 767 1461 768 1494
1 4 767 801 800 1494
1 4 767 800 1493 1494
1 4 767 1460 1461 1494
1 4 767 1493 1460 1494
1 4 768 769 802 1495
1 4 768 1462 769 1495
1 4 768 802 801 1495
1 4 768 801 1494 1495
1 4 768 1461 1462 1495
1 4 768 1494 1461 1495
1 4 769 770 803 1496
1 4 769 1463 770 1496
1 4 769 803 802 1496
1 4 769 802 1495 1496
1 4 769 1462 1463 1496
1 4 769 1495 1462 1496
1 4 770 771 804 1497
1 4 770 1464 771 1497
1 4 770 804 803 1497
1 4 770 803 1496 1497
1 4 770 1463 1464 1497
1 4 770 1496 1463 1497
1 4 771 772 805 1498
1 4 771 1465 772 1498
1 4 771 805 804 1498
1 4 771 804 1497 1498
1 4 771 1464 1465 1498
1 4 771 1497 1464 1498
1 4 772 773 806 1499
1 4 772 1466 773 1499
1 4 772 806 805 1499
1 4 772 805 1498 1499
1 4 772 1465 1466 1499
1 4 772 1498 1465 1499
1 4 773 774 807 1500
1 4 773 1467 774 1500
1 4 773 807 806 1500
1 4 773 806 1499 1500
1 4 773 1466 1467 1500
1 4 773 1499 1466 1500
1 4 774 775 808 1501
1 4 774 1468 775 1501
1 4 774 808 807 1501
1 4 774 807 1500 1501
1 4 774 1467 1468 1501
1 4 774 1500 1467 1501
1 4 775 776 809 1502
1 4 775 1469 776 1502
1 4 775 809 808 1502
1 4 775 808 1501 1502
1 4 775 1468 1469 1502
1 4 775 1501 1468 1502
1 4 776 777 810 1503
1 4 776 1470 777 1503
1 4 776 810 809 1503
1 4 776 809 1502 1503
1 4 776 1469 1470 1503
1 4 776 1502 1469 1503
1 4 777 778 811 1504
1 4 777 1471 778 1504
1 4 777 811 810 1504
1 4 777 810 1503 1504
1 4 777 1470 1471 1504
1 4 777 1503 1470 1504
1 4 778 779 812 1505
1 4 778 1472 779 1505
1 4 778 812 811 1505
1 4 778 811 1504 1505
1 4 778 1471 1472 1505
1 4 778 1504 1471 1505
1 4 779 780 813 1506
1 4 779 1473 780 1506
1 4 779 813 812 1506
1 4 779 812 1505 1506
1 4 779 1472 1473 1506
1 4 779 1505 1472 1506
1 4 780 781 814 1507
1 4 780 1474 781 1507
1 4 780 814 813 1507
1 4 780 813 1506 1507
1 4 780 1473 1474 1507
1 4 780 1506 1473 1507
1 4 781 782 815 1508
1 4 781 1475 782 1508
1 4 781 815 814 1508
1 4 781 814 1507 1508
1 4 781 1474 1475 1508
1 4 781 1507 1474 1508
1 4 782 783 816 1509
1 4 782 1476 783 1509
1 4 782 816 815 1509
1 4 782 815 1508 1509
1 4 782 1475 1476 1509
1 4 782 1508 1475 1509
1 4 783 784 817 1510
1 4 783 1477 784 1510
1 4 783 817 816 1510
1 4 783 816 1509 1510
1 4 783 1476 1477 1510
1 4 783 1509 1476 1510
1 4 784 785 818 1511
1 4 784 1478 785 1511
1 4 784 818 817 1511
1 4 784 817 1510 1511
1 4 784 1477 1478 1511
1 4 784 1510 1477 1511
1 4 785 786 819 1512
1 4 785 1479 786 1512
1 4 785 819 818 1512
1 4 785 818 1511 1512
1 4 785 1478 1479 1512
1 4 785 1511 1478 1512
1 4 786 787 820 1513
1 4 786 1480 787 1513
1 4 786 820 819 1513
1 4 786 819 1512 1513
1 4 786 1479 1480 1513
1 4 786 1512 1479 1513
1 4 787 788 821 1514
1 4 787 1481 788 1514
1 4 787 821 820 1514
1 4 787 820 1513 1514
1 4 787 1480 1481 1514
1 4 787 1513 1480 1514
1 4 788 789 822 1515
1 4 788 1482 789 1515
1 4 788 822 821 1515
1 4 788 821 1514 1515
1 4 788 1481 1482 1515
1 4 788 1514 1481 1515
1 4 789 790 823 1516
1 4 789 1483 790 1516
1 4 789 823 822 1516
1 4 789 822 1515 1516
1 4 789 1482 1483 1516
1 4 789 1515 1482 1516
1 4 790 791 824 1517
1 4 790 1484 791 1517
1 4 790 824 823 1517
1 4 790 823 1516 1517
1 4 790 1483 1484 1517
1 4 790 1516 1483 1517
1 4 792 793 826 1519
1 4 792 1486 793 1519
1 4 792 826 825 1519
1 4 792 825 1518 1519
1 4 792 1485 1486 1519
1 4 792 1518 1485 1519
1 4 793 794 827 1520
1 4 793 1487 794 1520
1 4 793 827 826 1520
1 4 793 826 1519 1520
1 4 793 1486 1487 1520
1 4 793 1519 1486 1520
1 4 794 795 828 1521
1 4 794 1488 795 1521
1 4 794 828 827 1521
1 4 794 827 1520 1521
1 4 794 1487 1488 1521
1 4 794 1520 1487 1521
1 4 795 796 829 1522
1 4 795 1489 796 1522
1 4 795 829 828 1522
1 4 795 828 1521 1522
1 4 795 1488 1489 1522
1 4 795 1521 1488 1522
1 4 796 797 830 1523
1 4 796 1490 797 1523
1 4 796 830 829 1523
1 4 796 829 1522 1523
1 4 796 1489 1490 1523
1 4 796 1522 1489 1523
1 4 797 798 831 1524
1 4 797 1491 798 1524
1 4 797 831 830 1524
1 4 797 830 1523 1524
1 4 797 1490 1491 1524
1 4 797 1523 1490 1524
1 4 798 799 832 1525
1 4 798 1492 799 1525
1 4 798 832 831 1525
1 4 798 831 1524 1525
1 4 798 1491 1492 1525
1 4 798 1524 1491 1525
1 4 799 800 833 1526
1 4 799 1493 800 1526
1 4 799 833 832 1526
1 4 799 832 1525 1526
1 4 799 1492 1493 1526
1 4 799 1525 1492 1526
1 4 800 801 834 1527
1 4 800 1494 801 1527
1 4 800 834 833 1527
1 4 800 833 1526 1527
1 4 800 1493 1494 1527
1 4 800 1526 1493 1527
1 4 801 802 835 1528
1 4 801 1495 802 1528
1 4 801 835 834 1528
1 4 801 834 1527 1528
1 4 801 1494 1495 1528
1 4 801 1527 1494 1528
1 4 802 803 836 1529
1 4 802 1496 803 1529
1 4 802 836 835 1529
1 4 802 835 1528 1529
1 4 802 1495 1496 1529
1 4 802 1528 1495 1529
1 4 803 804 837 1530
1 4 803 1497 804 1530
1 4 803 837 836 1530
1 4 803 836 1529 1530
1 4 803 1496 1497 1530
1 4 803 1529 1496 1530
1 4 804 805 838 1531
1 4 804 1498 805 1531
1 4 804 838 837 1531
1 4 804 837 1530 1531
1 4 804 1497 1498 1531
1 4 804 1530 1497 1531
1 4 805 806 839 1532
1 4 805 1499 806 1532
1 4 805 839 838 1532
1 4 805 838 1531 1532
1 4 805 1498 1499 1532
1 4 805 1531 1498 1532
1 4 806 807 840 1533
1 4 806 1500 807 1533
1 4 806 840 839 1533
1 4 806 839 1532 1533
1 4 806 1499 1500 1533
1 4 806 1532 1499 1533
1 4 807 808 841 1534
1 4 807 1501 808 1534
1 4 807 841 840 1534
1 4 807 840 1533 1534
1 4 807 1500 1501 1534
1 4 807 1533 1500 1534
1 4 808 809 842 1535
1 4 808 1502 809 1535
1 4 808 842 841 1535
1 4 808 841 1534 1535
1 4 808 1501 1502 1535
1 4 808 1534 1501 1535
1 4 809 810 843 1536
1 4 809 1503 810 1536
1 4 809 843 842 1536
1 4 809 842 1535 1536
1 4 809 1502 1503 1536
1 4 809 1535 1502 1536
1 4 810 811 844 1537
1 4 810 1504 811 1537
1 4 810 844 843 1537
1 4 810 843 1536 1537
1 4 810 1503 1504 1537
1 4 810 1536 1503 1537
1 4 811 812 845 1538
1 4 811 1505 812 1538
1 4 811 845 844 1538
1 4 811 844 1537 1538
1 4 811 1504 1505 1538
1 4 811 1537 1504 1538
1 4 812 813 846 1539
1 4 812 1506 813 1539
1 4 812 846 845 1539
1 4 812 845 1538 1539
1 4 812 1505 1506 1539
1 4 812 1538 1505 1539
1 4 813 814 847 1540
1 4 813 1507 814 1540
1 4 813 847 846 1540
1 4 813 846 1539 1540
1 4 813 1506 1507 1540
1 4 813 1539 1506 1540
1 4 814 815 848 1541
1 4 814 1508 815 1541
1 4 814 848 847 1541
1 4 814 847 1540 1541
1 4 814 1507 1508 1541
1 4 814 1540 1507 1541
1 4 815 816 849 1542
1 4 815 1509 816 1542
1 4 815 849 848 1542
1 4 815 848 1541 1542
1 4 815 1508 1509 1542
1 4 815 1541 1508 1542
1 4 816 817 850 1543
1 4 816 1510 817 1543
1 4 816 850 849 1543
1 4 816 849 1542 1543
1 4 816 1509 1510 1543
1 4 816 1542 1509 1543
1 4 817 818 851 1544
1 4 817 1511 818 1544
1 4 817 851 850 1544
1 4 817 850 1543 1544
1 4 817 1510 1511 1544
1 4 817 1543 1510 1544
1 4 818 819 852 1545
1 4 818 1512 819 1545
1 4 818 852 851 1545
1 4 818 851 1544 1545
1 4 818 1511 1512 1545
1 4 818 1544 1511 1545
1 4 819 820 853 1546
1 4 819 1513 820 1546
1 4 819 853 852 1546
1 4 819 852 1545 1546
1 4 819 1512 1513 1546
1 4 819 1545 1512 1546
1 4 820 821 854 1547
1 4 820 1514 821 1547
1 4 820 854 853 1547
1 4 820 853 1546 1547
1 4 820 1513 1514 1547
1 4 820 1546 1513 1547
1 4 821 822 855 1548
1 4 821 1515 822 1548
1 4 821 855 854 1548
1 4 821 854 1547 1548
1 4 821 1514 1515 1548
1 4 821 1547 1514 1548
1 4 822 823 856 1549
1 4 822 1516 823 1549
1 4 822 856 855 1549
1 4 822 855 1548 1549
1 4 822 1515 1516 1549
1 4 822 1548 1515 1549
1 4 823 824 857 1550
1 4 823 1517 824 1550
1 4 823 857 856 1550
1 4 823 856 1549 1550
1 4 823 1516 1517 1550
1 4 823 1549 1516 1550
1 4 825 826 859 1552
1 4 825 1519 826 1552
1 4 825 859 858 1552
1 4 825 858 1551 1552
1 4 825 1518 1519 1552
1 4 825 1551 1518 1552
1 4 826 827 860 1553
1 4 826 1520 827 1553
1 4 826 860 859 1553
1 4 826 859 1552 1553
1 4 826 1519 1520 1553
1 4 826 1552 1519 1553
1 4 827 828 861 1554
1 4 827 1521 828 1554
1 4 827 861 860 1554
1 4 827 860 1553 1554
1 4 827 1520 1521 1554
1 4 827 1553 1520 1554
1 4 828 829 862 1555
1 4 828 1522 829 1555
1 4 828 862 861 1555
1 4 828 861 1554 1555
1 4 828 1521 1522 1555
1 4 828 1554 1521 1555
1 4 829 830 863 1556
1 4 829 1523 830 1556
1 4 829 863 862 1556
1 4 829 862 1555 1556
1 4 829 1522 1523 1556
1 4 829 1555 1522 1556
1 4 830 831 864 1557
1 4 830 1524 831 1557
1 4 830 864 863 1557
1 4 830 863 1556 1557
1 4 830 1523 1524 1557
1 4 830 1556 1523 1557
1 4 831 832 865 1558
1 4 831 1525 832 1558
1 4 831 865 864 1558
1 4 831 864 1557 1558
1 4 831 1524 1525 1558
1 4 831 1557 1524 1558
1 4 832 833 866 1559
1 4 832 1526 833 1559
1 4 832 866 865 1559
1 4 832 865 1558 1559
1 4 832 1525 1526 1559
1 4 832 1558 1525 1559
1 4 833 834 867 1560
1 4 833 1527 834 1560
1 4 833 867 866 1560
1 4 833 866 1559 1560
1 4 833 1526 1527 1560
1 4 833 1559 1526 1560
1 4 834 835 868 1561
1 4 834 1528 835 1561
1 4 834 868 867 1561
1 4 834 867 1560 1561
1 4 834 1527 1528 1561
1 4 834 1560 1527 1561
1 4 835 836 869 1562
1 4 835 1529 836 1562
1 4 835 869 868 1562
1 4 835 868 1561 1562
1 4 835 1528 1529 1562
1 4 835 1561 1528 1562
1 4 836 837 870 1563
1 4 836 1530 837 1563
1 4 836 870 869 1563
1 4 836 869 1562 1563
1 4 836 1529 1530 1563
1 4 836 1562 1529 1563
1 4 837 838 871 1564
1 4 837 1531 838 1564
1 4 837 871 870 1564
1 4 837 870 1563 1564
1 4 837 1530 1531 1564
1 4 837 1563 1530 1564
1 4 838 839 872 1565
1 4 838 1532 839 1565
1 4 838 872 871 1565
1 4 838 871 1564 1565
1 4 838 1531 1532 1565
1 4 838 1564 1531 1565
1 4 839 840 873 1566
1 4 839 1533 840 1566
1 4 839 873 872 1566
1 4 839 872 1565 1566
1 4 839 1532 1533 1566
1 4 839 1565 1532 1566
1 4 840 841 874 1567
1 4 840 1534 841 1567
1 4 840 874 873 1567
1 4 840 873 1566 1567
1 4 840 1533 1534 1567
1 4 840 1566 1533 1567
1 4 841 842 875 1568
1 4 841 1535 842 1568
1 4 841 875 874 1568
1 4 841 874 1567 1568
1 4 841 1534 1535 1568
1 4 841 1567 1534 1568
1 4 842 843 876 1569
1 4 842 1536 843 1569
1 4 842 876 875 1569
1 4 842 875 1568 1569
1 4 842 1535 1536 1569
1 4 842 1568 1535 1569
1 4 843 844 877 1570
1 4 843 1537 844 1570
1 4 843 877 876 1570
1 4 843 876 1569 1570
1 4 843 1536 1537 1570
1 4 843 1569 1536 1570
1 4 844 845 878 1571
1 4 844 1538 845 1571
1 4 844 878 877 1571
1 4 844 877 1570 1571
1 4 844 1537 1538 1571
1 4 844 1570 1537 1571
1 4 845 846 879 1572
1 4 845 1539 846 1572
1 4 845 879 878 1572
1 4 845 878 1571 1572
1 4 845 1538 1539 1572
1 4 845 1571 1538 1572
1 4 846 847 880 1573
1 4 846 1540 847 1573
1 4 846 880 879 1573
1 4 846 879 1572 1573
1 4 846 1539 1540 1573
1 4 846 1572 1539 1573
1 4 847 848 881 1574
1 4 847 1541 848 1574
1 4 847 881 880 1574
1 4 847 880 1573 1574
1 4 847 1540 1541 1574
1 4 847 1573 1540 1574
1 4 848 849 882 1575
1 4 848 1542 849 1575
1 4 848 882 881 1575
1 4 848 881 1574 1575
1 4 848 1541 1542 1575
1 4 848 1574 1541 1575
1 4 849 850 883 1576
1 4 849 1543 850 1576
1 4 849 883 882 1576
1 4 849 882 1575 1576
1 4 849 1542 1543 1576
1 4 849 1575 1542 1576
1 4 850 851 884 1577
1 4 850 1544 851 1577
1 4 850 884 883 1577
1 4 850 883 1576 1577
1 4 850 1543 1544 1577
1 4 850 1576 1543 1577
1 4 851 852 885 1578
1 4 851 1545 852 1578
1 4 851 885 884 1578
1 4 851 884 1577 1578
1 4 851 1544 1545 1578
1 4 851 1577 1544 1578
1 4 852 853 886 1579
1 4 852 1546 853 1579
1 4 852 886 885 1579
1 4 852 885 1578 1579
1 4 852 1545 1546 1579
1 4 852 1578 1545 1579
1 4 853 854 887 1580
1 4 853 1547 854 1580
1 4 853 887 886 1580
1 4 853 886 1579 1580
1 4 853 1546 1547 1580
1 4 853 1579 1546 1580
1 4 854 855 888 1581
1 4 854 1548 855 1581
1 4 854 888 887 1581
1 4 854 887 1580 1581
1 4 854 1547 1548 1581
1 4 854 1580 1547 1581
1 4 855 856 889 1582
1 4 855 1549 856 1582
1 4 855 889 888 1582
1 4 855 888 1581 1582
1 4 855 1548 1549 1582
1 4 855 1581 1548 1582
1 4 856 857 890 1583
1 4 856 1550 857 1583
1 4 856 890 889 1583
1 4 856 889 1582 1583
1 4 856 1549 1550 1583
1 4 856 1582 1549 1583
1 4 858 859 892 1585
1 4 858 1552 859 1585
1 4 858 892 891 1585
1 4 858 891 1584 1585
1 4 858 1551 1552 1585
1 4 858 1584 1551 1585
1 4 859 860 893 1586
1 4 859 1553 860 1586
1 4 859 893 892 1586
1 4 859 892 1585 1586
1 4 859 1552 1553 1586
1 4 859 1585 1552 1586
1 4 860 861 894 1587
1 4 860 1554 861 1587
1 4 860 894 893 1587
1 4 860 893 1586 1587
1 4 860 1553 1554 1587
1 4 860 1586 1553 1587
1 4 861 862 895 1588
1 4 861 1555 862 1588
1 4 861 895 894 1588
1 4 861 894 1587 1588
1 4 861 1554 1555 1588
1 4 861 1587 1554 1588
1 4 862 863 896 1589
1 4 862 1556 863 1589
1 4 862 896 895 1589
1 4 862 895 1588 1589
1 4 862 1555 1556 1589
1 4 862 1588 1555 1589
1 4 863 864 897 1590
1 4 863 1557 864 1590
1 4 863 897 896 1590
1 4 863 896 1589 1590
1 4 863 1556 1557 1590
1 4 863 1589 1556 1590
1 4 864 865 898 1591
1 4 864 1558 865 1591
1 4 864 898 897 1591
1 4 864 897 1590 1591
1 4 864 1557 1558 1591
1 4 864 1590 1557 1591
1 4 865 866 899 1592
1 4 865 1559 866 1592
1 4 865 899 898 1592
1 4 865 898 1591 1592
1 4 865 1558 1559 1592
1 4 865 1591 1558 1592
1 4 866 867 900 1593
1 4 866 1560 867 1593
1 4 866 900 899 1593
1 4 866 899 1592 1593
1 4 866 1559 1560 1593
1 4 866 1592 1559 1593
1 4 867 868 901 1594
1 4 867 1561 868 1594
1 4 867 901 900 1594
1 4 867 900 1593 1594
1 4 867 1560 1561 1594
1 4 867 1593 1560 1594
1 4 868 869 902 1595
1 4 868 1562 869 1595
1 4 868 902 901 1595
1 4 868 901 1594 1595
1 4 868 1561 1562 1595
1 4 868 1594 1561 1595
1 4 869 870 903 1596
1 4 869 1563 870 1596
1 4 869 903 902 1596
1 4 869 902 1595 1596
1 4 869 1562 1563 1596
1 4 869 1595 1562 1596
1 4 870 871 904 1597
1 4 870 1564 871 1597
1 4 870 904 903 1597
1 4 870 903 1596 1597
1 4 870 1563 1564 1597
1 4 870 1596 1563 1597
1 4 871 872 905 1598
1 4 871 1565 872 1598
1 4 871 905 904 1598
1 4 871 904 1597 1598
1 4 871 1564 1565 1598
1 4 871 1597 1564 1598
1 4 872 873 906 1599
1 4 872 1566 873 1599
1 4 872 906 905 1599
1 4 872 905 1598 1599
1 4 872 1565 1566 1599
1 4 872 1598 1565 1599
1 4 873 874 907 1600
1 4 873 1567 874 1600
1 4 873 907 906 1600
1 4 873 906 1599 1600
1 4 873 1566 1567 1600
1 4 873 1599 1566 1600
1 4 874 875 908 1601
1 4 874 1568 875 1601
1 4 874 908 907 1601
1 4 874 907 1600 1601
1 4 874 1567 1568 1601
1 4 874 1600 1567 1601
1 4 875 876 909 1602
1 4 875 1569 876 1602
1 4 875 909 908 1602
1 4 875 908 1601 1602
1 4 875 1568 1569 1602
1 4 875 1601 1568 1602
1 4 876 877 910 1603
1 4 876 1570 877 1603
1 4 876 910 909 1603
1 4 876 909 1602 1603
1 4 876 1569 1570 1603
1 4 876 1602 1569 1603
1 4 877 878 911 1604
1 4 877 1571 878 1604
1 4 877 911 910 1604
1 4 877 910 1603 1604
1 4 877 1570 1571 1604
1 4 877 1603 1570 1604
1 4 878 879 912 1605
1 4 878 1572 879 1605
1 4 878 912 911 1605
1 4 878 911 1604 1605
1 4 878 1571 1572 1605
1 4 878 1604 1571 1605
1 4 879 880 913 1606
1 4 879 1573 880 1606
1 4 879 913 912 1606
1 4 879 912 1605 1606
1 4 879 1572 1573 1606
1 4 879 1605 1572 1606
1 4 880 881 914 1607
1 4 880 1574 881 1607
1 4 880 914 913 1607
1 4 880 913 1606 1607
1 4 880 1573 1574 1607
1 4 880 1606 1573 1607
1 4 881 882 915 1608
1 4 881 1575 882 1608
1 4 881 915 914 1608
1 4 881 914 1607 1608
1 4 881 1574 1575 1608
1 4 881 1607 1574 1608
1 4 882 883 916 1609
1 4 882 1576 883 1609
1 4 882 916 915 1609
1 4 882 915 1608 1609
1 4 882 1575 1576 1609
1 4 882 1608 1575 1609
1 4 883 884 917 1610
1 4 883 1577 884 1610
1 4 883 917 916 1610
1 4 883 916 1609 1610
1 4 883 1576 1577 1610
1 4 883 1609 1576 1610
1 4 884 885 918 1611
1 4 884 1578 885 1611
1 4 884 918 917 1611
1 4 884 917 1610 1611
1 4 884 1577 1578 1611
1 4 884 1610 1577 1611
1 4 885 886 919 1612
1 4 885 1579 886 1612
1 4 885 919 918 1612
1 4 885 918 1611 1612
1 4 885 1578 1579 1612
1 4 885 1611 1578 1612
1 4 886 887 920 1613
1 4 886 1580 887 1613
1 4 886 920 919 1613
1 4 886 919 1612 1613
1 4 886 1579 1580 1613
1 4 886 1612 1579 1613
1 4 887 888 921 1614
1 4 887 1581 888 1614
1 4 887 921 920 1614
1 4 887 920 1613 1614
1 4 887 1580 1581 1614
1 4 887 1613 1580 1614
1 4 888 889 922 1615
1 4 888 1582 889 1615
1 4 888 922 921 1615
1 4 888 921 1614 1615
1 4 888 1581 1582 1615
1 4 888 1614 1581 1615
1 4 889 890 923 1616
1 4 889 1583 890 1616
1 4 889 923 922 1616
1 4 889 922 1615 1616
1 4 889 1582 1583 1616
1 4 889 1615 1582 1616
1 4 891 892 925 1618
1 4 891 1585 892 1618
1 4 891 925 924 1618
1 4 891 924 1617 1618
1 4 891 1584 1585 1618
1 4 891 1617 1584 1618
1 4 892 893 926 1619
1 4 892 1586 893 1619
1 4 892 926 925 1619
1 4 892 925 1618 1619
1 4 892 1585 1586 1619
1 4 892 1618 1585 1619
1 4 893 894 927 1620
1 4 893 1587 894 1620
1 4 893 927 926 1620
1 4 893 926 1619 1620
1 4 893 1586 1587 1620
1 4 893 1619 1586 1620
1 4 894 895 928 1621
1 4 894 1588 895 1621
1 4 894 928 927 1621
1 4 894 927 1620 1621
1 4 894 1587 1588 1621
1 4 894 1620 1587 1621
1 4 895 896 929 1622
1 4 895 1589 896 1622
1 4 895 929 928 1622
1 4 895 928 1621 1622
1 4 895 1588 1589 1622
1 4 895 1621 1588 1622
1 4 896 897 930 1623
1 4 896 1590 897 1623
1 4 896 930 929 1623
1 4 896 929 1622 1623
1 4 896 1589 1590 1623
1 4 896 1622 1589 1623
1 4 897 898 931 1624
1 4 897 1591 898 1624
1 4 897 931 930 1624
1 4 897 930 1623 1624
1 4 897 1590 1591 1624
1 4 897 1623 1590 1624
1 4 898 899 932 1625
1 4 898 1592 899 1625
1 4 898 932 931 1625
1 4 898 931 1624 1625
1 4 898 1591 1592 1625
1 4 898 1624 1591 1625
1 4 899 900 933 1626
1 4 899 1593 900 1626
1 4 899 933 932 1626
1 4 899 932 1625 1626
1 4 899 1592 1593 1626
1 4 899 1625 1592 1626
1 4 900 901 934 1627
1 4 900 1594 901 1627
1 4 900 934 933 1627
1 4 900 933 1626 1627
1 4 900 1593 1594 1627
1 4 900 1626 1593 1627
1 4 901 902 935 1628
1 4 901 1595 902 1628
1 4 901 935 934 1628
1 4 901 934 1627 1628
1 4 901 1594 1595 1628
1 4 901 1627 1594 1628
1 4 902 903 936 1629
1 4 902 1596 903 1629
1 4 902 936 935 1629
1 4 902 935 1628 1629
1 4 902 1595 1596 1629
1 4 902 1628 1595 1629
1 4 903 904 937 1630
1 4 903 1597 904 1630
1 4 903 937 936 1630
1 4 903 936 1629 1630
1 4 903 1596 1597 1630
1 4 903 1629 1596 1630
1 4 904 905 938 1631
1 4 904 1598 905 1631
1 4 904 938 937 1631
1 4 904 937 1630 1631
1 4 904 1597 1598 1631
1 4 904 1630 1597 1631
1 4 905 906 939 1632
1 4 905 1599 906 1632
1 4 905 939 938 1632
1 4 905 938 1631 1632
1 4 905 1598 1599 1632
1 4 905 1631 1598 1632
1 4 906 907 940 1633
1 4 906 1600 907 1633
1 4 906 940 939 1633
1 4 906 939 1632 1633
1 4 906 1599 1600 1633
1 4 906 1632 1599 1633
1 4 907 908 941 1634
1 4 907 1601 908 1634
1 4 907 941 940 1634
1 4 907 940 1633 1634
1 4 907 1600 1601 1634
1 4 907 1633 1600 1634
1 4 908 909 942 1635
1 4 908 1602 909 1635
1 4 908 942 941 1635
1 4 908 941 1634 1635
1 4 908 1601 1602 1635
1 4 908 1634 1601 1635
1 4 909 910 943 1636
1 4 909 1603 910 1636
1 4 909 943 942 1636
1 4 909 942 1635 1636
1 4 909 1602 1603 1636
1 4 909 1635 1602 1636
1 4 910 911 944 1637
1 4 910 1604 911 1637
1 4 910 944 943 1637
1 4 910 943 1636 1637
1 4 910 1603 1604 1637
1 4 910 1636 1603 1637
1 4 911 912 945 1638
1 4 911 1605 912 1638
1 4 911 945 944 1638
1 4 911 944 1637 1638
1 4 911 1604 1605 1638
1 4 911 1637 1604 1638
1 4 912 913 946 1639
1 4 912 1606 913 1639
1 4 912 946 945 1639
1 4 912 945 1638 1639
1 4 912 1605 1606 1639
1 4 912 1638 1605 1639
1 4 913 914 947 1640
1 4 913 1607 914 1640
1 4 913 947 946 1640
1 4 913 946 1639 1640
1 4 913 1606 1607 1640
1 4 913 1639 1606 1640
1 4 914 915 948 1641
1 4 914 1608 915 1641
1 4 914 948 947 1641
1 4 914 947 1640 1641
1 4 914 1607 1608 1641
1 4 914 1640 1607 1641
1 4 915 916 949 1642
1 4 915 1609 916 1642
1 4 915 949 948 1642
1 4 915 948 1641 1642
1 4 915 1608 1609 1642
1 4 915 1641 1608 1642
1 4 916 917 950 1643
1 4 916 1610 917 1643
1 4 916 950 949 1643
1 4 916 949 1642 1643
1 4 916 1609 1610 1643
1 4 916 1642 1609 1643
1 4 917 918 951 1644
1 4 917 1611 918 1644
1 4 917 951 950 1644
1 4 917 950 1643 1644
1 4 917 1610 1611 1644
1 4 917 1643 1610 1644
1 4 918 919 952 1645
1 4 918 1612 919 1645
1 4 918 952 951 1645
1 4 918 951 1644 1645
1 4 918 1611 1612 1645
1 4 918 1644 1611 1645
1 4 919 920 953 1646
1 4 919 1613 920 1646
1 4 919 953 952 1646
1 4 919 952 1645 1646
1 4 919 1612 1613 1646
1 4 919 1645 1612 1646
1 4 920 921 954 1647
1 4 920 1614 921 1647
1 4 920 954 953 1647
1 4 920 953 1646 1647
1 4 920 1613 1614 1647
1 4 920 1646 1613 1647
1 4 921 922 955 1648
1 4 921 1615 922 1648
1 4 921 955 954 1648
1 4 921 954 1647 1648
1 4 921 1614 1615 1648
1 4 921 1647 1614 1648
1 4 922 923 956 1649
1 4 922 1616 923 1649
1 4 922 956 955 1649
1 4 922 955 1648 1649
1 4 922 1615 1616 1649
1 4 922 1648 1615 1649
1 4 924 925 958 1651
1 4 924 1618 925 1651
1 4 924 958 957 1651
1 4 924 957 1650 1651
1 4 924 1617 1618 1651
1 4 924 1650 1617 1651
1 4 925 926 959 1652
1 4 925 1619 926 1652
1 4 925 959 958 1652
1 4 925 958 1651 1652
1 4 925 1618 1619 1652
1 4 925 1651 1618 1652
1 4 926 927 960 1653
1 4 926 1620 927 1653
1 4 926 960 959 1653
1 4 926 959 1652 1653
1 4 926 1619 1620 1653
1 4 926 1652 1619 1653
1 4 927 928 961 1654
1 4 927 1621 928 1654
1 4 927 961 960 1654
1 4 927 960 1653 1654
1 4 927 1620 1621 1654
1 4 927 1653 1620 1654
1 4 928 929 962 1655
1 4 928 1622 929 1655
1 4 928 962 961 1655
1 4 928 961 1654 1655
1 4 928 1621 1622 1655
1 4 928 1654 1621 1655
1 4 929 930 963 1656
1 4 929 1623 930 1656
1 4 929 963 962 1656
1 4 929 962 1655 1656
1 4 929 1622 1623 1656
1 4 929 1655 1622 1656
1 4 930 931 964 1657
1 4 930 1624 931 1657
1 4 930 964 963 1657
1 4 930 963 1656 1657
1 4 930 1623 1624 1657
1 4 930 1656 1623 1657
1 4 931 932 965 1658
1 4 931 1625 932 1658
1 4 931 965 964 1658
1 4 931 964 1657 1658
1 4 931 1624 1625 1658
1 4 931 1657 1624 1658
1 4 932 933 966 1659
1 4 932 1626 933 1659
1 4 932 966 965 1659
1 4 932 965 1658 1659
1 4 932 1625 1626 1659
1 4 932 1658 1625 1659
1 4 933 934 967 1660
1 4 933 1627 934 1660
1 4 933 967 966 1660
1 4 933 966 1659 1660
1 4 933 1626 1627 1660
1 4 933 1659 1626 1660
1 4 934 935 968 1661
1 4 934 1628 935 1661
1 4 934 968 967 1661
1 4 934 967 1660 1661
1 4 934 1627 1628 1661
1 4 934 1660 1627 1661
1 4 935 936 969 1662
1 4 935 1629 936 1662
1 4 935 969 968 1662
1 4 935 968 1661 1662
1 4 935 1628 1629 1662
1 4 935 1661 1628 1662
1 4 936 937 970 1663
1 4 936 1630 937 1663
1 4 936 970 969 1663
1 4 936 969 1662 1663
1 4 936 1629 1630 1663
1 4 936 1662 1629 1663
1 4 937 938 971 1664
1 4 937 1631 938 1664
1 4 937 971 970 1664
1 4 937 970 1663 1664
1 4 937 1630 1631 1664
1 4 937 1663 1630 1664
1 4 938 939 972 1665
1 4 938 1632 939 1665
1 4 938 972 971 1665
1 4 938 971 1664 1665
1 4 938 1631 1632 1665
1 4 938 1664 1631 1665
1 4 939 940 973 1666
1 4 939 1633 940 1666
1 4 939 973 972 1666
1 4 939 972 1665 1666
1 4 939 1632 1633 1666
1 4 939 1665 1632 1666
1 4 940 941 974 1667
1 4 940 1634 941 1667
1 4 940 974 973 1667
1 4 940 973 1666 1667
1 4 940 1633 1634 1667
1 4 940 1666 1633 1667
1 4 941 942 975 1668
1 4 941 1635 942 1668
1 4 941 975 974 1668
1 4 941 974 1667 1668
1 4 941 1634 1635 1668
1 4 941 1667 1634 1668
1 4 942 943 976 1669
1 4 942 1636 943 1669
1 4 942 976 975 1669
1 4 942 975 1668 1669
1 4 942 1635 1636 1669
1 4 942 1668 1635 1669
1 4 943 944 977 1670
1 4 943 1637 944 1670
1 4 943 977 976 1670
1 4 943 976 1669 1670
1 4 943 1636 1637 1670
1 4 943 1669 1636 1670
1 4 944 945 978 1671
1 4 944 1638 945 1671
1 4 944 978 977 1671
1 4 944 977 1670 1671
1 4 944 1637 1638 1671
1 4 944 1670 1637 1671
1 4 945 946 979 1672
1 4 945 1639 946 1672
1 4 945 979 978 1672
1 4 945 978 1671 1672
1 4 945 1638 1639 1672
1 4 945 1671 1638 1672
1 4 946 947 980 1673
1 4 946 1640 947 1673
1 4 946 980 979 1673
1 4 946 979 1672 1673
1 4 946 1639 1640 1673
1 4 946 1672 1639 1673
1 4 947 948 981 1674
1 4 947 1641 948 1674
1 4 947 981 980 1674
1 4 947 980 1673 1674
1 4 947 1640 1641 1674
1 4 947 1673 1640 1674
1 4 948 949 982 1675
1 4 948 1642 949 1675
1 4 948 982 981 1675
1 4 948 981 1674 1675
1 4 948 1641 1642 1675
1 4 948 1674 1641 1675
1 4 949 950 983 1676
1 4 949 1643 950 1676
1 4 949 983 982 1676
1 4 949 982 1675 1676
1 4 949 1642 1643 1676
1 4 949 1675 1642 1676
1 4 950 951 984 1677
1 4 950 1644 951 1677
1 4 950 984 983 1677
1 4 950 983 1676 1677
1 4 950 1643 1644 1677
1 4 950 1676 1643 1677
1 4 951 952 985 1678
1 4 951 1645 952 1678
1 4 951 985 984 1678
1 4 951 984 1677 1678
1 4 951 1644 1645 1678
1 4 951 1677 1644 1678
1 4 952 953 986 1679
1 4 952 1646 953 1679
1 4 952 986 985 1679
1 4 952 985 1678 1679
1 4 952 1645 1646 1679
1 4 952 1678 1645 1679
1 4 953 954 987 1680
1 4 953 1647 954 1680
1 4 953 987 986 1680
1 4 953 986 1679 1680
1 4 953 1646 1647 1680
1 4 953 1679 1646 1680
1 4 954 955 988 1681
1 4 954 1648 955 1681
1 4 954 988 987 1681
1 4 954 987 1680 1681
1 4 954 1647 1648 1681
1 4 954 1680 1647 1681
1 4 955 956 989 1682
1 4 955 1649 956 1682
1 4 955 989 988 1682
1 4 955 988 1681 1682
1 4 955 1648 1649 1682
1 4 955 1681 1648 1682
1 4 957 958 991 1684
1 4 957 1651 958 1684
1 4 957 991 990 1684
1 4 957 990 1683 1684
1 4 957 1650 1651 1684
1 4 957 1683 1650 1684
1 4 958 959 992 1685
1 4 958 1652 959 1685
1 4 958 992 991 1685
1 4 958 991 1684 1685
1 4 958 1651 1652 1685
1 4 958 1684 1651 1685
1 4 959 960 993 1686
1 4 959 1653 960 1686
1 4 959 993 992 1686
1 4 959 992 1685 1686
1 4 959 1652 1653 1686
1 4 959 1685 1652 1686
1 4 960 961 994 1687
1 4 960 1654 961 1687
1 4 960 994 993 1687
1 4 960 993 1686 1687
1 4 960 1653 1654 1687
1 4 960 1686 1653 1687
1 4 961 962 995 1688
1 4 961 1655 962 1688
1 4 961 995 994 1688
1 4 961 994 1687 1688
1 4 961 1654 1655 1688
1 4 961 1687 1654 1688
1 4 962 963 996 1689
1 4 962 1656 963 1689
1 4 962 996 995 1689
1 4 962 995 1688 1689
1 4 962 1655 1656 1689
1 4 962 1688 1655 1689
1 4 963 964 997 1690
1 4 963 1657 964 1690
1 4 963 997 996 1690
1 4 963 996 1689 1690
1 4 963 1656 1657 1690
1 4 963 1689 1656 1690
1 4 964 965 998 1691
1 4 964 1658 965 1691
1 4 964 998 997 1691
1 4 964 997 1690 1691
1 4 964 1657 1658 1691
1 4 964 1690 1657 1691
1 4 965 966 999 1692
1 4 965 1659 966 1692
1 4 965 999 998 1692
1 4 965 998 1691 1692
1 4 965 1658 1659 1692
1 4 965 1691 1658 1692
1 4 966 967 1000 1693
1 4 966 1660 967 1693
1 4 966 1000 999 1693
1 4 966 999 1692 1693
1 4 966 1659 1660 1693
1 4 966 1692 1659 1693
1 4 967 968 1001 1694
1 4 967 1661 968 1694
1 4 967 1001 1000 1694
1 4 967 1000 1693 1694
1 4 967 1660 1661 1694
1 4 967 1693 1660 1694
1 4 968 969 1002 1695
1 4 968 1662 969 1695
1 4 968 1002 1001 1695
1 4 968 1001 1694 1695
1 4 968 1661 1662 1695
1 4 968 1694 1661 1695
1 4 969 970 1003 1696
1 4 969 1663 970 1696
1 4 969 1003 1002 1696
1 4 969 1002 1695 1696
1 4 969 1662 1663 1696
1 4 969 1695 1662 1696
1 4 970 971 1004 1697
1 4 970 1664 971 1697
1 4 970 1004 1003 1697
1 4 970 1003 1696 1697
1 4 970 1663 1664 1697
1 4 970 1696 1663 1697
1 4 971 972 1005 1698
1 4 971 1665 972 1698
1 4 971 1005 1004 1698
1 4 971 1004 1697 1698
1 4 971 1664 1665 1698
1 4 971 1697 1664 1698
1 4 972 973 1006 1699
1 4 972 1666 973 1699
1 4 972 1006 1005 1699
1 4 972 1005 1698 1699
1 4 972 1665 1666 1699
1 4 972 1698 1665 1699
1 4 973 974 1007 1700
1 4 973 1667 974 1700
1 4 973 1007 1006 1700
1 4 973 1006 1699 1700
1 4 973 1666 1667 1700
1 4 973 1699 1666 1700
1 4 974 975 1008 1701
1 4 974 1668 975 1701
1 4 974 1008 1007 1701
1 4 974 1007 1700 1701
1 4 974 1667 1668 1701
1 4 974 1700 1667 1701
1 4 975 976 1009 1702
1 4 975 1669 976 1702
1 4 975 1009 1008 1702
1 4 975 1008 1701 1702
1 4 975 1668 1669 1702
1 4 975 1701 1668 1702
1 4 976 977 1010 1703
1 4 976 1670 977 1703
1 4 976 1010 1009 1703
1 4 976 1009 1702 1703
1 4 976 1669 1670 1703
1 4 976 1702 1669 1703
1 4 977 978 1011 1704
1 4 977 1671 978 1704
1 4 977 1011 1010 1704
1 4 977 1010 1703 1704
1 4 977 1670 1671 1704
1 4 977 1703 1670 1704
1 4 978 979 1012 1705
1 4 978 1672 979 1705
1 4 978 1012 1011 1705
1 4 978 1011 1704 1705
1 4 978 1671 1672 1705
1 4 978 1704 1671 1705
1 4 979 980 1013 1706
1 4 979 1673 980 1706
1 4 979 1013 1012 1706
1 4 979 1012 1705 1706
1 4 979 1672 1673 1706
1 4 979 1705 1672 1706
1 4 980 981 1014 1707
1 4 980 1674 981 1707
1 4 980 1014 1013 1707
1 4 980 1013 1706 1707
1 4 980 1673 1674 1707
1 4 980 1706 1673 1707
1 4 981 982 1015 1708
1 4 981 1675 982 1708
1 4 981 1015 1014 1708
1 4 981 1014 1707 1708
1 4 981 1674 1675 1708
1 4 981 1707 1674 1708
1 4 982 983 1016 1709
1 4 982 1676 983 1709
1 4 982 1016 1015 1709
1 4 982 1015 1708 1709
1 4 982 1675 1676 1709
1 4 982 1708 1675 1709
1 4 983 984 1017 1710
1 4 983 1677 984 1710
1 4 983 1017 1016 1710
1 4 983 1016 1709 1710
1 4 983 1676 1677 1710
1 4 983 1709 1676 1710
1 4 984 985 1018 1711
1 4 984 1678 985 1711
1 4 984 1018 1017 1711
1 4 984 1017 1710 1711
1 4 984 1677 1678 1711
1 4 984 1710 1677 1711
1 4 985 986 1019 1712
1 4 985 1679 986 1712
1 4 985 1019 1018 1712
1 4 985 1018 1711 1712
1 4 985 1678 1679 1712
1 4 985 1711 1678 1712
1 4 986 987 1020 1713
1 4 986 1680 987 1713
1 4 986 1020 1019 1713
1 4 986 1019 1712 1713
1 4 986 1679 1680 1713
1 4 986 1712 1679 1713
1 4 987 988 1021 1714
1 4 987 1681 988 1714
1 4 987 1021 1020 1714
1 4 987 1020 1713 1714
1 4 987 1680 1681 1714
1 4 987 1713 1680 1714
1 4 988 989 1022 1715
1 4 988 1682 989 1715
1 4 988 1022 1021 1715
1 4 988 1021 1714 1715
1 4 988 1681 1682 1715
1 4 988 1714 1681 1715
1 4 990 991 1024 1717
1 4 990 1684 991 1717
1 4 990 1024 1023 1717
1 4 990 1023 1716 1717
1 4 990 1683 1684 1717
1 4 990 1716 1683 1717
1 4 991 992 1025 1718
1 4 991 1685 992 1718
1 4 991 1025 1024 1718
1 4 991 1024 1717 1718
1 4 991 1684 1685 1718
1 4 991 1717 1684 1718
1 4 992 993 1026 1719
1 4 992 1686 993 1719
1 4 992 1026 1025 1719
1 4 992 1025 1718 1719
1 4 992 1685 1686 1719
1 4 992 1718 1685 1719
1 4 993 994 1027 1720
1 4 993 1687 994 1720
1 4 993 1027 1026 1720
1 4 993 1026 1719 1720
1 4 993 1686 1687 1720
1 4 993 1719 1686 1720
1 4 994 995 1028 1721
1 4 994 1688 995 1721
1 4 994 1028 1027 1721
1 4 994 1027 1720 1721
1 4 994 1687 1688 1721
1 4 994 1720 1687 1721
1 4 995 996 1029 1722
1 4 995 1689 996 1722
1 4 995 1029 1028 1722
1 4 995 1028 1721 1722
1 4 995 1688 1689 1722
1 4 995 1721 1688 1722
1 4 996 997 1030 1723
1 4 996 1690 997 1723
1 4 996 1030 1029 1723
1 4 996 1029 1722 1723
1 4 996 1689 1690 1723
1 4 996 1722 1689 1723
1 4 997 998 1031 1724
1 4 997 1691 998 1724
1 4 997 1031 1030 1724
1 4 997 1030 1723 1724
1 4 997 1690 1691 1724
1 4 997 1723 1690 1724
1 4 998 999 1032 1725
1 4 998 1692 999 1725
1 4 998 1032 1031 1725
1 4 998 1031 1724 1725
1 4 998 1691 1692 1725
1 4 998 1724 1691 1725
1 4 999 1000 1033 1726
1 4 999 1693 1000 1726
1 4 999 1033 1032 1726
1 4 999 1032 1725 1726
1 4 999 1692 1693 1726
1 4 999 1725 1692 1726
1 4 1000 1001 1034 1727
1 4 1000 1694 1001 1727
1 4 1000 1034 1033 1727
1 4 1000 1033 1726 1727
1 4 1000 1693 1694 1727
1 4 1000 1726 1693 1727
1 4 1001 1002 1035 1728
1 4 1001 1695 1002 1728
1 4 1001 1035 1034 1728
1 4 1001 1034 1727 1728
1 4 1001 1694 1695 1728
1 4 1001 1727 1694 1728
1 4 1002 1003 1036 1729
1 4 1002 1696 1003 1729
1 4 1002 1036 1035 1729
1 4 1002 1035 1728 1729
1 4 1002 1695 1696 1729
1 4 1002 1728 1695 1729
1 4 1003 1004 1037 1730
1 4 1003 1697 1004 1730
1 4 1003 1037 1036 1730
1 4 1003 1036 1729 1730
1 4 1003 1696 1697 1730
1 4 1003 1729 1696 1730
1 4 1004 1005 1038 1731
1 4 1004 1698 1005 1731
1 4 1004 1038 1037 1731
1 4 1004 1037 1730 1731
1 4 1004 1697 1698 1731
1 4 1004 1730 1697 1731
1 4 1005 1006 1039 1732
1 4 1005 1699 1006 1732
1 4 1005 1039 1038 1732
1 4 1005 1038 1731 1732
1 4 1005 1698 1699 1732
1 4 1005 1731 1698 1732
1 4 1006 1007 1040 1733
1 4 1006 1700 1007 1733
1 4 1006 1040 1039 1733
1 4 1006 1039 1732 1733
1 4 1006 1699 1700 1733
1 4 1006 1732 1699 1733
1 4 1007 1008 1041 1734
1 4 1007 1701 1008 1734
1 4 1007 1041 1040 1734
1 4 1007 1040 1733 1734
1 4 1007 1700 1701 1734
1 4 1007 1733 1700 1734
1 4 1008 1009 1042 1735
1 4 1008 1702 1009 1735
1 4 1008 1042 1041 1735
1 4 1008 1041 1734 1735
1 4 1008 1701 1702 1735
1 4 1008 1734 1701 1735
1 4 1009 1010 1043 1736
1 4 1009 1703 1010 1736
1 4 1009 1043 1042 1736
1 4 1009 1042 1735 1736
1 4 1009 1702 1703 1736
1 4 1009 1735 1702 1736
1 4 1010 1011 1044 1737
1 4 1010 1704 1011 1737
1 4 1010 1044 1043 1737
1 4 1010 1043 1736 1737
1 4 1010 1703 1704 1737
1 4 1010 1736 1703 1737
1 4 1011 1012 1045 1738
1 4 1011 1705 1012 1738
1 4 1011 1045 1044 1738
1 4 1011 1044 1737 1738
1 4 1011 1704 1705 1738
1 4 1011 1737 1704 1738
1 4 1012 1013 1046 1739
1 4 1012 1706 1013 1739
1 4 1012 1046 1045 1739
1 4 1012 1045 1738 1739
1 4 1012 1705 1706 1739
1 4 1012 1738 1705 1739
1 4 1013 1014 1047 1740
1 4 1013 1707 1014 1740
1 4 1013 1047 1046 1740
1 4 1013 1046 1739 1740
1 4 1013 1706 1707 1740
1 4 1013 1739 1706 1740
1 4 1014 1015 1048 1741
1 4 1014 1708 1015 1741
1 4 1014 1048 1047 1741
1 4 1014 1047 1740 1741
1 4 1014 1707 1708 1741
1 4 1014 1740 1707 1741
1 4 1015 1016 1049 1742
1 4 1015 1709 1016 1742
1 4 1015 1049 1048 1742
1 4 1015 1048 1741 1742
1 4 1015 1708 1709 1742
1 4 1015 1741 1708 1742
1 4 1016 1017 1050 1743
1 4 1016 1710 1017 1743
1 4 1016 1050 1049 1743
1 4 1016 1049 1742 1743
1 4 1016 1709 1710 1743
1 4 1016 1742 1709 1743
1 4 1017 1018 1051 1744
1 4 1017 1711 1018 1744
1 4 1017 1051 1050 1744
1 4 1017 1050 1743 1744
1 4 1017 1710 1711 1744
1 4 1017 1743 1710 1744
1 4 1018 1019 1052 1745
1 4 1018 1712 1019 1745
1 4 1018 1052 1051 1745
1 4 1018 1051 1744 1745
1 4 1018 1711 1712 1745
1 4 1018 1744 1711 1745
1 4 1019 1020 1053 1746
1 4 1019 1713 1020 1746
1 4 1019 1053 1052 1746
1 4 1019 1052 1745 1746
1 4 1019 1712 1713 1746
1 4 1019 1745 1712 1746
1 4 1020 1021 1054 1747
1 4 1020 1714 1021 1747
1 4 1020 1054 1053 1747
1 4 1020 1053 1746 1747
1 4 1020 1713 1714 1747
1 4 1020 1746 1713 1747
1 4 1021 1022 1055 1748
1 4 1021 1715 1022 1748
1 4 1021 1055 1054 1748
1 4 1021 1054 1747 1748
1 4 1021 1714 1715 1748
1 4 1021 1747 1714 1748
2 4 1023 1024 1057 1750
2 4 1023 1717 1024 1750
2 4 1023 1057 1056 1750
2 4 1023 1056 1749 1750
2 4 1023 1716 1717 1750
2 4 1023 1749 1716 1750
2 4 1024 1025 1058 1751
2 4 1024 1718 1025 1751
2 4 1024 1058 1057 1751
2 4 1024 1057 1750 1751
2 4 1024 1717 1718 1751
2 4 1024 1750 1717 1751
2 4 1025 1026 1059 1752
2 4 1025 1719 1026 1752
2 4 1025 1059 1058 1752
2 4 1025 1058 1751 1752
2 4 1025 1718 1719 1752
2 4 1025 1751 1718 1752
2 4 1026 1027 1060 1753
2 4 1026 1720 1027 1753
2 4 1026 1060 1059 1753
2 4 1026 1059 1752 1753
2 4 1026 1719 1720 1753
2 4 1026 1752 1719 1753
2 4 1027 1028 1061 1754
2 4 1027 1721 1028 1754
2 4 1027 1061 1060 1754
2 4 1027 1060 1753 1754
2 4 1027 1720 1721 1754
2 4 1027 1753 1720 1754
2 4 1028 1029 1062 1755
2 4 1028 1722 1029 1755
2 4 1028 1062 1061 1755
2 4 1028 1061 1754 1755
2 4 1028 1721 1722 1755
2 4 1028 1754 1721 1755
2 4 1029 1030 1063 1756
2 4 1029 1723 1030 1756
2 4 1029 1063 1062 1756
2 4 1029 1062 1755 1756
2 4 1029 1722 1723 1756
2 4 1029 1755 1722 1756
2 4 1030 1031 1064 1757
2 4 1030 1724 1031 1757
2 4 1030 1064 1063 1757
2 4 1030 1063 1756 1757
2 4 1030 1723 1724 1757
2 4 1030 1756 1723 1757
2 4 1031 1032 1065 1758
2 4 1031 1725 1032 1758
2 4 1031 1065 1064 1758
2 4 1031 1064 1757 1758
2 4 1031 1724 1725 1758
2 4 1031 1757 1724 1758
2 4 1032 1033 1066 1759
2 4 1032 1726 1033 1759
2 4 1032 1066 1065 1759
2 4 1032 1065 1758 1759
2 4 1032 1725 1726 1759
2 4 1032 1758 1725 1759
2 4 1033 1034 1067 1760
2 4 1033 1727 1034 1760
2 4 1033 1067 1066 1760
2 4 1033 1066 1759 1760
2 4 1033 1726 1727 1760
2 4 1033 1759 1726 1760
2 4 1034 1035 1068 1761
2 4 1034 1728 1035 1761
2 4 1034 1068 1067 1761
2 4 1034 1067 1760 1761
2 4 1034 1727 1728 1761
2 4 1034 1760 1727 1761
2 4 1035 1036 1069 1762
2 4 1035 1729 1036 1762
2 4 1035 1069 1068 1762
2 4 1035 1068 1761 1762
2 4 1035 1728 1729 1762
2 4 1035 1761 1728 1762
2 4 1036 1037 1070 1763
2 4 1036 1730 1037 1763
2 4 1036 1070 1069 1763
2 4 1036 1069 1762 1763
2 4 1036 1729 1730 1763
2 4 1036 1762 1729 1763
2 4 1037 1038 1071 1764
2 4 1037 1731 1038 1764
2 4 1037 1071 1070 1764
2 4 1037 1070 1763 1764
2 4 1037 1730 1731 1764
2 4 1037 1763 1730 1764
2 4 1038 1039 1072 1765
2 4 1038 1732 1039 1765
2 4 1038 1072 1071 1765
2 4 1038 1071 1764 1765
2 4 1038 1731 1732 1765
2 4 1038 1764 1731 1765
2 4 1039 1040 1073 1766
2 4 1039 1733 1040 1766
2 4 1039 1073 1072 1766
2 4 1039 1072 1765 1766
2 4 1039 1732 1733 1766
2 4 1039 1765 1732 1766
2 4 1040 1041 1074 1767
2 4 1040 1734 1041 1767
2 4 1040 1074 1073 1767
2 4 1040 1073 1766 1767
2 4 1040 1733 1734 1767
2 4 1040 1766 1733 1767
2 4 1041 1042 1075 1768
2 4 1041 1735 1042 1768
2 4 1041 1075 1074 1768
2 4 1041 1074 1767 1768
2 4 1041 1734 1735 1768
2 4 1041 1767 1734 1768
2 4 1042 1043 1076 1769
2 4 1042 1736 1043 1769
2 4 1042 1076 1075 1769
2 4 1042 1075 1768 1769
2 4 1042 1735 1736 1769
2 4 1042 1768 1735 1769
2 4 1043 1044 1077 1770
2 4 1043 1737 1044 1770
2 4 1043 1077 1076 1770
2 4 1043 1076 1769 1770
2 4 1043 1736 1737 1770
2 4 1043 1769 1736 1770
2 4 1044 1045 1078 1771
2 4 1044 1738 1045 1771
2 4 1044 1078 1077 1771
2 4 1044 1077 1770 1771
2 4 1044 1737 1738 1771
2 4 1044 1770 1737 1771
2 4 1045 1046 1079 1772
2 4 1045 1739 1046 1772
2 4 1045 1079 1078 1772
2 4 1045 1078 1771 1772
2 4 1045 1738 1739 1772
2 4 1045 1771 1738 1772
2 4 1046 1047 1080 1773
2 4 1046 1740 1047 1773
2 4 1046 1080 1079 1773
2 4 1046 1079 1772 1773
2 4 1046 1739 1740 1773
2 4 1046 1772 1739 1773
2 4 1047 1048 1081 1774
2 4 1047 1741 1048 1774
2 4 1047 1081 1080 1774
2 4 1047 1080 1773 1774
2 4 1047 1740 1741 1774
2 4 1047 1773 1740 1774
2 4 1048 1049 1082 1775
2 4 1048 1742 1049 1775
2 4 1048 1082 1081 1775
2 4 1048 1081 1774 1775
2 4 1048 1741 1742 1775
2 4 1048 1774 1741 1775
2 4 1049 1050 1083 1776
2 4 1049 1743 1050 1776
2 4 1049 1083 1082 1776
2 4 1049 1082 1775 1776
2 4 1049 1742 1743 1776
2 4 1049 1775 1742 1776
2 4 1050 1051 1084 1777
2 4 1050 1744 1051 1777
2 4 1050 1084 1083 1777
2 4 1050 1083 1776 1777
2 4 1050 1743 1744 1777
2 4 1050 1776 1743 1777
2 4 1051 1052 1085 1778
2 4 1051 1745 1052 1778
2 4 1051 1085 1084 1778
2 4 1051 1084 1777 1778
2 4 1051 1744 1745 1778
2 4 1051 1777 1744 1778
2 4 1052 1053 1086 1779
2 4 1052 1746 1053 1779
2 4 1052 1086 1085 1779
2 4 1052 1085 1778 1779
2 4 1052 1745 1746 1779
2 4 1052 1778 1745 1779
2 4 1053 1054 1087 1780
2 4 1053 1747 1054 1780
2 4 1053 1087 1086 1780
2 4 1053 1086 1779 1780
2 4 1053 1746 1747 1780
2 4 1053 1779 1746 1780
2 4 1054 1055 1088 1781
2 4 1054 1748 1055 1781
2 4 1054 1088 1087 1781
2 4 1054 1087 1780 1781
2 4 1054 1747 1748 1781
2 4 1054 1780 1747 1781
2 4 1056 1057 1090 1783
2 4 1056 1750 1057 1783
2 4 1056 1090 1089 1783
2 4 1056 1089 1782 1783
2 4 1056 1749 1750 1783
2 4 1056 1782 1749 1783
2 4 1057 1058 1091 1784
2 4 1057 1751 1058 1784
2 4 1057 1091 1090 1784
2 4 1057 1090 1783 1784
2 4 1057 1750 1751 1784
2 4 1057 1783 1750 1784
2 4 1058 1059 1092 1785
2 4 1058 1752 1059 1785
2 4 1058 1092 1091 1785
2 4 1058 1091 1784 1785
2 4 1058 1751 1752 1785
2 4 1058 1784 1751 1785
2 4 1059 1060 1093 1786
2 4 1059 1753 1060 1786
2 4 1059 1093 1092 1786
2 4 1059 1092 1785 1786
2 4 1059 1752 1753 1786
2 4 1059 1785 1752 1786
2 4 1060 1061 1094 1787
2 4 1060 1754 1061 1787
2 4 1060 1094 1093 1787
2 4 1060 1093 1786 1787
2 4 1060 1753 1754 1787
2 4 1060 1786 1753 1787
2 4 1061 1062 1095 1788
2 4 1061 1755 1062 1788
2 4 1061 1095 1094 1788
2 4 1061 1094 1787 1788
2 4 1061 1754 1755 1788
2 4 1061 1787 1754 1788
2 4 1062 1063 1096 1789
2 4 1062 1756 1063 1789
2 4 1062 1096 1095 1789
2 4 1062 1095 1788 1789
2 4 1062 1755 1756 1789
2 4 1062 1788 1755 1789
2 4 1063 1064 1097 1790
2 4 1063 1757 1064 1790
2 4 1063 1097 1096 1790
2 4 1063 1096 1789 1790
2 4 1063 1756 1757 1790
2 4 1063 1789 1756 1790
2 4 1064 1065 1098 1791
2 4 1064 1758 1065 1791
2 4 1064 1098 1097 1791
2 4 1064 1097 1790 1791
2 4 1064 1757 1758 1791
2 4 1064 1790 1757 1791
2 4 1065 1066 1099 1792
2 4 1065 1759 1066 1792
2 4 1065 1099 1098 1792
2 4 1065 1098 1791 1792
2 4 1065 1758 1759 1792
2 4 1065 1791 1758 1792
2 4 1066 1067 1100 1793
2 4 1066 1760 1067 1793
2 4 1066 1100 1099 1793
2 4 1066 1099 1792 1793
2 4 1066 1759 1760 1793
2 4 1066 1792 1759 1793
2 4 1067 1068 1101 1794
2 4 1067 1761 1068 1794
2 4 1067 1101 1100 1794
2 4 1067 1100 1793 1794
2 4 1067 1760 1761 1794
2 4 1067 1793 1760 1794
2 4 1068 1069 1102 1795
2 4 1068 1762 1069 1795
2 4 1068 1102 1101 1795
2 4 1068 1101 1794 1795
2 4 1068 1761 1762 1795
2 4 1068 1794 1761 1795
2 4 1069 1070 1103 1796
2 4 1069 1763 1070 1796
2 4 1069 1103 1102 1796
2 4 1069 1102 1795 1796
2 4 1069 1762 1763 1796
2 4 1069 1795 1762 1796
2 4 1070 1071 1104 1797
2 4 1070 1764 1071 1797
2 4 1070 1104 1103 1797
2 4 1070 1103 1796 1797
2 4 1070 1763 1764 1797
2 4 1070 1796 1763 1797
2 4 1071 1072 1105 1798
2 4 1071 1765 1072 1798
2 4 1071 1105 1104 1798
2 4 1071 1104 1797 1798
2 4 1071 1764 1765 1798
2 4 1071 1797 1764 1798
2 4 1072 1073 1106 1799
2 4 1072 1766 1073 1799
2 4 1072 1106 1105 1799
2 4 1072 1105 1798 1799
2 4 1072 1765 1766 1799
2 4 1072 1798 1765 1799
2 4 1073 1074 1107 1800
2 4 1073 1767 1074 1800
2 4 1073 1107 1106 1800
2 4 1073 1106 1799 1800
2 4 1073 1766 1767 1800
2 4 1073 1799 1766 1800
2 4 1074 1075 1108 1801
2 4 1074 1768 1075 1801
2 4 1074 1108 1107 1801
2 4 1074 1107 1800 1801
2 4 1074 1767 1768 1801
2 4 1074 1800 1767 1801
2 4 1075 1076 1109 1802
2 4 1075 1769 1076 1802
2 4 1075 1109 1108 1802
2 4 1075 1108 1801 1802
2 4 1075 1768 1769 1802
2 4 1075 1801 1768 1802
2 4 1076 1077 1110 1803
2 4 1076 1770 1077 1803
2 4 1076 1110 1109 1803
2 4 1076 1109 1802 1803
2 4 1076 1769 1770 1803
2 4 1076 1802 1769 1803
2 4 1077 1078 1111 1804
2 4 1077 1771 1078 1804
2 4 1077 1111 1110 1804
2 4 1077 1110 1803 1804
2 4 1077 1770 1771 1804
2 4 1077 1803 1770 1804
2 4 1078 1079 1112 1805
2 4 1078 1772 1079 1805
2 4 1078 1112 1111 1805
2 4 1078 1111 1804 1805
2 4 1078 1771 1772 1805
2 4 1078 1804 1771 1805
2 4 1079 1080 1113 1806
2 4 1079 1773 1080 1806
2 4 1079 1113 1112 1806
2 4 1079 1112 1805 1806
2 4 1079 1772 1773 1806
2 4 1079 1805 1772 1806
2 4 1080 1081 1114 1807
2 4 1080 1774 1081 1807
2 4 1080 1114 1113 1807
2 4 1080 1113 1806 1807
2 4 1080 1773 1774 1807
2 4 1080 1806 1773 1807
2 4 1081 1082 1115 1808
2 4 1081 1775 1082 1808
2 4 1081 1115 1114 1808
2 4 1081 1114 1807 1808
2 4 1081 1774 1775 1808
2 4 1081 1807 1774 1808
2 4 1082 1083 1116 1809
2 4 1082 1776 1083 1809
2 4 1082 1116 1115 1809
2 4 1082 1115 1808 1809
2 4 1082 1775 1776 1809
2 4 1082 1808 1775 1809
2 4 1083 1084 1117 1810
2 4 1083 1777 1084 1810
2 4 1083 1117 1116 1810
2 4 1083 1116 1809 1810
2 4 1083 1776 1777 1810
2 4 1083 1809 1776 1810
2 4 1084 1085 1118 1811
2 4 1084 1778 1085 1811
2 4 1084 1118 1117 1811
2 4 1084 1117 1810 1811
2 4 1084 1777 1778 1811
2 4 1084 1810 1777 1811
2 4 1085 1086 1119 1812
2 4 1085 1779 1086 1812
2 4 1085 1119 1118 1812
2 4 1085 1118 1811 1812
2 4 1085 1778 1779 1812
2 4 1085 1811 1778 1812
2 4 1086 1087 1120 1813
2 4 1086 1780 1087 1813
2 4 1086 1120 1119 1813
2 4 1086 1119 1812 1813
2 4 1086 1779 1780 1813
2 4 1086 1812 1779 1813
2 4 1087 1088 1121 1814
2 4 1087 1781 1088 1814
2 4 1087 1121 1120 1814
2 4 1087 1120 1813 1814
2 4 1087 1780 1781 1814
2 4 1087 1813 1780 1814
2 4 1089 1090 1123 1816
2 4 1089 1783 1090 1816
2 4 1089 1123 1122 1816
2 4 1089 1122 1815 1816
2 4 1089 1782 1783 1816
2 4 1089 1815 1782 1816
2 4 1090 1091 1124 1817
2 4 1090 1784 1091 1817
2 4 1090 1124 1123 1817
2 4 1090 1123 1816 1817
2 4 1090 1783 1784 1817
2 4 1090 1816 1783 1817
2 4 1091 1092 1125 1818
2 4 1091 1785 1092 1818
2 4 1091 1125 1124 1818
2 4 1091 1124 1817 1818
2 4 1091 1784 1785 1818
2 4 1091 1817 1784 1818
2 4 1092 1093 1126 1819
2 4 1092 1786 1093 1819
2 4 1092 1126 1125 1819
2 4 1092 1125 1818 1819
2 4 1092 1785 1786 1819
2 4 1092 1818 1785 1819
2 4 1093 1094 1127 1820
2 4 1093 1787 1094 1820
2 4 1093 1127 1126 1820
2 4 1093 1126 1819 1820
2 4 1093 1786 1787 1820
2 4 1093 1819 1786 1820
2 4 1094 1095 1128 1821
2 4 1094 1788 1095 1821
2 4 1094 1128 1127 1821
2 4 1094 1127 1820 1821
2 4 1094 1787 1788 1821
2 4 1094 1820 1787 1821
2 4 1095 1096 1129 1822
2 4 1095 1789 1096 1822
2 4 1095 1129 1128 1822
2 4 1095 1128 1821 1822
2 4 1095 1788 1789 1822
2 4 1095 1821 1788 1822
2 4 1096 1097 1130 1823
2 4 1096 1790 1097 1823
2 4 1096 1130 1129 1823
2 4 1096 1129 1822 1823
2 4 1096 1789 1790 1823
2 4 1096 1822 1789 1823
2 4 1097 1098 1131 1824
2 4 1097 1791 1098 1824
2 4 1097 1131 1130 1824
2 4 1097 1130 1823 1824
2 4 1097 1790 1791 1824
2 4 1097 1823 1790 1824
2 4 1098 1099 1132 1825
2 4 1098 1792 1099 1825
2 4 1098 1132 1131 1825
2 4 1098 1131 1824 1825
2 4 1098 1791 1792 1825
2 4 1098 1824 1791 1825
2 4 1099 1100 1133 1826
2 4 1099 1793 1100 1826
2 4 1099 1133 1132 1826
2 4 1099 1132 1825 1826
2 4 1099 1792 1793 1826
2 4 1099 1825 1792 1826
2 4 1100 1101 1134 1827
2 4 1100 1794 1101 1827
2 4 1100 1134 1133 1827
2 4 1100 1133 1826 1827
2 4 1100 1793 1794 1827
2 4 1100 1826 1793 1827
2 4 1101 1102 1135 1828
2 4 1101 1795 1102 1828
2 4 1101 1135 1134 1828
2 4 1101 1134 1827 1828
2 4 1101 1794 1795 1828
2 4 1101 1827 1794 1828
2 4 1102 1103 1136 1829
2 4 1102 1796 1103 1829
2 4 1102 1136 1135 1829
2 4 1102 1135 1828 1829
2 4 1102 1795 1796 1829
2 4 1102 1828 1795 1829
2 4 1103 1104 1137 1830
2 4 1103 1797 1104 1830
2 4 1103 1137 1136 1830
2 4 1103 1136 1829 1830
2 4 1103 1796 1797 1830
2 4 1103 1829 1796 1830
2 4 1104 1105 1138 1831
2 4 1104 1798 1105 1831
2 4 1104 1138 1137 1831
2 4 1104 1137 1830 1831
2 4 1104 1797 1798 1831
2 4 1104 1830 1797 1831
2 4 1105 1106 1139 1832
2 4 1105 1799 1106 1832
2 4 1105 1139 1138 1832
2 4 1105 1138 1831 1832
2 4 1105 1798 1799 1832
2 4 1105 1831 1798 1832
2 4 1106 1107 1140 1833
2 4 1106 1800 1107 1833
2 4 1106 1140 1139 1833
2 4 1106 1139 1832 1833
2 4 1106 1799 1800 1833
2 4 1106 1832 1799 1833
2 4 1107 1108 1141 1834
2 4 1107 1801 1108 1834
2 4 1107 1141 1140 1834
2 4 1107 1140 1833 1834
2 4 1107 1800 1801 1834
2 4 1107 1833 1800 1834
2 4 1108 1109 1142 1835
2 4 1108 1802 1109 1835
2 4 1108 1142 1141 1835
2 4 1108 1141 1834 1835
2 4 1108 1801 1802 1835
2 4 1108 1834 1801 1835
2 4 1109 1110 1143 1836
2 4 1109 1803 1110 1836
2 4 1109 1143 1142 1836
2 4 1109 1142 1835 1836
2 4 1109 1802 1803 1836
2 4 1109 1835 1802 1836
2 4 1110 1111 1144 1837
2 4 1110 1804 1111 1837
2 4 1110 1144 1143 1837
2 4 1110 1143 1836 1837
2 4 1110 1803 1804 1837
2 4 1110 1836 1803 1837
2 4 1111 1112 1145 1838
2 4 1111 1805 1112 1838
2 4 1111 1145 1144 1838
2 4 1111 1144 1837 1838
2 4 1111 1804 1805 1838
2 4 1111 1837 1804 1838
2 4 1112 1113 1146 1839
2 4 1112 1806 1113 1839
2 4 1112 1146 1145 1839
2 4 1112 1145 1838 1839
2 4 1112 1805 1806 1839
2 4 1112 1838 1805 1839
2 4 1113 1114 1147 1840
2 4 1113 1807 1114 1840
2 4 1113 1147 1146 1840
2 4 1113 1146 1839 1840
2 4 1113 1806 1807 1840
2 4 1113 1839 1806 1840
2 4 1114 1115 1148 1841
2 4 1114 1808 1115 1841
2 4 1114 1148 1147 1841
2 4 1114 1147 1840 1841
2 4 1114 1807 1808 1841
2 4 1114 1840 1807 1841
2 4 1115 1116 1149 1842
2 4 1115 1809 1116 1842
2 4 1115 1149 1148 1842
2 4 1115 1148 1841 1842
2 4 1115 1808 1809 1842
2 4 1115 1841 1808 1842
2 4 1116 1117 1150 1843
2 4 1116 1810 1117 1843
2 4 1116 1150 1149 1843
2 4 1116 1149 1842 1843
2 4 1116 1809 1810 1843
2 4 1116 1842 1809 1843
2 4 1117 1118 1151 1844
2 4 1117 1811 1118 1844
2 4 1117 1151 1150 1844
2 4 1117 1150 1843 1844
2 4 1117 1810 1811 1844
2 4 1117 1843 1810 1844
2 4 1118 1119 1152 1845
2 4 1118 1812 1119 1845
2 4 1118 1152 1151 1845
2 4 1118 1151 1844 1845
2 4 1118 1811 1812 1845
2 4 1118 1844 1811 1845
2 4 1119 1120 1153 1846
2 4 1119 1813 1120 1846
2 4 1119 1153 1152 1846
2 4 1119 1152 1845 1846
2 4 1119 1812 1813 1846
2 4 1119 1845 1812 1846
2 4 1120 1121 1154 1847
2 4 1120 1814 1121 1847
2 4 1120 1154 1153 1847
2 4 1120 1153 1846 1847
2 4 1120 1813 1814 1847
2 4 1120 1846 1813 1847
2 4 1122 1123 1156 1849
2 4 1122 1816 1123 1849
2 4 1122 1156 1155 1849
2 4 1122 1155 1848 1849
2 4 1122 1815 1816 1849
2 4 1122 1848 1815 1849
2 4 1123 1124 1157 1850
2 4 1123 1817 1124 1850
2 4 1123 1157 1156 1850
2 4 1123 1156 1849 1850
2 4 1123 1816 1817 1850
2 4 1123 1849 1816 1850
2 4 1124 1125 1158 1851
2 4 1124 1818 1125 1851
2 4 1124 1158 1157 1851
2 4 1124 1157 1850 1851
2 4 1124 1817 1818 1851
2 4 1124 1850 1817 1851
2 4 1125 1126 1159 1852
2 4 1125 1819 1126 1852
2 4 1125 1159 1158 1852
2 4 1125 1158 1851 1852
2 4 1125 1818 1819 1852
2 4 1125 1851 1818 1852
2 4 1126 1127 1160 1853
2 4 1126 1820 1127 1853
2 4 1126 1160 1159 1853
2 4 1126 1159 1852 1853
2 4 1126 1819 1820 1853
2 4 1126 1852 1819 1853
2 4 1127 1128 1161 1854
2 4 1127 1821 1128 1854
2 4 1127 1161 1160 1854
2 4 1127 1160 1853 1854
2 4 1127 1820 1821 1854
2 4 1127 1853 1820 1854
2 4 1128 1129 1162 1855
2 4 1128 1822 1129 1855
2 4 1128 1162 1161 1855
2 4 1128 1161 1854 1855
2 4 1128 1821 1822 1855
2 4 1128 1854 1821 1855
2 4 1129 1130 1163 1856
2 4 1129 1823 1130 1856
2 4 1129 1163 1162 1856
2 4 1129 1162 1855 1856
2 4 1129 1822 1823 1856
2 4 1129 1855 1822 1856
2 4 1130 1131 1164 1857
2 4 1130 1824 1131 1857
2 4 1130 1164 1163 1857
2 4 1130 1163 1856 1857
2 4 1130 1823 1824 1857
2 4 1130 1856 1823 1857
2 4 1131 1132 1165 1858
2 4 1131 1825 1132 1858
2 4 1131 1165 1164 1858
2 4 1131 1164 1857 1858
2 4 1131 1824 1825 1858
2 4 1131 1857 1824 1858
2 4 1132 1133 1166 1859
2 4 1132 1826 1133 1859
2 4 1132 1166 1165 1859
2 4 1132 1165 1858 1859
2 4 1132 1825 1826 1859
2 4 1132 1858 1825 1859
2 4 1133 1134 1167 1860
2 4 1133 1827 1134 1860
2 4 1133 1167 1166 1860
2 4 1133 1166 1859 1860
2 4 1133 1826 1827 1860
2 4 1133 1859 1826 1860
2 4 1134 1135 1168 1861
2 4 1134 1828 1135 1861
2 4 1134 1168 1167 1861
2 4 1134 1167 1860 1861
2 4 1134 1827 1828 1861
2 4 1134 1860 1827 1861
2 4 1135 1136 1169 1862
2 4 1135 1829 1136 1862
2 4 1135 1169 1168 1862
2 4 1135 1168 1861 1862
2 4 1135 1828 1829 1862
2 4 1135 1861 1828 1862
2 4 1136 1137 1170 1863
2 4 1136 1830 1137 1863
2 4 1136 1170 1169 1863
2 4 1136 1169 1862 1863
2 4 1136 1829 1830 1863
2 4 1136 1862 1829 1863
2 4 1137 1138 1171 1864
2 4 1137 1831 1138 1864
2 4 1137 1171 1170 1864
2 4 1137 1170 1863 1864
2 4 1137 1830 1831 1864
2 4 1137 1863 1830 1864
2 4 1138 1139 1172 1865
2 4 1138 1832 1139 1865
2 4 1138 1172 1171 1865
2 4 1138 1171 1864 1865
2 4 1138 1831 1832 1865
2 4 1138 1864 1831 1865
2 4 1139 1140 1173 1866
2 4 1139 1833 1140 1866
2 4 1139 1173 1172 1866
2 4 1139 1172 1865 1866
2 4 1139 1832 1833 1866
2 4 1139 1865 1832 1866
2 4 1140 1141 1174 1867
2 4 1140 1834 1141 1867
2 4 1140 1174 1173 1867
2 4 1140 1173 1866 1867
2 4 1140 1833 1834 1867
2 4 1140 1866 1833 1867
2 4 1141 1142 1175 1868
2 4 1141 1835 1142 1868
2 4 1141 1175 1174 1868
2 4 1141 1174 1867 1868
2 4 1141 1834 1835 1868
2 4 1141 1867 1834 1868
2 4 1142 1143 1176 1869
2 4 1142 1836 1143 1869
2 4 1142 1176 1175 1869
2 4 1142 1175 1868 1869
2 4 1142 1835 1836 1869
2 4 1142 1868 1835 1869
2 4 1143 1144 1177 1870
2 4 1143 1837 1144 1870
2 4 1143 1177 1176 1870
2 4 1143 1176 1869 1870
2 4 1143 1836 1837 1870
2 4 1143 1869 1836 1870
2 4 1144 1145 1178 1871
2 4 1144 1838 1145 1871
2 4 1144 1178 1177 1871
2 4 1144 1177 1870 1871
2 4 1144 1837 1838 1871
2 4 1144 1870 1837 1871
2 4 1145 1146 1179 1872
2 4 1145 1839 1146 1872
2 4 1145 1179 1178 1872
2 4 1145 1178 1871 1872
2 4 1145 1838 1839 1872
2 4 1145 1871 1838 1872
2 4 1146 1147 1180 1873
2 4 1146 1840 1147 1873
2 4 1146 1180 1179 1873
2 4 1146 1179 1872 1873
2 4 1146 1839 1840 1873
2 4 1146 1872 1839 1873
2 4 1147 1148 1181 1874
2 4 1147 1841 1148 1874
2 4 1147 1181 1180 1874
2 4 1147 1180 1873 1874
2 4 1147 1840 1841 1874
2 4 1147 1873 1840 1874
2 4 1148 1149 1182 1875
2 4 1148 1842 1149 1875
2 4 1148 1182 1181 1875
2 4 1148 1181 1874 1875
2 4 1148 1841 1842 1875
2 4 1148 1874 1841 1875
2 4 1149 1150 1183 1876
2 4 1149 1843 1150 1876
2 4 1149 1183 1182 1876
2 4 1149 1182 1875 1876
2 4 1149 1842 1843 1876
2 4 1149 1875 1842 1876
2 4 1150 1151 1184 1877
2 4 1150 1844 1151 1877
2 4 1150 1184 1183 1877
2 4 1150 1183 1876 1877
2 4 1150 1843 1844 1877
2 4 1150 1876 1843 1877
2 4 1151 1152 1185 1878
2 4 1151 1845 1152 1878
2 4 1151 1185 1184 1878
2 4 1151 1184 1877 1878
2 4 1151 1844 1845 1878
2 4 1151 1877 1844 1878
2 4 1152 1153 1186 1879
2 4 1152 1846 1153 1879
2 4 1152 1186 1185 1879
2 4 1152 1185 1878 1879
2 4 1152 1845 1846 1879
2 4 1152 1878 1845 1879
2 4 1153 1154 1187 1880
2 4 1153 1847 1154 1880
2 4 1153 1187 1186 1880
2 4 1153 1186 1879 1880
2 4 1153 1846 1847 1880
2 4 1153 1879 1846 1880
2 4 1155 1156 1189 1882
2 4 1155 1849 1156 1882
2 4 1155 1189 1188 1882
2 4 1155 1188 1881 1882
2 4 1155 1848 1849 1882
2 4 1155 1881 1848 1882
2 4 1156 1157 1190 1883
2 4 1156 1850 1157 1883
2 4 1156 1190 1189 1883
2 4 1156 1189 1882 1883
2 4 1156 1849 1850 1883
2 4 1156 1882 1849 1883
2 4 1157 1158 1191 1884
2 4 1157 1851 1158 1884
2 4 1157 1191 1190 1884
2 4 1157 1190 1883 1884
2 4 1157 1850 1851 1884
2 4 1157 1883 1850 1884
2 4 1158 1159 1192 1885
2 4 1158 1852 1159 1885
2 4 1158 1192 1191 1885
2 4 1158 1191 1884 1885
2 4 1158 1851 1852 1885
2 4 1158 1884 1851 1885
2 4 1159 1160 1193 1886
2 4 1159 1853 1160 1886
2 4 1159 1193 1192 1886
2 4 1159 1192 1885 1886
2 4 1159 1852 1853 1886
2 4 1159 1885 1852 1886
2 4 1160 1161 1194 1887
2 4 1160 1854 1161 1887
2 4 1160 1194 1193 1887
2 4 1160 1193 1886 1887
2 4 1160 1853 1854 1887
2 4 1160 1886 1853 1887
2 4 1161 1162 1195 1888
2 4 1161 1855 1162 1888
2 4 1161 1195 1194 1888
2 4 1161 1194 1887 1888
2 4 1161 1854 1855 1888
2 4 1161 1887 1854 1888
2 4 1162 1163 1196 1889
2 4 1162 1856 1163 1889
2 4 1162 1196 1195 1889
2 4 1162 1195 1888 1889
2 4 1162 1855 1856 1889
2 4 1162 1888 1855 1889
2 4 1163 1164 1197 1890
2 4 1163 1857 1164 1890
2 4 1163 1197 1196 1890
2 4 1163 1196 1889 1890
2 4 1163 1856 1857 1890
2 4 1163 1889 1856 1890
2 4 1164 1165 1198 1891
2 4 1164 1858 1165 1891
2 4 1164 1198 1197 1891
2 4 1164 1197 1890 1891
2 4 1164 1857 1858 1891
2 4 1164 1890 1857 1891
2 4 1165 1166 1199 1892
2 4 1165 1859 1166 1892
2 4 1165 1199 1198 1892
2 4 1165 1198 1891 1892
2 4 1165 1858 1859 1892
2 4 1165 1891 1858 1892
2 4 1166 1167 1200 1893
2 4 1166 1860 1167 1893
2 4 1166 1200 1199 1893
2 4 1166 1199 1892 1893
2 4 1166 1859 1860 1893
2 4 1166 1892 1859 1893
2 4 1167 1168 1201 1894
2 4 1167 1861 1168 1894
2 4 1167 1201 1200 1894
2 4 1167 1200 1893 1894
2 4 1167 1860 1861 1894
2 4 1167 1893 1860 1894
2 4 1168 1169 1202 1895
2 4 1168 1862 1169 1895
2 4 1168 1202 1201 1895
2 4 1168 1201 1894 1895
2 4 1168 1861 1862 1895
2 4 1168 1894 1861 1895
2 4 1169 1170 1203 1896
2 4 1169 1863 1170 1896
2 4 1169 1203 1202 1896
2 4 1169 1202 1895 1896
2 4 1169 1862 1863 1896
2 4 1169 1895 1862 1896
2 4 1170 1171 1204 1897
2 4 1170 1864 1171 1897
2 4 1170 1204 1203 1897
2 4 1170 1203 1896 1897
2 4 1170 1863 1864 1897
2 4 1170 1896 1863 1897
2 4 1171 1172 1205 1898
2 4 1171 1865 1172 1898
2 4 1171 1205 1204 1898
2 4 1171 1204 1897 1898
2 4 1171 1864 1865 1898
2 4 1171 1897 1864 1898
2 4 1172 1173 1206 1899
2 4 1172 1866 1173 1899
2 4 1172 1206 1205 1899
2 4 1172 1205 1898 1899
2 4 1172 1865 1866 1899
2 4 1172 1898 1865 1899
2 4 1173 1174 1207 1900
2 4 1173 1867 1174 1900
2 4 1173 1207 1206 1900
2 4 1173 1206 1899 1900
2 4 1173 1866 1867 1900
2 4 1173 1899 1866 1900
2 4 1174 1175 1208 1901
2 4 1174 1868 1175 1901
2 4 1174 1208 1207 1901
2 4 1174 1207 1900 1901
2 4 1174 1867 1868 1901
2 4 1174 1900 1867 1901
2 4 1175 1176 1209 1902
2 4 1175 1869 1176 1902
2 4 1175 1209 1208 1902
2 4 1175 1208 1901 1902
2 4 1175 1868 1869 1902
2 4 1175 1901 1868 1902
2 4 1176 1177 1210 1903
2 4 1176 1870 1177 1903
2 4 1176 1210 1209 1903
2 4 1176 1209 1902 1903
2 4 1176 1869 1870 1903
2 4 1176 1902 1869 1903
2 4 1177 1178 1211 1904
2 4 1177 1871 1178 1904
2 4 1177 1211 1210 1904
2 4 1177 1210 1903 1904
2 4 1177 1870 1871 1904
2 4 1177 1903 1870 1904
2 4 1178 1179 1212 1905
2 4 1178 1872 1179 1905
2 4 1178 1212 1211 1905
2 4 1178 1211 1904 1905
2 4 1178 1871 1872 1905
2 4 1178 1904 1871 1905
2 4 1179 1180 1213 1906
2 4 1179 1873 1180 1906
2 4 1179 1213 1212 1906
2 4 1179 1212 1905 1906
2 4 1179 1872 1873 1906
2 4 1179 1905 1872 1906
2 4 1180 1181 1214 1907
2 4 1180 1874 1181 1907
2 4 1180 1214 1213 1907
2 4 1180 1213 1906 1907
2 4 1180 1873 1874 1907
2 4 1180 1906 1873 1907
2 4 1181 1182 1215 1908
2 4 1181 1875 1182 1908
2 4 1181 1215 1214 1908
2 4 1181 1214 1907 1908
2 4 1181 1874 1875 1908
2 4 1181 1907 1874 1908
2 4 1182 1183 1216 1909
2 4 1182 1876 1183 1909
2 4 1182 1216 1215 1909
2 4 1182 1215 1908 1909
2 4 1182 1875 1876 1909
2 4 1182 1908 1875 1909
2 4 1183 1184 1217 1910
2 4 1183 1877 1184 1910
2 4 1183 1217 1216 1910
2 4 1183 1216 1909 1910
2 4 1183 1876 1877 1910
2 4 1183 1909 1876 1910
2 4 1184 1185 1218 1911
2 4 1184 1878 1185 1911
2 4 1184 1218 1217 1911
2 4 1184 1217 1910 1911
2 4 1184 1877 1878 1911
2 4 1184 1910 1877 1911
2 4 1185 1186 1219 1912
2 4 1185 1879 1186 1912
2 4 1185 1219 1218 1912
2 4 1185 1218 1911 1912
2 4 1185 1878 1879 1912
2 4 1185 1911 1878 1912
2 4 1186 1187 1220 1913
2 4 1186 1880 1187 1913
2 4 1186 1220 1219 1913
2 4 1186 1219 1912 1913
2 4 1186 1879 1880 1913
2 4 1186 1912 1879 1913
2 4 1188 1189 1222 1915
2 4 1188 1882 1189 1915
2 4 1188 1222 1221 1915
2 4 1188 1221 1914 1915
2 4 1188 1881 1882 1915
2 4 1188 1914 1881 1915
2 4 1189 1190 1223 1916
2 4 1189 1883 1190 1916
2 4 1189 1223 1222 1916
2 4 1189 1222 1915 1916
2 4 1189 1882 1883 1916
2 4 1189 1915 1882 1916
2 4 1190 1191 1224 1917
2 4 1190 1884 1191 1917
2 4 1190 1224 1223 1917
2 4 1190 1223 1916 1917
2 4 1190 1883 1884 1917
2 4 1190 1916 1883 1917
2 4 1191 1192 1225 1918
2 4 1191 1885 1192 1918
2 4 1191 1225 1224 1918
2 4 1191 1224 1917 1918
2 4 1191 1884 1885 1918
2 4 1191 1917 1884 1918
2 4 1192 1193 1226 1919
2 4 1192 1886 1193 1919
2 4 1192 1226 1225 1919
2 4 1192 1225 1918 1919
2 4 1192 1885 1886 1919
2 4 1192 1918 1885 1919
2 4 1193 1194 1227 1920
2 4 1193 1887 1194 1920
2 4 1193 1227 1226 1920
2 4 1193 1226 1919 1920
2 4 1193 1886 1887 1920
2 4 1193 1919 1886 1920
2 4 1194 1195 1228 1921
2 4 1194 1888 1195 1921
2 4 1194 1228 1227 1921
2 4 1194 1227 1920 1921
2 4 1194 1887 1888 1921
2 4 1194 1920 1887 1921
2 4 1195 1196 1229 1922
2 4 1195 1889 1196 1922
2 4 1195 1229 1228 1922
2 4 1195 1228 1921 1922
2 4 1195 1888 1889 1922
2 4 1195 1921 1888 1922
2 4 1196 1197 1230 1923
2 4 1196 1890 1197 1923
2 4 1196 1230 1229 1923
2 4 1196 1229 1922 1923
2 4 1196 1889 1890 1923
2 4 1196 1922 1889 1923
2 4 1197 1198 1231 1924
2 4 1197 1891 1198 1924
2 4 1197 1231 1230 1924
2 4 1197 1230 1923 1924
2 4 1197 1890 1891 1924
2 4 1197 1923 1890 1924
2 4 1198 1199 1232 1925
2 4 1198 1892 1199 1925
2 4 1198 1232 1231 1925
2 4 1198 1231 1924 1925
2 4 1198 1891 1892 1925
2 4 1198 1924 1891 1925
2 4 1199 1200 1233 1926
2 4 1199 1893 1200 1926
2 4 1199 1233 1232 1926
2 4 1199 1232 1925 1926
2 4 1199 1892 1893 1926
2 4 1199 1925 1892 1926
2 4 1200 1201 1234 1927
2 4 1200 1894 1201 1927
2 4 1200 1234 1233 1927
2 4 1200 1233 1926 1927
2 4 1200 1893 1894 1927
2 4 1200 1926 1893 1927
2 4 1201 1202 1235 1928
2 4 1201 1895 1202 1928
2 4 1201 1235 1234 1928
2 4 1201 1234 1927 1928
2 4 1201 1894 1895 1928
2 4 1201 1927 1894 1928
2 4 1202 1203 1236 1929
2 4 1202 1896 1203 1929
2 4 1202 1236 1235 1929
2 4 1202 1235 1928 1929
2 4 1202 1895 1896 1929
2 4 1202 1928 1895 1929
2 4 1203 1204 1237 1930
2 4 1203 1897 1204 1930
2 4 1203 1237 1236 1930
2 4 1203 1236 1929 1930
2 4 1203 1896 1897 1930
2 4 1203 1929 1896 1930
2 4 1204 1205 1238 1931
2 4 1204 1898 1205 1931
2 4 1204 1238 1237 1931
2 4 1204 1237 1930 1931
2 4 1204 1897 1898 1931
2 4 1204 1930 1897 1931
2 4 1205 1206 1239 1932
2 4 1205 1899 1206 1932
2 4 1205 1239 1238 1932
2 4 1205 1238 1931 1932
2 4 1205 1898 1899 1932
2 4 1205 1931 1898 1932
2 4 1206 1207 1240 1933
2 4 1206 1900 1207 1933
2 4 1206 1240 1239 1933
2 4 1206 1239 1932 1933
2 4 1206 1899 1900 1933
2 4 1206 1932 1899 1933
2 4 1207 1208 1241 1934
2 4 1207 1901 1208 1934
2 4 1207 1241 1240 1934
2 4 1207 1240 1933 1934
2 4 1207 1900 1901 1934
2 4 1207 1933 1900 1934
2 4 1208 1209 1242 1935
2 4 1208 1902 1209 1935
2 4 1208 1242 1241 1935
2 4 1208 1241 1934 1935
2 4 1208 1901 1902 1935
2 4 1208 1934 1901 1935
2 4 1209 1210 1243 1936
2 4 1209 1903 1210 1936
2 4 1209 1243 1242 1936
2 4 1209 1242 1935 1936
2 4 1209 1902 1903 1936
2 4 1209 1935 1902 1936
2 4 1210 1211 1244 1937
2 4 1210 1904 1211 1937
2 4 1210 1244 1243 1937
2 4 1210 1243 1936 1937
2 4 1210 1903 1904 1937
2 4 1210 1936 1903 1937
2 4 1211 1212 1245 1938
2 4 1211 1905 1212 1938
2 4 1211 1245 1244 1938
2 4 1211 1244 1937 1938
2 4 1211 1904 1905 1938
2 4 1211 1937 1904 1938
2 4 1212 1213 1246 1939
2 4 1212 1906 1213 1939
2 4 1212 1246 1245 1939
2 4 1212 1245 1938 1939
2 4 1212 1905 1906 1939
2 4 1212 1938 1905 1939
2 4 1213 1214 1247 1940
2 4 1213 1907 1214 1940
2 4 1213 1247 1246 1940
2 4 1213 1246 1939 1940
2 4 1213 1906 1907 1940
2 4 1213 1939 1906 1940
2 4 1214 1215 1248 1941
2 4 1214 1908 1215 1941
2 4 1214 1248 1247 1941
2 4 1214 1247 1940 1941
2 4 1214 1907 1908 1941
2 4 1214 1940 1907 1941
2 4 1215 1216 1249 1942
2 4 1215 1909 1216 1942
2 4 1215 1249 1248 1942
2 4 1215 1248 1941 1942
2 4 1215 1908 1909 1942
2 4 1215 1941 1908 1942
2 4 1216 1217 1250 1943
2 4 1216 1910 1217 1943
2 4 1216 1250 1249 1943
2 4 1216 1249 1942 1943
2 4 1216 1909 1910 1943
2 4 1216 1942 1909 1943
2 4 1217 1218 1251 1944
2 4 1217 1911 1218 1944
2 4 1217 1251 1250 1944
2 4 1217 1250 1943 1944
2 4 1217 1910 1911 1944
2 4 1217 1943 1910 1944
2 4 1218 1219 1252 1945
2 4 1218 1912 1219 1945
2 4 1218 1252 1251 1945
2 4 1218 1251 1944 1945
2 4 1218 1911 1912 1945
2 4 1218 1944 1911 1945
2 4 1219 1220 1253 1946
2 4 1219 1913 1220 1946
2 4 1219 1253 1252 1946
2 4 1219 1252 1945 1946
2 4 1219 1912 1913 1946
2 4 1219 1945 1912 1946
2 4 1221 1222 1255 1948
2 4 1221 1915 1222 1948
2 4 1221 1255 1254 1948
2 4 1221 1254 1947 1948
2 4 1221 1914 1915 1948
2 4 1221 1947 1914 1948
2 4 1222 1223 1256 1949
2 4 1222 1916 1223 1949
2 4 1222 1256 1255 1949
2 4 1222 1255 1948 1949
2 4 1222 1915 1916 1949
2 4 1222 1948 1915 1949
2 4 1223 1224 1257 1950
2 4 1223 1917 1224 1950
2 4 1223 1257 1256 1950
2 4 1223 1256 1949 1950
2 4 1223 1916 1917 1950
2 4 1223 1949 1916 1950
2 4 1224 1225 1258 1951
2 4 1224 1918 1225 1951
2 4 1224 1258 1257 1951
2 4 1224 1257 1950 1951
2 4 1224 1917 1918 1951
2 4 1224 1950 1917 1951
2 4 1225 1226 1259 1952
2 4 1225 1919 1226 1952
2 4 1225 1259 1258 1952
2 4 1225 1258 1951 1952
2 4 1225 1918 1919 1952
2 4 1225 1951 1918 1952
2 4 1226 1227 1260 1953
2 4 1226 1920 1227 1953
2 4 1226 1260 1259 1953
2 4 1226 1259 1952 1953
2 4 1226 1919 1920 1953
2 4 1226 1952 1919 1953
2 4 1227 1228 1261 1954
2 4 1227 1921 1228 1954
2 4 1227 1261 1260 1954
2 4 1227 1260 1953 1954
2 4 1227 1920 1921 1954
2 4 1227 1953 1920 1954
2 4 1228 1229 1262 1955
2 4 1228 1922 1229 1955
2 4 1228 1262 1261 1955
2 4 1228 1261 1954 1955
2 4 1228 1921 1922 1955
2 4 1228 1954 1921 1955
2 4 1229 1230 1263 1956
2 4 1229 1923 1230 1956
2 4 1229 1263 1262 1956
2 4 1229 1262 1955 1956
2 4 1229 1922 1923 1956
2 4 1229 1955 1922 1956
2 4 1230 1231 1264 1957
2 4 1230 1924 1231 1957
2 4 1230 1264 1263 1957
2 4 1230 1263 1956 1957
2 4 1230 1923 1924 1957
2 4 1230 1956 1923 1957
2 4 1231 1232 1265 1958
2 4 1231 1925 1232 1958
2 4 1231 1265 1264 1958
2 4 1231 1264 1957 1958
2 4 1231 1924 1925 1958
2 4 1231 1957 1924 1958
2 4 1232 1233 1266 1959
2 4 1232 1926 1233 1959
2 4 1232 1266 1265 1959
2 4 1232 1265 1958 1959
2 4 1232 1925 1926 1959
2 4 1232 1958 1925 1959
2 4 1233 1234 1267 1960
2 4 1233 1927 1234 1960
2 4 1233 1267 1266 1960
2 4 1233 1266 1959 1960
2 4 1233 1926 1927 1960
2 4 1233 1959 1926 1960
2 4 1234 1235 1268 1961
2 4 1234 1928 1235 1961
2 4 1234 1268 1267 1961
2 4 1234 1267 1960 1961
2 4 1234 1927 1928 1961
2 4 1234 1960 1927 1961
2 4 1235 1236 1269 1962
2 4 1235 1929 1236 1962
2 4 1235 1269 1268 1962
2 4 1235 1268 1961 1962
2 4 1235 1928 1929 1962
2 4 1235 1961 1928 1962
2 4 1236 1237 1270 1963
2 4 1236 1930 1237 1963
2 4 1236 1270 1269 1963
2 4 1236 1269 1962 1963
2 4 1236 1929 1930 1963
2 4 1236 1962 1929 1963
2 4 1237 1238 1271 1964
2 4 1237 1931 1238 1964
2 4 1237 1271 1270 1964
2 4 1237 1270 1963 1964
2 4 1237 1930 1931 1964
2 4 1237 1963 1930 1964
2 4 1238 1239 1272 1965
2 4 1238 1932 1239 1965
2 4 1238 1272 1271 1965
2 4 1238 1271 1964 1965
2 4 1238 1931 1932 1965
2 4 1238 1964 1931 1965
2 4 1239 1240 1273 1966
2 4 1239 1933 1240 1966
2 4 1239 1273 1272 1966
2 4 1239 1272 1965 1966
2 4 1239 1932 1933 1966
2 4 1239 1965 1932 1966
2 4 1240 1241 1274 1967
2 4 1240 1934 1241 1967
2 4 1240 1274 1273 1967
2 4 1240 1273 1966 1967
2 4 1240 1933 1934 1967
2 4 1240 1966 1933 1967
2 4 1241 1242 1275 1968
2 4 1241 1935 1242 1968
2 4 1241 1275 1274 1968
2 4 1241 1274 1967 1968
2 4 1241 1934 1935 1968
2 4 1241 1967 1934 1968
2 4 1242 1243 1276 1969
2 4 1242 1936 1243 1969
2 4 1242 1276 1275 1969
2 4 1242 1275 1968 1969
2 4 1242 1935 1936 1969
2 4 1242 1968 1935 1969
2 4 1243 1244 1277 1970
2 4 1243 1937 1244 1970
2 4 1243 1277 1276 1970
2 4 1243 1276 1969 1970
2 4 1243 1936 1937 1970
2 4 1243 1969 1936 1970
2 4 1244 1245 1278 1971
2 4 1244 1938 1245 1971
2 4 1244 1278 1277 1971
2 4 1244 1277 1970 1971
2 4 1244 1937 1938 1971
2 4 1244 1970 1937 1971
2 4 1245 1246 1279 1972
2 4 1245 1939 1246 1972
2 4 1245 1279 1278 1972
2 4 1245 1278 1971 1972
2 4 1245 1938 1939 1972
2 4 1245 1971 1938 1972
2 4 1246 1247 1280 1973
2 4 1246 1940 1247 1973
2 4 1246 1280 1279 1973
2 4 1246 1279 1972 1973
2 4 1246 1939 1940 1973
2 4 1246 1972 1939 1973
2 4 1247 1248 1281 1974
2 4 1247 1941 1248 1974
2 4 1247 1281 1280 1974
2 4 1247 1280 1973 1974
2 4 1247 1940 1941 1974
2 4 1247 1973 1940 1974
2 4 1248 1249 1282 1975
2 4 1248 1942 1249 1975
2 4 1248 1282 1281 1975
2 4 1248 1281 1974 1975
2 4 1248 1941 1942 1975
2 4 1248 1974 1941 1975
2 4 1249 1250 1283 1976
2 4 1249 1943 1250 1976
2 4 1249 1283 1282 1976
2 4 1249 1282 1975 1976
2 4 1249 1942 1943 1976
2 4 1249 1975 1942 1976
2 4 1250 1251 1284 1977
2 4 1250 1944 1251 1977
2 4 1250 1284 1283 1977
2 4 1250 1283 1976 1977
2 4 1250 1943 1944 1977
2 4 1250 1976 1943 1977
2 4 1251 1252 1285 1978
2 4 1251 1945 1252 1978
2 4 1251 1285 1284 1978
2 4 1251 1284 1977 1978
2 4 1251 1944 1945 1978
2 4 1251 1977 1944 1978
2 4 1252 1253 1286 1979
2 4 1252 1946 1253 1979
2 4 1252 1286 1285 1979
2 4 1252 1285 1978 1979
2 4 1252 1945 1946 1979
2 4 1252 1978 1945 1979
2 4 1254 1255 1288 1981
2 4 1254 1948 1255 1981
2 4 1254 1288 1287 1981
2 4 1254 1287 1980 1981
2 4 1254 1947 1948 1981
2 4 1254 1980 1947 1981
2 4 1255 1256 1289 1982
2 4 1255 1949 1256 1982
2 4 1255 1289 1288 1982
2 4 1255 1288 1981 1982
2 4 1255 1948 1949 1982
2 4 1255 1981 1948 1982
2 4 1256 1257 1290 1983
2 4 1256 1950 1257 1983
2 4 1256 1290 1289 1983
2 4 1256 1289 1982 1983
2 4 1256 1949 1950 1983
2 4 1256 1982 1949 1983
2 4 1257 1258 1291 1984
2 4 1257 1951 1258 1984
2 4 1257 1291 1290 1984
2 4 1257 1290 1983 1984
2 4 1257 1950 1951 1984
2 4 1257 1983 1950 1984
2 4 1258 1259 1292 1985
2 4 1258 1952 1259 1985
2 4 1258 1292 1291 1985
2 4 1258 1291 1984 1985
2 4 1258 1951 1952 1985
2 4 1258 1984 1951 1985
2 4 1259 1260 1293 1986
2 4 1259 1953 1260 1986
2 4 1259 1293 1292 1986
2 4 1259 1292 1985 1986
2 4 1259 1952 1953 1986
2 4 1259 1985 1952 1986
2 4 1260 1261 1294 1987
2 4 1260 1954 1261 1987
2 4 1260 1294 1293 1987
2 4 1260 1293 1986 1987
2 4 1260 1953 1954 1987
2 4 1260 1986 1953 1987
2 4 1261 1262 1295 1988
2 4 1261 1955 1262 1988
2 4 1261 1295 1294 1988
2 4 1261 1294 1987 1988
2 4 1261 1954 1955 1988
2 4 1261 1987 1954 1988
2 4 1262 1263 1296 1989
2 4 1262 1956 1263 1989
2 4 1262 1296 1295 1989
2 4 1262 1295 1988 1989
2 4 1262 1955 1956 1989
2 4 1262 1988 1955 1989
2 4 1263 1264 1297 1990
2 4 1263 1957 1264 1990
2 4 1263 1297 1296 1990
2 4 1263 1296 1989 1990
2 4 1263 1956 1957 1990
2 4 1263 1989 1956 1990
2 4 1264 1265 1298 1991
2 4 1264 1958 1265 1991
2 4 1264 1298 1297 1991
2 4 1264 1297 1990 1991
2 4 1264 1957 1958 1991
2 4 1264 1990 1957 1991
2 4 1265 1266 1299 1992
2 4 1265 1959 1266 1992
2 4 1265 1299 1298 1992
2 4 1265 1298 1991 1992
2 4 1265 1958 1959 1992
2 4 1265 1991 1958 1992
2 4 1266 1267 1300 1993
2 4 1266 1960 1267 1993
2 4 1266 1300 1299 1993
2 4 1266 1299 1992 1993
2 4 1266 1959 1960 1993
2 4 1266 1992 1959 1993
2 4 1267 1268 1301 1994
2 4 1267 1961 1268 1994
2 4 1267 1301 1300 1994
2 4 1267 1300 1993 1994
2 4 1267 1960 1961 1994
2 4 1267 1993 1960 1994
2 4 1268 1269 1302 1995
2 4 1268 1962 1269 1995
2 4 1268 1302 1301 1995
2 4 1268 1301 1994 1995
2 4 1268 1961 1962 1995
2 4 1268 1994 1961 1995
2 4 1269 1270 1303 1996
2 4 1269 1963 1270 1996
2 4 1269 1303 1302 1996
2 4 1269 1302 1995 1996
2 4 1269 1962 1963 1996
2 4 1269 1995 1962 1996
2 4 1270 1271 1304 1997
2 4 1270 1964 1271 1997
2 4 1270 1304 1303 1997
2 4 1270 1303 1996 1997
2 4 1270 1963 1964 1997
2 4 1270 1996 1963 1997
2 4 1271 1272 1305 1998
2 4 1271 1965 1272 1998
2 4 1271 1305 1304 1998
2 4 1271 1304 1997 1998
2 4 1271 1964 1965 1998
2 4 1271 1997 1964 1998
2 4 1272 1273 1306 1999
2 4 1272 1966 1273 1999
2 4 1272 1306 1305 1999
2 4 1272 1305 1998 1999
2 4 1272 1965 1966 1999
2 4 1272 1998 1965 1999
2 4 1273 1274 1307 2000
2 4 1273 1967 1274 2000
2 4 1273 1307 1306 2000
2 4 1273 1306 1999 2000
2 4 1273 1966 1967 2000
2 4 1273 1999 1966 2000
2 4 1274 1275 1308 2001
2 4 1274 1968 1275 2001
2 4 1274 1308 1307 2001
2 4 1274 1307 2000 2001
2 4 1274 1967 1968 2001
2 4 1274 2000 1967 2001
2 4 1275 1276 1309 2002
2 4 1275 1969 1276 2002
2 4 1275 1309 1308 2002
2 4 1275 1308 2001 2002
2 4 1275 1968 1969 2002
2 4 1275 2001 1968 2002
2 4 1276 1277 1310 2003
2 4 1276 1970 1277 2003
2 4 1276 1310 1309 2003
2 4 1276 1309 2002 2003
2 4 1276 1969 1970 2003
2 4 1276 2002 1969 2003
2 4 1277 1278 1311 2004
2 4 1277 1971 1278 2004
2 4 1277 1311 1310 2004
2 4 1277 1310 2003 2004
2 4 1277 1970 1971 2004
2 4 1277 2003 1970 2004
2 4 1278 1279 1312 2005
2 4 1278 1972 1279 2005
2 4 1278 1312 1311 2005
2 4 1278 1311 2004 2005
2 4 1278 1971 1972 2005
2 4 1278 2004 1971 2005
2 4 1279 1280 1313 2006
2 4 1279 1973 1280 2006
2 4 1279 1313 1312 2006
2 4 1279 1312 2005 2006
2 4 1279 1972 1973 2006
2 4 1279 2005 1972 2006
2 4 1280 1281 1314 2007
2 4 1280 1974 1281 2007
2 4 1280 1314 1313 2007
2 4 1280 1313 2006 2007
2 4 1280 1973 1974 2007
2 4 1280 2006 1973 2007
2 4 1281 1282 1315 2008
2 4 1281 1975 1282 2008
2 4 1281 1315 1314 2008
2 4 1281 1314 2007 2008
2 4 1281 1974 1975 2008
2 4 1281 2007 1974 2008
2 4 1282 1283 1316 2009
2 4 1282 1976 1283 2009
2 4 1282 1316 1315 2009
2 4 1282 1315 2008 2009
2 4 1282 1975 1976 2009
2 4 1282 2008 1975 2009
2 4 1283 1284 1317 2010
2 4 1283 1977 1284 2010
2 4 1283 1317 1316 2010
2 4 1283 1316 2009 2010
2 4 1283 1976 1977 2010
2 4 1283 2009 1976 2010
2 4 1284 1285 1318 2011
2 4 1284 1978 1285 2011
2 4 1284 1318 1317 2011
2 4 1284 1317 2010 2011
2 4 1284 1977 1978 2011
2 4 1284 2010 1977 2011
2 4 1285 1286 1319 2012
2 4 1285 1979 1286 2012
2 4 1285 1319 1318 2012
2 4 1285 1318 2011 2012
2 4 1285 1978 1979 2012
2 4 1285 2011 1978 2012
2 4 1287 1288 1321 2014
2 4 1287 1981 1288 2014
2 4 1287 1321 1320 2014
2 4 1287 1320 2013 2014
2 4 1287 1980 1981 2014
2 4 1287 2013 1980 2014
2 4 1288 1289 1322 2015
2 4 1288 1982 1289 2015
2 4 1288 1322 1321 2015
2 4 1288 1321 2014 2015
2 4 1288 1981 1982 2015
2 4 1288 2014 1981 2015
2 4 1289 1290 1323 2016
2 4 1289 1983 1290 2016
2 4 1289 1323 1322 2016
2 4 1289 1322 2015 2016
2 4 1289 1982 1983 2016
2 4 1289 2015 1982 2016
2 4 1290 1291 1324 2017
2 4 1290 1984 1291 2017
2 4 1290 1324 1323 2017
2 4 1290 1323 2016 2017
2 4 1290 1983 1984 2017
2 4 1290 2016 1983 2017
2 4 1291 1292 1325 2018
2 4 1291 1985 1292 2018
2 4 1291 1325 1324 2018
2 4 1291 1324 2017 2018
2 4 1291 1984 1985 2018
2 4 1291 2017 1984 2018
2 4 1292 1293 1326 2019
2 4 1292 1986 1293 2019
2 4 1292 1326 1325 2019
2 4 1292 1325 2018 2019
2 4 1292 1985 1986 2019
2 4 1292 2018 1985 2019
2 4 1293 1294 1327 2020
2 4 1293 1987 1294 2020
2 4 1293 1327 1326 2020
2 4 1293 1326 2019 2020
2 4 1293 1986 1987 2020
2 4 1293 2019 1986 2020
2 4 1294 1295 1328 2021
2 4 1294 1988 1295 2021
2 4 1294 1328 1327 2021
2 4 1294 1327 2020 2021
2 4 1294 1987 1988 2021
2 4 1294 2020 1987 2021
2 4 1295 1296 1329 2022
2 4 1295 1989 1296 2022
2 4 1295 1329 1328 2022
2 4 1295 1328 2021 2022
2 4 1295 1988 1989 2022
2 4 1295 2021 1988 2022
2 4 1296 1297 1330 2023
2 4 1296 1990 1297 2023
2 4 1296 1330 1329 2023
2 4 1296 1329 2022 2023
2 4 1296 1989 1990 2023
2 4 1296 2022 1989 2023
2 4 1297 1298 1331 2024
2 4 1297 1991 1298 2024
2 4 1297 1331 1330 2024
2 4 1297 1330 2023 2024
2 4 1297 1990 1991 2024
2 4 1297 2023 1990 2024
2 4 1298 1299 1332 2025
2 4 1298 1992 1299 2025
2 4 1298 1332 1331 2025
2 4 1298 1331 2024 2025
2 4 1298 1991 1992 2025
2 4 1298 2024 1991 2025
2 4 1299 1300 1333 2026
2 4 1299 1993 1300 2026
2 4 1299 1333 1332 2026
2 4 1299 1332 2025 2026
2 4 1299 1992 1993 2026
2 4 1299 2025 1992 2026
2 4 1300 1301 1334 2027
2 4 1300 1994 1301 2027
2 4 1300 1334 1333 2027
2 4 1300 1333 2026 2027
2 4 1300 1993 1994 2027
2 4 1300 2026 1993 2027
2 4 1301 1302 1335 2028
2 4 1301 1995 1302 2028
2 4 1301 1335 1334 2028
2 4 1301 1334 2027 2028
2 4 1301 1994 1995 2028
2 4 1301 2027 1994 2028
2 4 1302 1303 1336 2029
2 4 1302 1996 1303 2029
2 4 1302 1336 1335 2029
2 4 1302 1335 2028 2029
2 4 1302 1995 1996 2029
2 4 1302 2028 1995 2029
2 4 1303 1304 1337 2030
2 4 1303 1997 1304 2030
2 4 1303 1337 1336 2030
2 4 1303 1336 2029 2030
2 4 1303 1996 1997 2030
2 4 1303 2029 1996 2030
2 4 1304 1305 1338 2031
2 4 1304 1998 1305 2031
2 4 1304 1338 1337 2031
2 4 1304 1337 2030 2031
2 4 1304 1997 1998 2031
2 4 1304 2030 1997 2031
2 4 1305 1306 1339 2032
2 4 1305 1999 1306 2032
2 4 1305 1339 1338 2032
2 4 1305 1338 2031 2032
2 4 1305 1998 1999 2032
2 4 1305 2031 1998 2032
2 4 1306 1307 1340 2033
2 4 1306 2000 1307 2033
2 4 1306 1340 1339 2033
2 4 1306 1339 2032 2033
2 4 1306 1999 2000 2033
2 4 1306 2032 1999 2033
2 4 1307 1308 1341 2034
2 4 1307 2001 1308 2034
2 4 1307 1341 1340 2034
2 4 1307 1340 2033 2034
2 4 1307 2000 2001 2034
2 4 1307 2033 2000 2034
2 4 1308 1309 1342 2035
2 4 1308 2002 1309 2035
2 4 1308 1342 1341 2035
2 4 1308 1341 2034 2035
2 4 1308 2001 2002 2035
2 4 1308 2034 2001 2035
2 4 1309 1310 1343 2036
2 4 1309 2003 1310 2036
2 4 1309 1343 1342 2036
2 4 1309 1342 2035 2036
2 4 1309 2002 2003 2036
2 4 1309 2035 2002 2036
2 4 1310 1311 1344 2037
2 4 1310 2004 1311 2037
2 4 1310 1344 1343 2037
2 4 1310 1343 2036 2037
2 4 1310 2003 2004 2037
2 4 1310 2036 2003 2037
2 4 1311 1312 1345 2038
2 4 1311 2005 1312 2038
2 4 1311 1345 1344 2038
2 4 1311 1344 2037 2038
2 4 1311 2004 2005 2038
2 4 1311 2037 2004 2038
2 4 1312 1313 1346 2039
2 4 1312 2006 1313 2039
2 4 1312 1346 1345 2039
2 4 1312 1345 2038 2039
2 4 1312 2005 2006 2039
2 4 1312 2038 2005 2039
2 4 1313 1314 1347 2040
2 4 1313 2007 1314 2040
2 4 1313 1347 1346 2040
2 4 1313 1346 2039 2040
2 4 1313 2006 2007 2040
2 4 1313 2039 2006 2040
2 4 1314 1315 1348 2041
2 4 1314 2008 1315 2041
2 4 1314 1348 1347 2041
2 4 1314 1347 2040 2041
2 4 1314 2007 2008 2041
2 4 1314 2040 2007 2041
2 4 1315 1316 1349 2042
2 4 1315 2009 1316 2042
2 4 1315 1349 1348 2042
2 4 1315 1348 2041 2042
2 4 1315 2008 2009 2042
2 4 1315 2041 2008 2042
2 4 1316 1317 1350 2043
2 4 1316 2010 1317 2043
2 4 1316 1350 1349 2043
2 4 1316 1349 2042 2043
2 4 1316 2009 2010 2043
2 4 1316 2042 2009 2043
2 4 1317 1318 1351 2044
2 4 1317 2011 1318 2044
2 4 1317 1351 1350 2044
2 4 1317 1350 2043 2044
2 4 1317 2010 2011 2044
2 4 1317 2043 2010 2044
2 4 1318 1319 1352 2045
2 4 1318 2012 1319 2045
2 4 1318 1352 1351 2045
2 4 1318 1351 2044 2045
2 4 1318 2011 2012 2045
2 4 1318 2044 2011 2045
2 4 1320 1321 1354 2047
2 4 1320 2014 1321 2047
2 4 1320 1354 1353 2047
2 4 1320 1353 2046 2047
2 4 1320 2013 2014 2047
2 4 1320 2046 2013 2047
2 4 1321 1322 1355 2048
2 4 1321 2015 1322 2048
2 4 1321 1355 1354 2048
2 4 1321 1354 2047 2048
2 4 1321 2014 2015 2048
2 4 1321 2047 2014 2048
2 4 1322 1323 1356 2049
2 4 1322 2016 1323 2049
2 4 1322 1356 1355 2049
2 4 1322 1355 2048 2049
2 4 1322 2015 2016 2049
2 4 1322 2048 2015 2049
2 4 1323 1324 1357 2050
2 4 1323 2017 1324 2050
2 4 1323 1357 1356 2050
2 4 1323 1356 2049 2050
2 4 1323 2016 2017 2050
2 4 1323 2049 2016 2050
2 4 1324 1325 1358 2051
2 4 1324 2018 1325 2051
2 4 1324 1358 1357 2051
2 4 1324 1357 2050 2051
2 4 1324 2017 2018 2051
2 4 1324 2050 2017 2051
2 4 1325 1326 1359 2052
2 4 1325 2019 1326 2052
2 4 1325 1359 1358 2052
2 4 1325 1358 2051 2052
2 4 1325 2018 2019 2052
2 4 1325 2051 2018 2052
2 4 1326 1327 1360 2053
2 4 1326 2020 1327 2053
2 4 1326 1360 1359 2053
2 4 1326 1359 2052 2053
2 4 1326 2019 2020 2053
2 4 1326 2052 2019 2053
2 4 1327 1328 1361 2054
2 4 1327 2021 1328 2054
2 4 1327 1361 1360 2054
2 4 1327 1360 2053 2054
2 4 1327 2020 2021 2054
2 4 1327 2053 2020 2054
2 4 1328 1329 1362 2055
2 4 1328 2022 1329 2055
2 4 1328 1362 1361 2055
2 4 1328 1361 2054 2055
2 4 1328 2021 2022 2055
2 4 1328 2054 2021 2055
2 4 1329 1330 1363 2056
2 4 1329 2023 1330 2056
2 4 1329 1363 1362 2056
2 4 1329 1362 2055 2056
2 4 1329 2022 2023 2056
2 4 1329 2055 2022 2056
2 4 1330 1331 1364 2057
2 4 1330 2024 1331 2057
2 4 1330 1364 1363 2057
2 4 1330 1363 2056 2057
2 4 1330 2023 2024 2057
2 4 1330 2056 2023 2057
2 4 1331 1332 1365 2058
2 4 1331 2025 1332 2058
2 4 1331 1365 1364 2058
2 4 1331 1364 2057 2058
2 4 1331 2024 2025 2058
2 4 1331 2057 2024 2058
2 4 1332 1333 1366 2059
2 4 1332 2026 1333 2059
2 4 1332 1366 1365 2059
2 4 1332 1365 2058 2059
2 4 1332 2025 2026 2059
2 4 1332 2058 2025 2059
2 4 1333 1334 1367 2060
2 4 1333 2027 1334 2060
2 4 1333 1367 1366 2060
2 4 1333 1366 2059 2060
2 4 1333 2026 2027 2060
2 4 1333 2059 2026 2060
2 4 1334 1335 1368 2061
2 4 1334 2028 1335 2061
2 4 1334 1368 1367 2061
2 4 1334 1367 2060 2061
2 4 1334 2027 2028 2061
2 4 1334 2060 2027 2061
2 4 1335 1336 1369 2062
2 4 1335 2029 1336 2062
2 4 1335 1369 1368 2062
2 4 1335 1368 2061 2062
2 4 1335 2028 2029 2062
2 4 1335 2061 2028 2062
2 4 1336 1337 1370 2063
2 4 1336 2030 1337 2063
2 4 1336 1370 1369 2063
2 4 1336 1369 2062 2063
2 4 1336 2029 2030 2063
2 4 1336 2062 2029 2063
2 4 1337 1338 1371 2064
2 4 1337 2031 1338 2064
2 4 1337 1371 1370 2064
2 4 1337 1370 2063 2064
2 4 1337 2030 2031 2064
2 4 1337 2063 2030 2064
2 4 1338 1339 1372 2065
2 4 1338 2032 1339 2065
2 4 1338 1372 1371 2065
2 4 1338 1371 2064 2065
2 4 1338 2031 2032 2065
2 4 1338 2064 2031 2065
2 4 1339 1340 1373 2066
2 4 1339 2033 1340 2066
2 4 1339 1373 1372 2066
2 4 1339 1372 2065 2066
2 4 1339 2032 2033 2066
2 4 1339 2065 2032 2066
2 4 1340 1341 1374 2067
2 4 1340 2034 1341 2067
2 4 1340 1374 1373 2067
2 4 1340 1373 2066 2067
2 4 1340 2033 2034 2067
2 4 1340 2066 2033 2067
2 4 1341 1342 1375 2068
2 4 1341 2035 1342 2068
2 4 1341 1375 1374 2068
2 4 1341 1374 2067 2068
2 4 1341 2034 2035 2068
2 4 1341 2067 2034 2068
2 4 1342 1343 1376 2069
2 4 1342 2036 1343 2069
2 4 1342 1376 1375 2069
2 4 1342 1375 2068 2069
2 4 1342 2035 2036 2069
2 4 1342 2068 2035 2069
2 4 1343 1344 1377 2070
2 4 1343 2037 1344 2070
2 4 1343 1377 1376 2070
2 4 1343 1376 2069 2070
2 4 1343 2036 2037 2070
2 4 1343 2069 2036 2070
2 4 1344 1345 1378 2071
2 4 1344 2038 1345 2071
2 4 1344 1378 1377 2071
2 4 1344 1377 2070 2071
2 4 1344 2037 2038 2071
2 4 1344 2070 2037 2071
2 4 1345 1346 1379 2072
2 4 1345 2039 1346 2072
2 4 1345 1379 1378 2072
2 4 1345 1378 2071 2072
2 4 1345 2038 2039 2072
2 4 1345 2071 2038 2072
2 4 1346 1347 1380 2073
2 4 1346 2040 1347 2073
2 4 1346 1380 1379 2073
2 4 1346 1379 2072 2073
2 4 1346 2039 2040 2073
2 4 1346 2072 2039 2073
2 4 1347 1348 1381 2074
2 4 1347 2041 1348 2074
2 4 1347 1381 1380 2074
2 4 1347 1380 2073 2074
2 4 1347 2040 2041 2074
2 4 1347 2073 2040 2074
2 4 1348 1349 1382 2075
2 4 1348 2042 1349 2075
2 4 1348 1382 1381 2075
2 4 1348 1381 2074 2075
2 4 1348 2041 2042 2075
2 4 1348 2074 2041 2075
2 4 1349 1350 1383 2076
2 4 1349 2043 1350 2076
2 4 1349 1383 1382 2076
2 4 1349 1382 2075 2076
2 4 1349 2042 2043 2076
2 4 1349 2075 2042 2076
2 4 1350 1351 1384 2077
2 4 1350 2044 1351 2077
2 4 1350 1384 1383 2077
2 4 1350 1383 2076 2077
2 4 1350 2043 2044 2077
2 4 1350 2076 2043 2077
2 4 1351 1352 1385 2078
2 4 1351 2045 1352 2078
2 4 1351 1385 1384 2078
2 4 1351 1384 2077 2078
2 4 1351 2044 2045 2078
2 4 1351 2077 2044 2078
1 4 1386 1387 1420 2113
1 4 1386 2080 1387 2113
1 4 1386 1420 1419 2113
1 4 1386 1419 2112 2113
1 4 1386 2079 2080 2113
1 4 1386 2112 2079 2113
1 4 1387 1388 1421 2114
1 4 1387 2081 1388 2114
1 4 1387 1421 1420 2114
1 4 1387 1420 2113 2114
1 4 1387 2080 2081 2114
1 4 1387 2113 2080 2114
1 4 1388 1389 1422 2115
1 4 1388 2082 1389 2115
1 4 1388 1422 1421 2115
1 4 1388 1421 2114 2115
1 4 1388 2081 2082 2115
1 4 1388 2114 2081 2115
1 4 1389 1390 1423 2116
1 4 1389 2083 1390 2116
1 4 1389 1423 1422 2116
1 4 1389 1422 2115 2116
1 4 1389 2082 2083 2116
1 4 1389 2115 2082 2116
1 4 1390 1391 1424 2117
1 4 1390 2084 1391 2117
1 4 1390 1424 1423 2117
1 4 1390 1423 2116 2117
1 4 1390 2083 2084 2117
1 4 1390 2116 2083 2117
1 4 1391 1392 1425 2118
1 4 1391 2085 1392 2118
1 4 1391 1425 1424 2118
1 4 1391 1424 2117 2118
1 4 1391 2084 2085 2118
1 4 1391 2117 2084 2118
1 4 1392 1393 1426 2119
1 4 1392 2086 1393 2119
1 4 1392 1426 1425 2119
1 4 1392 1425 2118 2119
1 4 1392 2085 2086 2119
1 4 1392 2118 2085 2119
1 4 1393 1394 1427 2120
1 4 1393 2087 1394 2120
1 4 1393 1427 1426 2120
1 4 1393 1426 2119 2120
1 4 1393 2086 2087 2120
1 4 1393 2119 2086 2120
1 4 1394 1395 1428 2121
1 4 1394 2088 1395 2121
1 4 1394 1428 1427 2121
1 4 1394 1427 2120 2121
1 4 1394 2087 2088 2121
1 4 1394 2120 2087 2121
1 4 1395 1396 1429 2122
1 4 1395 2089 1396 2122
1 4 1395 1429 1428 2122
1 4 1395 1428 2121 2122
1 4 1395 2088 2089 2122
1 4 1395 2121 2088 2122
1 4 1396 1397 1430 2123
1 4 1396 2090 1397 2123
1 4 1396 1430 1429 2123
1 4 1396 1429 2122 2123
1 4 1396 2089 2090 2123
1 4 1396 2122 2089 2123
1 4 1397 1398 1431 2124
1 4 1397 2091 1398 2124
1 4 1397 1431 1430 2124
1 4 1397 1430 2123 2124
1 4 1397 2090 2091 2124
1 4 1397 2123 2090 2124
1 4 1398 1399 1432 2125
1 4 1398 2092 1399 2125
1 4 1398 1432 1431 2125
1 4 1398 1431 2124 2125
1 4 1398 2091 2092 2125
1 4 1398 2124 2091 2125
1 4 1399 1400 1433 2126
1 4 1399 2093 1400 2126
1 4 1399 1433 1432 2126
1 4 1399 1432 2125 2126
1 4 1399 2092 2093 2126
1 4 1399 2125 2092 2126
1 4 1400 1401 1434 2127
1 4 1400 2094 1401 2127
1 4 1400 1434 1433 2127
1 4 1400 1433 2126 2127
1 4 1400 2093 2094 2127
1 4 1400 2126 2093 2127
1 4 1401 1402 1435 2128
1 4 1401 2095 1402 2128
1 4 1401 1435 1434 2128
1 4 1401 1434 2127 2128
1 4 1401 2094 2095 2128
1 4 1401 2127 2094 2128
1 4 1402 1403 1436 2129
1 4 1402 2096 1403 2129
1 4 1402 1436 1435 2129
1 4 1402 1435 2128 2129
1 4 1402 2095 2096 2129
1 4 1402 2128 2095 2129
1 4 1403 1404 1437 2130
1 4 1403 2097 1404 2130
1 4 1403 1437 1436 2130
1 4 1403 1436 2129 2130
1 4 1403 2096 2097 2130
1 4 1403 2129 2096 2130
1 4 1404 1405 1438 2131
1 4 1404 2098 1405 2131
1 4 1404 1438 1437 2131
1 4 1404 1437 2130 2131
1 4 1404 2097 2098 2131
1 4 1404 2130 2097 2131
1 4 1405 1406 1439 2132
1 4 1405 2099 1406 2132
1 4 1405 1439 1438 2132
1 4 1405 1438 2131 2132
1 4 1405 2098 2099 2132
1 4 1405 2131 2098 2132
1 4 1406 1407 1440 2133
1 4 1406 2100 1407 2133
1 4 1406 1440 1439 2133
1 4 1406 1439 2132 2133
1 4 1406 2099 2100 2133
1 4 1406 2132 2099 2133
1 4 1407 1408 1441 2134
1 4 1407 2101 1408 2134
1 4 1407 1441 1440 2134
1 4 1407 1440 2133 2134
1 4 1407 2100 2101 2134
1 4 1407 2133 2100 2134
1 4 1408 1409 1442 2135
1 4 1408 2102 1409 2135
1 4 1408 1442 1441 2135
1 4 1408 1441 2134 2135
1 4 1408 2101 2102 2135
1 4 1408 2134 2101 2135
1 4 1409 1410 1443 2136
1 4 1409 2103 1410 2136
1 4 1409 1443 1442 2136
1 4 1409 1442 2135 2136
1 4 1409 2102 2103 2136
1 4 1409 2135 2102 2136
1 4 1410 1411 1444 2137
1 4 1410 2104 1411 2137
1 4 1410 1444 1443 2137
1 4 1410 1443 2136 2137
1 4 1410 2103 2104 2137
1 4 1410 2136 2103 2137
1 4 1411 1412 1445 2138
1 4 1411 2105 1412 2138
1 4 1411 1445 1444 2138
1 4 1411 1444 2137 2138
1 4 1411 2104 2105 2138
1 4 1411 2137 2104 2138
1 4 1412 1413 1446 2139
1 4 1412 2106 1413 2139
1 4 1412 1446 1445 2139
1 4 1412 1445 2138 2139
1 4 1412 2105 2106 2139
1 4 1412 2138 2105 2139
1 4 1413 1414 1447 2140
1 4 1413 2107 1414 2140
1 4 1413 1447 1446 2140
1 4 1413 1446 2139 2140
1 4 1413 2106 2107 2140
1 4 1413 2139 2106 2140
1 4 1414 1415 1448 2141
1 4 1414 2108 1415 2141
1 4 1414 1448 1447 2141
1 4 1414 1447 2140 2141
1 4 1414 2107 2108 2141
1 4 1414 2140 2107 2141
1 4 1415 1416 1449 2142
1 4 1415 2109 1416 2142
1 4 1415 1449 1448 2142
1 4 1415 1448 2141 2142
1 4 1415 2108 2109 2142
1 4 1415 2141 2108 2142
1 4 1416 1417 1450 2143
1 4 1416 2110 1417 2143
1 4 1416 1450 1449 2143
1 4 1416 1449 2142 2143
1 4 1416 2109 2110 2143
1 4 1416 2142 2109 2143
1 4 1417 1418 1451 2144
1 4 1417 2111 1418 2144
1 4 1417 1451 1450 2144
1 4 1417 1450 2143 2144
1 4 1417 2110 2111 2144
1 4 1417 2143 2110 2144
1 4 1419 1420 1453 2146
1 4 1419 2113 1420 2146
1 4 1419 1453 1452 2146
1 4 1419 1452 2145 2146
1 4 1419 2112 2113 2146
1 4 1419 2145 2112 2146
1 4 1420 1421 1454 2147
1 4 1420 2114 1421 2147
1 4 1420 1454 1453 2147
1 4 1420 1453 2146 2147
1 4 1420 2113 2114 2147
1 4 1420 2146 2113 2147
1 4 1421 1422 1455 2148
1 4 1421 2115 1422 2148
1 4 1421 1455 1454 2148
1 4 1421 1454 2147 2148
1 4 1421 2114 2115 2148
1 4 1421 2147 2114 2148
1 4 1422 1423 1456 2149
1 4 1422 2116 1423 2149
1 4 1422 1456 1455 2149
1 4 1422 1455 2148 2149
1 4 1422 2115 2116 2149
1 4 1422 2148 2115 2149
1 4 1423 1424 1457 2150
1 4 1423 2117 1424 2150
1 4 1423 1457 1456 2150
1 4 1423 1456 2149 2150
1 4 1423 2116 2117 2150
1 4 1423 2149 2116 2150
1 4 1424 1425 1458 2151
1 4 1424 2118 1425 2151
1 4 1424 1458 1457 2151
1 4 1424 1457 2150 2151
1 4 1424 2117 2118 2151
1 4 1424 2150 2117 2151
1 4 1425 1426 1459 2152
1 4 1425 2119 1426 2152
1 4 1425 1459 1458 2152
1 4 1425 1458 2151 2152
1 4 1425 2118 2119 2152
1 4 1425 2151 2118 2152
1 4 1426 1427 1460 2153
1 4 1426 2120 1427 2153
1 4 1426 1460 1459 2153
1 4 1426 1459 2152 2153
1 4 1426 2119 2120 2153
1 4 1426 2152 2119 2153
1 4 1427 1428 1461 2154
1 4 1427 2121 1428 2154
1 4 1427 1461 1460 2154
1 4 1427 1460 2153 2154
1 4 1427 2120 2121 2154
1 4 1427 2153 2120 2154
1 4 1428 1429 1462 2155
1 4 1428 2122 1429 2155
1 4 1428 1462 1461 2155
1 4 1428 1461 2154 2155
1 4 1428 2121 2122 2155
1 4 1428 2154 2121 2155
1 4 1429 1430 1463 2156
1 4 1429 2123 1430 2156
1 4 1429 1463 1462 2156
1 4 1429 1462 2155 2156
1 4 1429 2122 2123 2156
1 4 1429 2155 2122 2156
1 4 1430 1431 1464 2157
1 4 1430 2124 1431 2157
1 4 1430 1464 1463 2157
1 4 1430 1463 2156 2157
1 4 1430 2123 2124 2157
1 4 1430 2156 2123 2157
1 4 1431 1432 1465 2158
1 4 1431 2125 1432 2158
1 4 1431 1465 1464 2158
1 4 1431 1464 2157 2158
1 4 1431 2124 2125 2158
1 4 1431 2157 2124 2158
1 4 1432 1433 1466 2159
1 4 1432 2126 1433 2159
1 4 1432 1466 1465 2159
1 4 1432 1465 2158 2159
1 4 1432 2125 2126 2159
1 4 1432 2158 2125 2159
1 4 1433 1434 1467 2160
1 4 1433 2127 1434 2160
1 4 1433 1467 1466 2160
1 4 1433 1466 2159 2160
1 4 1433 2126 2127 2160
1 4 1433 2159 2126 2160
1 4 1434 1435 1468 2161
1 4 1434 2128 1435 2161
1 4 1434 1468 1467 2161
1 4 1434 1467 2160 2161
1 4 1434 2127 2128 2161
1 4 1434 2160 2127 2161
1 4 1435 1436 1469 2162
1 4 1435 2129 1436 2162
1 4 1435 1469 1468 2162
1 4 1435 1468 2161 2162
1 4 1435 2128 2129 2162
1 4 1435 2161 2128 2162
1 4 1436 1437 1470 2163
1 4 1436 2130 1437 2163
1 4 1436 1470 1469 2163
1 4 1436 1469 2162 2163
1 4 1436 2129 2130 2163
1 4 1436 2162 2129 2163
1 4 1437 1438 1471 2164
1 4 1437 2131 1438 2164
1 4 1437 1471 1470 2164
1 4 1437 1470 2163 2164
1 4 1437 2130 2131 2164
1 4 1437 2163 2130 2164
1 4 1438 1439 1472 2165
1 4 1438 2132 1439 2165
1 4 1438 1472 1471 2165
1 4 1438 1471 2164 2165
1 4 1438 2131 2132 2165
1 4 1438 2164 2131 2165
1 4 1439 1440 1473 2166
1 4 1439 2133 1440 2166
1 4 1439 1473 1472 2166
1 4 1439 1472 2165 2166
1 4 1439 2132 2133 2166
1 4 1439 2165 2132 2166
1 4 1440 1441 1474 2167
1 4 1440 2134 1441 2167
1 4 1440 1474 1473 2167
1 4 1440 1473 2166 2167
1 4 1440 2133 2134 2167
1 4 1440 2166 2133 2167
1 4 1441 1442 1475 2168
1 4 1441 2135 1442 2168
1 4 1441 1475 1474 2168
1 4 1441 1474 2167 2168
1 4 1441 2134 2135 2168
1 4 1441 2167 2134 2168
1 4 1442 1443 1476 2169
1 4 1442 2136 1443 2169
1 4 1442 1476 1475 2169
1 4 1442 1475 2168 2169
1 4 1442 2135 2136 2169
1 4 1442 2168 2135 2169
1 4 1443 1444 1477 2170
1 4 1443 2137 1444 2170
1 4 1443 1477 1476 2170
1 4 1443 1476 2169 2170
1 4 1443 2136 2137 2170
1 4 1443 2169 2136 2170
1 4 1444 1445 1478 2171
1 4 1444 2138 1445 2171
1 4 1444 1478 1477 2171
1 4 1444 1477 2170 2171
1 4 1444 2137 2138 2171
1 4 1444 2170 2137 2171
1 4 1445 1446 1479 2172
1 4 1445 2139 1446 2172
1 4 1445 1479 1478 2172
1 4 1445 1478 2171 2172
1 4 1445 2138 2139 2172
1 4 1445 2171 2138 2172
1 4 1446 1447 1480 2173
1 4 1446 2140 1447 2173
1 4 1446 1480 1479 2173
1 4 1446 1479 2172 2173
1 4 1446 2139 2140 2173
1 4 1446 2172 2139 2173
1 4 1447 1448 1481 2174
1 4 1447 2141 1448 2174
1 4 1447 1481 1480 2174
1 4 1447 1480 2173 2174
1 4 1447 2140 2141 2174
1 4 1447 2173 2140 2174
1 4 1448 1449 1482 2175
1 4 1448 2142 1449 2175
1 4 1448 1482 1481 2175
1 4 1448 1481 2174 2175
1 4 1448 2141 2142 2175
1 4 1448 2174 2141 2175
1 4 1449 1450 1483 2176
1 4 1449 2143 1450 2176
1 4 1449 1483 1482 2176
1 4 1449 1482 2175 2176
1 4 1449 2142 2143 2176
1 4 1449 2175 2142 2176
1 4 1450 1451 1484 2177
1 4 1450 2144 1451 2177
1 4 1450 1484 1483 2177
1 4 1450 1483 2176 2177
1 4 1450 2143 2144 2177
1 4 1450 2176 2143 2177
1 4 1452 1453 1486 2179
1 4 1452 2146 1453 2179
1 4 1452 1486 1485 2179
1 4 1452 1485 2178 2179
1 4 1452 2145 2146 2179
1 4 1452 2178 2145 2179
1 4 1453 1454 1487 2180
1 4 1453 2147 1454 2180
1 4 1453 1487 1486 2180
1 4 1453 1486 2179 2180
1 4 1453 2146 2147 2180
1 4 1453 2179 2146 2180
1 4 1454 1455 1488 2181
1 4 1454 2148 1455 2181
1 4 1454 1488 1487 2181
1 4 1454 1487 2180 2181
1 4 1454 2147 2148 2181
1 4 1454 2180 2147 2181
1 4 1455 1456 1489 2182
1 4 1455 2149 1456 2182
1 4 1455 1489 1488 2182
1 4 1455 1488 2181 2182
1 4 1455 2148 2149 2182
1 4 1455 2181 2148 2182
1 4 1456 1457 1490 2183
1 4 1456 2150 1457 2183
1 4 1456 1490 1489 2183
1 4 1456 1489 2182 2183
1 4 1456 2149 2150 2183
1 4 1456 2182 2149 2183
1 4 1457 1458 1491 2184
1 4 1457 2151 1458 2184
1 4 1457 1491 1490 2184
1 4 1457 1490 2183 2184
1 4 1457 2150 2151 2184
1 4 1457 2183 2150 2184
1 4 1458 1459 1492 2185
1 4 1458 2152 1459 2185
1 4 1458 1492 1491 2185
1 4 1458 1491 2184 2185
1 4 1458 2151 2152 2185
1 4 1458 2184 2151 2185
1 4 1459 1460 1493 2186
1 4 1459 2153 1460 2186
1 4 1459 1493 1492 2186
1 4 1459 1492 2185 2186
1 4 1459 2152 2153 2186
1 4 1459 2185 2152 2186
1 4 1460 1461 1494 2187
1 4 1460 2154 1461 2187
1 4 1460 1494 1493 2187
1 4 1460 1493 2186 2187
1 4 1460 2153 2154 2187
1 4 1460 2186 2153 2187
1 4 1461 1462 1495 2188
1 4 1461 2155 1462 2188
1 4 1461 1495 1494 2188
1 4 1461 1494 2187 2188
1 4 1461 2154 2155 2188
1 4 1461 2187 2154 2188
1 4 1462 1463 1496 2189
1 4 1462 2156 1463 2189
1 4 1462 1496 1495 2189
1 4 1462 1495 2188 2189
1 4 1462 2155 2156 2189
1 4 1462 2188 2155 2189
1 4 1463 1464 1497 2190
1 4 1463 2157 1464 2190
1 4 1463 1497 1496 2190
1 4 1463 1496 2189 2190
1 4 1463 2156 2157 2190
1 4 1463 2189 2156 2190
1 4 1464 1465 1498 2191
1 4 1464 2158 1465 2191
1 4 1464 1498 1497 2191
1 4 1464 1497 2190 2191
1 4 1464 2157 2158 2191
1 4 1464 2190 2157 2191
1 4 1465 1466 1499 2192
1 4 1465 2159 1466 2192
1 4 1465 1499 1498 2192
1 4 1465 1498 2191 2192
1 4 1465 2158 2159 2192
1 4 1465 2191 2158 2192
1 4 1466 1467 1500 2193
1 4 1466 2160 1467 2193
1 4 1466 1500 1499 2193
1 4 1466 1499 2192 2193
1 4 1466 2159 2160 2193
1 4 1466 2192 2159 2193
1 4 1467 1468 1501 2194
1 4 1467 2161 1468 2194
1 4 1467 1501 1500 2194
1 4 1467 1500 2193 2194
1 4 1467 2160 2161 2194
1 4 1467 2193 2160 2194
1 4 1468 1469 1502 2195
1 4 1468 2162 1469 2195
1 4 1468 1502 1501 2195
1 4 1468 1501 2194 2195
1 4 1468 2161 2162 2195
1 4 1468 2194 2161 2195
1 4 1469 1470 1503 2196
1 4 1469 2163 1470 2196
1 4 1469 1503 1502 2196
1 4 1469 1502 2195 2196
1 4 1469 2162 2163 2196
1 4 1469 2195 2162 2196
1 4 1470 1471 1504 2197
1 4 1470 2164 1471 2197
1 4 1470 1504 1503 2197
1 4 1470 1503 2196 2197
1 4 1470 2163 2164 2197
1 4 1470 2196 2163 2197
1 4 1471 1472 1505 2198
1 4 1471 2165 1472 2198
1 4 1471 1505 1504 2198
1 4 1471 1504 2197 2198
1 4 1471 2164 2165 2198
1 4 1471 2197 2164 2198
1 4 1472 1473 1506 2199
1 4 1472 2166 1473 2199
1 4 1472 1506 1505 2199
1 4 1472 1505 2198 2199
1 4 1472 2165 2166 2199
1 4 1472 2198 2165 2199
1 4 1473 1474 1507 2200
1 4 1473 2167 1474 2200
1 4 1473 1507 1506 2200
1 4 1473 1506 2199 2200
1 4 1473 2166 2167 2200
1 4 1473 2199 2166 2200
1 4 1474 1475 1508 2201
1 4 1474 2168 1475 2201
1 4 1474 1508 1507 2201
1 4 1474 1507 2200 2201
1 4 1474 2167 2168 2201
1 4 1474 2200 2167 2201
1 4 1475 1476 1509 2202
1 4 1475 2169 1476 2202
1 4 1475 1509 1508 2202
1 4 1475 1508 2201 2202
1 4 1475 2168 2169 2202
1 4 1475 2201 2168 2202
1 4 1476 1477 1510 2203
1 4 1476 2170 1477 2203
1 4 1476 1510 1509 2203
1 4 1476 1509 2202 2203
1 4 1476 2169 2170 2203
1 4 1476 2202 2169 2203
1 4 1477 1478 1511 2204
1 4 1477 2171 1478 2204
1 4 1477 1511 1510 2204
1 4 1477 1510 2203 2204
1 4 1477 2170 2171 2204
1 4 1477 2203 2170 2204
1 4 1478 1479 1512 2205
1 4 1478 2172 1479 2205
1 4 1478 1512 1511 2205
1 4 1478 1511 2204 2205
1 4 1478 2171 2172 2205
1 4 1478 2204 2171 2205
1 4 1479 1480 1513 2206
1 4 1479 2173 1480 2206
1 4 1479 1513 1512 2206
1 4 1479 1512 2205 2206
1 4 1479 2172 2173 2206
1 4 1479 2205 2172 2206
1 4 1480 1481 1514 2207
1 4 1480 2174 1481 2207
1 4 1480 1514 1513 2207
1 4 1480 1513 2206 2207
1 4 1480 2173 2174 2207
1 4 1480 2206 2173 2207
1 4 1481 1482 1515 2208
1 4 1481 2175 1482 2208
1 4 1481 1515 1514 2208
1 4 1481 1514 2207 2208
1 4 1481 2174 2175 2208
1 4 1481 2207 2174 2208
1 4 1482 1483 1516 2209
1 4 1482 2176 1483 2209
1 4 1482 1516 1515 2209
1 4 1482 1515 2208 2209
1 4 1482 2175 2176 2209
1 4 1482 2208 2175 2209
1 4 1483 1484 1517 2210
1 4 1483 2177 1484 2210
1 4 1483 1517 1516 2210
1 4 1483 1516 2209 2210
1 4 1483 2176 2177 2210
1 4 1483 2209 2176 2210
1 4 1485 1486 1519 2212
1 4 1485 2179 1486 2212
1 4 1485 1519 1518 2212
1 4 1485 1518 2211 2212
1 4 1485 2178 2179 2212
1 4 1485 2211 2178 2212
1 4 1486 1487 1520 2213
1 4 1486 2180 1487 2213
1 4 1486 1520 1519 2213
1 4 1486 1519 2212 2213
1 4 1486 2179 2180 2213
1 4 1486 2212 2179 2213
1 4 1487 1488 1521 2214
1 4 1487 2181 1488 2214
1 4 1487 1521 1520 2214
1 4 1487 1520 2213 2214
1 4 1487 2180 2181 2214
1 4 1487 2213 2180 2214
1 4 1488 1489 1522 2215
1 4 1488 2182 1489 2215
1 4 1488 1522 1521 2215
1 4 1488 1521 2214 2215
1 4 1488 2181 2182 2215
1 4 1488 2214 2181 2215
1 4 1489 1490 1523 2216
1 4 1489 2183 1490 2216
1 4 1489 1523 1522 2216
1 4 1489 1522 2215 2216
1 4 1489 2182 2183 2216
1 4 1489 2215 2182 2216
1 4 1490 1491 1524 2217
1 4 1490 2184 1491 2217
1 4 1490 1524 1523 2217
1 4 1490 1523 2216 2217
1 4 1490 2183 2184 2217
1 4 1490 2216 2183 2217
1 4 1491 1492 1525 2218
1 4 1491 2185 1492 2218
1 4 1491 1525 1524 2218
1 4 1491 1524 2217 2218
1 4 1491 2184 2185 2218
1 4 1491 2217 2184 2218
1 4 1492 1493 1526 2219
1 4 1492 2186 1493 2219
1 4 1492 1526 1525 2219
1 4 1492 1525 2218 2219
1 4 1492 2185 2186 2219
1 4 1492 2218 2185 2219
1 4 1493 1494 1527 2220
1 4 1493 2187 1494 2220
1 4 1493 1527 1526 2220
1 4 1493 1526 2219 2220
1 4 1493 2186 2187 2220
1 4 1493 2219 2186 2220
1 4 1494 1495 1528 2221
1 4 1494 2188 1495 2221
1 4 1494 1528 1527 2221
1 4 1494 1527 2220 2221
1 4 1494 2187 2188 2221
1 4 1494 2220 2187 2221
1 4 1495 1496 1529 2222
1 4 1495 2189 1496 2222
1 4 1495 1529 1528 2222
1 4 1495 1528 2221 2222
1 4 1495 2188 2189 2222
1 4 1495 2221 2188 2222
1 4 1496 1497 1530 2223
1 4 1496 2190 1497 2223
1 4 1496 1530 1529 2223
1 4 1496 1529 2222 2223
1 4 1496 2189 2190 2223
1 4 1496 2222 2189 2223
1 4 1497 1498 1531 2224
1 4 1497 2191 1498 2224
1 4 1497 1531 1530 2224
1 4 1497 1530 2223 2224
1 4 1497 2190 2191 2224
1 4 1497 2223 2190 2224
1 4 1498 1499 1532 2225
1 4 1498 2192 1499 2225
1 4 1498 1532 1531 2225
1 4 1498 1531 2224 2225
1 4 1498 2191 2192 2225
1 4 1498 2224 2191 2225
1 4 1499 1500 1533 2226
1 4 1499 2193 1500 2226
1 4 1499 1533 1532 2226
1 4 1499 1532 2225 2226
1 4 1499 2192 2193 2226
1 4 1499 2225 2192 2226
1 4 1500 1501 1534 2227
1 4 1500 2194 1501 2227
1 4 1500 1534 1533 2227
1 4 1500 1533 2226 2227
1 4 1500 2193 2194 2227
1 4 1500 2226 2193 2227
1 4 1501 1502 1535 2228
1 4 1501 2195 1502 2228
1 4 1501 1535 1534 2228
1 4 1501 1534 2227 2228
1 4 1501 2194 2195 2228
1 4 1501 2227 2194 2228
1 4 1502 1503 1536 2229
1 4 1502 2196 1503 2229
1 4 1502 1536 1535 2229
1 4 1502 1535 2228 2229
1 4 1502 2195 2196 2229
1 4 1502 2228 2195 2229
1 4 1503 1504 1537 2230
1 4 1503 2197 1504 2230
1 4 1503 1537 1536 2230
1 4 1503 1536 2229 2230
1 4 1503 2196 2197 2230
1 4 1503 2229 2196 2230
1 4 1504 1505 1538 2231
1 4 1504 2198 1505 2231
1 4 1504 1538 1537 2231
1 4 1504 1537 2230 2231
1 4 1504 2197 2198 2231
1 4 1504 2230 2197 2231
1 4 1505 1506 1539 2232
1 4 1505 2199 1506 2232
1 4 1505 1539 1538 2232
1 4 1505 1538 2231 2232
1 4 1505 2198 2199 2232
1 4 1505 2231 2198 2232
1 4 1506 1507 1540 2233
1 4 1506 2200 1507 2233
1 4 1506 1540 1539 2233
1 4 1506 1539 2232 2233
1 4 1506 2199 2200 2233
1 4 1506 2232 2199 2233
1 4 1507 1508 1541 2234
1 4 1507 2201 1508 2234
1 4 1507 1541 1540 2234
1 4 1507 1540 2233 2234
1 4 1507 2200 2201 2234
1 4 1507 2233 2200 2234
1 4 1508 1509 1542 2235
1 4 1508 2202 1509 2235
1 4 1508 1542 1541 2235
1 4 1508 1541 2234 2235
1 4 1508 2201 2202 2235
1 4 1508 2234 2201 2235
1 4 1509 1510 1543 2236
1 4 1509 2203 1510 2236
1 4 1509 1543 1542 2236
1 4 1509 1542 2235 2236
1 4 1509 2202 2203 2236
1 4 1509 2235 2202 2236
1 4 1510 1511 1544 2237
1 4 1510 2204 1511 2237
1 4 1510 1544 1543 2237
1 4 1510 1543 2236 2237
1 4 1510 2203 2204 2237
1 4 1510 2236 2203 2237
1 4 1511 1512 1545 2238
1 4 1511 2205 1512 2238
1 4 1511 1545 1544 2238
1 4 1511 1544 2237 2238
1 4 1511 2204 2205 2238
1 4 1511 2237 2204 2238
1 4 1512 1513 1546 2239
1 4 1512 2206 1513 2239
1 4 1512 1546 1545 2239
1 4 1512 1545 2238 2239
1 4 1512 2205 2206 2239
1 4 1512 2238 2205 2239
1 4 1513 1514 1547 2240
1 4 1513 2207 1514 2240
1 4 1513 1547 1546 2240
1 4 1513 1546 2239 2240
1 4 1513 2206 2207 2240
1 4 1513 2239 2206 2240
1 4 1514 1515 1548 2241
1 4 1514 2208 1515 2241
1 4 1514 1548 1547 2241
1 4 1514 1547 2240 2241
1 4 1514 2207 2208 2241
1 4 1514 2240 2207 2241
1 4 1515 1516 1549 2242
1 4 1515 2209 1516 2242
1 4 1515 1549 1548 2242
1 4 1515 1548 2241 2242
1 4 1515 2208 2209 2242
1 4 1515 2241 2208 2242
1 4 1516 1517 1550 2243
1 4 1516 2210 1517 2243
1 4 1516 1550 1549 2243
1 4 1516 1549 2242 2243
1 4 1516 2209 2210 2243
1 4 1516 2242 2209 2243
1 4 1518 1519 1552 2245
1 4 1518 2212 1519 2245
1 4 1518 1552 1551 2245
1 4 1518 1551 2244 2245
1 4 1518 2211 2212 2245
1 4 1518 2244 2211 2245
1 4 1519 1520 1553 2246
1 4 1519 2213 1520 2246
1 4 1519 1553 1552 2246
1 4 1519 1552 2245 2246
1 4 1519 2212 2213 2246
1 4 1519 2245 2212 2246
1 4 1520 1521 1554 2247
1 4 1520 2214 1521 2247
1 4 1520 1554 1553 2247
1 4 1520 1553 2246 2247
1 4 1520 2213 2214 2247
1 4 1520 2246 2213 2247
1 4 1521 1522 1555 2248
1 4 1521 2215 1522 2248
1 4 1521 1555 1554 2248
1 4 1521 1554 2247 2248
1 4 1521 2214 2215 2248
1 4 1521 2247 2214 2248
1 4 1522 1523 1556 2249
1 4 1522 2216 1523 2249
1 4 1522 1556 1555 2249
1 4 1522 1555 2248 2249
1 4 1522 2215 2216 2249
1 4 1522 2248 2215 2249
1 4 1523 1524 1557 2250
1 4 1523 2217 1524 2250
1 4 1523 1557 1556 2250
1 4 1523 1556 2249 2250
1 4 1523 2216 2217 2250
1 4 1523 2249 2216 2250
1 4 1524 1525 1558 2251
1 4 1524 2218 1525 2251
1 4 1524 1558 1557 2251
1 4 1524 1557 2250 2251
1 4 1524 2217 2218 2251
1 4 1524 2250 2217 2251
1 4 1525 1526 1559 2252
1 4 1525 2219 1526 2252
1 4 1525 1559 1558 2252
1 4 1525 1558 2251 2252
1 4 1525 2218 2219 2252
1 4 1525 2251 2218 2252
1 4 1526 1527 1560 2253
1 4 1526 2220 1527 2253
1 4 1526 1560 1559 2253
1 4 1526 1559 2252 2253
1 4 1526 2219 2220 2253
1 4 1526 2252 2219 2253
1 4 1527 1528 1561 2254
1 4 1527 2221 1528 2254
1 4 1527 1561 1560 2254
1 4 1527 1560 2253 2254
1 4 1527 2220 2221 2254
1 4 1527 2253 2220 2254
1 4 1528 1529 1562 2255
1 4 1528 2222 1529 2255
1 4 1528 1562 1561 2255
1 4 1528 1561 2254 2255
1 4 1528 2221 2222 2255
1 4 1528 2254 2221 2255
1 4 1529 1530 1563 2256
1 4 1529 2223 1530 2256
1 4 1529 1563 1562 2256
1 4 1529 1562 2255 2256
1 4 1529 2222 2223 2256
1 4 1529 2255 2222 2256
1 4 1530 1531 1564 2257
1 4 1530 2224 1531 2257
1 4 1530 1564 1563 2257
1 4 1530 1563 2256 2257
1 4 1530 2223 2224 2257
1 4 1530 2256 2223 2257
1 4 1531 1532 1565 2258
1 4 1531 2225 1532 2258
1 4 1531 1565 1564 2258
1 4 1531 1564 2257 2258
1 4 1531 2224 2225 2258
1 4 1531 2257 2224 2258
1 4 1532 1533 1566 2259
1 4 1532 2226 1533 2259
1 4 1532 1566 1565 2259
1 4 1532 1565 2258 2259
1 4 1532 2225 2226 2259
1 4 1532 2258 2225 2259
1 4 1533 1534 1567 2260
1 4 1533 2227 1534 2260
1 4 1533 1567 1566 2260
1 4 1533 1566 2259 2260
1 4 1533 2226 2227 2260
1 4 1533 2259 2226 2260
1 4 1534 1535 1568 2261
1 4 1534 2228 1535 2261
1 4 1534 1568 1567 2261
1 4 1534 1567 2260 2261
1 4 1534 2227 2228 2261
1 4 1534 2260 2227 2261
1 4 1535 1536 1569 2262
1 4 1535 2229 1536 2262
1 4 1535 1569 1568 2262
1 4 1535 1568 2261 2262
1 4 1535 2228 2229 2262
1 4 1535 2261 2228 2262
1 4 1536 1537 1570 2263
1 4 1536 2230 1537 2263
1 4 1536 1570 1569 2263
1 4 1536 1569 2262 2263
1 4 1536 2229 2230 2263
1 4 1536 2262 2229 2263
1 4 1537 1538 1571 2264
1 4 1537 2231 1538 2264
1 4 1537 1571 1570 2264
1 4 1537 1570 2263 2264
1 4 1537 2230 2231 2264
1 4 1537 2263 2230 2264
1 4 1538 1539 1572 2265
1 4 1538 2232 1539 2265
1 4 1538 1572 1571 2265
1 4 1538 1571 2264 2265
1 4 1538 2231 2232 2265
1 4 1538 2264 2231 2265
1 4 1539 1540 1573 2266
1 4 1539 2233 1540 2266
1 4 1539 1573 1572 2266
1 4 1539 1572 2265 2266
1 4 1539 2232 2233 2266
1 4 1539 2265 2232 2266
1 4 1540 1541 1574 2267
1 4 1540 2234 1541 2267
1 4 1540 1574 1573 2267
1 4 1540 1573 2266 2267
1 4 1540 2233 2234 2267
1 4 1540 2266 2233 2267
1 4 1541 1542 1575 2268
1 4 1541 2235 1542 2268
1 4 1541 1575 1574 2268
1 4 1541 1574 2267 2268
1 4 1541 2234 2235 2268
1 4 1541 2267 2234 2268
1 4 1542 1543 1576 2269
1 4 1542 2236 1543 2269
1 4 1542 1576 1575 2269
1 4 1542 1575 2268 2269
1 4 1542 2235 2236 2269
1 4 1542 2268 2235 2269
1 4 1543 1544 1577 2270
1 4 1543 2237 1544 2270
1 4 1543 1577 1576 2270
1 4 1543 1576 2269 2270
1 4 1543 2236 2237 2270
1 4 1543 2269 2236 2270
1 4 1544 1545 1578 2271
1 4 1544 2238 1545 2271
1 4 1544 1578 1577 2271
1 4 1544 1577 2270 2271
1 4 1544 2237 2238 2271
1 4 1544 2270 2237 2271
1 4 1545 1546 1579 2272
1 4 1545 2239 1546 2272
1 4 1545 1579 1578 2272
1 4 1545 1578 2271 2272
1 4 1545 2238 2239 2272
1 4 1545 2271 2238 2272
1 4 1546 1547 1580 2273
1 4 1546 2240 1547 2273
1 4 1546 1580 1579 2273
1 4 1546 1579 2272 2273
1 4 1546 2239 2240 2273
1 4 1546 2272 2239 2273
1 4 1547 1548 1581 2274
1 4 1547 2241 1548 2274
1 4 1547 1581 1580 2274
1 4 1547 1580 2273 2274
1 4 1547 2240 2241 2274
1 4 1547 2273 2240 2274
1 4 1548 1549 1582 2275
1 4 1548 2242 1549 2275
1 4 1548 1582 1581 2275
1 4 1548 1581 2274 2275
1 4 1548 2241 2242 2275
1 4 1548 2274 2241 2275
1 4 1549 1550 1583 2276
1 4 1549 2243 1550 2276
1 4 1549 1583 1582 2276
1 4 1549 1582 2275 2276
1 4 1549 2242 2243 2276
1 4 1549 2275 2242 2276
1 4 1551 1552 1585 2278
1 4 1551 2245 1552 2278
1 4 1551 1585 1584 2278
1 4 1551 1584 2277 2278
1 4 1551 2244 2245 2278
1 4 1551 2277 2244 2278
1 4 1552 1553 1586 2279
1 4 1552 2246 1553 2279
1 4 1552 1586 1585 2279
1 4 1552 1585 2278 2279
1 4 1552 2245 2246 2279
1 4 1552 2278 2245 2279
1 4 1553 1554 1587 2280
1 4 1553 2247 1554 2280
1 4 1553 1587 1586 2280
1 4 1553 1586 2279 2280
1 4 1553 2246 2247 2280
1 4 1553 2279 2246 2280
1 4 1554 1555 1588 2281
1 4 1554 2248 1555 2281
1 4 1554 1588 1587 2281
1 4 1554 1587 2280 2281
1 4 1554 2247 2248 2281
1 4 1554 2280 2247 2281
1 4 1555 1556 1589 2282
1 4 1555 2249 1556 2282
1 4 1555 1589 1588 2282
1 4 1555 1588 2281 2282
1 4 1555 2248 2249 2282
1 4 1555 2281 2248 2282
1 4 1556 1557 1590 2283
1 4 1556 2250 1557 2283
1 4 1556 1590 1589 2283
1 4 1556 1589 2282 2283
1 4 1556 2249 2250 2283
1 4 1556 2282 2249 2283
1 4 1557 1558 1591 2284
1 4 1557 2251 1558 2284
1 4 1557 1591 1590 2284
1 4 1557 1590 2283 2284
1 4 1557 2250 2251 2284
1 4 1557 2283 2250 2284
1 4 1558 1559 1592 2285
1 4 1558 2252 1559 2285
1 4 1558 1592 1591 2285
1 4 1558 1591 2284 2285
1 4 1558 2251 2252 2285
1 4 1558 2284 2251 2285
1 4 1559 1560 1593 2286
1 4 1559 2253 1560 2286
1 4 1559 1593 1592 2286
1 4 1559 1592 2285 2286
1 4 1559 2252 2253 2286
1 4 1559 2285 2252 2286
1 4 1560 1561 1594 2287
1 4 1560 2254 1561 2287
1 4 1560 1594 1593 2287
1 4 1560 1593 2286 2287
1 4 1560 2253 2254 2287
1 4 1560 2286 2253 2287
1 4 1561 1562 1595 2288
1 4 1561 2255 1562 2288
1 4 1561 1595 1594 2288
1 4 1561 1594 2287 2288
1 4 1561 2254 2255 2288
1 4 1561 2287 2254 2288
1 4 1562 1563 1596 2289
1 4 1562 2256 1563 2289
1 4 1562 1596 1595 2289
1 4 1562 1595 2288 2289
1 4 1562 2255 2256 2289
1 4 1562 2288 2255 2289
1 4 1563 1564 1597 2290
1 4 1563 2257 1564 2290
1 4 1563 1597 1596 2290
1 4 1563 1596 2289 2290
1 4 1563 2256 2257 2290
1 4 1563 2289 2256 2290
1 4 1564 1565 1598 2291
1 4 1564 2258 1565 2291
1 4 1564 1598 1597 2291
1 4 1564 1597 2290 2291
1 4 1564 2257 2258 2291
1 4 1564 2290 2257 2291
1 4 1565 1566 1599 2292
1 4 1565 2259 1566 2292
1 4 1565 1599 1598 2292
1 4 1565 1598 2291 2292
1 4 1565 2258 2259 2292
1 4 1565 2291 2258 2292
1 4 1566 1567 1600 2293
1 4 1566 2260 1567 2293
1 4 1566 1600 1599 2293
1 4 1566 1599 2292 2293
1 4 1566 2259 2260 2293
1 4 1566 2292 2259 2293
1 4 1567 1568 1601 2294
1 4 1567 2261 1568 2294
1 4 1567 1601 1600 2294
1 4 1567 1600 2293 2294
1 4 1567 2260 2261 2294
1 4 1567 2293 2260 2294
1 4 1568 1569 1602 2295
1 4 1568 2262 1569 2295
1 4 1568 1602 1601 2295
1 4 1568 1601 2294 2295
1 4 1568 2261 2262 2295
1 4 1568 2294 2261 2295
1 4 1569 1570 1603 2296
1 4 1569 2263 1570 2296
1 4 1569 1603 1602 2296
1 4 1569 1602 2295 2296
1 4 1569 2262 2263 2296
1 4 1569 2295 2262 2296
1 4 1570 1571 1604 2297
1 4 1570 2264 1571 2297
1 4 1570 1604 1603 2297
1 4 1570 1603 2296 2297
1 4 1570 2263 2264 2297
1 4 1570 2296 2263 2297
1 4 1571 1572 1605 2298
1 4 1571 2265 1572 2298
1 4 1571 1605 1604 2298
1 4 1571 1604 2297 2298
1 4 1571 2264 2265 2298
1 4 1571 2297 2264 2298
1 4 1572 1573 1606 2299
1 4 1572 2266 1573 2299
1 4 1572 1606 1605 2299
1 4 1572 1605 2298 2299
1 4 1572 2265 2266 2299
1 4 1572 2298 2265 2299
1 4 1573 1574 1607 2300
1 4 1573 2267 1574 2300
1 4 1573 1607 1606 2300
1 4 1573 1606 2299 2300
1 4 1573 2266 2267 2300
1 4 1573 2299 2266 2300
1 4 1574 1575 1608 2301
1 4 1574 2268 1575 2301
1 4 1574 1608 1607 2301
1 4 1574 1607 2300 2301
1 4 1574 2267 2268 2301
1 4 1574 2300 2267 2301
1 4 1575 1576 1609 2302
1 4 1575 2269 1576 2302
1 4 1575 1609 1608 2302
1 4 1575 1608 2301 2302
1 4 1575 2268 2269 2302
1 4 1575 2301 2268 2302
1 4 1576 1577 1610 2303
1 4 1576 2270 1577 2303
1 4 1576 1610 1609 2303
1 4 1576 1609 2302 2303
1 4 1576 2269 2270 2303
1 4 1576 2302 2269 2303
1 4 1577 1578 1611 2304
1 4 1577 2271 1578 2304
1 4 1577 1611 1610 2304
1 4 1577 1610 2303 2304
1 4 1577 2270 2271 2304
1 4 1577 2303 2270 2304
1 4 1578 1579 1612 2305
1 4 1578 2272 1579 2305
1 4 1578 1612 1611 2305
1 4 1578 1611 2304 2305
1 4 1578 2271 2272 2305
1 4 1578 2304 2271 2305
1 4 1579 1580 1613 2306
1 4 1579 2273 1580 2306
1 4 1579 1613 1612 2306
1 4 1579 1612 2305 2306
1 4 1579 2272 2273 2306
1 4 1579 2305 2272 2306
1 4 1580 1581 1614 2307
1 4 1580 2274 1581 2307
1 4 1580 1614 1613 2307
1 4 1580 1613 2306 2307
1 4 1580 2273 2274 2307
1 4 1580 2306 2273 2307
1 4 1581 1582 1615 2308
1 4 1581 2275 1582 2308
1 4 1581 1615 1614 2308
1 4 1581 1614 2307 2308
1 4 1581 2274 2275 2308
1 4 1581 2307 2274 2308
1 4 1582 1583 1616 2309
1 4 1582 2276 1583 2309
1 4 1582 1616 1615 2309
1 4 1582 1615 2308 2309
1 4 1582 2275 2276 2309
1 4 1582 2308 2275 2309
1 4 1584 1585 1618 2311
1 4 1584 2278 1585 2311
1 4 1584 1618 1617 2311
1 4 1584 1617 2310 2311
1 4 1584 2277 2278 2311
1 4 1584 2310 2277 2311
1 4 1585 1586 1619 2312
1 4 1585 2279 1586 2312
1 4 1585 1619 1618 2312
1 4 1585 1618 2311 2312
1 4 1585 2278 2279 2312
1 4 1585 2311 2278 2312
1 4 1586 1587 1620 2313
1 4 1586 2280 1587 2313
1 4 1586 1620 1619 2313
1 4 1586 1619 2312 2313
1 4 1586 2279 2280 2313
1 4 1586 2312 2279 2313
1 4 1587 1588 1621 2314
1 4 1587 2281 1588 2314
1 4 1587 1621 1620 2314
1 4 1587 1620 2313 2314
1 4 1587 2280 2281 2314
1 4 1587 2313 2280 2314
1 4 1588 1589 1622 2315
1 4 1588 2282 1589 2315
1 4 1588 1622 1621 2315
1 4 1588 1621 2314 2315
1 4 1588 2281 2282 2315
1 4 1588 2314 2281 2315
1 4 1589 1590 1623 2316
1 4 1589 2283 1590 2316
1 4 1589 1623 1622 2316
1 4 1589 1622 2315 2316
1 4 1589 2282 2283 2316
1 4 1589 2315 2282 2316
1 4 1590 1591 1624 2317
1 4 1590 2284 1591 2317
1 4 1590 1624 1623 2317
1 4 1590 1623 2316 2317
1 4 1590 2283 2284 2317
1 4 1590 2316 2283 2317
1 4 1591 1592 1625 2318
1 4 1591 2285 1592 2318
1 4 1591 1625 1624 2318
1 4 1591 1624 2317 2318
1 4 1591 2284 2285 2318
1 4 1591 2317 2284 2318
1 4 1592 1593 1626 2319
1 4 1592 2286 1593 2319
1 4 1592 1626 1625 2319
1 4 1592 1625 2318 2319
1 4 1592 2285 2286 2319
1 4 1592 2318 2285 2319
1 4 1593 1594 1627 2320
1 4 1593 2287 1594 2320
1 4 1593 1627 1626 2320
1 4 1593 1626 2319 2320
1 4 1593 2286 2287 2320
1 4 1593 2319 2286 2320
1 4 1594 1595 1628 2321
1 4 1594 2288 1595 2321
1 4 1594 1628 1627 2321
1 4 1594 1627 2320 2321
1 4 1594 2287 2288 2321
1 4 1594 2320 2287 2321
1 4 1595 1596 1629 2322
1 4 1595 2289 1596 2322
1 4 1595 1629 1628 2322
1 4 1595 1628 2321 2322
1 4 1595 2288 2289 2322
1 4 1595 2321 2288 2322
1 4 1596 1597 1630 2323
1 4 1596 2290 1597 2323
1 4 1596 1630 1629 2323
1 4 1596 1629 2322 2323
1 4 1596 2289 2290 2323
1 4 1596 2322 2289 2323
1 4 1597 1598 1631 2324
1 4 1597 2291 1598 2324
1 4 1597 1631 1630 2324
1 4 1597 1630 2323 2324
1 4 1597 2290 2291 2324
1 4 1597 2323 2290 2324
1 4 1598 1599 1632 2325
1 4 1598 2292 1599 2325
1 4 1598 1632 1631 2325
1 4 1598 1631 2324 2325
1 4 1598 2291 2292 2325
1 4 1598 2324 2291 2325
1 4 1599 1600 1633 2326
1 4 1599 2293 1600 2326
1 4 1599 1633 1632 2326
1 4 1599 1632 2325 2326
1 4 1599 2292 2293 2326
1 4 1599 2325 2292 2326
1 4 1600 1601 1634 2327
1 4 1600 2294 1601 2327
1 4 1600 1634 1633 2327
1 4 1600 1633 2326 2327
1 4 1600 2293 2294 2327
1 4 1600 2326 2293 2327
1 4 1601 1602 1635 2328
1 4 1601 2295 1602 2328
1 4 1601 1635 1634 2328
1 4 1601 1634 2327 2328
1 4 1601 2294 2295 2328
1 4 1601 2327 2294 2328
1 4 1602 1603 1636 2329
1 4 1602 2296 1603 2329
1 4 1602 1636 1635 2329
1 4 1602 1635 2328 2329
1 4 1602 2295 2296 2329
1 4 1602 2328 2295 2329
1 4 1603 1604 1637 2330
1 4 1603 2297 1604 2330
1 4 1603 1637 1636 2330
1 4 1603 1636 2329 2330
1 4 1603 2296 2297 2330
1 4 1603 2329 2296 2330
1 4 1604 1605 1638 2331
1 4 1604 2298 1605 2331
1 4 1604 1638 1637 2331
1 4 1604 1637 2330 2331
1 4 1604 2297 2298 2331
1 4 1604 2330 2297 2331
1 4 1605 1606 1639 2332
1 4 1605 2299 1606 2332
1 4 1605 1639 1638 2332
1 4 1605 1638 2331 2332
1 4 1605 2298 2299 2332
1 4 1605 2331 2298 2332
1 4 1606 1607 1640 2333
1 4 1606 2300 1607 2333
1 4 1606 1640 1639 2333
1 4 1606 1639 2332 2333
1 4 1606 2299 2300 2333
1 4 1606 2332 2299 2333
1 4 1607 1608 1641 2334
1 4 1607 2301 1608 2334
1 4 1607 1641 1640 2334
1 4 1607 1640 2333 2334
1 4 1607 2300 2301 2334
1 4 1607 2333 2300 2334
1 4 1608 1609 1642 2335
1 4 1608 2302 1609 2335
1 4 1608 1642 1641 2335
1 4 1608 1641 2334 2335
1 4 1608 2301 2302 2335
1 4 1608 2334 2301 2335
1 4 1609 1610 1643 2336
1 4 1609 2303 1610 2336
1 4 1609 1643 1642 2336
1 4 1609 1642 2335 2336
1 4 1609 2302 2303 2336
1 4 1609 2335 2302 2336
1 4 1610 1611 1644 2337
1 4 1610 2304 1611 2337
1 4 1610 1644 1643 2337
1 4 1610 1643 2336 2337
1 4 1610 2303 2304 2337
1 4 1610 2336 2303 2337
1 4 1611 1612 1645 2338
1 4 1611 2305 1612 2338
1 4 1611 1645 1644 2338
1 4 1611 1644 2337 2338
1 4 1611 2304 2305 2338
1 4 1611 2337 2304 2338
1 4 1612 1613 1646 2339
1 4 1612 2306 1613 2339
1 4 1612 1646 1645 2339
1 4 1612 1645 2338 2339
1 4 1612 2305 2306 2339
1 4 1612 2338 2305 2339
1 4 1613 1614 1647 2340
1 4 1613 2307 1614 2340
1 4 1613 1647 1646 2340
1 4 1613 1646 2339 2340
1 4 1613 2306 2307 2340
1 4 1613 2339 2306 2340
1 4 1614 1615 1648 2341
1 4 1614 2308 1615 2341
1 4 1614 1648 1647 2341
1 4 1614 1647 2340 2341
1 4 1614 2307 2308 2341
1 4 1614 2340 2307 2341
1 4 1615 1616 1649 2342
1 4 1615 2309 1616 2342
1 4 1615 1649 1648 2342
1 4 1615 1648 2341 2342
1 4 1615 2308 2309 2342
1 4 1615 2341 2308 2342
1 4 1617 1618 1651 2344
1 4 1617 2311 1618 2344
1 4 1617 1651 1650 2344
1 4 1617 1650 2343 2344
1 4 1617 2310 2311 2344
1 4 1617 2343 2310 2344
1 4 1618 1619 1652 2345
1 4 1618 2312 1619 2345
1 4 1618 1652 1651 2345
1 4 1618 1651 2344 2345
1 4 1618 2311 2312 2345
1 4 1618 2344 2311 2345
1 4 1619 1620 1653 2346
1 4 1619 2313 1620 2346
1 4 1619 1653 1652 2346
1 4 1619 1652 2345 2346
1 4 1619 2312 2313 2346
1 4 1619 2345 2312 2346
1 4 1620 1621 1654 2347
1 4 1620 2314 1621 2347
1 4 1620 1654 1653 2347
1 4 1620 1653 2346 2347
1 4 1620 2313 2314 2347
1 4 1620 2346 2313 2347
1 4 1621 1622 1655 2348
1 4 1621 2315 1622 2348
1 4 1621 1655 1654 2348
1 4 1621 1654 2347 2348
1 4 1621 2314 2315 2348
1 4 1621 2347 2314 2348
1 4 1622 1623 1656 2349
1 4 1622 2316 1623 2349
1 4 1622 1656 1655 2349
1 4 1622 1655 2348 2349
1 4 1622 2315 2316 2349
1 4 1622 2348 2315 2349
1 4 1623 1624 1657 2350
1 4 1623 2317 1624 2350
1 4 1623 1657 1656 2350
1 4 1623 1656 2349 2350
1 4 1623 2316 2317 2350
1 4 1623 2349 2316 2350
1 4 1624 1625 1658 2351
1 4 1624 2318 1625 2351
1 4 1624 1658 1657 2351
1 4 1624 1657 2350 2351
1 4 1624 2317 2318 2351
1 4 1624 2350 2317 2351
1 4 1625 1626 1659 2352
1 4 1625 2319 1626 2352
1 4 1625 1659 1658 2352
1 4 1625 1658 2351 2352
1 4 1625 2318 2319 2352
1 4 1625 2351 2318 2352
1 4 1626 1627 1660 2353
1 4 1626 2320 1627 2353
1 4 1626 1660 1659 2353
1 4 1626 1659 2352 2353
1 4 1626 2319 2320 2353
1 4 1626 2352 2319 2353
1 4 1627 1628 1661 2354
1 4 1627 2321 1628 2354
1 4 1627 1661 1660 2354
1 4 1627 1660 2353 2354
1 4 1627 2320 2321 2354
1 4 1627 2353 2320 2354
1 4 1628 1629 1662 2355
1 4 1628 2322 1629 2355
1 4 1628 1662 1661 2355
1 4 1628 1661 2354 2355
1 4 1628 2321 2322 2355
1 4 1628 2354 2321 2355
1 4 1629 1630 1663 2356
1 4 1629 2323 1630 2356
1 4 1629 1663 1662 2356
1 4 1629 1662 2355 2356
1 4 1629 2322 2323 2356
1 4 1629 2355 2322 2356
1 4 1630 1631 1664 2357
1 4 1630 2324 1631 2357
1 4 1630 1664 1663 2357
1 4 1630 1663 2356 2357
1 4 1630 2323 2324 2357
1 4 1630 2356 2323 2357
1 4 1631 1632 1665 2358
1 4 1631 2325 1632 2358
1 4 1631 1665 1664 2358
1 4 1631 1664 2357 2358
1 4 1631 2324 2325 2358
1 4 1631 2357 2324 2358
1 4 1632 1633 1666 2359
1 4 1632 2326 1633 2359
1 4 1632 1666 1665 2359
1 4 1632 1665 2358 2359
1 4 1632 2325 2326 2359
1 4 1632 2358 2325 2359
1 4 1633 1634 1667 2360
1 4 1633 2327 1634 2360
1 4 1633 1667 1666 2360
1 4 1633 1666 2359 2360
1 4 1633 2326 2327 2360
1 4 1633 2359 2326 2360
1 4 1634 1635 1668 2361
1 4 1634 2328 1635 2361
1 4 1634 1668 1667 2361
1 4 1634 1667 2360 2361
1 4 1634 2327 2328 2361
1 4 1634 2360 2327 2361
1 4 1635 1636 1669 2362
1 4 1635 2329 1636 2362
1 4 1635 1669 1668 2362
1 4 1635 1668 2361 2362
1 4 1635 2328 2329 2362
1 4 1635 2361 2328 2362
1 4 1636 1637 1670 2363
1 4 1636 2330 1637 2363
1 4 1636 1670 1669 2363
1 4 1636 1669 2362 2363
1 4 1636 2329 2330 2363
1 4 1636 2362 2329 2363
1 4 1637 1638 1671 2364
1 4 1637 2331 1638 2364
1 4 1637 1671 1670 2364
1 4 1637 1670 2363 2364
1 4 1637 2330 2331 2364
1 4 1637 2363 2330 2364
1 4 1638 1639 1672 2365
1 4 1638 2332 1639 2365
1 4 1638 1672 1671 2365
1 4 1638 1671 2364 2365
1 4 1638 2331 2332 2365
1 4 1638 2364 2331 2365
1 4 1639 1640 1673 2366
1 4 1639 2333 1640 2366
1 4 1639 1673 1672 2366
1 4 1639 1672 2365 2366
1 4 1639 2332 2333 2366
1 4 1639 2365 2332 2366
1 4 1640 1641 1674 2367
1 4 1640 2334 1641 2367
1 4 1640 1674 1673 2367
1 4 1640 1673 2366 2367
1 4 1640 2333 2334 2367
1 4 1640 2366 2333 2367
1 4 1641 1642 1675 2368
1 4 1641 2335 1642 2368
1 4 1641 1675 1674 2368
1 4 1641 1674 2367 2368
1 4 1641 2334 2335 2368
1 4 1641 2367 2334 2368
1 4 1642 1643 1676 2369
1 4 1642 2336 1643 2369
1 4 1642 1676 1675 2369
1 4 1642 1675 2368 2369
1 4 1642 2335 2336 2369
1 4 1642 2368 2335 2369
1 4 1643 1644 1677 2370
1 4 1643 2337 1644 2370
1 4 1643 1677 1676 2370
1 4 1643 1676 2369 2370
1 4 1643 2336 2337 2370
1 4 1643 2369 2336 2370
1 4 1644 1645 1678 2371
1 4 1644 2338 1645 2371
1 4 1644 1678 1677 2371
1 4 1644 1677 2370 2371
1 4 1644 2337 2338 2371
1 4 1644 2370 2337 2371
1 4 1645 1646 1679 2372
1 4 1645 2339 1646 2372
1 4 1645 1679 1678 2372
1 4 1645 1678 2371 2372
1 4 1645 2338 2339 2372
1 4 1645 2371 2338 2372
1 4 1646 1647 1680 2373
1 4 1646 2340 1647 2373
1 4 1646 1680 1679 2373
1 4 1646 1679 2372 2373
1 4 1646 2339 2340 2373
1 4 1646 2372 2339 2373
1 4 1647 1648 1681 2374
1 4 1647 2341 1648 2374
1 4 1647 1681 1680 2374
1 4 1647 1680 2373 2374
1 4 1647 2340 2341 2374
1 4 1647 2373 2340 2374
1 4 1648 1649 1682 2375
1 4 1648 2342 1649 2375
1 4 1648 1682 1681 2375
1 4 1648 1681 2374 2375
1 4 1648 2341 2342 2375
1 4 1648 2374 2341 2375
1 4 1650 1651 1684 2377
1 4 1650 2344 1651 2377
1 4 1650 1684 1683 2377
1 4 1650 1683 2376 2377
1 4 1650 2343 2344 2377
1 4 1650 2376 2343 2377
1 4 1651 1652 1685 2378
1 4 1651 2345 1652 2378
1 4 1651 1685 1684 2378
1 4 1651 1684 2377 2378
1 4 1651 2344 2345 2378
1 4 1651 2377 2344 2378
1 4 1652 1653 1686 2379
1 4 1652 2346 1653 2379
1 4 1652 1686 1685 2379
1 4 1652 1685 2378 2379
1 4 1652 2345 2346 2379
1 4 1652 2378 2345 2379
1 4 1653 1654 1687 2380
1 4 1653 2347 1654 2380
1 4 1653 1687 1686 2380
1 4 1653 1686 2379 2380
1 4 1653 2346 2347 2380
1 4 1653 2379 2346 2380
1 4 1654 1655 1688 2381
1 4 1654 2348 1655 2381
1 4 1654 1688 1687 2381
1 4 1654 1687 2380 2381
1 4 1654 2347 2348 2381
1 4 1654 2380 2347 2381
1 4 1655 1656 1689 2382
1 4 1655 2349 1656 2382
1 4 1655 1689 1688 2382
1 4 1655 1688 2381 2382
1 4 1655 2348 2349 2382
1 4 1655 2381 2348 2382
1 4 1656 1657 1690 2383
1 4 1656 2350 1657 2383
1 4 1656 1690 1689 2383
1 4 1656 1689 2382 2383
1 4 1656 2349 2350 2383
1 4 1656 2382 2349 2383
1 4 1657 1658 1691 2384
1 4 1657 2351 1658 2384
1 4 1657 1691 1690 2384
1 4 1657 1690 2383 2384
1 4 1657 2350 2351 2384
1 4 1657 2383 2350 2384
1 4 1658 1659 1692 2385
1 4 1658 2352 1659 2385
1 4 1658 1692 1691 2385
1 4 1658 1691 2384 2385
1 4 1658 2351 2352 2385
1 4 1658 2384 2351 2385
1 4 1659 1660 1693 2386
1 4 1659 2353 1660 2386
1 4 1659 1693 1692 2386
1 4 1659 1692 2385 2386
1 4 1659 2352 2353 2386
1 4 1659 2385 2352 2386
1 4 1660 1661 1694 2387
1 4 1660 2354 1661 2387
1 4 1660 1694 1693 2387
1 4 1660 1693 2386 2387
1 4 1660 2353 2354 2387
1 4 1660 2386 2353 2387
1 4 1661 1662 1695 2388
1 4 1661 2355 1662 2388
1 4 1661 1695 1694 2388
1 4 1661 1694 2387 2388
1 4 1661 2354 2355 2388
1 4 1661 2387 2354 2388
1 4 1662 1663 1696 2389
1 4 1662 2356 1663 2389
1 4 1662 1696 1695 2389
1 4 1662 1695 2388 2389
1 4 1662 2355 2356 2389
1 4 1662 2388 2355 2389
1 4 1663 1664 1697 2390
1 4 1663 2357 1664 2390
1 4 1663 1697 1696 2390
1 4 1663 1696 2389 2390
1 4 1663 2356 2357 2390
1 4 1663 2389 2356 2390
1 4 1664 1665 1698 2391
1 4 1664 2358 1665 2391
1 4 1664 1698 1697 2391
1 4 1664 1697 2390 2391
1 4 1664 2357 2358 2391
1 4 1664 2390 2357 2391
1 4 1665 1666 1699 2392
1 4 1665 2359 1666 2392
1 4 1665 1699 1698 2392
1 4 1665 1698 2391 2392
1 4 1665 2358 2359 2392
1 4 1665 2391 2358 2392
1 4 1666 1667 1700 2393
1 4 1666 2360 1667 2393
1 4 1666 1700 1699 2393
1 4 1666 1699 2392 2393
1 4 1666 2359 2360 2393
1 4 1666 2392 2359 2393
1 4 1667 1668 1701 2394
1 4 1667 2361 1668 2394
1 4 1667 1701 1700 2394
1 4 1667 1700 2393 2394
1 4 1667 2360 2361 2394
1 4 1667 2393 2360 2394
1 4 1668 1669 1702 2395
1 4 1668 2362 1669 2395
1 4 1668 1702 1701 2395
1 4 1668 1701 2394 2395
1 4 1668 2361 2362 2395
1 4 1668 2394 2361 2395
1 4 1669 1670 1703 2396
1 4 1669 2363 1670 2396
1 4 1669 1703 1702 2396
1 4 1669 1702 2395 2396
1 4 1669 2362 2363 2396
1 4 1669 2395 2362 2396
1 4 1670 1671 1704 2397
1 4 1670 2364 1671 2397
1 4 1670 1704 1703 2397
1 4 1670 1703 2396 2397
1 4 1670 2363 2364 2397
1 4 1670 2396 2363 2397
1 4 1671 1672 1705 2398
1 4 1671 2365 1672 2398
1 4 1671 1705 1704 2398
1 4 1671 1704 2397 2398
1 4 1671 2364 2365 2398
1 4 1671 2397 2364 2398
1 4 1672 1673 1706 2399
1 4 1672 2366 1673 2399
1 4 1672 1706 1705 2399
1 4 1672 1705 2398 2399
1 4 1672 2365 2366 2399
1 4 1672 2398 2365 2399
1 4 1673 1674 1707 2400
1 4 1673 2367 1674 2400
1 4 1673 1707 1706 2400
1 4 1673 1706 2399 2400
1 4 1673 2366 2367 2400
1 4 1673 2399 2366 2400
1 4 1674 1675 1708 2401
1 4 1674 2368 1675 2401
1 4 1674 1708 1707 2401
1 4 1674 1707 2400 2401
1 4 1674 2367 2368 2401
1 4 1674 2400 2367 2401
1 4 1675 1676 1709 2402
1 4 1675 2369 1676 2402
1 4 1675 1709 1708 2402
1 4 1675 1708 2401 2402
1 4 1675 2368 2369 2402
1 4 1675 2401 2368 2402
1 4 1676 1677 1710 2403
1 4 1676 2370 1677 2403
1 4 1676 1710 1709 2403
1 4 1676 1709 2402 2403
1 4 1676 2369 2370 2403
1 4 1676 2402 2369 2403
1 4 1677 1678 1711 2404
1 4 1677 2371 1678 2404
1 4 1677 1711 1710 2404
1 4 1677 1710 2403 2404
1 4 1677 2370 2371 2404
1 4 1677 2403 2370 2404
1 4 1678 1679 1712 2405
1 4 1678 2372 1679 2405
1 4 1678 1712 1711 2405
1 4 1678 1711 2404 2405
1 4 1678 2371 2372 2405
1 4 1678 2404 2371 2405
1 4 1679 1680 1713 2406
1 4 1679 2373 1680 2406
1 4 1679 1713 1712 2406
1 4 1679 1712 2405 2406
1 4 1679 2372 2373 2406
1 4 1679 2405 2372 2406
1 4 1680 1681 1714 2407
1 4 1680 2374 1681 2407
1 4 1680 1714 1713 2407
1 4 1680 1713 2406 2407
1 4 1680 2373 2374 2407
1 4 1680 2406 2373 2407
1 4 1681 1682 1715 2408
1 4 1681 2375 1682 2408
1 4 1681 1715 1714 2408
1 4 1681 1714 2407 2408
1 4 1681 2374 2375 2408
1 4 1681 2407 2374 2408
1 4 1683 1684 1717 2410
1 4 1683 2377 1684 2410
1 4 1683 1717 1716 2410
1 4 1683 1716 2409 2410
1 4 1683 2376 2377 2410
1 4 1683 2409 2376 2410
1 4 1684 1685 1718 2411
1 4 1684 2378 1685 2411
1 4 1684 1718 1717 2411
1 4 1684 1717 2410 2411
1 4 1684 2377 2378 2411
1 4 1684 2410 2377 2411
1 4 1685 1686 1719 2412
1 4 1685 2379 1686 2412
1 4 1685 1719 1718 2412
1 4 1685 1718 2411 2412
1 4 1685 2378 2379 2412
1 4 1685 2411 2378 2412
1 4 1686 1687 1720 2413
1 4 1686 2380 1687 2413
1 4 1686 1720 1719 2413
1 4 1686 1719 2412 2413
1 4 1686 2379 2380 2413
1 4 1686 2412 2379 2413
1 4 1687 1688 1721 2414
1 4 1687 2381 1688 2414
1 4 1687 1721 1720 2414
1 4 1687 1720 2413 2414
1 4 1687 2380 2381 2414
1 4 1687 2413 2380 2414
1 4 1688 1689 1722 2415
1 4 1688 2382 1689 2415
1 4 1688 1722 1721 2415
1 4 1688 1721 2414 2415
1 4 1688 2381 2382 2415
1 4 1688 2414 2381 2415
1 4 1689 1690 1723 2416
1 4 1689 2383 1690 2416
1 4 1689 1723 1722 2416
1 4 1689 1722 2415 2416
1 4 1689 2382 2383 2416
1 4 1689 2415 2382 2416
1 4 1690 1691 1724 2417
1 4 1690 2384 1691 2417
1 4 1690 1724 1723 2417
1 4 1690 1723 2416 2417
1 4 1690 2383 2384 2417
1 4 1690 2416 2383 2417
1 4 1691 1692 1725 2418
1 4 1691 2385 1692 2418
1 4 1691 1725 1724 2418
1 4 1691 1724 2417 2418
1 4 1691 2384 2385 2418
1 4 1691 2417 2384 2418
1 4 1692 1693 1726 2419
1 4 1692 2386 1693 2419
1 4 1692 1726 1725 2419
1 4 1692 1725 2418 2419
1 4 1692 2385 2386 2419
1 4 1692 2418 2385 2419
1 4 1693 1694 1727 2420
1 4 1693 2387 1694 2420
1 4 1693 1727 1726 2420
1 4 1693 1726 2419 2420
1 4 1693 2386 2387 2420
1 4 1693 2419 2386 2420
1 4 1694 1695 1728 2421
1 4 1694 2388 1695 2421
1 4 1694 1728 1727 2421
1 4 1694 1727 2420 2421
1 4 1694 2387 2388 2421
1 4 1694 2420 2387 2421
1 4 1695 1696 1729 2422
1 4 1695 2389 1696 2422
1 4 1695 1729 1728 2422
1 4 1695 1728 2421 2422
1 4 1695 2388 2389 2422
1 4 1695 2421 2388 2422
1 4 1696 1697 1730 2423
1 4 1696 2390 1697 2423
1 4 1696 1730 1729 2423
1 4 1696 1729 2422 2423
1 4 1696 2389 2390 2423
1 4 1696 2422 2389 2423
1 4 1697 1698 1731 2424
1 4 1697 2391 1698 2424
1 4 1697 1731 1730 2424
1 4 1697 1730 2423 2424
1 4 1697 2390 2391 2424
1 4 1697 2423 2390 2424
1 4 1698 1699 1732 2425
1 4 1698 2392 1699 2425
1 4 1698 1732 1731 2425
1 4 1698 1731 2424 2425
1 4 1698 2391 2392 2425
1 4 1698 2424 2391 2425
1 4 1699 1700 1733 2426
1 4 1699 2393 1700 2426
1 4 1699 1733 1732 2426
1 4 1699 1732 2425 2426
1 4 1699 2392 2393 2426
1 4 1699 2425 2392 2426
1 4 1700 1701 1734 2427
1 4 1700 2394 1701 2427
1 4 1700 1734 1733 2427
1 4 1700 1733 2426 2427
1 4 1700 2393 2394 2427
1 4 1700 2426 2393 2427
1 4 1701 1702 1735 2428
1 4 1701 2395 1702 2428
1 4 1701 1735 1734 2428
1 4 1701 1734 2427 2428
1 4 1701 2394 2395 2428
1 4 1701 2427 2394 2428
1 4 1702 1703 1736 2429
1 4 1702 2396 1703 2429
1 4 1702 1736 1735 2429
1 4 1702 1735 2428 2429
1 4 1702 2395 2396 2429
1 4 1702 2428 2395 2429
1 4 1703 1704 1737 2430
1 4 1703 2397 1704 2430
1 4 1703 1737 1736 2430
1 4 1703 1736 2429 2430
1 4 1703 2396 2397 2430
1 4 1703 2429 2396 2430
1 4 1704 1705 1738 2431
1 4 1704 2398 1705 2431
1 4 1704 1738 1737 2431
1 4 1704 1737 2430 2431
1 4 1704 2397 2398 2431
1 4 1704 2430 2397 2431
1 4 1705 1706 1739 2432
1 4 1705 2399 1706 2432
1 4 1705 1739 1738 2432
1 4 1705 1738 2431 2432
1 4 1705 2398 2399 2432
1 4 1705 2431 2398 2432
1 4 1706 1707 1740 2433
1 4 1706 2400 1707 2433
1 4 1706 1740 1739 2433
1 4 1706 1739 2432 2433
1 4 1706 2399 2400 2433
1 4 1706 2432 2399 2433
1 4 1707 1708 1741 2434
1 4 1707 2401 1708 2434
1 4 1707 1741 1740 2434
1 4 1707 1740 2433 2434
1 4 1707 2400 2401 2434
1 4 1707 2433 2400 2434
1 4 1708 1709 1742 2435
1 4 1708 2402 1709 2435
1 4 1708 1742 1741 2435
1 4 1708 1741 2434 2435
1 4 1708 2401 2402 2435
1 4 1708 2434 2401 2435
1 4 1709 1710 1743 2436
1 4 1709 2403 1710 2436
1 4 1709 1743 1742 2436
1 4 1709 1742 2435 2436
1 4 1709 2402 2403 2436
1 4 1709 2435 2402 2436
1 4 1710 1711 1744 2437
1 4 1710 2404 1711 2437
1 4 1710 1744 1743 2437
1 4 1710 1743 2436 2437
1 4 1710 2403 2404 2437
1 4 1710 2436 2403 2437
1 4 1711 1712 1745 2438
1 4 1711 2405 1712 2438
1 4 1711 1745 1744 2438
1 4 1711 1744 2437 2438
1 4 1711 2404 2405 2438
1 4 1711 2437 2404 2438
1 4 1712 1713 1746 2439
1 4 1712 2406 1713 2439
1 4 1712 1746 1745 2439
1 4 1712 1745 2438 2439
1 4 1712 2405 2406 2439
1 4 1712 2438 2405 2439
1 4 1713 1714 1747 2440
1 4 1713 2407 1714 2440
1 4 1713 1747 1746 2440
1 4 1713 1746 2439 2440
1 4 1713 2406 2407 2440
1 4 1713 2439 2406 2440
1 4 1714 1715 1748 2441
1 4 1714 2408 1715 2441
1 4 1714 1748 1747 2441
1 4 1714 1747 2440 2441
1 4 1714 2407 2408 2441
1 4 1714 2440 2407 2441
2 4 1716 1717 1750 2443
2 4 1716 2410 1717 2443
2 4 1716 1750 1749 2443
2 4 1716 1749 2442 2443
2 4 1716 2409 2410 2443
2 4 1716 2442 2409 2443
2 4 1717 1718 1751 2444
2 4 1717 2411 1718 2444
2 4 1717 1751 1750 2444
2 4 1717 1750 2443 2444
2 4 1717 2410 2411 2444
2 4 1717 2443 2410 2444
2 4 1718 1719 1752 2445
2 4 1718 2412 1719 2445
2 4 1718 1752 1751 2445
2 4 1718 1751 2444 2445
2 4 1718 2411 2412 2445
2 4 1718 2444 2411 2445
2 4 1719 1720 1753 2446
2 4 1719 2413 1720 2446
2 4 1719 1753 1752 2446
2 4 1719 1752 2445 2446
2 4 1719 2412 2413 2446
2 4 1719 2445 2412 2446
2 4 1720 1721 1754 2447
2 4 1720 2414 1721 2447
2 4 1720 1754 1753 2447
2 4 1720 1753 2446 2447
2 4 1720 2413 2414 2447
2 4 1720 2446 2413 2447
2 4 1721 1722 1755 2448
2 4 1721 2415 1722 2448
2 4 1721 1755 1754 2448
2 4 1721 1754 2447 2448
2 4 1721 2414 2415 2448
2 4 1721 2447 2414 2448
2 4 1722 1723 1756 2449
2 4 1722 2416 1723 2449
2 4 1722 1756 1755 2449
2 4 1722 1755 2448 2449
2 4 1722 2415 2416 2449
2 4 1722 2448 2415 2449
2 4 1723 1724 1757 2450
2 4 1723 2417 1724 2450
2 4 1723 1757 1756 2450
2 4 1723 1756 2449 2450
2 4 1723 2416 2417 2450
2 4 1723 2449 2416 2450
2 4 1724 1725 1758 2451
2 4 1724 2418 1725 2451
2 4 1724 1758 1757 2451
2 4 1724 1757 2450 2451
2 4 1724 2417 2418 2451
2 4 1724 2450 2417 2451
2 4 1725 1726 1759 2452
2 4 1725 2419 1726 2452
2 4 1725 1759 1758 2452
2 4 1725 1758 2451 2452
2 4 1725 2418 2419 2452
2 4 1725 2451 2418 2452
2 4 1726 1727 1760 2453
2 4 1726 2420 1727 2453
2 4 1726 1760 1759 2453
2 4 1726 1759 2452 2453
2 4 1726 2419 2420 2453
2 4 1726 2452 2419 2453
2 4 1727 1728 1761 2454
2 4 1727 2421 1728 2454
2 4 1727 1761 1760 2454
2 4 1727 1760 2453 2454
2 4 1727 2420 2421 2454
2 4 1727 2453 2420 2454
2 4 1728 1729 1762 2455
2 4 1728 2422 1729 2455
2 4 1728 1762 1761 2455
2 4 1728 1761 2454 2455
2 4 1728 2421 2422 2455
2 4 1728 2454 2421 2455
2 4 1729 1730 1763 2456
2 4 1729 2423 1730 2456
2 4 1729 1763 1762 2456
2 4 1729 1762 2455 2456
2 4 1729 2422 2423 2456
2 4 1729 2455 2422 2456
2 4 1730 1731 1764 2457
2 4 1730 2424 1731 2457
2 4 1730 1764 1763 2457
2 4 1730 1763 2456 2457
2 4 1730 2423 2424 2457
2 4 1730 2456 2423 2457
2 4 1731 1732 1765 2458
2 4 1731 2425 1732 2458
2 4 1731 1765 1764 2458
2 4 1731 1764 2457 2458
2 4 1731 2424 2425 2458
2 4 1731 2457 2424 2458
2 4 1732 1733 1766 2459
2 4 1732 2426 1733 2459
2 4 1732 1766 1765 2459
2 4 1732 1765 2458 2459
2 4 1732 2425 2426 2459
2 4 1732 2458 2425 2459
2 4 1733 1734 1767 2460
2 4 1733 2427 1734 2460
2 4 1733 1767 1766 2460
2 4 1733 1766 2459 2460
2 4 1733 2426 2427 2460
2 4 1733 2459 2426 2460
2 4 1734 1735 1768 2461
2 4 1734 2428 1735 2461
2 4 1734 1768 1767 2461
2 4 1734 1767 2460 2461
2 4 1734 2427 2428 2461
2 4 1734 2460 2427 2461
2 4 1735 1736 1769 2462
2 4 1735 2429 1736 2462
2 4 1735 1769 1768 2462
2 4 1735 1768 2461 2462
2 4 1735 2428 2429 2462
2 4 1735 2461 2428 2462
2 4 1736 1737 1770 2463
2 4 1736 2430 1737 2463
2 4 1736 1770 1769 2463
2 4 1736 1769 2462 2463
2 4 1736 2429 2430 2463
2 4 1736 2462 2429 2463
2 4 1737 1738 1771 2464
2 4 1737 2431 1738 2464
2 4 1737 1771 1770 2464
2 4 1737 1770 2463 2464
2 4 1737 2430 2431 2464
2 4 1737 2463 2430 2464
2 4 1738 1739 1772 2465
2 4 1738 2432 1739 2465
2 4 1738 1772 1771 2465
2 4 1738 1771 2464 2465
2 4 1738 2431 2432 2465
2 4 1738 2464 2431 2465
2 4 1739 1740 1773 2466
2 4 1739 2433 1740 2466
2 4 1739 1773 1772 2466
2 4 1739 1772 2465 2466
2 4 1739 2432 2433 2466
2 4 1739 2465 2432 2466
2 4 1740 1741 1774 2467
2 4 1740 2434 1741 2467
2 4 1740 1774 1773 2467
2 4 1740 1773 2466 2467
2 4 1740 2433 2434 2467
2 4 1740 2466 2433 2467
2 4 1741 1742 1775 2468
2 4 1741 2435 1742 2468
2 4 1741 1775 1774 2468
2 4 1741 1774 2467 2468
2 4 1741 2434 2435 2468
2 4 1741 2467 2434 2468
2 4 1742 1743 1776 2469
2 4 1742 2436 1743 2469
2 4 1742 1776 1775 2469
2 4 1742 1775 2468 2469
2 4 1742 2435 2436 2469
2 4 1742 2468 2435 2469
2 4 1743 1744 1777 2470
2 4 1743 2437 1744 2470
2 4 1743 1777 1776 2470
2 4 1743 1776 2469 2470
2 4 1743 2436 2437 2470
2 4 1743 2469 2436 2470
2 4 1744 1745 1778 2471
2 4 1744 2438 1745 2471
2 4 1744 1778 1777 2471
2 4 1744 1777 2470 2471
2 4 1744 2437 2438 2471
2 4 1744 2470 2437 2471
2 4 1745 1746 1779 2472
2 4 1745 2439 1746 2472
2 4 1745 1779 1778 2472
2 4 1745 1778 2471 2472
2 4 1745 2438 2439 2472
2 4 1745 2471 2438 2472
2 4 1746 1747 1780 2473
2 4 1746 2440 1747 2473
2 4 1746 1780 1779 2473
2 4 1746 1779 2472 2473
2 4 1746 2439 2440 2473
2 4 1746 2472 2439 2473
2 4 1747 1748 1781 2474
2 4 1747 2441 1748 2474
2 4 1747 1781 1780 2474
2 4 1747 1780 2473 2474
2 4 1747 2440 2441 2474
2 4 1747 2473 2440 2474
2 4 1749 1750 1783 2476
2 4 1749 2443 1750 2476
2 4 1749 1783 1782 2476
2 4 1749 1782 2475 2476
2 4 1749 2442 2443 2476
2 4 1749 2475 2442 2476
2 4 1750 1751 1784 2477
2 4 1750 2444 1751 2477
2 4 1750 1784 1783 2477
2 4 1750 1783 2476 2477
2 4 1750 2443 2444 2477
2 4 1750 2476 2443 2477
2 4 1751 1752 1785 2478
2 4 1751 2445 1752 2478
2 4 1751 1785 1784 2478
2 4 1751 1784 2477 2478
2 4 1751 2444 2445 2478
2 4 1751 2477 2444 2478
2 4 1752 1753 1786 2479
2 4 1752 2446 1753 2479
2 4 1752 1786 1785 2479
2 4 1752 1785 2478 2479
2 4 1752 2445 2446 2479
2 4 1752 2478 2445 2479
2 4 1753 1754 1787 2480
2 4 1753 2447 1754 2480
2 4 1753 1787 1786 2480
2 4 1753 1786 2479 2480
2 4 1753 2446 2447 2480
2 4 1753 2479 2446 2480
2 4 1754 1755 1788 2481
2 4 1754 2448 1755 2481
2 4 1754 1788 1787 2481
2 4 1754 1787 2480 2481
2 4 1754 2447 2448 2481
2 4 1754 2480 2447 2481
2 4 1755 1756 1789 2482
2 4 1755 2449 1756 2482
2 4 1755 1789 1788 2482
2 4 1755 1788 2481 2482
2 4 1755 2448 2449 2482
2 4 1755 2481 2448 2482
2 4 1756 1757 1790 2483
2 4 1756 2450 1757 2483
2 4 1756 1790 1789 2483
2 4 1756 1789 2482 2483
2 4 1756 2449 2450 2483
2 4 1756 2482 2449 2483
2 4 1757 1758 1791 2484
2 4 1757 2451 1758 2484
2 4 1757 1791 1790 2484
2 4 1757 1790 2483 2484
2 4 1757 2450 2451 2484
2 4 1757 2483 2450 2484
2 4 1758 1759 1792 2485
2 4 1758 2452 1759 2485
2 4 1758 1792 1791 2485
2 4 1758 1791 2484 2485
2 4 1758 2451 2452 2485
2 4 1758 2484 2451 2485
2 4 1759 1760 1793 2486
2 4 1759 2453 1760 2486
2 4 1759 1793 1792 2486
2 4 1759 1792 2485 2486
2 4 1759 2452 2453 2486
2 4 1759 2485 2452 2486
2 4 1760 1761 1794 2487
2 4 1760 2454 1761 2487
2 4 1760 1794 1793 2487
2 4 1760 1793 2486 2487
2 4 1760 2453 2454 2487
2 4 1760 2486 2453 2487
2 4 1761 1762 1795 2488
2 4 1761 2455 1762 2488
2 4 1761 1795 1794 2488
2 4 1761 1794 2487 2488
2 4 1761 2454 2455 2488
2 4 1761 2487 2454 2488
2 4 1762 1763 1796 2489
2 4 1762 2456 1763 2489
2 4 1762 1796 1795 2489
2 4 1762 1795 2488 2489
2 4 1762 2455 2456 2489
2 4 1762 2488 2455 2489
2 4 1763 1764 1797 2490
2 4 1763 2457 1764 2490
2 4 1763 1797 1796 2490
2 4 1763 1796 2489 2490
2 4 1763 2456 2457 2490
2 4 1763 2489 2456 2490
2 4 1764 1765 1798 2491
2 4 1764 2458 1765 2491
2 4 1764 1798 1797 2491
2 4 1764 1797 2490 2491
2 4 1764 2457 2458 2491
2 4 1764 2490 2457 2491
2 4 1765 1766 1799 2492
2 4 1765 2459 1766 2492
2 4 1765 1799 1798 2492
2 4 1765 1798 2491 2492
2 4 1765 2458 2459 2492
2 4 1765 2491 2458 2492
2 4 1766 1767 1800 2493
2 4 1766 2460 1767 2493
2 4 1766 1800 1799 2493
2 4 1766 1799 2492 2493
2 4 1766 2459 2460 2493
2 4 1766 2492 2459 2493
2 4 1767 1768 1801 2494
2 4 1767 2461 1768 2494
2 4 1767 1801 1800 2494
2 4 1767 1800 2493 2494
2 4 1767 2460 2461 2494
2 4 1767 2493 2460 2494
2 4 1768 1769 1802 2495
2 4 1768 2462 1769 2495
2 4 1768 1802 1801 2495
2 4 1768 1801 2494 2495
2 4 1768 2461 2462 2495
2 4 1768 2494 2461 2495
2 4 1769 1770 1803 2496
2 4 1769 2463 1770 2496
2 4 1769 1803 1802 2496
2 4 1769 1802 2495 2496
2 4 1769 2462 2463 2496
2 4 1769 2495 2462 2496
2 4 1770 1771 1804 2497
2 4 1770 2464 1771 2497
2 4 1770 1804 1803 2497
2 4 1770 1803 2496 2497
2 4 1770 2463 2464 2497
2 4 1770 2496 2463 2497
2 4 1771 1772 1805 2498
2 4 1771 2465 1772 2498
2 4 1771 1805 1804 2498
2 4 1771 1804 2497 2498
2 4 1771 2464 2465 2498
2 4 1771 2497 2464 2498
2 4 1772 1773 1806 2499
2 4 1772 2466 1773 2499
2 4 1772 1806 1805 2499
2 4 1772 1805 2498 2499
2 4 1772 2465 2466 2499
2 4 1772 2498 2465 2499
2 4 1773 1774 1807 2500
2 4 1773 2467 1774 2500
2 4 1773 1807 1806 2500
2 4 1773 1806 2499 2500
2 4 1773 2466 2467 2500
2 4 1773 2499 2466 2500
2 4 1774 1775 1808 2501
2 4 1774 2468 1775 2501
2 4 1774 1808 1807 2501
2 4 1774 1807 2500 2501
2 4 1774 2467 2468 2501
2 4 1774 2500 2467 2501
2 4 1775 1776 1809 2502
2 4 1775 2469 1776 2502
2 4 1775 1809 1808 2502
2 4 1775 1808 2501 2502
2 4 1775 2468 2469 2502
2 4 1775 2501 2468 2502
2 4 1776 1777 1810 2503
2 4 1776 2470 1777 2503
2 4 1776 1810 1809 2503
2 4 1776 1809 2502 2503
2 4 1776 2469 2470 2503
2 4 1776 2502 2469 2503
2 4 1777 1778 1811 2504
2 4 1777 2471 1778 2504
2 4 1777 1811 1810 2504
2 4 1777 1810 2503 2504
2 4 1777 2470 2471 2504
2 4 1777 2503 2470 2504
2 4 1778 1779 1812 2505
2 4 1778 2472 1779 2505
2 4 1778 1812 1811 2505
2 4 1778 1811 2504 2505
2 4 1778 2471 2472 2505
2 4 1778 2504 2471 2505
2 4 1779 1780 1813 2506
2 4 1779 2473 1780 2506
2 4 1779 1813 1812 2506
2 4 1779 1812 2505 2506
2 4 1779 2472 2473 2506
2 4 1779 2505 2472 2506
2 4 1780 1781 1814 2507
2 4 1780 2474 1781 2507
2 4 1780 1814 1813 2507
2 4 1780 1813 2506 2507
2 4 1780 2473 2474 2507
2 4 1780 2506 2473 2507
2 4 1782 1783 1816 2509
2 4 1782 2476 1783 2509
2 4 1782 1816 1815 2509
2 4 1782 1815 2508 2509
2 4 1782 2475 2476 2509
2 4 1782 2508 2475 2509
2 4 1783 1784 1817 2510
2 4 1783 2477 1784 2510
2 4 1783 1817 1816 2510
2 4 1783 1816 2509 2510
2 4 1783 2476 2477 2510
2 4 1783 2509 2476 2510
2 4 1784 1785 1818 2511
2 4 1784 2478 1785 2511
2 4 1784 1818 1817 2511
2 4 1784 1817 2510 2511
2 4 1784 2477 2478 2511
2 4 1784 2510 2477 2511
2 4 1785 1786 1819 2512
2 4 1785 2479 1786 2512
2 4 1785 1819 1818 2512
2 4 1785 1818 2511 2512
2 4 1785 2478 2479 2512
2 4 1785 2511 2478 2512
2 4 1786 1787 1820 2513
2 4 1786 2480 1787 2513
2 4 1786 1820 1819 2513
2 4 1786 1819 2512 2513
2 4 1786 2479 2480 2513
2 4 1786 2512 2479 2513
2 4 1787 1788 1821 2514
2 4 1787 2481 1788 2514
2 4 1787 1821 1820 2514
2 4 1787 1820 2513 2514
2 4 1787 2480 2481 2514
2 4 1787 2513 2480 2514
2 4 1788 1789 1822 2515
2 4 1788 2482 1789 2515
2 4 1788 1822 1821 2515
2 4 1788 1821 2514 2515
2 4 1788 2481 2482 2515
2 4 1788 2514 2481 2515
2 4 1789 1790 1823 2516
2 4 1789 2483 1790 2516
2 4 1789 1823 1822 2516
2 4 1789 1822 2515 2516
2 4 1789 2482 2483 2516
2 4 1789 2515 2482 2516
2 4 1790 1791 1824 2517
2 4 1790 2484 1791 2517
2 4 1790 1824 1823 2517
2 4 1790 1823 2516 2517
2 4 1790 2483 2484 2517
2 4 1790 2516 2483 2517
2 4 1791 1792 1825 2518
2 4 1791 2485 1792 2518
2 4 1791 1825 1824 2518
2 4 1791 1824 2517 2518
2 4 1791 2484 2485 2518
2 4 1791 2517 2484 2518
2 4 1792 1793 1826 2519
2 4 1792 2486 1793 2519
2 4 1792 1826 1825 2519
2 4 1792 1825 2518 2519
2 4 1792 2485 2486 2519
2 4 1792 2518 2485 2519
2 4 1793 1794 1827 2520
2 4 1793 2487 1794 2520
2 4 1793 1827 1826 2520
2 4 1793 1826 2519 2520
2 4 1793 2486 2487 2520
2 4 1793 2519 2486 2520
2 4 1794 1795 1828 2521
2 4 1794 2488 1795 2521
2 4 1794 1828 1827 2521
2 4 1794 1827 2520 2521
2 4 1794 2487 2488 2521
2 4 1794 2520 2487 2521
2 4 1795 1796 1829 2522
2 4 1795 2489 1796 2522
2 4 1795 1829 1828 2522
2 4 1795 1828 2521 2522
2 4 1795 2488 2489 2522
2 4 1795 2521 2488 2522
2 4 1796 1797 1830 2523
2 4 1796 2490 1797 2523
2 4 1796 1830 1829 2523
2 4 1796 1829 2522 2523
2 4 1796 2489 2490 2523
2 4 1796 2522 2489 2523
2 4 1797 1798 1831 2524
2 4 1797 2491 1798 2524
2 4 1797 1831 1830 2524
2 4 1797 1830 2523 2524
2 4 1797 2490 2491 2524
2 4 1797 2523 2490 2524
2 4 1798 1799 1832 2525
2 4 1798 2492 1799 2525
2 4 1798 1832 1831 2525
2 4 1798 1831 2524 2525
2 4 1798 2491 2492 2525
2 4 1798 2524 2491 2525
2 4 1799 1800 1833 2526
2 4 1799 2493 1800 2526
2 4 1799 1833 1832 2526
2 4 1799 1832 2525 2526
2 4 1799 2492 2493 2526
2 4 1799 2525 2492 2526
2 4 1800 1801 1834 2527
2 4 1800 2494 1801 2527
2 4 1800 1834 1833 2527
2 4 1800 1833 2526 2527
2 4 1800 2493 2494 2527
2 4 1800 2526 2493 2527
2 4 1801 1802 1835 2528
2 4 1801 2495 1802 2528
2 4 1801 1835 1834 2528
2 4 1801 1834 2527 2528
2 4 1801 2494 2495 2528
2 4 1801 2527 2494 2528
2 4 1802 1803 1836 2529
2 4 1802 2496 1803 2529
2 4 1802 1836 1835 2529
2 4 1802 1835 2528 2529
2 4 1802 2495 2496 2529
2 4 1802 2528 2495 2529
2 4 1803 1804 1837 2530
2 4 1803 2497 1804 2530
2 4 1803 1837 1836 2530
2 4 1803 1836 2529 2530
2 4 1803 2496 2497 2530
2 4 1803 2529 2496 2530
2 4 1804 1805 1838 2531
2 4 1804 2498 1805 2531
2 4 1804 1838 1837 2531
2 4 1804 1837 2530 2531
2 4 1804 2497 2498 2531
2 4 1804 2530 2497 2531
2 4 1805 1806 1839 2532
2 4 1805 2499 1806 2532
2 4 1805 1839 1838 2532
2 4 1805 1838 2531 2532
2 4 1805 2498 2499 2532
2 4 1805 2531 2498 2532
2 4 1806 1807 1840 2533
2 4 1806 2500 1807 2533
2 4 1806 1840 1839 2533
2 4 1806 1839 2532 2533
2 4 1806 2499 2500 2533
2 4 1806 2532 2499 2533
2 4 1807 1808 1841 2534
2 4 1807 2501 1808 2534
2 4 1807 1841 1840 2534
2 4 1807 1840 2533 2534
2 4 1807 2500 2501 2534
2 4 1807 2533 2500 2534
2 4 1808 1809 1842 2535
2 4 1808 2502 1809 2535
2 4 1808 1842 1841 2535
2 4 1808 1841 2534 2535
2 4 1808 2501 2502 2535
2 4 1808 2534 2501 2535
2 4 1809 1810 1843 2536
2 4 1809 2503 1810 2536
2 4 1809 1843 1842 2536
2 4 1809 1842 2535 2536
2 4 1809 2502 2503 2536
2 4 1809 2535 2502 2536
2 4 1810 1811 1844 2537
2 4 1810 2504 1811 2537
2 4 1810 1844 1843 2537
2 4 1810 1843 2536 2537
2 4 1810 2503 2504 2537
2 4 1810 2536 2503 2537
2 4 1811 1812 1845 2538
2 4 1811 2505 1812 2538
2 4 1811 1845 1844 2538
2 4 1811 1844 2537 2538
2 4 1811 2504 2505 2538
2 4 1811 2537 2504 2538
2 4 1812 1813 1846 2539
2 4 1812 2506 1813 2539
2 4 1812 1846 1845 2539
2 4 1812 1845 2538 2539
2 4 1812 2505 2506 2539
2 4 1812 2538 2505 2539
2 4 1813 1814 1847 2540
2 4 1813 2507 1814 2540
2 4 1813 1847 1846 2540
2 4 1813 1846 2539 2540
2 4 1813 2506 2507 2540
2 4 1813 2539 2506 2540
2 4 1815 1816 1849 2542
2 4 1815 2509 1816 2542
2 4 1815 1849 1848 2542
2 4 1815 1848 2541 2542
2 4 1815 2508 2509 2542
2 4 1815 2541 2508 2542
2 4 1816 1817 1850 2543
2 4 1816 2510 1817 2543
2 4 1816 1850 1849 2543
2 4 1816 1849 2542 2543
2 4 1816 2509 2510 2543
2 4 1816 2542 2509 2543
2 4 1817 1818 1851 2544
2 4 1817 2511 1818 2544
2 4 1817 1851 1850 2544
2 4 1817 1850 2543 2544
2 4 1817 2510 2511 2544
2 4 1817 2543 2510 2544
2 4 1818 1819 1852 2545
2 4 1818 2512 1819 2545
2 4 1818 1852 1851 2545
2 4 1818 1851 2544 2545
2 4 1818 2511 2512 2545
2 4 1818 2544 2511 2545
2 4 1819 1820 1853 2546
2 4 1819 2513 1820 2546
2 4 1819 1853 1852 2546
2 4 1819 1852 2545 2546
2 4 1819 2512 2513 2546
2 4 1819 2545 2512 2546
2 4 1820 1821 1854 2547
2 4 1820 2514 1821 2547
2 4 1820 1854 1853 2547
2 4 1820 1853 2546 2547
2 4 1820 2513 2514 2547
2 4 1820 2546 2513 2547
2 4 1821 1822 1855 2548
2 4 1821 2515 1822 2548
2 4 1821 1855 1854 2548
2 4 1821 1854 2547 2548
2 4 1821 2514 2515 2548
2 4 1821 2547 2514 2548
2 4 1822 1823 1856 2549
2 4 1822 2516 1823 2549
2 4 1822 1856 1855 2549
2 4 1822 1855 2548 2549
2 4 1822 2515 2516 2549
2 4 1822 2548 2515 2549
2 4 1823 1824 1857 2550
2 4 1823 2517 1824 2550
2 4 1823 1857 1856 2550
2 4 1823 1856 2549 2550
2 4 1823 2516 2517 2550
2 4 1823 2549 2516 2550
2 4 1824 1825 1858 2551
2 4 1824 2518 1825 2551
2 4 1824 1858 1857 2551
2 4 1824 1857 2550 2551
2 4 1824 2517 2518 2551
2 4 1824 2550 2517 2551
2 4 1825 1826 1859 2552
2 4 1825 2519 1826 2552
2 4 1825 1859 1858 2552
2 4 1825 1858 2551 2552
2 4 1825 2518 2519 2552
2 4 1825 2551 2518 2552
2 4 1826 1827 1860 2553
2 4 1826 2520 1827 2553
2 4 1826 1860 1859 2553
2 4 1826 1859 2552 2553
2 4 1826 2519 2520 2553
2 4 1826 2552 2519 2553
2 4 1827 1828 1861 2554
2 4 1827 2521 1828 2554
2 4 1827 1861 1860 2554
2 4 1827 1860 2553 2554
2 4 1827 2520 2521 2554
2 4 1827 2553 2520 2554
2 4 1828 1829 1862 2555
2 4 1828 2522 1829 2555
2 4 1828 1862 1861 2555
2 4 1828 1861 2554 2555
2 4 1828 2521 2522 2555
2 4 1828 2554 2521 2555
2 4 1829 1830 1863 2556
2 4 1829 2523 1830 2556
2 4 1829 1863 1862 2556
2 4 1829 1862 2555 2556
2 4 1829 2522 2523 2556
2 4 1829 2555 2522 2556
2 4 1830 1831 1864 2557
2 4 1830 2524 1831 2557
2 4 1830 1864 1863 2557
2 4 1830 1863 2556 2557
2 4 1830 2523 2524 2557
2 4 1830 2556 2523 2557
2 4 1831 1832 1865 2558
2 4 1831 2525 1832 2558
2 4 1831 1865 1864 2558
2 4 1831 1864 2557 2558
2 4 1831 2524 2525 2558
2 4 1831 2557 2524 2558
2 4 1832 1833 1866 2559
2 4 1832 2526 1833 2559
2 4 1832 1866 1865 2559
2 4 1832 1865 2558 2559
2 4 1832 2525 2526 2559
2 4 1832 2558 2525 2559
2 4 1833 1834 1867 2560
2 4 1833 2527 1834 2560
2 4 1833 1867 1866 2560
2 4 1833 1866 2559 2560
2 4 1833 2526 2527 2560
2 4 1833 2559 2526 2560
2 4 1834 1835 1868 2561
2 4 1834 2528 1835 2561
2 4 1834 1868 1867 2561
2 4 1834 1867 2560 2561
2 4 1834 2527 2528 2561
2 4 1834 2560 2527 2561
2 4 1835 1836 1869 2562
2 4 1835 2529 1836 2562
2 4 1835 1869 1868 2562
2 4 1835 1868 2561 2562
2 4 1835 2528 2529 2562
2 4 1835 2561 2528 2562
2 4 1836 1837 1870 2563
2 4 1836 2530 1837 2563
2 4 1836 1870 1869 2563
2 4 1836 1869 2562 2563
2 4 1836 2529 2530 2563
2 4 1836 2562 2529 2563
2 4 1837 1838 1871 2564
2 4 1837 2531 1838 2564
2 4 1837 1871 1870 2564
2 4 1837 1870 2563 2564
2 4 1837 2530 2531 2564
2 4 1837 2563 2530 2564
2 4 1838 1839 1872 2565
2 4 1838 2532 1839 2565
2 4 1838 1872 1871 2565
2 4 1838 1871 2564 2565
2 4 1838 2531 2532 2565
2 4 1838 2564 2531 2565
2 4 1839 1840 1873 2566
2 4 1839 2533 1840 2566
2 4 1839 1873 1872 2566
2 4 1839 1872 2565 2566
2 4 1839 2532 2533 2566
2 4 1839 2565 2532 2566
2 4 1840 1841 1874 2567
2 4 1840 2534 1841 2567
2 4 1840 1874 1873 2567
2 4 1840 1873 2566 2567
2 4 1840 2533 2534 2567
2 4 1840 2566 2533 2567
2 4 1841 1842 1875 2568
2 4 1841 2535 1842 2568
2 4 1841 1875 1874 2568
2 4 1841 1874 2567 2568
2 4 1841 2534 2535 2568
2 4 1841 2567 2534 2568
2 4 1842 1843 1876 2569
2 4 1842 2536 1843 2569
2 4 1842 1876 1875 2569
2 4 1842 1875 2568 2569
2 4 1842 2535 2536 2569
2 4 1842 2568 2535 2569
2 4 1843 1844 1877 2570
2 4 1843 2537 1844 2570
2 4 1843 1877 1876 2570
2 4 1843 1876 2569 2570
2 4 1843 2536 2537 2570
2 4 1843 2569 2536 2570
2 4 1844 1845 1878 2571
2 4 1844 2538 1845 2571
2 4 1844 1878 1877 2571
2 4 1844 1877 2570 2571
2 4 1844 2537 2538 2571
2 4 1844 2570 2537 2571
2 4 1845 1846 1879 2572
2 4 1845 2539 1846 2572
2 4 1845 1879 1878 2572
2 4 1845 1878 2571 2572
2 4 1845 2538 2539 2572
2 4 1845 2571 2538 2572
2 4 1846 1847 1880 2573
2 4 1846 2540 1847 2573
2 4 1846 1880 1879 2573
2 4 1846 1879 2572 2573
2 4 1846 2539 2540 2573
2 4 1846 2572 2539 2573
2 4 1848 1849 1882 2575
2 4 1848 2542 1849 2575
2 4 1848 1882 1881 2575
2 4 1848 1881 2574 2575
2 4 1848 2541 2542 2575
2 4 1848 2574 2541 2575
2 4 1849 1850 1883 2576
2 4 1849 2543 1850 2576
2 4 1849 1883 1882 2576
2 4 1849 1882 2575 2576
2 4 1849 2542 2543 2576
2 4 1849 2575 2542 2576
2 4 1850 1851 1884 2577
2 4 1850 2544 1851 2577
2 4 1850 1884 1883 2577
2 4 1850 1883 2576 2577
2 4 1850 2543 2544 2577
2 4 1850 2576 2543 2577
2 4 1851 1852 1885 2578
2 4 1851 2545 1852 2578
2 4 1851 1885 1884 2578
2 4 1851 1884 2577 2578
2 4 1851 2544 2545 2578
2 4 1851 2577 2544 2578
2 4 1852 1853 1886 2579
2 4 1852 2546 1853 2579
2 4 1852 1886 1885 2579
2 4 1852 1885 2578 2579
2 4 1852 2545 2546 2579
2 4 1852 2578 2545 2579
2 4 1853 1854 1887 2580
2 4 1853 2547 1854 2580
2 4 1853 1887 1886 2580
2 4 1853 1886 2579 2580
2 4 1853 2546 2547 2580
2 4 1853 2579 2546 2580
2 4 1854 1855 1888 2581
2 4 1854 2548 1855 2581
2 4 1854 1888 1887 2581
2 4 1854 1887 2580 2581
2 4 1854 2547 2548 2581
2 4 1854 2580 2547 2581
2 4 1855 1856 1889 2582
2 4 1855 2549 1856 2582
2 4 1855 1889 1888 2582
2 4 1855 1888 2581 2582
2 4 1855 2548 2549 2582
2 4 1855 2581 2548 2582
2 4 1856 1857 1890 2583
2 4 1856 2550 1857 2583
2 4 1856 1890 1889 2583
2 4 1856 1889 2582 2583
2 4 1856 2549 2550 2583
2 4 1856 2582 2549 2583
2 4 1857 1858 1891 2584
2 4 1857 2551 1858 2584
2 4 1857 1891 1890 2584
2 4 1857 1890 2583 2584
2 4 1857 2550 2551 2584
2 4 1857 2583 2550 2584
2 4 1858 1859 1892 2585
2 4 1858 2552 1859 2585
2 4 1858 1892 1891 2585
2 4 1858 1891 2584 2585
2 4 1858 2551 2552 2585
2 4 1858 2584 2551 2585
2 4 1859 1860 1893 2586
2 4 1859 2553 1860 2586
2 4 1859 1893 1892 2586
2 4 1859 1892 2585 2586
2 4 1859 2552 2553 2586
2 4 1859 2585 2552 2586
2 4 1860 1861 1894 2587
2 4 1860 2554 1861 2587
2 4 1860 1894 1893 2587
2 4 1860 1893 2586 2587
2 4 1860 2553 2554 2587
2 4 1860 2586 2553 2587
2 4 1861 1862 1895 2588
2 4 1861 2555 1862 2588
2 4 1861 1895 1894 2588
2 4 1861 1894 2587 2588
2 4 1861 2554 2555 2588
2 4 1861 2587 2554 2588
2 4 1862 1863 1896 2589
2 4 1862 2556 1863 2589
2 4 1862 1896 1895 2589
2 4 1862 1895 2588 2589
2 4 1862 2555 2556 2589
2 4 1862 2588 2555 2589
2 4 1863 1864 1897 2590
2 4 1863 2557 1864 2590
2 4 1863 1897 1896 2590
2 4 1863 1896 2589 2590
2 4 1863 2556 2557 2590
2 4 1863 2589 2556 2590
2 4 1864 1865 1898 2591
2 4 1864 2558 1865 2591
2 4 1864 1898 1897 2591
2 4 1864 1897 2590 2591
2 4 1864 2557 2558 2591
2 4 1864 2590 2557 2591
2 4 1865 1866 1899 2592
2 4 1865 2559 1866 2592
2 4 1865 1899 1898 2592
2 4 1865 1898 2591 2592
2 4 1865 2558 2559 2592
2 4 1865 2591 2558 2592
2 4 1866 1867 1900 2593
2 4 1866 2560 1867 2593
2 4 1866 1900 1899 2593
2 4 1866 1899 2592 2593
2 4 1866 2559 2560 2593
2 4 1866 2592 2559 2593
2 4 1867 1868 1901 2594
2 4 1867 2561 1868 2594
2 4 1867 1901 1900 2594
2 4 1867 1900 2593 2594
2 4 1867 2560 2561 2594
2 4 1867 2593 2560 2594
2 4 1868 1869 1902 2595
2 4 1868 2562 1869 2595
2 4 1868 1902 1901 2595
2 4 1868 1901 2594 2595
2 4 1868 2561 2562 2595
2 4 1868 2594 2561 2595
2 4 1869 1870 1903 2596
2 4 1869 2563 1870 2596
2 4 1869 1903 1902 2596
2 4 1869 1902 2595 2596
2 4 1869 2562 2563 2596
2 4 1869 2595 2562 2596
2 4 1870 1871 1904 2597
2 4 1870 2564 1871 2597
2 4 1870 1904 1903 2597
2 4 1870 1903 2596 2597
2 4 1870 2563 2564 2597
2 4 1870 2596 2563 2597
2 4 1871 1872 1905 2598
2 4 1871 2565 1872 2598
2 4 1871 1905 1904 2598
2 4 1871 1904 2597 2598
2 4 1871 2564 2565 2598
2 4 1871 2597 2564 2598
2 4 1872 1873 1906 2599
2 4 1872 2566 1873 2599
2 4 1872 1906 1905 2599
2 4 1872 1905 2598 2599
2 4 1872 2565 2566 2599
2 4 1872 2598 2565 2599
2 4 1873 1874 1907 2600
2 4 1873 2567 1874 2600
2 4 1873 1907 1906 2600
2 4 1873 1906 2599 2600
2 4 1873 2566 2567 2600
2 4 1873 2599 2566 2600
2 4 1874 1875 1908 2601
2 4 1874 2568 1875 2601
2 4 1874 1908 1907 2601
2 4 1874 1907 2600 2601
2 4 1874 2567 2568 2601
2 4 1874 2600 2567 2601
2 4 1875 1876 1909 2602
2 4 1875 2569 1876 2602
2 4 1875 1909 1908 2602
2 4 1875 1908 2601 2602
2 4 1875 2568 2569 2602
2 4 1875 2601 2568 2602
2 4 1876 1877 1910 2603
2 4 1876 2570 1877 2603
2 4 1876 1910 1909 2603
2 4 1876 1909 2602 2603
2 4 1876 2569 2570 2603
2 4 1876 2602 2569 2603
2 4 1877 1878 1911 2604
2 4 1877 2571 1878 2604
2 4 1877 1911 1910 2604
2 4 1877 1910 2603 2604
2 4 1877 2570 2571 2604
2 4 1877 2603 2570 2604
2 4 1878 1879 1912 2605
2 4 1878 2572 1879 2605
2 4 1878 1912 1911 2605
2 4 1878 1911 2604 2605
2 4 1878 2571 2572 2605
2 4 1878 2604 2571 2605
2 4 1879 1880 1913 2606
2 4 1879 2573 1880 2606
2 4 1879 1913 1912 2606
2 4 1879 1912 2605 2606
2 4 1879 2572 2573 2606
2 4 1879 2605 2572 2606
2 4 1881 1882 1915 2608
2 4 1881 2575 1882 2608
2 4 1881 1915 1914 2608
2 4 1881 1914 2607 2608
2 4 1881 2574 2575 2608
2 4 1881 2607 2574 2608
2 4 1882 1883 1916 2609
2 4 1882 2576 1883 2609
2 4 1882 1916 1915 2609
2 4 1882 1915 2608 2609
2 4 1882 2575 2576 2609
2 4 1882 2608 2575 2609
2 4 1883 1884 1917 2610
2 4 1883 2577 1884 2610
2 4 1883 1917 1916 2610
2 4 1883 1916 2609 2610
2 4 1883 2576 2577 2610
2 4 1883 2609 2576 2610
2 4 1884 1885 1918 2611
2 4 1884 2578 1885 2611
2 4 1884 1918 1917 2611
2 4 1884 1917 2610 2611
2 4 1884 2577 2578 2611
2 4 1884 2610 2577 2611
2 4 1885 1886 1919 2612
2 4 1885 2579 1886 2612
2 4 1885 1919 1918 2612
2 4 1885 1918 2611 2612
2 4 1885 2578 2579 2612
2 4 1885 2611 2578 2612
2 4 1886 1887 1920 2613
2 4 1886 2580 1887 2613
2 4 1886 1920 1919 2613
2 4 1886 1919 2612 2613
2 4 1886 2579 2580 2613
2 4 1886 2612 2579 2613
2 4 1887 1888 1921 2614
2 4 1887 2581 1888 2614
2 4 1887 1921 1920 2614
2 4 1887 1920 2613 2614
2 4 1887 2580 2581 2614
2 4 1887 2613 2580 2614
2 4 1888 1889 1922 2615
2 4 1888 2582 1889 2615
2 4 1888 1922 1921 2615
2 4 1888 1921 2614 2615
2 4 1888 2581 2582 2615
2 4 1888 2614 2581 2615
2 4 1889 1890 1923 2616
2 4 1889 2583 1890 2616
2 4 1889 1923 1922 2616
2 4 1889 1922 2615 2616
2 4 1889 2582 2583 2616
2 4 1889 2615 2582 2616
2 4 1890 1891 1924 2617
2 4 1890 2584 1891 2617
2 4 1890 1924 1923 2617
2 4 1890 1923 2616 2617
2 4 1890 2583 2584 2617
2 4 1890 2616 2583 2617
2 4 1891 1892 1925 2618
2 4 1891 2585 1892 2618
2 4 1891 1925 1924 2618
2 4 1891 1924 2617 2618
2 4 1891 2584 2585 2618
2 4 1891 2617 2584 2618
2 4 1892 1893 1926 2619
2 4 1892 2586 1893 2619
2 4 1892 1926 1925 2619
2 4 1892 1925 2618 2619
2 4 1892 2585 2586 2619
2 4 1892 2618 2585 2619
2 4 1893 1894 1927 2620
2 4 1893 2587 1894 2620
2 4 1893 1927 1926 2620
2 4 1893 1926 2619 2620
2 4 1893 2586 2587 2620
2 4 1893 2619 2586 2620
2 4 1894 1895 1928 2621
2 4 1894 2588 1895 2621
2 4 1894 1928 1927 2621
2 4 1894 1927 2620 2621
2 4 1894 2587 2588 2621
2 4 1894 2620 2587 2621
2 4 1895 1896 1929 2622
2 4 1895 2589 1896 2622
2 4 1895 1929 1928 2622
2 4 1895 1928 2621 2622
2 4 1895 2588 2589 2622
2 4 1895 2621 2588 2622
2 4 1896 1897 1930 2623
2 4 1896 2590 1897 2623
2 4 1896 1930 1929 2623
2 4 1896 1929 2622 2623
2 4 1896 2589 2590 2623
2 4 1896 2622 2589 2623
2 4 1897 1898 1931 2624
2 4 1897 2591 1898 2624
2 4 1897 1931 1930 2624
2 4 1897 1930 2623 2624
2 4 1897 2590 2591 2624
2 4 1897 2623 2590 2624
2 4 1898 1899 1932 2625
2 4 1898 2592 1899 2625
2 4 1898 1932 1931 2625
2 4 1898 1931 2624 2625
2 4 1898 2591 2592 2625
2 4 1898 2624 2591 2625
2 4 1899 1900 1933 2626
2 4 1899 2593 1900 2626
2 4 1899 1933 1932 2626
2 4 1899 1932 2625 2626
2 4 1899 2592 2593 2626
2 4 1899 2625 2592 2626
2 4 1900 1901 1934 2627
2 4 1900 2594 1901 2627
2 4 1900 1934 1933 2627
2 4 1900 1933 2626 2627
2 4 1900 2593 2594 2627
2 4 1900 2626 2593 2627
2 4 1901 1902 1935 2628
2 4 1901 2595 1902 2628
2 4 1901 1935 1934 2628
2 4 1901 1934 2627 2628
2 4 1901 2594 2595 2628
2 4 1901 2627 2594 2628
2 4 1902 1903 1936 2629
2 4 1902 2596 1903 2629
2 4 1902 1936 1935 2629
2 4 1902 1935 2628 2629
2 4 1902 2595 2596 2629
2 4 1902 2628 2595 2629
2 4 1903 1904 1937 2630
2 4 1903 2597 1904 2630
2 4 1903 1937 1936 2630
2 4 1903 1936 2629 2630
2 4 1903 2596 2597 2630
2 4 1903 2629 2596 2630
2 4 1904 1905 1938 2631
2 4 1904 2598 1905 2631
2 4 1904 1938 1937 2631
2 4 1904 1937 2630 2631
2 4 1904 2597 2598 2631
2 4 1904 2630 2597 2631
2 4 1905 1906 1939 2632
2 4 1905 2599 1906 2632
2 4 1905 1939 1938 2632
2 4 1905 1938 2631 2632
2 4 1905 2598 2599 2632
2 4 1905 2631 2598 2632
2 4 1906 1907 1940 2633
2 4 1906 2600 1907 2633
2 4 1906 1940 1939 2633
2 4 1906 1939 2632 2633
2 4 1906 2599 2600 2633
2 4 1906 2632 2599 2633
2 4 1907 1908 1941 2634
2 4 1907 2601 1908 2634
2 4 1907 1941 1940 2634
2 4 1907 1940 2633 2634
2 4 1907 2600 2601 2634
2 4 1907 2633 2600 2634
2 4 1908 1909 1942 2635
2 4 1908 2602 1909 2635
2 4 1908 1942 1941 2635
2 4 1908 1941 2634 2635
2 4 1908 2601 2602 2635
2 4 1908 2634 2601 2635
2 4 1909 1910 1943 2636
2 4 1909 2603 1910 2636
2 4 1909 1943 1942 2636
2 4 1909 1942 2635 2636
2 4 1909 2602 2603 2636
2 4 1909 2635 2602 2636
2 4 1910 1911 1944 2637
2 4 1910 2604 1911 2637
2 4 1910 1944 1943 2637
2 4 1910 1943 2636 2637
2 4 1910 2603 2604 2637
2 4 1910 2636 2603 2637
2 4 1911 1912 1945 2638
2 4 1911 2605 1912 2638
2 4 1911 1945 1944 2638
2 4 1911 1944 2637 2638
2 4 1911 2604 2605 2638
2 4 1911 2637 2604 2638
2 4 1912 1913 1946 2639
2 4 1912 2606 1913 2639
2 4 1912 1946 1945 2639
2 4 1912 1945 2638 2639
2 4 1912 2605 2606 2639
2 4 1912 2638 2605 2639
2 4 1914 1915 1948 2641
2 4 1914 2608 1915 2641
2 4 1914 1948 1947 2641
2 4 1914 1947 2640 2641
2 4 1914 2607 2608 2641
2 4 1914 2640 2607 2641
2 4 1915 1916 1949 2642
2 4 1915 2609 1916 2642
2 4 1915 1949 1948 2642
2 4 1915 1948 2641 2642
2 4 1915 2608 2609 2642
2 4 1915 2641 2608 2642
2 4 1916 1917 1950 2643
2 4 1916 2610 1917 2643
2 4 1916 1950 1949 2643
2 4 1916 1949 2642 2643
2 4 1916 2609 2610 2643
2 4 1916 2642 2609 2643
2 4 1917 1918 1951 2644
2 4 1917 2611 1918 2644
2 4 1917 1951 1950 2644
2 4 1917 1950 2643 2644
2 4 1917 2610 2611 2644
2 4 1917 2643 2610 2644
2 4 1918 1919 1952 2645
2 4 1918 2612 1919 2645
2 4 1918 1952 1951 2645
2 4 1918 1951 2644 2645
2 4 1918 2611 2612 2645
2 4 1918 2644 2611 2645
2 4 1919 1920 1953 2646
2 4 1919 2613 1920 2646
2 4 1919 1953 1952 2646
2 4 1919 1952 2645 2646
2 4 1919 2612 2613 2646
2 4 1919 2645 2612 2646
2 4 1920 1921 1954 2647
2 4 1920 2614 1921 2647
2 4 1920 1954 1953 2647
2 4 1920 1953 2646 2647
2 4 1920 2613 2614 2647
2 4 1920 2646 2613 2647
2 4 1921 1922 1955 2648
2 4 1921 2615 1922 2648
2 4 1921 1955 1954 2648
2 4 1921 1954 2647 2648
2 4 1921 2614 2615 2648
2 4 1921 2647 2614 2648
2 4 1922 1923 1956 2649
2 4 1922 2616 1923 2649
2 4 1922 1956 1955 2649
2 4 1922 1955 2648 2649
2 4 1922 2615 2616 2649
2 4 1922 2648 2615 2649
2 4 1923 1924 1957 2650
2 4 1923 2617 1924 2650
2 4 1923 1957 1956 2650
2 4 1923 1956 2649 2650
2 4 1923 2616 2617 2650
2 4 1923 2649 2616 2650
2 4 1924 1925 1958 2651
2 4 1924 2618 1925 2651
2 4 1924 1958 1957 2651
2 4 1924 1957 2650 2651
2 4 1924 2617 2618 2651
2 4 1924 2650 2617 2651
2 4 1925 1926 1959 2652
2 4 1925 2619 1926 2652
2 4 1925 1959 1958 2652
2 4 1925 1958 2651 2652
2 4 1925 2618 2619 2652
2 4 1925 2651 2618 2652
2 4 1926 1927 1960 2653
2 4 1926 2620 1927 2653
2 4 1926 1960 1959 2653
2 4 1926 1959 2652 2653
2 4 1926 2619 2620 2653
2 4 1926 2652 2619 2653
2 4 1927 1928 1961 2654
2 4 1927 2621 1928 2654
2 4 1927 1961 1960 2654
2 4 1927 1960 2653 2654
2 4 1927 2620 2621 2654
2 4 1927 2653 2620 2654
2 4 1928 1929 1962 2655
2 4 1928 2622 1929 2655
2 4 1928 1962 1961 2655
2 4 1928 1961 2654 2655
2 4 1928 2621 2622 2655
2 4 1928 2654 2621 2655
2 4 1929 1930 1963 2656
2 4 1929 2623 1930 2656
2 4 1929 1963 1962 2656
2 4 1929 1962 2655 2656
2 4 1929 2622 2623 2656
2 4 1929 2655 2622 2656
2 4 1930 1931 1964 2657
2 4 1930 2624 1931 2657
2 4 1930 1964 1963 2657
2 4 1930 1963 2656 2657
2 4 1930 2623 2624 2657
2 4 1930 2656 2623 2657
2 4 1931 1932 1965 2658
2 4 1931 2625 1932 2658
2 4 1931 1965 1964 2658
2 4 1931 1964 2657 2658
2 4 1931 2624 2625 2658
2 4 1931 2657 2624 2658
2 4 1932 1933 1966 2659
2 4 1932 2626 1933 2659
2 4 1932 1966 1965 2659
2 4 1932 1965 2658 2659
2 4 1932 2625 2626 2659
2 4 1932 2658 2625 2659
2 4 1933 1934 1967 2660
2 4 1933 2627 1934 2660
2 4 1933 1967 1966 2660
2 4 1933 1966 2659 2660
2 4 1933 2626 2627 2660
2 4 1933 2659 2626 2660
2 4 1934 1935 1968 2661
2 4 1934 2628 1935 2661
2 4 1934 1968 1967 2661
2 4 1934 1967 2660 2661
2 4 1934 2627 2628 2661
2 4 1934 2660 2627 2661
2 4 1935 1936 1969 2662
2 4 1935 2629 1936 2662
2 4 1935 1969 1968 2662
2 4 1935 1968 2661 2662
2 4 1935 2628 2629 2662
2 4 1935 2661 2628 2662
2 4 1936 1937 1970 2663
2 4 1936 2630 1937 2663
2 4 1936 1970 1969 2663
2 4 1936 1969 2662 2663
2 4 1936 2629 2630 2663
2 4 1936 2662 2629 2663
2 4 1937 1938 1971 2664
2 4 1937 2631 1938 2664
2 4 1937 1971 1970 2664
2 4 1937 1970 2663 2664
2 4 1937 2630 2631 2664
2 4 1937 2663 2630 2664
2 4 1938 1939 1972 2665
2 4 1938 2632 1939 2665
2 4 1938 1972 1971 2665
2 4 1938 1971 2664 2665
2 4 1938 2631 2632 2665
2 4 1938 2664 2631 2665
2 4 1939 1940 1973 2666
2 4 1939 2633 1940 2666
2 4 1939 1973 1972 2666
2 4 1939 1972 2665 2666
2 4 1939 2632 2633 2666
2 4 1939 2665 2632 2666
2 4 1940 1941 1974 2667
2 4 1940 2634 1941 2667
2 4 1940 1974 1973 2667
2 4 1940 1973 2666 2667
2 4 1940 2633 2634 2667
2 4 1940 2666 2633 2667
2 4 1941 1942 1975 2668
2 4 1941 2635 1942 2668
2 4 1941 1975 1974 2668
2 4 1941 1974 2667 2668
2 4 1941 2634 2635 2668
2 4 1941 2667 2634 2668
2 4 1942 1943 1976 2669
2 4 1942 2636 1943 2669
2 4 1942 1976 1975 2669
2 4 1942 1975 2668 2669
2 4 1942 2635 2636 2669
2 4 1942 2668 2635 2669
2 4 1943 1944 1977 2670
2 4 1943 2637 1944 2670
2 4 1943 1977 1976 2670
2 4 1943 1976 2669 2670
2 4 1943 2636 2637 2670
2 4 1943 2669 2636 2670
2 4 1944 1945 1978 2671
2 4 1944 2638 1945 2671
2 4 1944 1978 1977 2671
2 4 1944 1977 2670 2671
2 4 1944 2637 2638 2671
2 4 1944 2670 2637 2671
2 4 1945 1946 1979 2672
2 4 1945 2639 1946 2672
2 4 1945 1979 1978 2672
2 4 1945 1978 2671 2672
2 4 1945 2638 2639 2672
2 4 1945 2671 2638 2672
2 4 1947 1948 1981 2674
2 4 1947 2641 1948 2674
2 4 1947 1981 1980 2674
2 4 1947 1980 2673 2674
2 4 1947 2640 2641 2674
2 4 1947 2673 2640 2674
2 4 1948 1949 1982 2675
2 4 1948 2642 1949 2675
2 4 1948 1982 1981 2675
2 4 1948 1981 2674 2675
2 4 1948 2641 2642 2675
2 4 1948 2674 2641 2675
2 4 1949 1950 1983 2676
2 4 1949 2643 1950 2676
2 4 1949 1983 1982 2676
2 4 1949 1982 2675 2676
2 4 1949 2642 2643 2676
2 4 1949 2675 2642 2676
2 4 1950 1951 1984 2677
2 4 1950 2644 1951 2677
2 4 1950 1984 1983 2677
2 4 1950 1983 2676 2677
2 4 1950 2643 2644 2677
2 4 1950 2676 2643 2677
2 4 1951 1952 1985 2678
2 4 1951 2645 1952 2678
2 4 1951 1985 1984 2678
2 4 1951 1984 2677 2678
2 4 1951 2644 2645 2678
2 4 1951 2677 2644 2678
2 4 1952 1953 1986 2679
2 4 1952 2646 1953 2679
2 4 1952 1986 1985 2679
2 4 1952 1985 2678 2679
2 4 1952 2645 2646 2679
2 4 1952 2678 2645 2679
2 4 1953 1954 1987 2680
2 4 1953 2647 1954 2680
2 4 1953 1987 1986 2680
2 4 1953 1986 2679 2680
2 4 1953 2646 2647 2680
2 4 1953 2679 2646 2680
2 4 1954 1955 1988 2681
2 4 1954 2648 1955 2681
2 4 1954 1988 1987 2681
2 4 1954 1987 2680 2681
2 4 1954 2647 2648 2681
2 4 1954 2680 2647 2681
2 4 1955 1956 1989 2682
2 4 1955 2649 1956 2682
2 4 1955 1989 1988 2682
2 4 1955 1988 2681 2682
2 4 1955 2648 2649 2682
2 4 1955 2681 2648 2682
2 4 1956 1957 1990 2683
2 4 1956 2650 1957 2683
2 4 1956 1990 1989 2683
2 4 1956 1989 2682 2683
2 4 1956 2649 2650 2683
2 4 1956 2682 2649 2683
2 4 1957 1958 1991 2684
2 4 1957 2651 1958 2684
2 4 1957 1991 1990 2684
2 4 1957 1990 2683 2684
2 4 1957 2650 2651 2684
2 4 1957 2683 2650 2684
2 4 1958 1959 1992 2685
2 4 1958 2652 1959 2685
2 4 1958 1992 1991 2685
2 4 1958 1991 2684 2685
2 4 1958 2651 2652 2685
2 4 1958 2684 2651 2685
2 4 1959 1960 1993 2686
2 4 1959 2653 1960 2686
2 4 1959 1993 1992 2686
2 4 1959 1992 2685 2686
2 4 1959 2652 2653 2686
2 4 1959 2685 2652 2686
2 4 1960 1961 1994 2687
2 4 1960 2654 1961 2687
2 4 1960 1994 1993 2687
2 4 1960 1993 2686 2687
2 4 1960 2653 2654 2687
2 4 1960 2686 2653 2687
2 4 1961 1962 1995 2688
2 4 1961 2655 1962 2688
2 4 1961 1995 1994 2688
2 4 1961 1994 2687 2688
2 4 1961 2654 2655 2688
2 4 1961 2687 2654 2688
2 4 1962 1963 1996 2689
2 4 1962 2656 1963 2689
2 4 1962 1996 1995 2689
2 4 1962 1995 2688 2689
2 4 1962 2655 2656 2689
2 4 1962 2688 2655 2689
2 4 1963 1964 1997 2690
2 4 1963 2657 1964 2690
2 4 1963 1997 1996 2690
2 4 1963 1996 2689 2690
2 4 1963 2656 2657 2690
2 4 1963 2689 2656 2690
2 4 1964 1965 1998 2691
2 4 1964 2658 1965 2691
2 4 1964 1998 1997 2691
2 4 1964 1997 2690 2691
2 4 1964 2657 2658 2691
2 4 1964 2690 2657 2691
2 4 1965 1966 1999 2692
2 4 1965 2659 1966 2692
2 4 1965 1999 1998 2692
2 4 1965 1998 2691 2692
2 4 1965 2658 2659 2692
2 4 1965 2691 2658 2692
2 4 1966 1967 2000 2693
2 4 1966 2660 1967 2693
2 4 1966 2000 1999 2693
2 4 1966 1999 2692 2693
2 4 1966 2659 2660 2693
2 4 1966 2692 2659 2693
2 4 1967 1968 2001 2694
2 4 1967 2661 1968 2694
2 4 1967 2001 2000 2694
2 4 1967 2000 2693 2694
2 4 1967 2660 2661 2694
2 4 1967 2693 2660 2694
2 4 1968 1969 2002 2695
2 4 1968 2662 1969 2695
2 4 1968 2002 2001 2695
2 4 1968 2001 2694 2695
2 4 1968 2661 2662 2695
2 4 1968 2694 2661 2695
2 4 1969 1970 2003 2696
2 4 1969 2663 1970 2696
2 4 1969 2003 2002 2696
2 4 1969 2002 2695 2696
2 4 1969 2662 2663 2696
2 4 1969 2695 2662 2696
2 4 1970 1971 2004 2697
2 4 1970 2664 1971 2697
2 4 1970 2004 2003 2697
2 4 1970 2003 2696 2697
2 4 1970 2663 2664 2697
2 4 1970 2696 2663 2697
2 4 1971 1972 2005 2698
2 4 1971 2665 1972 2698
2 4 1971 2005 2004 2698
2 4 1971 2004 2697 2698
2 4 1971 2664 2665 2698
2 4 1971 2697 2664 2698
2 4 1972 1973 2006 2699
2 4 1972 2666 1973 2699
2 4 1972 2006 2005 2699
2 4 1972 2005 2698 2699
2 4 1972 2665 2666 2699
2 4 1972 2698 2665 2699
2 4 1973 1974 2007 2700
2 4 1973 2667 1974 2700
2 4 1973 2007 2006 2700
2 4 1973 2006 2699 2700
2 4 1973 2666 2667 2700
2 4 1973 2699 2666 2700
2 4 1974 1975 2008 2701
2 4 1974 2668 1975 2701
2 4 1974 2008 2007 2701
2 4 1974 2007 2700 2701
2 4 1974 2667 2668 2701
2 4 1974 2700 2667 2701
2 4 1975 1976 2009 2702
2 4 1975 2669 1976 2702
2 4 1975 2009 2008 2702
2 4 1975 2008 2701 2702
2 4 1975 2668 2669 2702
2 4 1975 2701 2668 2702
2 4 1976 1977 2010 2703
2 4 1976 2670 1977 2703
2 4 1976 2010 2009 2703
2 4 1976 2009 2702 2703
2 4 1976 2669 2670 2703
2 4 1976 2702 2669 2703
2 4 1977 1978 2011 2704
2 4 1977 2671 1978 2704
2 4 1977 2011 2010 2704
2 4 1977 2010 2703 2704
2 4 1977 2670 2671 2704
2 4 1977 2703 2670 2704
2 4 1978 1979 2012 2705
2 4 1978 2672 1979 2705
2 4 1978 2012 2011 2705
2 4 1978 2011 2704 2705
2 4 1978 2671 2672 2705
2 4 1978 2704 2671 2705
2 4 1980 1981 2014 2707
2 4 1980 2674 1981 2707
2 4 1980 2014 2013 2707
2 4 1980 2013 2706 2707
2 4 1980 2673 2674 2707
2 4 1980 2706 2673 2707
2 4 1981 1982 2015 2708
2 4 1981 2675 1982 2708
2 4 1981 2015 2014 2708
2 4 1981 2014 2707 2708
2 4 1981 2674 2675 2708
2 4 1981 2707 2674 2708
2 4 1982 1983 2016 2709
2 4 1982 2676 1983 2709
2 4 1982 2016 2015 2709
2 4 1982 2015 2708 2709
2 4 1982 2675 2676 2709
2 4 1982 2708 2675 2709
2 4 1983 1984 2017 2710
2 4 1983 2677 1984 2710
2 4 1983 2017 2016 2710
2 4 1983 2016 2709 2710
2 4 1983 2676 2677 2710
2 4 1983 2709 2676 2710
2 4 1984 1985 2018 2711
2 4 1984 2678 1985 2711
2 4 1984 2018 2017 2711
2 4 1984 2017 2710 2711
2 4 1984 2677 2678 2711
2 4 1984 2710 2677 2711
2 4 1985 1986 2019 2712
2 4 1985 2679 1986 2712
2 4 1985 2019 2018 2712
2 4 1985 2018 2711 2712
2 4 1985 2678 2679 2712
2 4 1985 2711 2678 2712
2 4 1986 1987 2020 2713
2 4 1986 2680 1987 2713
2 4 1986 2020 2019 2713
2 4 1986 2019 2712 2713
2 4 1986 2679 2680 2713
2 4 1986 2712 2679 2713
2 4 1987 1988 2021 2714
2 4 1987 2681 1988 2714
2 4 1987 2021 2020 2714
2 4 1987 2020 2713 2714
2 4 1987 2680 2681 2714
2 4 1987 2713 2680 2714
2 4 1988 1989 2022 2715
2 4 1988 2682 1989 2715
2 4 1988 2022 2021 2715
2 4 1988 2021 2714 2715
2 4 1988 2681 2682 2715
2 4 1988 2714 2681 2715
2 4 1989 1990 2023 2716
2 4 1989 2683 1990 2716
2 4 1989 2023 2022 2716
2 4 1989 2022 2715 2716
2 4 1989 2682 2683 2716
2 4 1989 2715 2682 2716
2 4 1990 1991 2024 2717
2 4 1990 2684 1991 2717
2 4 1990 2024 2023 2717
2 4 1990 2023 2716 2717
2 4 1990 2683 2684 2717
2 4 1990 2716 2683 2717
2 4 1991 1992 2025 2718
2 4 1991 2685 1992 2718
2 4 1991 2025 2024 2718
2 4 1991 2024 2717 2718
2 4 1991 2684 2685 2718
2 4 1991 2717 2684 2718
2 4 1992 1993 2026 2719
2 4 1992 2686 1993 2719
2 4 1992 2026 2025 2719
2 4 1992 2025 2718 2719
2 4 1992 2685 2686 2719
2 4 1992 2718 2685 2719
2 4 1993 1994 2027 2720
2 4 1993 2687 1994 2720
2 4 1993 2027 2026 2720
2 4 1993 2026 2719 2720
2 4 1993 2686 2687 2720
2 4 1993 2719 2686 2720
2 4 1994 1995 2028 2721
2 4 1994 2688 1995 2721
2 4 1994 2028 2027 2721
2 4 1994 2027 2720 2721
2 4 1994 2687 2688 2721
2 4 1994 2720 2687 2721
2 4 1995 1996 2029 2722
2 4 1995 2689 1996 2722
2 4 1995 2029 2028 2722
2 4 1995 2028 2721 2722
2 4 1995 2688 2689 2722
2 4 1995 2721 2688 2722
2 4 1996 1997 2030 2723
2 4 1996 2690 1997 2723
2 4 1996 2030 2029 2723
2 4 1996 2029 2722 2723
2 4 1996 2689 2690 2723
2 4 1996 2722 2689 2723
2 4 1997 1998 2031 2724
2 4 1997 2691 1998 2724
2 4 1997 2031 2030 2724
2 4 1997 2030 2723 2724
2 4 1997 2690 2691 2724
2 4 1997 2723 2690 2724
2 4 1998 1999 2032 2725
2 4 1998 2692 1999 2725
2 4 1998 2032 2031 2725
2 4 1998 2031 2724 2725
2 4 1998 2691 2692 2725
2 4 1998 2724 2691 2725
2 4 1999 2000 2033 2726
2 4 1999 2693 2000 2726
2 4 1999 2033 2032 2726
2 4 1999 2032 2725 2726
2 4 1999 2692 2693 2726
2 4 1999 2725 2692 2726
2 4 2000 2001 2034 2727
2 4 2000 2694 2001 2727
2 4 2000 2034 2033 2727
2 4 2000 2033 2726 2727
2 4 2000 2693 2694 2727
2 4 2000 2726 2693 2727
2 4 2001 2002 2035 2728
2 4 2001 2695 2002 2728
2 4 2001 2035 2034 2728
2 4 2001 2034 2727 2728
2 4 2001 2694 2695 2728
2 4 2001 2727 2694 2728
2 4 2002 2003 2036 2729
2 4 2002 2696 2003 2729
2 4 2002 2036 2035 2729
2 4 2002 2035 2728 2729
2 4 2002 2695 2696 2729
2 4 2002 2728 2695 2729
2 4 2003 2004 2037 2730
2 4 2003 2697 2004 2730
2 4 2003 2037 2036 2730
2 4 2003 2036 2729 2730
2 4 2003 2696 2697 2730
2 4 2003 2729 2696 2730
2 4 2004 2005 2038 2731
2 4 2004 2698 2005 2731
2 4 2004 2038 2037 2731
2 4 2004 2037 2730 2731
2 4 2004 2697 2698 2731
2 4 2004 2730 2697 2731
2 4 2005 2006 2039 2732
2 4 2005 2699 2006 2732
2 4 2005 2039 2038 2732
2 4 2005 2038 2731 2732
2 4 2005 2698 2699 2732
2 4 2005 2731 2698 2732
2 4 2006 2007 2040 2733
2 4 2006 2700 2007 2733
2 4 2006 2040 2039 2733
2 4 2006 2039 2732 2733
2 4 2006 2699 2700 2733
2 4 2006 2732 2699 2733
2 4 2007 2008 2041 2734
2 4 2007 2701 2008 2734
2 4 2007 2041 2040 2734
2 4 2007 2040 2733 2734
2 4 2007 2700 2701 2734
2 4 2007 2733 2700 2734
2 4 2008 2009 2042 2735
2 4 2008 2702 2009 2735
2 4 2008 2042 2041 2735
2 4 2008 2041 2734 2735
2 4 2008 2701 2702 2735
2 4 2008 2734 2701 2735
2 4 2009 2010 2043 2736
2 4 2009 2703 2010 2736
2 4 2009 2043 2042 2736
2 4 2009 2042 2735 2736
2 4 2009 2702 2703 2736
2 4 2009 2735 2702 2736
2 4 2010 2011 2044 2737
2 4 2010 2704 2011 2737
2 4 2010 2044 2043 2737
2 4 2010 2043 2736 2737
2 4 2010 2703 2704 2737
2 4 2010 2736 2703 2737
2 4 2011 2012 2045 2738
2 4 2011 2705 2012 2738
2 4 2011 2045 2044 2738
2 4 2011 2044 2737 2738
2 4 2011 2704 2705 2738
2 4 2011 2737 2704 2738
2 4 2013 2014 2047 2740
2 4 2013 2707 2014 2740
2 4 2013 2047 2046 2740
2 4 2013 2046 2739 2740
2 4 2013 2706 2707 2740
2 4 2013 2739 2706 2740
2 4 2014 2015 2048 2741
2 4 2014 2708 2015 2741
2 4 2014 2048 2047 2741
2 4 2014 2047 2740 2741
2 4 2014 2707 2708 2741
2 4 2014 2740 2707 2741
2 4 2015 2016 2049 2742
2 4 2015 2709 2016 2742
2 4 2015 2049 2048 2742
2 4 2015 2048 2741 2742
2 4 2015 2708 2709 2742
2 4 2015 2741 2708 2742
2 4 2016 2017 2050 2743
2 4 2016 2710 2017 2743
2 4 2016 2050 2049 2743
2 4 2016 2049 2742 2743
2 4 2016 2709 2710 2743
2 4 2016 2742 2709 2743
2 4 2017 2018 2051 2744
2 4 2017 2711 2018 2744
2 4 2017 2051 2050 2744
2 4 2017 2050 2743 2744
2 4 2017 2710 2711 2744
2 4 2017 2743 2710 2744
2 4 2018 2019 2052 2745
2 4 2018 2712 2019 2745
2 4 2018 2052 2051 2745
2 4 2018 2051 2744 2745
2 4 2018 2711 2712 2745
2 4 2018 2744 2711 2745
2 4 2019 2020 2053 2746
2 4 2019 2713 2020 2746
2 4 2019 2053 2052 2746
2 4 2019 2052 2745 2746
2 4 2019 2712 2713 2746
2 4 2019 2745 2712 2746
2 4 2020 2021 2054 2747
2 4 2020 2714 2021 2747
2 4 2020 2054 2053 2747
2 4 2020 2053 2746 2747
2 4 2020 2713 2714 2747
2 4 2020 2746 2713 2747
2 4 2021 2022 2055 2748
2 4 2021 2715 2022 2748
2 4 2021 2055 2054 2748
2 4 2021 2054 2747 2748
2 4 2021 2714 2715 2748
2 4 2021 2747 2714 2748
2 4 2022 2023 2056 2749
2 4 2022 2716 2023 2749
2 4 2022 2056 2055 2749
2 4 2022 2055 2748 2749
2 4 2022 2715 2716 2749
2 4 2022 2748 2715 2749
2 4 2023 2024 2057 2750
2 4 2023 2717 2024 2750
2 4 2023 2057 2056 2750
2 4 2023 2056 2749 2750
2 4 2023 2716 2717 2750
2 4 2023 2749 2716 2750
2 4 2024 2025 2058 2751
2 4 2024 2718 2025 2751
2 4 2024 2058 2057 2751
2 4 2024 2057 2750 2751
2 4 2024 2717 2718 2751
2 4 2024 2750 2717 2751
2 4 2025 2026 2059 2752
2 4 2025 2719 2026 2752
2 4 2025 2059 2058 2752
2 4 2025 2058 2751 2752
2 4 2025 2718 2719 2752
2 4 2025 2751 2718 2752
2 4 2026 2027 2060 2753
2 4 2026 2720 2027 2753
2 4 2026 2060 2059 2753
2 4 2026 2059 2752 2753
2 4 2026 2719 2720 2753
2 4 2026 2752 2719 2753
2 4 2027 2028 2061 2754
2 4 2027 2721 2028 2754
2 4 2027 2061 2060 2754
2 4 2027 2060 2753 2754
2 4 2027 2720 2721 2754
2 4 2027 2753 2720 2754
2 4 2028 2029 2062 2755
2 4 2028 2722 2029 2755
2 4 2028 2062 2061 2755
2 4 2028 2061 2754 2755
2 4 2028 2721 2722 2755
2 4 2028 2754 2721 2755
2 4 2029 2030 2063 2756
2 4 2029 2723 2030 2756
2 4 2029 2063 2062 2756
2 4 2029 2062 2755 2756
2 4 2029 2722 2723 2756
2 4 2029 2755 2722 2756
2 4 2030 2031 2064 2757
2 4 2030 2724 2031 2757
2 4 2030 2064 2063 2757
2 4 2030 2063 2756 2757
2 4 2030 2723 2724 2757
2 4 2030 2756 2723 2757
2 4 2031 2032 2065 2758
2 4 2031 2725 2032 2758
2 4 2031 2065 2064 2758
2 4 2031 2064 2757 2758
2 4 2031 2724 2725 2758
2 4 2031 2757 2724 2758
2 4 2032 2033 2066 2759
2 4 2032 2726 2033 2759
2 4 2032 2066 2065 2759
2 4 2032 2065 2758 2759
2 4 2032 2725 2726 2759
2 4 2032 2758 2725 2759
2 4 2033 2034 2067 2760
2 4 2033 2727 2034 2760
2 4 2033 2067 2066 2760
2 4 2033 2066 2759 2760
2 4 2033 2726 2727 2760
2 4 2033 2759 2726 2760
2 4 2034 2035 2068 2761
2 4 2034 2728 2035 2761
2 4 2034 2068 2067 2761
2 4 2034 2067 2760 2761
2 4 2034 2727 2728 2761
2 4 2034 2760 2727 2761
2 4 2035 2036 2069 2762
2 4 2035 2729 2036 2762
2 4 2035 2069 2068 2762
2 4 2035 2068 2761 2762
2 4 2035 2728 2729 2762
2 4 2035 2761 2728 2762
2 4 2036 2037 2070 2763
2 4 2036 2730 2037 2763
2 4 2036 2070 2069 2763
2 4 2036 2069 2762 2763
2 4 2036 2729 2730 2763
2 4 2036 2762 2729 2763
2 4 2037 2038 2071 2764
2 4 2037 2731 2038 2764
2 4 2037 2071 2070 2764
2 4 2037 2070 2763 2764
2 4 2037 2730 2731 2764
2 4 2037 2763 2730 2764
2 4 2038 2039 2072 2765
2 4 2038 2732 2039 2765
2 4 2038 2072 2071 2765
2 4 2038 2071 2764 2765
2 4 2038 2731 2732 2765
2 4 2038 2764 2731 2765
2 4 2039 2040 2073 2766
2 4 2039 2733 2040 2766
2 4 2039 2073 2072 2766
2 4 2039 2072 2765 2766
2 4 2039 2732 2733 2766
2 4 2039 2765 2732 2766
2 4 2040 2041 2074 2767
2 4 2040 2734 2041 2767
2 4 2040 2074 2073 2767
2 4 2040 2073 2766 2767
2 4 2040 2733 2734 2767
2 4 2040 2766 2733 2767
2 4 2041 2042 2075 2768
2 4 2041 2735 2042 2768
2 4 2041 2075 2074 2768
2 4 2041 2074 2767 2768
2 4 2041 2734 2735 2768
2 4 2041 2767 2734 2768
2 4 2042 2043 2076 2769
2 4 2042 2736 2043 2769
2 4 2042 2076 2075 2769
2 4 2042 2075 2768 2769
2 4 2042 2735 2736 2769
2 4 2042 2768 2735 2769
2 4 2043 2044 2077 2770
2 4 2043 2737 2044 2770
2 4 2043 2077 2076 2770
2 4 2043 2076 2769 2770
2 4 2043 2736 2737 2770
2 4 2043 2769 2736 2770
2 4 2044 2045 2078 2771
2 4 2044 2738 2045 2771
2 4 2044 2078 2077 2771
2 4 2044 2077 2770 2771
2 4 2044 2737 2738 2771
2 4 2044 2770 2737 2771

boundary
3304
20 2 0 1 34
12 2 0 1 694
20 2 0 33 34
12 2 0 33 726
12 2 0 693 694
12 2 0 693 726
20 2 1 2 35
12 2 1 2 695
20 2 1 34 35
12 2 1 694 695
20 2 2 3 36
12 2 2 3 696
20 2 2 35 36
12 2 2 695 696
20 2 3 4 37
12 2 3 4 697
20 2 3 36 37
12 2 3 696 697
20 2 4 5 38
12 2 4 5 698
20 2 4 37 38
12 2 4 697 698
20 2 5 6 39
12 2 5 6 699
20 2 5 38 39
12 2 5 698 699
20 2 6 7 40
12 2 6 7 700
20 2 6 39 40
12 2 6 699 700
20 2 7 8 41
12 2 7 8 701
20 2 7 40 41
12 2 7 700 701
20 2 8 9 42
12 2 8 9 702
20 2 8 41 42
12 2 8 701 702
20 2 9 10 43
12 2 9 10 703
20 2 9 42 43
12 2 9 702 703
20 2 10 11 44
12 2 10 11 704
20 2 10 43 44
12 2 10 703 704
20 2 11 12 45
12 2 11 12 705
20 2 11 44 45
12 2 11 704 705
20 2 12 13 46
12 2 12 13 706
20 2 12 45 46
12 2 12 705 706
20 2 13 14 47
12 2 13 14 707
20 2 13 46 47
12 2 13 706 707
20 2 14 15 48
12 2 14 15 708
20 2 14 47 48
12 2 14 707 708
20 2 15 16 49
12 2 15 16 709
20 2 15 48 49
12 2 15 708 709
20 2 16 17 50
12 2 16 17 710
20 2 16 49 50
12 2 16 709 710
20 2 17 18 51
12 2 17 18 711
20 2 17 50 51
12 2 17 710 711
20 2 18 19 52
12 2 18 19 712
20 2 18 51 52
12 2 18 711 712
20 2 19 20 53
12 2 19 20 713
20 2 19 52 53
12 2 19 712 713
20 2 20 21 54
12 2 20 21 714
20 2 20 53 54
12 2 20 713 714
20 2 21 22 55
12 2 21 22 715
20 2 21 54 55
12 2 21 714 715
20 2 22 23 56
12 2 22 23 716
20 2 22 55 56
12 2 22 715 716
20 2 23 24 57
12 2 23 24 717
20 2 23 56 57
12 2 23 716 717
20 2 24 25 58
12 2 24 25 718
20 2 24 57 58
12 2 24 717 718
20 2 25 26 59
12 2 25 26 719
20 2 25 58 59
12 2 25 718 719
20 2 26 27 60
12 2 26 27 720
20 2 26 59 60
12 2 26 719 720
20 2 27 28 61
12 2 27 28 721
20 2 27 60 61
12 2 27 720 721
20 2 28 29 62
12 2 28 29 722
20 2 28 61 62
12 2 28 721 722
20 2 29 30 63
12 2 29 30 723
20 2 29 62 63
12 2 29 722 723
20 2 30 31 64
12 2 30 31 724
20 2 30 63 64
12 2 30 723 724
12 2 32 65 758
20 2 31 32 65
12 2 32 725 758
12 2 31 32 725
20 2 31 64 65
12 2 31 724 725
20 2 33 34 67
20 2 33 66 67
12 2 33 66 759
12 2 33 726 759
20 2 34 35 68
20 2 34 67 68
20 2 35 36 69
20 2 35 68 69
20 2 36 37 70
20 2 36 69 70
20 2 37 38 71
20 2 37 70 71
20 2 38 39 72
20 2 38 71 72
20 2 39 40 73
20 2 39 72 73
20 2 40 41 74
20 2 40 73 74
20 2 41 42 75
20 2 41 74 75
20 2 42 43 76
20 2 42 75 76
20 2 43 44 77
20 2 43 76 77
20 2 44 45 78
20 2 44 77 78
20 2 45 46 79
20 2 45 78 79
20 2 46 47 80
20 2 46 79 80
20 2 47 48 81
20 2 47 80 81
20 2 48 49 82
20 2 48 81 82
20 2 49 50 83
20 2 49 82 83
20 2 50 51 84
20 2 50 83 84
20 2 51 52 85
20 2 51 84 85
20 2 52 53 86
20 2 52 85 86
20 2 53 54 87
20 2 53 86 87
20 2 54 55 88
20 2 54 87 88
20 2 55 56 89
20 2 55 88 89
20 2 56 57 90
20 2 56 89 90
20 2 57 58 91
20 2 57 90 91
20 2 58 59 92
20 2 58 91 92
20 2 59 60 93
20 2 59 92 93
20 2 60 61 94
20 2 60 93 94
20 2 61 62 95
20 2 61 94 95
20 2 62 63 96
20 2 62 95 96
20 2 63 64 97
20 2 63 96 97
12 2 65 98 791
20 2 64 65 98
12 2 65 758 791
20 2 64 97 98
20 2 66 67 100
20 2 66 99 100
12 2 66 99 792
12 2 66 759 792
20 2 67 68 101
20 2 67 100 101
20 2 68 69 102
20 2 68 101 102
20 2 69 70 103
20 2 69 102 103
20 2 70 71 104
20 2 70 103 104
20 2 71 72 105
20 2 71 104 105
20 2 72 73 106
20 2 72 105 106
20 2 73 74 107
20 2 73 106 107
20 2 74 75 108
20 2 74 107 108
20 2 75 76 109
20 2 75 108 109
20 2 76 77 110
20 2 76 109 110
20 2 77 78 111
20 2 77 110 111
20 2 78 79 112
20 2 78 111 112
20 2 79 80 113
20 2 79 112 113
20 2 80 81 114
20 2 80 113 114
20 2 81 82 115
20 2 81 114 115
20 2 82 83 116
20 2 82 115 116
20 2 83 84 117
20 2 83 116 117
20 2 84 85 118
20 2 84 117 118
20 2 85 86 119
20 2 85 118 119
20 2 86 87 120
20 2 86 119 120
20 2 87 88 121
20 2 87 120 121
20 2 88 89 122
20 2 88 121 122
20 2 89 90 123
20 2 89 122 123
20 2 90 91 124
20 2 90 123 124
20 2 91 92 125
20 2 91 124 125
20 2 92 93 126
20 2 92 125 126
20 2 93 94 127
20 2 93 126 127
20 2 94 95 128
20 2 94 127 128
20 2 95 96 129
20 2 95 128 129
20 2 96 97 130
20 2 96 129 130
12 2 98 131 824
20 2 97 98 131
12 2 98 791 824
20 2 97 130 131
20 2 99 100 133
20 2 99 132 133
12 2 99 132 825
12 2 99 792 825
20 2 100 101 134
20 2 100 133 134
20 2 101 102 135
20 2 101 134 135
20 2 102 103 136
20 2 102 135 136
20 2 103 104 137
20 2 103 136 137
20 2 104 105 138
20 2 104 137 138
20 2 105 106 139
20 2 105 138 139
20 2 106 107 140
20 2 106 139 140
20 2 107 108 141
20 2 107 140 141
20 2 108 109 142
20 2 108 141 142
20 2 109 110 143
20 2 109 142 143
20 2 110 111 144
20 2 110 143 144
20 2 111 112 145
20 2 111 144 145
20 2 112 113 146
20 2 112 145 146
20 2 113 114 147
20 2 113 146 147
20 2 114 115 148
20 2 114 147 148
20 2 115 116 149
20 2 115 148 149
20 2 116 117 150
20 2 116 149 150
20 2 117 118 151
20 2 117 150 151
20 2 118 119 152
20 2 118 151 152
20 2 119 120 153
20 2 119 152 153
20 2 120 121 154
20 2 120 153 154
20 2 121 122 155
20 2 121 154 155
20 2 122 123 156
20 2 122 155 156
20 2 123 124 157
20 2 123 156 157
20 2 124 125 158
20 2 124 157 158
20 2 125 126 159
20 2 125 158 159
20 2 126 127 160
20 2 126 159 160
20 2 127 128 161
20 2 127 160 161
20 2 128 129 162
20 2 128 161 162
20 2 129 130 163
20 2 129 162 163
12 2 131 164 857
20 2 130 131 164
12 2 131 824 857
20 2 130 163 164
20 2 132 133 166
20 2 132 165 166
12 2 132 165 858
12 2 132 825 858
20 2 133 134 167
20 2 133 166 167
20 2 134 135 168
20 2 134 167 168
20 2 135 136 169
20 2 135 168 169
20 2 136 137 170
20 2 136 169 170
20 2 137 138 171
20 2 137 170 171
20 2 138 139 172
20 2 138 171 172
20 2 139 140 173
20 2 139 172 173
20 2 140 141 174
20 2 140 173 174
20 2 141 142 175
20 2 141 174 175
20 2 142 143 176
20 2 142 175 176
20 2 143 144 177
20 2 143 176 177
20 2 144 145 178
20 2 144 177 178
20 2 145 146 179
20 2 145 178 179
20 2 146 147 180
20 2 146 179 180
20 2 147 148 181
20 2 147 180 181
20 2 148 149 182
20 2 148 181 182
20 2 149 150 183
20 2 149 182 183
20 2 150 151 184
20 2 150 183 184
20 2 151 152 185
20 2 151 184 185
20 2 152 153 186
20 2 152 185 186
20 2 153 154 187
20 2 153 186 187
20 2 154 155 188
20 2 154 187 188
20 2 155 156 189
20 2 155 188 189
20 2 156 157 190
20 2 156 189 190
20 2 157 158 191
20 2 157 190 191
20 2 158 159 192
20 2 158 191 192
20 2 159 160 193
20 2 159 192 193
20 2 160 161 194
20 2 160 193 194
20 2 161 162 195
20 2 161 194 195
20 2 162 163 196
20 2 162 195 196
12 2 164 197 890
20 2 163 164 197
12 2 164 857 890
20 2 163 196 197
20 2 165 166 199
20 2 165 198 199
12 2 165 198 891
12 2 165 858 891
20 2 166 167 200
20 2 166 199 200
20 2 167 168 201
20 2 167 200 201
20 2 168 169 202
20 2 168 201 202
20 2 169 170 203
20 2 169 202 203
20 2 170 171 204
20 2 170 203 204
20 2 171 172 205
20 2 171 204 205
20 2 172 173 206
20 2 172 205 206
20 2 173 174 207
20 2 173 206 207
20 2 174 175 208
20 2 174 207 208
20 2 175 176 209
20 2 175 208 209
20 2 176 177 210
20 2 176 209 210
20 2 177 178 211
20 2 177 210 211
20 2 178 179 212
20 2 178 211 212
20 2 179 180 213
20 2 179 212 213
20 2 180 181 214
20 2 180 213 214
20 2 181 182 215
20 2 181 214 215
20 2 182 183 216
20 2 182 215 216
20 2 183 184 217
20 2 183 216 217
20 2 184 185 218
20 2 184 217 218
20 2 185 186 219
20 2 185 218 219
20 2 186 187 220
20 2 186 219 220
20 2 187 188 221
20 2 187 220 221
20 2 188 189 222
20 2 188 221 222
20 2 189 190 223
20 2 189 222 223
20 2 190 191 224
20 2 190 223 224
20 2 191 192 225
20 2 191 224 225
20 2 192 193 226
20 2 192 225 226
20 2 193 194 227
20 2 193 226 227
20 2 194 195 228
20 2 194 227 228
20 2 195 196 229
20 2 195 228 229
12 2 197 230 923
20 2 196 197 230
12 2 197 890 923
20 2 196 229 230
20 2 198 199 232
20 2 198 231 232
12 2 198 231 924
12 2 198 891 924
20 2 199 200 233
20 2 199 232 233
20 2 200 201 234
20 2 200 233 234
20 2 201 202 235
20 2 201 234 235
20 2 202 203 236
20 2 202 235 236
20 2 203 204 237
20 2 203 236 237
20 2 204 205 238
20 2 204 237 238
20 2 205 206 239
20 2 205 238 239
20 2 206 207 240
20 2 206 239 240
20 2 207 208 241
20 2 207 240 241
20 2 208 209 242
20 2 208 241 242
20 2 209 210 243
20 2 209 242 243
20 2 210 211 244
20 2 210 243 244
20 2 211 212 245
20 2 211 244 245
20 2 212 213 246
20 2 212 245 246
20 2 213 214 247
20 2 213 246 247
20 2 214 215 248
20 2 214 247 248
20 2 215 216 249
20 2 215 248 249
20 2 216 217 250
20 2 216 249 250
20 2 217 218 251
20 2 217 250 251
20 2 218 219 252
20 2 218 251 252
20 2 219 220 253
20 2 219 252 253
20 2 220 221 254
20 2 220 253 254
20 2 221 222 255
20 2 221 254 255
20 2 222 223 256
20 2 222 255 256
20 2 223 224 257
20 2 223 256 257
20 2 224 225 258
20 2 224 257 258
20 2 225 226 259
20 2 225 258 259
20 2 226 227 260
20 2 226 259 260
20 2 227 228 261
20 2 227 260 261
20 2 228 229 262
20 2 228 261 262
12 2 230 263 956
20 2 229 230 263
12 2 230 923 956
20 2 229 262 263
20 2 231 232 265
20 2 231 264 265
12 2 231 264 957
12 2 231 924 957
20 2 232 233 266
20 2 232 265 266
20 2 233 234 267
20 2 233 266 267
20 2 234 235 268
20 2 234 267 268
20 2 235 236 269
20 2 235 268 269
20 2 236 237 270
20 2 236 269 270
20 2 237 238 271
20 2 237 270 271
20 2 238 239 272
20 2 238 271 272
20 2 239 240 273
20 2 239 272 273
20 2 240 241 274
20 2 240 273 274
20 2 241 242 275
20 2 241 274 275
20 2 242 243 276
20 2 242 275 276
20 2 243 244 277
20 2 243 276 277
20 2 244 245 278
20 2 244 277 278
20 2 245 246 279
20 2 245 278 279
20 2 246 247 280
20 2 246 279 280
20 2 247 248 281
20 2 247 280 281
20 2 248 249 282
20 2 248 281 282
20 2 249 250 283
20 2 249 282 283
20 2 250 251 284
20 2 250 283 284
20 2 251 252 285
20 2 251 284 285
20 2 252 253 286
20 2 252 285 286
20 2 253 254 287
20 2 253 286 287
20 2 254 255 288
20 2 254 287 288
20 2 255 256 289
20 2 255 288 289
20 2 256 257 290
20 2 256 289 290
20 2 257 258 291
20 2 257 290 291
20 2 258 259 292
20 2 258 291 292
20 2 259 260 293
20 2 259 292 293
20 2 260 261 294
20 2 260 293 294
20 2 261 262 295
20 2 261 294 295
12 2 263 296 989
20 2 262 263 296
12 2 263 956 989
20 2 262 295 296
20 2 264 265 298
20 2 264 297 298
12 2 264 297 990
12 2 264 957 990
20 2 265 266 299
20 2 265 298 299
20 2 266 267 300
20 2 266 299 300
20 2 267 268 301
20 2 267 300 301
20 2 268 269 302
20 2 268 301 302
20 2 269 270 303
20 2 269 302 303
20 2 270 271 304
20 2 270 303 304
20 2 271 272 305
20 2 271 304 305
20 2 272 273 306
20 2 272 305 306
20 2 273 274 307
20 2 273 306 307
20 2 274 275 308
20 2 274 307 308
20 2 275 276 309
20 2 275 308 309
20 2 276 277 310
20 2 276 309 310
20 2 277 278 311
20 2 277 310 311
20 2 278 279 312
20 2 278 311 312
20 2 279 280 313
20 2 279 312 313
20 2 280 281 314
20 2 280 313 314
20 2 281 282 315
20 2 281 314 315
20 2 282 283 316
20 2 282 315 316
20 2 283 284 317
20 2 283 316 317
20 2 284 285 318
20 2 284 317 318
20 2 285 286 319
20 2 285 318 319
20 2 286 287 320
20 2 286 319 320
20 2 287 288 321
20 2 287 320 321
20 2 288 289 322
20 2 288 321 322
20 2 289 290 323
20 2 289 322 323
20 2 290 291 324
20 2 290 323 324
20 2 291 292 325
20 2 291 324 325
20 2 292 293 326
20 2 292 325 326
20 2 293 294 327
20 2 293 326 327
20 2 294 295 328
20 2 294 327 328
12 2 296 329 1022
20 2 295 296 329
12 2 296 989 1022
20 2 295 328 329
20 2 297 298 331
20 2 297 330 331
12 2 297 330 1023
12 2 297 990 1023
20 2 298 299 332
20 2 298 331 332
20 2 299 300 333
20 2 299 332 333
20 2 300 301 334
20 2 300 333 334
20 2 301 302 335
11 2 334 335 1028
20 2 301 334 335
11 2 334 1027 1028
20 2 302 303 336
11 2 335 336 1029
20 2 302 335 336
11 2 335 1028 1029
20 2 303 304 337
11 2 336 337 1030
20 2 303 336 337
11 2 336 1029 1030
20 2 304 305 338
11 2 337 338 1031
20 2 304 337 338
11 2 337 1030 1031
20 2 305 306 339
11 2 338 339 1032
20 2 305 338 339
11 2 338 1031 1032
20 2 306 307 340
11 2 339 340 1033
20 2 306 339 340
11 2 339 1032 1033
20 2 307 308 341
11 2 340 341 1034
20 2 307 340 341
11 2 340 1033 1034
20 2 308 309 342
11 2 341 342 1035
20 2 308 341 342
11 2 341 1034 1035
20 2 309 310 343
20 2 309 342 343
20 2 310 311 344
20 2 310 343 344
20 2 311 312 345
10 2 344 345 1038
20 2 311 344 345
10 2 344 1037 1038
20 2 312 313 346
10 2 345 346 1039
20 2 312 345 346
10 2 345 1038 1039
20 2 313 314 347
10 2 346 347 1040
20 2 313 346 347
10 2 346 1039 1040
20 2 314 315 348
10 2 347 348 1041
20 2 314 347 348
10 2 347 1040 1041
20 2 315 316 349
20 2 315 348 349
20 2 316 317 350
20 2 316 349 350
20 2 317 318 351
11 2 350 351 1044
20 2 317 350 351
11 2 350 1043 1044
20 2 318 319 352
11 2 351 352 1045
20 2 318 351 352
11 2 351 1044 1045
20 2 319 320 353
11 2 352 353 1046
20 2 319 352 353
11 2 352 1045 1046
20 2 320 321 354
11 2 353 354 1047
20 2 320 353 354
11 2 353 1046 1047
20 2 321 322 355
11 2 354 355 1048
20 2 321 354 355
11 2 354 1047 1048
20 2 322 323 356
11 2 355 356 1049
20 2 322 355 356
11 2 355 1048 1049
20 2 323 324 357
11 2 356 357 1050
20 2 323 356 357
11 2 356 1049 1050
20 2 324 325 358
11 2 357 358 1051
20 2 324 357 358
11 2 357 1050 1051
20 2 325 326 359
20 2 325 358 359
20 2 326 327 360
20 2 326 359 360
20 2 327 328 361
20 2 327 360 361
12 2 329 362 1055
20 2 328 329 362
12 2 329 1022 1055
20 2 328 361 362
20 2 330 331 364
20 2 330 363 364
12 2 330 363 1056
12 2 330 1023 1056
20 2 331 332 365
20 2 331 364 365
20 2 332 333 366
20 2 332 365 366
20 2 333 334 367
20 2 333 366 367
20 2 334 335 368
20 2 334 367 368
20 2 335 336 369
20 2 335 368 369
20 2 336 337 370
20 2 336 369 370
20 2 337 338 371
20 2 337 370 371
20 2 338 339 372
20 2 338 371 372
20 2 339 340 373
20 2 339 372 373
20 2 340 341 374
20 2 340 373 374
20 2 341 342 375
20 2 341 374 375
20 2 342 343 376
20 2 342 375 376
20 2 343 344 377
20 2 343 376 377
20 2 344 345 378
20 2 344 377 378
20 2 345 346 379
20 2 345 378 379
20 2 346 347 380
20 2 346 379 380
20 2 347 348 381
20 2 347 380 381
20 2 348 349 382
20 2 348 381 382
20 2 349 350 383
20 2 349 382 383
20 2 350 351 384
20 2 350 383 384
20 2 351 352 385
20 2 351 384 385
20 2 352 353 386
20 2 352 385 386
20 2 353 354 387
20 2 353 386 387
20 2 354 355 388
20 2 354 387 388
20 2 355 356 389
20 2 355 388 389
20 2 356 357 390
20 2 356 389 390
20 2 357 358 391
20 2 357 390 391
20 2 358 359 392
20 2 358 391 392
20 2 359 360 393
20 2 359 392 393
20 2 360 361 394
20 2 360 393 394
12 2 362 395 1088
20 2 361 362 395
12 2 362 1055 1088
20 2 361 394 395
20 2 363 364 397
20 2 363 396 397
12 2 363 396 1089
12 2 363 1056 1089
20 2 364 365 398
20 2 364 397 398
20 2 365 366 399
20 2 365 398 399
20 2 366 367 400
20 2 366 399 400
20 2 367 368 401
20 2 367 400 401
20 2 368 369 402
20 2 368 401 402
20 2 369 370 403
20 2 369 402 403
20 2 370 371 404
20 2 370 403 404
20 2 371 372 405
20 2 371 404 405
20 2 372 373 406
20 2 372 405 406
20 2 373 374 407
20 2 373 406 407
20 2 374 375 408
20 2 374 407 408
20 2 375 376 409
20 2 375 408 409
20 2 376 377 410
20 2 376 409 410
20 2 377 378 411
20 2 377 410 411
20 2 378 379 412
20 2 378 411 412
20 2 379 380 413
20 2 379 412 413
20 2 380 381 414
20 2 380 413 414
20 2 381 382 415
20 2 381 414 415
20 2 382 383 416
20 2 382 415 416
20 2 383 384 417
20 2 383 416 417
20 2 384 385 418
20 2 384 417 418
20 2 385 386 419
20 2 385 418 419
20 2 386 387 420
20 2 386 419 420
20 2 387 388 421
20 2 387 420 421
20 2 388 389 422
20 2 388 421 422
20 2 389 390 423
20 2 389 422 423
20 2 390 391 424
20 2 390 423 424
20 2 391 392 425
20 2 391 424 425
20 2 392 393 426
20 2 392 425 426
20 2 393 394 427
20 2 393 426 427
12 2 395 428 1121
20 2 394 395 428
12 2 395 1088 1121
20 2 394 427 428
20 2 396 397 430
20 2 396 429 430
12 2 396 429 1122
12 2 396 1089 1122
20 2 397 398 431
20 2 397 430 431
20 2 398 399 432
20 2 398 431 432
20 2 399 400 433
20 2 399 432 433
20 2 400 401 434
20 2 400 433 434
20 2 401 402 435
20 2 401 434 435
20 2 402 403 436
20 2 402 435 436
20 2 403 404 437
20 2 403 436 437
20 2 404 405 438
20 2 404 437 438
20 2 405 406 439
20 2 405 438 439
20 2 406 407 440
20 2 406 439 440
20 2 407 408 441
20 2 407 440 441
20 2 408 409 442
20 2 408 441 442
20 2 409 410 443
20 2 409 442 443
20 2 410 411 444
20 2 410 443 444
20 2 411 412 445
20 2 411 444 445
20 2 412 413 446
20 2 412 445 446
20 2 413 414 447
20 2 413 446 447
20 2 414 415 448
20 2 414 447 448
20 2 415 416 449
20 2 415 448 449
20 2 416 417 450
20 2 416 449 450
20 2 417 418 451
20 2 417 450 451
20 2 418 419 452
20 2 418 451 452
20 2 419 420 453
20 2 419 452 453
20 2 420 421 454
20 2 420 453 454
20 2 421 422 455
20 2 421 454 455
20 2 422 423 456
20 2 422 455 456
20 2 423 424 457
20 2 423 456 457
20 2 424 425 458
20 2 424 457 458
20 2 425 426 459
20 2 425 458 459
20 2 426 427 460
20 2 426 459 460
12 2 428 461 1154
20 2 427 428 461
12 2 428 1121 1154
20 2 427 460 461
20 2 429 430 463
20 2 429 462 463
12 2 429 462 1155
12 2 429 1122 1155
20 2 430 431 464
20 2 430 463 464
20 2 431 432 465
20 2 431 464 465
20 2 432 433 466
20 2 432 465 466
20 2 433 434 467
20 2 433 466 467
20 2 434 435 468
20 2 434 467 468
20 2 435 436 469
20 2 435 468 469
20 2 436 437 470
20 2 436 469 470
20 2 437 438 471
20 2 437 470 471
20 2 438 439 472
20 2 438 471 472
20 2 439 440 473
20 2 439 472 473
20 2 440 441 474
20 2 440 473 474
20 2 441 442 475
20 2 441 474 475
20 2 442 443 476
20 2 442 475 476
20 2 443 444 477
20 2 443 476 477
20 2 444 445 478
20 2 444 477 478
20 2 445 446 479
20 2 445 478 479
20 2 446 447 480
20 2 446 479 480
20 2 447 448 481
20 2 447 480 481
20 2 448 449 482
20 2 448 481 482
20 2 449 450 483
20 2 449 482 483
20 2 450 451 484
20 2 450 483 484
20 2 451 452 485
20 2 451 484 485
20 2 452 453 486
20 2 452 485 486
20 2 453 454 487
20 2 453 486 487
20 2 454 455 488
20 2 454 487 488
20 2 455 456 489
20 2 455 488 489
20 2 456 457 490
20 2 456 489 490
20 2 457 458 491
20 2 457 490 491
20 2 458 459 492
20 2 458 491 492
20 2 459 460 493
20 2 459 492 493
12 2 461 494 1187
20 2 460 461 494
12 2 461 1154 1187
20 2 460 493 494
20 2 462 463 496
20 2 462 495 496
12 2 462 495 1188
12 2 462 1155 1188
20 2 463 464 497
20 2 463 496 497
20 2 464 465 498
20 2 464 497 498
20 2 465 466 499
20 2 465 498 499
20 2 466 467 500
20 2 466 499 500
20 2 467 468 501
20 2 467 500 501
20 2 468 469 502
20 2 468 501 502
20 2 469 470 503
20 2 469 502 503
20 2 470 471 504
20 2 470 503 504
20 2 471 472 505
20 2 471 504 505
20 2 472 473 506
20 2 472 505 506
20 2 473 474 507
20 2 473 506 507
20 2 474 475 508
20 2 474 507 508
20 2 475 476 509
20 2 475 508 509
20 2 476 477 510
20 2 476 509 510
20 2 477 478 511
20 2 477 510 511
20 2 478 479 512
20 2 478 511 512
20 2 479 480 513
20 2 479 512 513
20 2 480 481 514
20 2 480 513 514
20 2 481 482 515
20 2 481 514 515
20 2 482 483 516
20 2 482 515 516
20 2 483 484 517
20 2 483 516 517
20 2 484 485 518
20 2 484 517 518
20 2 485 486 519
20 2 485 518 519
20 2 486 487 520
20 2 486 519 520
20 2 487 488 521
20 2 487 520 521
20 2 488 489 522
20 2 488 521 522
20 2 489 490 523
20 2 489 522 523
20 2 490 491 524
20 2 490 523 524
20 2 491 492 525
20 2 491 524 525
20 2 492 493 526
20 2 492 525 526
12 2 494 527 1220
20 2 493 494 527
12 2 494 1187 1220
20 2 493 526 527
20 2 495 496 529
20 2 495 528 529
12 2 495 528 1221
12 2 495 1188 1221
20 2 496 497 530
20 2 496 529 530
20 2 497 498 531
20 2 497 530 531
20 2 498 499 532
20 2 498 531 532
20 2 499 500 533
20 2 499 532 533
20 2 500 501 534
20 2 500 533 534
20 2 501 502 535
20 2 501 534 535
20 2 502 503 536
20 2 502 535 536
20 2 503 504 537
20 2 503 536 537
20 2 504 505 538
20 2 504 537 538
20 2 505 506 539
20 2 505 538 539
20 2 506 507 540
20 2 506 539 540
20 2 507 508 541
20 2 507 540 541
20 2 508 509 542
20 2 508 541 542
20 2 509 510 543
20 2 509 542 543
20 2 510 511 544
20 2 510 543 544
20 2 511 512 545
20 2 511 544 545
20 2 512 513 546
20 2 512 545 546
20 2 513 514 547
20 2 513 546 547
20 2 514 515 548
20 2 514 547 548
20 2 515 516 549
20 2 515 548 549
20 2 516 517 550
20 2 516 549 550
20 2 517 518 551
20 2 517 550 551
20 2 518 519 552
20 2 518 551 552
20 2 519 520 553
20 2 519 552 553
20 2 520 521 554
20 2 520 553 554
20 2 521 522 555
20 2 521 554 555
20 2 522 523 556
20 2 522 555 556
20 2 523 524 557
20 2 523 556 557
20 2 524 525 558
20 2 524 557 558
20 2 525 526 559
20 2 525 558 559
12 2 527 560 1253
20 2 526 527 560
12 2 527 1220 1253
20 2 526 559 560
20 2 528 529 562
20 2 528 561 562
12 2 528 561 1254
12 2 528 1221 1254
20 2 529 530 563
20 2 529 562 563
20 2 530 531 564
20 2 530 563 564
20 2 531 532 565
20 2 531 564 565
20 2 532 533 566
20 2 532 565 566
20 2 533 534 567
20 2 533 566 567
20 2 534 535 568
20 2 534 567 568
20 2 535 536 569
20 2 535 568 569
20 2 536 537 570
20 2 536 569 570
20 2 537 538 571
20 2 537 570 571
20 2 538 539 572
20 2 538 571 572
20 2 539 540 573
20 2 539 572 573
20 2 540 541 574
20 2 540 573 574
20 2 541 542 575
20 2 541 574 575
20 2 542 543 576
20 2 542 575 576
20 2 543 544 577
20 2 543 576 577
20 2 544 545 578
20 2 544 577 578
20 2 545 546 579
20 2 545 578 579
20 2 546 547 580
20 2 546 579 580
20 2 547 548 581
20 2 547 580 581
20 2 548 549 582
20 2 548 581 582
20 2 549 550 583
20 2 549 582 583
20 2 550 551 584
20 2 550 583 584
20 2 551 552 585
20 2 551 584 585
20 2 552 553 586
20 2 552 585 586
20 2 553 554 587
20 2 553 586 587
20 2 554 555 588
20 2 554 587 588
20 2 555 556 589
20 2 555 588 589
20 2 556 557 590
20 2 556 589 590
20 2 557 558 591
20 2 557 590 591
20 2 558 559 592
20 2 558 591 592
12 2 560 593 1286
20 2 559 560 593
12 2 560 1253 1286
20 2 559 592 593
20 2 561 562 595
20 2 561 594 595
12 2 561 594 1287
12 2 561 1254 1287
20 2 562 563 596
20 2 562 595 596
20 2 563 564 597
20 2 563 596 597
20 2 564 565 598
20 2 564 597 598
20 2 565 566 599
20 2 565 598 599
20 2 566 567 600
20 2 566 599 600
20 2 567 568 601
20 2 567 600 601
20 2 568 569 602
20 2 568 601 602
20 2 569 570 603
20 2 569 602 603
20 2 570 571 604
20 2 570 603 604
20 2 571 572 605
20 2 571 604 605
20 2 572 573 606
20 2 572 605 606
20 2 573 574 607
20 2 573 606 607
20 2 574 575 608
20 2 574 607 608
20 2 575 576 609
20 2 575 608 609
20 2 576 577 610
20 2 576 609 610
20 2 577 578 611
20 2 577 610 611
20 2 578 579 612
20 2 578 611 612
20 2 579 580 613
20 2 579 612 613
20 2 580 581 614
20 2 580 613 614
20 2 581 582 615
20 2 581 614 615
20 2 582 583 616
20 2 582 615 616
20 2 583 584 617
20 2 583 616 617
20 2 584 585 618
20 2 584 617 618
20 2 585 586 619
20 2 585 618 619
20 2 586 587 620
20 2 586 619 620
20 2 587 588 621
20 2 587 620 621
20 2 588 589 622
20 2 588 621 622
20 2 589 590 623
20 2 589 622 623
20 2 590 591 624
20 2 590 623 624
20 2 591 592 625
20 2 591 624 625
12 2 593 626 1319
20 2 592 593 626
12 2 593 1286 1319
20 2 592 625 626
20 2 594 595 628
20 2 594 627 628
12 2 594 627 1320
12 2 594 1287 1320
20 2 595 596 629
20 2 595 628 629
20 2 596 597 630
20 2 596 629 630
20 2 597 598 631
20 2 597 630 631
20 2 598 599 632
20 2 598 631 632
20 2 599 600 633
20 2 599 632 633
20 2 600 601 634
20 2 600 633 634
20 2 601 602 635
20 2 601 634 635
20 2 602 603 636
20 2 602 635 636
20 2 603 604 637
20 2 603 636 637
20 2 604 605 638
20 2 604 637 638
20 2 605 606 639
20 2 605 638 639
20 2 606 607 640
20 2 606 639 640
20 2 607 608 641
20 2 607 640 641
20 2 608 609 642
20 2 608 641 642
20 2 609 610 643
20 2 609 642 643
20 2 610 611 644
20 2 610 643 644
20 2 611 612 645
20 2 611 644 645
20 2 612 613 646
20 2 612 645 646
20 2 613 614 647
20 2 613 646 647
20 2 614 615 648
20 2 614 647 648
20 2 615 616 649
20 2 615 648 649
20 2 616 617 650
20 2 616 649 650
20 2 617 618 651
20 2 617 650 651
20 2 618 619 652
20 2 618 651 652
20 2 619 620 653
20 2 619 652 653
20 2 620 621 654
20 2 620 653 654
20 2 621 622 655
20 2 621 654 655
20 2 622 623 656
20 2 622 655 656
20 2 623 624 657
20 2 623 656 657
20 2 624 625 658
20 2 624 657 658
12 2 626 659 1352
20 2 625 626 659
12 2 626 1319 1352
20 2 625 658 659
20 2 627 628 661
12 2 660 661 1354
20 2 627 660 661
12 2 660 1353 1354
12 2 627 660 1353
12 2 627 1320 1353
20 2 628 629 662
12 2 661 662 1355
20 2 628 661 662
12 2 661 1354 1355
20 2 629 630 663
12 2 662 663 1356
20 2 629 662 663
12 2 662 1355 1356
20 2 630 631 664
12 2 663 664 1357
20 2 630 663 664
12 2 663 1356 1357
20 2 631 632 665
12 2 664 665 1358
20 2 631 664 665
12 2 664 1357 1358
20 2 632 633 666
12 2 665 666 1359
20 2 632 665 666
12 2 665 1358 1359
20 2 633 634 667
12 2 666 667 1360
20 2 633 666 667
12 2 666 1359 1360
20 2 634 635 668
12 2 667 668 1361
20 2 634 667 668
12 2 667 1360 1361
20 2 635 636 669
12 2 668 669 1362
20 2 635 668 669
12 2 668 1361 1362
20 2 636 637 670
12 2 669 670 1363
20 2 636 669 670
12 2 669 1362 1363
20 2 637 638 671
12 2 670 671 1364
20 2 637 670 671
12 2 670 1363 1364
20 2 638 639 672
12 2 671 672 1365
20 2 638 671 672
12 2 671 1364 1365
20 2 639 640 673
12 2 672 673 1366
20 2 639 672 673
12 2 672 1365 1366
20 2 640 641 674
12 2 673 674 1367
20 2 640 673 674
12 2 673 1366 1367
20 2 641 642 675
12 2 674 675 1368
20 2 641 674 675
12 2 674 1367 1368
20 2 642 643 676
12 2 675 676 1369
20 2 642 675 676
12 2 675 1368 1369
20 2 643 644 677
12 2 676 677 1370
20 2 643 676 677
12 2 676 1369 1370
20 2 644 645 678
12 2 677 678 1371
20 2 644 677 678
12 2 677 1370 1371
20 2 645 646 679
12 2 678 679 1372
20 2 645 678 679
12 2 678 1371 1372
20 2 646 647 680
12 2 679 680 1373
20 2 646 679 680
12 2 679 1372 1373
20 2 647 648 681
12 2 680 681 1374
20 2 647 680 681
12 2 680 1373 1374
20 2 648 649 682
12 2 681 682 1375
20 2 648 681 682
12 2 681 1374 1375
20 2 649 650 683
12 2 682 683 1376
20 2 649 682 683
12 2 682 1375 1376
20 2 650 651 684
12 2 683 684 1377
20 2 650 683 684
12 2 683 1376 1377
20 2 651 652 685
12 2 684 685 1378
20 2 651 684 685
12 2 684 1377 1378
20 2 652 653 686
12 2 685 686 1379
20 2 652 685 686
12 2 685 1378 1379
20 2 653 654 687
12 2 686 687 1380
20 2 653 686 687
12 2 686 1379 1380
20 2 654 655 688
12 2 687 688 1381
20 2 654 687 688
12 2 687 1380 1381
20 2 655 656 689
12 2 688 689 1382
20 2 655 688 689
12 2 688 1381 1382
20 2 656 657 690
12 2 689 690 1383
20 2 656 689 690
12 2 689 1382 1383
20 2 657 658 691
12 2 690 691 1384
20 2 657 690 691
12 2 690 1383 1384
12 2 659 692 1385
20 2 658 659 692
12 2 659 1352 1385
12 2 691 692 1385
20 2 658 691 692
12 2 691 1384 1385
12 2 693 694 1387
12 2 693 726 1419
12 2 693 1386 1387
12 2 693 1386 1419
12 2 694 695 1388
12 2 694 1387 1388
12 2 695 696 1389
12 2 695 1388 1389
12 2 696 697 1390
12 2 696 1389 1390
12 2 697 698 1391
12 2 697 1390 1391
12 2 698 699 1392
12 2 698 1391 1392
12 2 699 700 1393
12 2 699 1392 1393
12 2 700 701 1394
12 2 700 1393 1394
12 2 701 702 1395
12 2 701 1394 1395
12 2 702 703 1396
12 2 702 1395 1396
12 2 703 704 1397
12 2 703 1396 1397
12 2 704 705 1398
12 2 704 1397 1398
12 2 705 706 1399
12 2 705 1398 1399
12 2 706 707 1400
12 2 706 1399 1400
12 2 707 708 1401
12 2 707 1400 1401
12 2 708 709 1402
12 2 708 1401 1402
12 2 709 710 1403
12 2 709 1402 1403
12 2 710 711 1404
12 2 710 1403 1404
12 2 711 712 1405
12 2 711 1404 1405
12 2 712 713 1406
12 2 712 1405 1406
12 2 713 714 1407
12 2 713 1406 1407
12 2 714 715 1408
12 2 714 1407 1408
12 2 715 716 1409
12 2 715 1408 1409
12 2 716 717 1410
12 2 716 1409 1410
12 2 717 718 1411
12 2 717 1410 1411
12 2 718 719 1412
12 2 718 1411 1412
12 2 719 720 1413
12 2 719 1412 1413
12 2 720 721 1414
12 2 720 1413 1414
12 2 721 722 1415
12 2 721 1414 1415
12 2 722 723 1416
12 2 722 1415 1416
12 2 723 724 1417
12 2 723 1416 1417
12 2 725 758 1451
12 2 725 1418 1451
12 2 724 725 1418
12 2 724 1417 1418
12 2 726 759 1452
12 2 726 1419 1452
12 2 758 791 1484
12 2 758 1451 1484
12 2 759 792 1485
12 2 759 1452 1485
12 2 791 824 1517
12 2 791 1484 1517
12 2 792 825 1518
12 2 792 1485 1518
12 2 824 857 1550
12 2 824 1517 1550
12 2 825 858 1551
12 2 825 1518 1551
12 2 857 890 1583
12 2 857 1550 1583
12 2 858 891 1584
12 2 858 1551 1584
12 2 890 923 1616
12 2 890 1583 1616
12 2 891 924 1617
12 2 891 1584 1617
12 2 923 956 1649
12 2 923 1616 1649
12 2 924 957 1650
12 2 924 1617 1650
12 2 956 989 1682
12 2 956 1649 1682
12 2 957 990 1683
12 2 957 1650 1683
12 2 989 1022 1715
12 2 989 1682 1715
12 2 990 1023 1716
12 2 990 1683 1716
11 2 1027 1028 1721
11 2 1027 1720 1721
11 2 1028 1029 1722
11 2 1028 1721 1722
11 2 1029 1030 1723
11 2 1029 1722 1723
11 2 1030 1031 1724
11 2 1030 1723 1724
11 2 1031 1032 1725
11 2 1031 1724 1725
11 2 1032 1033 1726
11 2 1032 1725 1726
11 2 1033 1034 1727
11 2 1033 1726 1727
11 2 1034 1035 1728
11 2 1034 1727 1728
10 2 1037 1038 1731
10 2 1037 1730 1731
10 2 1038 1039 1732
10 2 1038 1731 1732
10 2 1039 1040 1733
10 2 1039 1732 1733
10 2 1040 1041 1734
10 2 1040 1733 1734
11 2 1043 1044 1737
11 2 1043 1736 1737
11 2 1044 1045 1738
11 2 1044 1737 1738
11 2 1045 1046 1739
11 2 1045 1738 1739
11 2 1046 1047 1740
11 2 1046 1739 1740
11 2 1047 1048 1741
11 2 1047 1740 1741
11 2 1048 1049 1742
11 2 1048 1741 1742
11 2 1049 1050 1743
11 2 1049 1742 1743
11 2 1050 1051 1744
11 2 1050 1743 1744
12 2 1022 1055 1748
12 2 1022 1715 1748
12 2 1023 1056 1749
12 2 1023 1716 1749
12 2 1055 1088 1781
12 2 1055 1748 1781
12 2 1056 1089 1782
12 2 1056 1749 1782
12 2 1088 1121 1814
12 2 1088 1781 1814
12 2 1089 1122 1815
12 2 1089 1782 1815
12 2 1121 1154 1847
12 2 1121 1814 1847
12 2 1122 1155 1848
12 2 1122 1815 1848
12 2 1154 1187 1880
12 2 1154 1847 1880
12 2 1155 1188 1881
12 2 1155 1848 1881
12 2 1187 1220 1913
12 2 1187 1880 1913
12 2 1188 1221 1914
12 2 1188 1881 1914
12 2 1220 1253 1946
12 2 1220 1913 1946
12 2 1221 1254 1947
12 2 1221 1914 1947
12 2 1253 1286 1979
12 2 1253 1946 1979
12 2 1254 1287 1980
12 2 1254 1947 1980
12 2 1286 1319 2012
12 2 1286 1979 2012
12 2 1287 1320 2013
12 2 1287 1980 2013
12 2 1319 1352 2045
12 2 1319 2012 2045
12 2 1353 1354 2047
12 2 1353 2046 2047
12 2 1320 1353 2046
12 2 1320 2013 2046
12 2 1354 1355 2048
12 2 1354 2047 2048
12 2 1355 1356 2049
12 2 1355 2048 2049
12 2 1356 1357 2050
12 2 1356 2049 2050
12 2 1357 1358 2051
12 2 1357 2050 2051
12 2 1358 1359 2052
12 2 1358 2051 2052
12 2 1359 1360 2053
12 2 1359 2052 2053
12 2 1360 1361 2054
12 2 1360 2053 2054
12 2 1361 1362 2055
12 2 1361 2054 2055
12 2 1362 1363 2056
12 2 1362 2055 2056
12 2 1363 1364 2057
12 2 1363 2056 2057
12 2 1364 1365 2058
12 2 1364 2057 2058
12 2 1365 1366 2059
12 2 1365 2058 2059
12 2 1366 1367 2060
12 2 1366 2059 2060
12 2 1367 1368 2061
12 2 1367 2060 2061
12 2 1368 1369 2062
12 2 1368 2061 2062
12 2 1369 1370 2063
12 2 1369 2062 2063
12 2 1370 1371 2064
12 2 1370 2063 2064
12 2 1371 1372 2065
12 2 1371 2064 2065
12 2 1372 1373 2066
12 2 1372 2065 2066
12 2 1373 1374 2067
12 2 1373 2066 2067
12 2 1374 1375 2068
12 2 1374 2067 2068
12 2 1375 1376 2069
12 2 1375 2068 2069
12 2 1376 1377 2070
12 2 1376 2069 2070
12 2 1377 1378 2071
12 2 1377 2070 2071
12 2 1378 1379 2072
12 2 1378 2071 2072
12 2 1379 1380 2073
12 2 1379 2072 2073
12 2 1380 1381 2074
12 2 1380 2073 2074
12 2 1381 1382 2075
12 2 1381 2074 2075
12 2 1382 1383 2076
12 2 1382 2075 2076
12 2 1383 1384 2077
12 2 1383 2076 2077
12 2 1352 1385 2078
12 2 1352 2045 2078
12 2 1384 1385 2078
12 2 1384 2077 2078
12 2 1386 1387 2080
12 2 1386 1419 2112
21 2 2079 2080 2113
12 2 1386 2079 2080
21 2 2079 2112 2113
12 2 1386 2079 2112
12 2 1387 1388 2081
21 2 2080 2081 2114
12 2 1387 2080 2081
21 2 2080 2113 2114
12 2 1388 1389 2082
21 2 2081 2082 2115
12 2 1388 2081 2082
21 2 2081 2114 2115
12 2 1389 1390 2083
21 2 2082 2083 2116
12 2 1389 2082 2083
21 2 2082 2115 2116
12 2 1390 1391 2084
21 2 2083 2084 2117
12 2 1390 2083 2084
21 2 2083 2116 2117
12 2 1391 1392 2085
21 2 2084 2085 2118
12 2 1391 2084 2085
21 2 2084 2117 2118
12 2 1392 1393 2086
21 2 2085 2086 2119
12 2 1392 2085 2086
21 2 2085 2118 2119
12 2 1393 1394 2087
21 2 2086 2087 2120
12 2 1393 2086 2087
21 2 2086 2119 2120
12 2 1394 1395 2088
21 2 2087 2088 2121
12 2 1394 2087 2088
21 2 2087 2120 2121
12 2 1395 1396 2089
21 2 2088 2089 2122
12 2 1395 2088 2089
21 2 2088 2121 2122
12 2 1396 1397 2090
21 2 2089 2090 2123
12 2 1396 2089 2090
21 2 2089 2122 2123
12 2 1397 1398 2091
21 2 2090 2091 2124
12 2 1397 2090 2091
21 2 2090 2123 2124
12 2 1398 1399 2092
21 2 2091 2092 2125
12 2 1398 2091 2092
21 2 2091 2124 2125
12 2 1399 1400 2093
21 2 2092 2093 2126
12 2 1399 2092 2093
21 2 2092 2125 2126
12 2 1400 1401 2094
21 2 2093 2094 2127
12 2 1400 2093 2094
21 2 2093 2126 2127
12 2 1401 1402 2095
21 2 2094 2095 2128
12 2 1401 2094 2095
21 2 2094 2127 2128
12 2 1402 1403 2096
21 2 2095 2096 2129
12 2 1402 2095 2096
21 2 2095 2128 2129
12 2 1403 1404 2097
21 2 2096 2097 2130
12 2 1403 2096 2097
21 2 2096 2129 2130
12 2 1404 1405 2098
21 2 2097 2098 2131
12 2 1404 2097 2098
21 2 2097 2130 2131
12 2 1405 1406 2099
21 2 2098 2099 2132
12 2 1405 2098 2099
21 2 2098 2131 2132
12 2 1406 1407 2100
21 2 2099 2100 2133
12 2 1406 2099 2100
21 2 2099 2132 2133
12 2 1407 1408 2101
21 2 2100 2101 2134
12 2 1407 2100 2101
21 2 2100 2133 2134
12 2 1408 1409 2102
21 2 2101 2102 2135
12 2 1408 2101 2102
21 2 2101 2134 2135
12 2 1409 1410 2103
21 2 2102 2103 2136
12 2 1409 2102 2103
21 2 2102 2135 2136
12 2 1410 1411 2104
21 2 2103 2104 2137
12 2 1410 2103 2104
21 2 2103 2136 2137
12 2 1411 1412 2105
21 2 2104 2105 2138
12 2 1411 2104 2105
21 2 2104 2137 2138
12 2 1412 1413 2106
21 2 2105 2106 2139
12 2 1412 2105 2106
21 2 2105 2138 2139
12 2 1413 1414 2107
21 2 2106 2107 2140
12 2 1413 2106 2107
21 2 2106 2139 2140
12 2 1414 1415 2108
21 2 2107 2108 2141
12 2 1414 2107 2108
21 2 2107 2140 2141
12 2 1415 1416 2109
21 2 2108 2109 2142
12 2 1415 2108 2109
21 2 2108 2141 2142
12 2 1416 1417 2110
21 2 2109 2110 2143
12 2 1416 2109 2110
21 2 2109 2142 2143
12 2 1418 1451 2144
12 2 1418 2111 2144
12 2 1417 1418 2111
21 2 2110 2111 2144
12 2 1417 2110 2111
21 2 2110 2143 2144
12 2 1419 1452 2145
21 2 2112 2113 2146
21 2 2112 2145 2146
12 2 1419 2112 2145
21 2 2113 2114 2147
21 2 2113 2146 2147
21 2 2114 2115 2148
21 2 2114 2147 2148
21 2 2115 2116 2149
21 2 2115 2148 2149
21 2 2116 2117 2150
21 2 2116 2149 2150
21 2 2117 2118 2151
21 2 2117 2150 2151
21 2 2118 2119 2152
21 2 2118 2151 2152
21 2 2119 2120 2153
21 2 2119 2152 2153
21 2 2120 2121 2154
21 2 2120 2153 2154
21 2 2121 2122 2155
21 2 2121 2154 2155
21 2 2122 2123 2156
21 2 2122 2155 2156
21 2 2123 2124 2157
21 2 2123 2156 2157
21 2 2124 2125 2158
21 2 2124 2157 2158
21 2 2125 2126 2159
21 2 2125 2158 2159
21 2 2126 2127 2160
21 2 2126 2159 2160
21 2 2127 2128 2161
21 2 2127 2160 2161
21 2 2128 2129 2162
21 2 2128 2161 2162
21 2 2129 2130 2163
21 2 2129 2162 2163
21 2 2130 2131 2164
21 2 2130 2163 2164
21 2 2131 2132 2165
21 2 2131 2164 2165
21 2 2132 2133 2166
21 2 2132 2165 2166
21 2 2133 2134 2167
21 2 2133 2166 2167
21 2 2134 2135 2168
21 2 2134 2167 2168
21 2 2135 2136 2169
21 2 2135 2168 2169
21 2 2136 2137 2170
21 2 2136 2169 2170
21 2 2137 2138 2171
21 2 2137 2170 2171
21 2 2138 2139 2172
21 2 2138 2171 2172
21 2 2139 2140 2173
21 2 2139 2172 2173
21 2 2140 2141 2174
21 2 2140 2173 2174
21 2 2141 2142 2175
21 2 2141 2174 2175
21 2 2142 2143 2176
21 2 2142 2175 2176
12 2 1451 1484 2177
12 2 1451 2144 2177
21 2 2143 2144 2177
21 2 2143 2176 2177
12 2 1452 1485 2178
21 2 2145 2146 2179
21 2 2145 2178 2179
12 2 1452 2145 2178
21 2 2146 2147 2180
21 2 2146 2179 2180
21 2 2147 2148 2181
21 2 2147 2180 2181
21 2 2148 2149 2182
21 2 2148 2181 2182
21 2 2149 2150 2183
21 2 2149 2182 2183
21 2 2150 2151 2184
21 2 2150 2183 2184
21 2 2151 2152 2185
21 2 2151 2184 2185
21 2 2152 2153 2186
21 2 2152 2185 2186
21 2 2153 2154 2187
21 2 2153 2186 2187
21 2 2154 2155 2188
21 2 2154 2187 2188
21 2 2155 2156 2189
21 2 2155 2188 2189
21 2 2156 2157 2190
21 2 2156 2189 2190
21 2 2157 2158 2191
21 2 2157 2190 2191
21 2 2158 2159 2192
21 2 2158 2191 2192
21 2 2159 2160 2193
21 2 2159 2192 2193
21 2 2160 2161 2194
21 2 2160 2193 2194
21 2 2161 2162 2195
21 2 2161 2194 2195
21 2 2162 2163 2196
21 2 2162 2195 2196
21 2 2163 2164 2197
21 2 2163 2196 2197
21 2 2164 2165 2198
21 2 2164 2197 2198
21 2 2165 2166 2199
21 2 2165 2198 2199
21 2 2166 2167 2200
21 2 2166 2199 2200
21 2 2167 2168 2201
21 2 2167 2200 2201
21 2 2168 2169 2202
21 2 2168 2201 2202
21 2 2169 2170 2203
21 2 2169 2202 2203
21 2 2170 2171 2204
21 2 2170 2203 2204
21 2 2171 2172 2205
21 2 2171 2204 2205
21 2 2172 2173 2206
21 2 2172 2205 2206
21 2 2173 2174 2207
21 2 2173 2206 2207
21 2 2174 2175 2208
21 2 2174 2207 2208
21 2 2175 2176 2209
21 2 2175 2208 2209
12 2 1484 1517 2210
12 2 1484 2177 2210
21 2 2176 2177 2210
21 2 2176 2209 2210
12 2 1485 1518 2211
21 2 2178 2179 2212
21 2 2178 2211 2212
12 2 1485 2178 2211
21 2 2179 2180 2213
21 2 2179 2212 2213
21 2 2180 2181 2214
21 2 2180 2213 2214
21 2 2181 2182 2215
21 2 2181 2214 2215
21 2 2182 2183 2216
21 2 2182 2215 2216
21 2 2183 2184 2217
21 2 2183 2216 2217
21 2 2184 2185 2218
21 2 2184 2217 2218
21 2 2185 2186 2219
21 2 2185 2218 2219
21 2 2186 2187 2220
21 2 2186 2219 2220
21 2 2187 2188 2221
21 2 2187 2220 2221
21 2 2188 2189 2222
21 2 2188 2221 2222
21 2 2189 2190 2223
21 2 2189 2222 2223
21 2 2190 2191 2224
21 2 2190 2223 2224
21 2 2191 2192 2225
21 2 2191 2224 2225
21 2 2192 2193 2226
21 2 2192 2225 2226
21 2 2193 2194 2227
21 2 2193 2226 2227
21 2 2194 2195 2228
21 2 2194 2227 2228
21 2 2195 2196 2229
21 2 2195 2228 2229
21 2 2196 2197 2230
21 2 2196 2229 2230
21 2 2197 2198 2231
21 2 2197 2230 2231
21 2 2198 2199 2232
21 2 2198 2231 2232
21 2 2199 2200 2233
21 2 2199 2232 2233
21 2 2200 2201 2234
21 2 2200 2233 2234
21 2 2201 2202 2235
21 2 2201 2234 2235
21 2 2202 2203 2236
21 2 2202 2235 2236
21 2 2203 2204 2237
21 2 2203 2236 2237
21 2 2204 2205 2238
21 2 2204 2237 2238
21 2 2205 2206 2239
21 2 2205 2238 2239
21 2 2206 2207 2240
21 2 2206 2239 2240
21 2 2207 2208 2241
21 2 2207 2240 2241
21 2 2208 2209 2242
21 2 2208 2241 2242
12 2 1517 1550 2243
12 2 1517 2210 2243
21 2 2209 2210 2243
21 2 2209 2242 2243
12 2 1518 1551 2244
21 2 2211 2212 2245
21 2 2211 2244 2245
12 2 1518 2211 2244
21 2 2212 2213 2246
21 2 2212 2245 2246
21 2 2213 2214 2247
21 2 2213 2246 2247
21 2 2214 2215 2248
21 2 2214 2247 2248
21 2 2215 2216 2249
21 2 2215 2248 2249
21 2 2216 2217 2250
21 2 2216 2249 2250
21 2 2217 2218 2251
21 2 2217 2250 2251
21 2 2218 2219 2252
21 2 2218 2251 2252
21 2 2219 2220 2253
21 2 2219 2252 2253
21 2 2220 2221 2254
21 2 2220 2253 2254
21 2 2221 2222 2255
21 2 2221 2254 2255
21 2 2222 2223 2256
21 2 2222 2255 2256
21 2 2223 2224 2257
21 2 2223 2256 2257
21 2 2224 2225 2258
21 2 2224 2257 2258
21 2 2225 2226 2259
21 2 2225 2258 2259
21 2 2226 2227 2260
21 2 2226 2259 2260
21 2 2227 2228 2261
21 2 2227 2260 2261
21 2 2228 2229 2262
21 2 2228 2261 2262
21 2 2229 2230 2263
21 2 2229 2262 2263
21 2 2230 2231 2264
21 2 2230 2263 2264
21 2 2231 2232 2265
21 2 2231 2264 2265
21 2 2232 2233 2266
21 2 2232 2265 2266
21 2 2233 2234 2267
21 2 2233 2266 2267
21 2 2234 2235 2268
21 2 2234 2267 2268
21 2 2235 2236 2269
21 2 2235 2268 2269
21 2 2236 2237 2270
21 2 2236 2269 2270
21 2 2237 2238 2271
21 2 2237 2270 2271
21 2 2238 2239 2272
21 2 2238 2271 2272
21 2 2239 2240 2273
21 2 2239 2272 2273
21 2 2240 2241 2274
21 2 2240 2273 2274
21 2 2241 2242 2275
21 2 2241 2274 2275
12 2 1550 1583 2276
12 2 1550 2243 2276
21 2 2242 2243 2276
21 2 2242 2275 2276
12 2 1551 1584 2277
21 2 2244 2245 2278
21 2 2244 2277 2278
12 2 1551 2244 2277
21 2 2245 2246 2279
21 2 2245 2278 2279
21 2 2246 2247 2280
21 2 2246 2279 2280
21 2 2247 2248 2281
21 2 2247 2280 2281
21 2 2248 2249 2282
21 2 2248 2281 2282
21 2 2249 2250 2283
21 2 2249 2282 2283
21 2 2250 2251 2284
21 2 2250 2283 2284
21 2 2251 2252 2285
21 2 2251 2284 2285
21 2 2252 2253 2286
21 2 2252 2285 2286
21 2 2253 2254 2287
21 2 2253 2286 2287
21 2 2254 2255 2288
21 2 2254 2287 2288
21 2 2255 2256 2289
21 2 2255 2288 2289
21 2 2256 2257 2290
21 2 2256 2289 2290
21 2 2257 2258 2291
21 2 2257 2290 2291
21 2 2258 2259 2292
21 2 2258 2291 2292
21 2 2259 2260 2293
21 2 2259 2292 2293
21 2 2260 2261 2294
21 2 2260 2293 2294
21 2 2261 2262 2295
21 2 2261 2294 2295
21 2 2262 2263 2296
21 2 2262 2295 2296
21 2 2263 2264 2297
21 2 2263 2296 2297
21 2 2264 2265 2298
21 2 2264 2297 2298
21 2 2265 2266 2299
21 2 2265 2298 2299
21 2 2266 2267 2300
21 2 2266 2299 2300
21 2 2267 2268 2301
21 2 2267 2300 2301
21 2 2268 2269 2302
21 2 2268 2301 2302
21 2 2269 2270 2303
21 2 2269 2302 2303
21 2 2270 2271 2304
21 2 2270 2303 2304
21 2 2271 2272 2305
21 2 2271 2304 2305
21 2 2272 2273 2306
21 2 2272 2305 2306
21 2 2273 2274 2307
21 2 2273 2306 2307
21 2 2274 2275 2308
21 2 2274 2307 2308
12 2 1583 1616 2309
12 2 1583 2276 2309
21 2 2275 2276 2309
21 2 2275 2308 2309
12 2 1584 1617 2310
21 2 2277 2278 2311
21 2 2277 2310 2311
12 2 1584 2277 2310
21 2 2278 2279 2312
21 2 2278 2311 2312
21 2 2279 2280 2313
21 2 2279 2312 2313
21 2 2280 2281 2314
21 2 2280 2313 2314
21 2 2281 2282 2315
21 2 2281 2314 2315
21 2 2282 2283 2316
21 2 2282 2315 2316
21 2 2283 2284 2317
21 2 2283 2316 2317
21 2 2284 2285 2318
21 2 2284 2317 2318
21 2 2285 2286 2319
21 2 2285 2318 2319
21 2 2286 2287 2320
21 2 2286 2319 2320
21 2 2287 2288 2321
21 2 2287 2320 2321
21 2 2288 2289 2322
21 2 2288 2321 2322
21 2 2289 2290 2323
21 2 2289 2322 2323
21 2 2290 2291 2324
21 2 2290 2323 2324
21 2 2291 2292 2325
21 2 2291 2324 2325
21 2 2292 2293 2326
21 2 2292 2325 2326
21 2 2293 2294 2327
21 2 2293 2326 2327
21 2 2294 2295 2328
21 2 2294 2327 2328
21 2 2295 2296 2329
21 2 2295 2328 2329
21 2 2296 2297 2330
21 2 2296 2329 2330
21 2 2297 2298 2331
21 2 2297 2330 2331
21 2 2298 2299 2332
21 2 2298 2331 2332
21 2 2299 2300 2333
21 2 2299 2332 2333
21 2 2300 2301 2334
21 2 2300 2333 2334
21 2 2301 2302 2335
21 2 2301 2334 2335
21 2 2302 2303 2336
21 2 2302 2335 2336
21 2 2303 2304 2337
21 2 2303 2336 2337
21 2 2304 2305 2338
21 2 2304 2337 2338
21 2 2305 2306 2339
21 2 2305 2338 2339
21 2 2306 2307 2340
21 2 2306 2339 2340
21 2 2307 2308 2341
21 2 2307 2340 2341
12 2 1616 1649 2342
12 2 1616 2309 2342
21 2 2308 2309 2342
21 2 2308 2341 2342
12 2 1617 1650 2343
21 2 2310 2311 2344
21 2 2310 2343 2344
12 2 1617 2310 2343
21 2 2311 2312 2345
21 2 2311 2344 2345
21 2 2312 2313 2346
21 2 2312 2345 2346
21 2 2313 2314 2347
21 2 2313 2346 2347
21 2 2314 2315 2348
21 2 2314 2347 2348
21 2 2315 2316 2349
21 2 2315 2348 2349
21 2 2316 2317 2350
21 2 2316 2349 2350
21 2 2317 2318 2351
21 2 2317 2350 2351
21 2 2318 2319 2352
21 2 2318 2351 2352
21 2 2319 2320 2353
21 2 2319 2352 2353
21 2 2320 2321 2354
21 2 2320 2353 2354
21 2 2321 2322 2355
21 2 2321 2354 2355
21 2 2322 2323 2356
21 2 2322 2355 2356
21 2 2323 2324 2357
21 2 2323 2356 2357
21 2 2324 2325 2358
21 2 2324 2357 2358
21 2 2325 2326 2359
21 2 2325 2358 2359
21 2 2326 2327 2360
21 2 2326 2359 2360
21 2 2327 2328 2361
21 2 2327 2360 2361
21 2 2328 2329 2362
21 2 2328 2361 2362
21 2 2329 2330 2363
21 2 2329 2362 2363
21 2 2330 2331 2364
21 2 2330 2363 2364
21 2 2331 2332 2365
21 2 2331 2364 2365
21 2 2332 2333 2366
21 2 2332 2365 2366
21 2 2333 2334 2367
21 2 2333 2366 2367
21 2 2334 2335 2368
21 2 2334 2367 2368
21 2 2335 2336 2369
21 2 2335 2368 2369
21 2 2336 2337 2370
21 2 2336 2369 2370
21 2 2337 2338 2371
21 2 2337 2370 2371
21 2 2338 2339 2372
21 2 2338 2371 2372
21 2 2339 2340 2373
21 2 2339 2372 2373
21 2 2340 2341 2374
21 2 2340 2373 2374
12 2 1649 1682 2375
12 2 1649 2342 2375
21 2 2341 2342 2375
21 2 2341 2374 2375
12 2 1650 1683 2376
21 2 2343 2344 2377
21 2 2343 2376 2377
12 2 1650 2343 2376
21 2 2344 2345 2378
21 2 2344 2377 2378
21 2 2345 2346 2379
21 2 2345 2378 2379
21 2 2346 2347 2380
21 2 2346 2379 2380
21 2 2347 2348 2381
21 2 2347 2380 2381
21 2 2348 2349 2382
21 2 2348 2381 2382
21 2 2349 2350 2383
21 2 2349 2382 2383
21 2 2350 2351 2384
21 2 2350 2383 2384
21 2 2351 2352 2385
21 2 2351 2384 2385
21 2 2352 2353 2386
21 2 2352 2385 2386
21 2 2353 2354 2387
21 2 2353 2386 2387
21 2 2354 2355 2388
21 2 2354 2387 2388
21 2 2355 2356 2389
21 2 2355 2388 2389
21 2 2356 2357 2390
21 2 2356 2389 2390
21 2 2357 2358 2391
21 2 2357 2390 2391
21 2 2358 2359 2392
21 2 2358 2391 2392
21 2 2359 2360 2393
21 2 2359 2392 2393
21 2 2360 2361 2394
21 2 2360 2393 2394
21 2 2361 2362 2395
21 2 2361 2394 2395
21 2 2362 2363 2396
21 2 2362 2395 2396
21 2 2363 2364 2397
21 2 2363 2396 2397
21 2 2364 2365 2398
21 2 2364 2397 2398
21 2 2365 2366 2399
21 2 2365 2398 2399
21 2 2366 2367 2400
21 2 2366 2399 2400
21 2 2367 2368 2401
21 2 2367 2400 2401
21 2 2368 2369 2402
21 2 2368 2401 2402
21 2 2369 2370 2403
21 2 2369 2402 2403
21 2 2370 2371 2404
21 2 2370 2403 2404
21 2 2371 2372 2405
21 2 2371 2404 2405
21 2 2372 2373 2406
21 2 2372 2405 2406
21 2 2373 2374 2407
21 2 2373 2406 2407
12 2 1682 1715 2408
12 2 1682 2375 2408
21 2 2374 2375 2408
21 2 2374 2407 2408
12 2 1683 1716 2409
21 2 2376 2377 2410
21 2 2376 2409 2410
12 2 1683 2376 2409
21 2 2377 2378 2411
21 2 2377 2410 2411
21 2 2378 2379 2412
21 2 2378 2411 2412
21 2 2379 2380 2413
21 2 2379 2412 2413
11 2 1720 1721 2414
11 2 1720 2413 2414
21 2 2380 2381 2414
21 2 2380 2413 2414
11 2 1721 1722 2415
11 2 1721 2414 2415
21 2 2381 2382 2415
21 2 2381 2414 2415
11 2 1722 1723 2416
11 2 1722 2415 2416
21 2 2382 2383 2416
21 2 2382 2415 2416
11 2 1723 1724 2417
11 2 1723 2416 2417
21 2 2383 2384 2417
21 2 2383 2416 2417
11 2 1724 1725 2418
11 2 1724 2417 2418
21 2 2384 2385 2418
21 2 2384 2417 2418
11 2 1725 1726 2419
11 2 1725 2418 2419
21 2 2385 2386 2419
21 2 2385 2418 2419
11 2 1726 1727 2420
11 2 1726 2419 2420
21 2 2386 2387 2420
21 2 2386 2419 2420
11 2 1727 1728 2421
11 2 1727 2420 2421
21 2 2387 2388 2421
21 2 2387 2420 2421
21 2 2388 2389 2422
21 2 2388 2421 2422
21 2 2389 2390 2423
21 2 2389 2422 2423
10 2 1730 1731 2424
10 2 1730 2423 2424
21 2 2390 2391 2424
21 2 2390 2423 2424
10 2 1731 1732 2425
10 2 1731 2424 2425
21 2 2391 2392 2425
21 2 2391 2424 2425
10 2 1732 1733 2426
10 2 1732 2425 2426
21 2 2392 2393 2426
21 2 2392 2425 2426
10 2 1733 1734 2427
10 2 1733 2426 2427
21 2 2393 2394 2427
21 2 2393 2426 2427
21 2 2394 2395 2428
21 2 2394 2427 2428
21 2 2395 2396 2429
21 2 2395 2428 2429
11 2 1736 1737 2430
11 2 1736 2429 2430
21 2 2396 2397 2430
21 2 2396 2429 2430
11 2 1737 1738 2431
11 2 1737 2430 2431
21 2 2397 2398 2431
21 2 2397 2430 2431
11 2 1738 1739 2432
11 2 1738 2431 2432
21 2 2398 2399 2432
21 2 2398 2431 2432
11 2 1739 1740 2433
11 2 1739 2432 2433
21 2 2399 2400 2433
21 2 2399 2432 2433
11 2 1740 1741 2434
11 2 1740 2433 2434
21 2 2400 2401 2434
21 2 2400 2433 2434
11 2 1741 1742 2435
11 2 1741 2434 2435
21 2 2401 2402 2435
21 2 2401 2434 2435
11 2 1742 1743 2436
11 2 1742 2435 2436
21 2 2402 2403 2436
21 2 2402 2435 2436
11 2 1743 1744 2437
11 2 1743 2436 2437
21 2 2403 2404 2437
21 2 2403 2436 2437
21 2 2404 2405 2438
21 2 2404 2437 2438
21 2 2405 2406 2439
21 2 2405 2438 2439
21 2 2406 2407 2440
21 2 2406 2439 2440
12 2 1715 1748 2441
12 2 1715 2408 2441
21 2 2407 2408 2441
21 2 2407 2440 2441
12 2 1716 1749 2442
21 2 2409 2410 2443
21 2 2409 2442 2443
12 2 1716 2409 2442
21 2 2410 2411 2444
21 2 2410 2443 2444
21 2 2411 2412 2445
21 2 2411 2444 2445
21 2 2412 2413 2446
21 2 2412 2445 2446
21 2 2413 2414 2447
21 2 2413 2446 2447
21 2 2414 2415 2448
21 2 2414 2447 2448
21 2 2415 2416 2449
21 2 2415 2448 2449
21 2 2416 2417 2450
21 2 2416 2449 2450
21 2 2417 2418 2451
21 2 2417 2450 2451
21 2 2418 2419 2452
21 2 2418 2451 2452
21 2 2419 2420 2453
21 2 2419 2452 2453
21 2 2420 2421 2454
21 2 2420 2453 2454
21 2 2421 2422 2455
21 2 2421 2454 2455
21 2 2422 2423 2456
21 2 2422 2455 2456
21 2 2423 2424 2457
21 2 2423 2456 2457
21 2 2424 2425 2458
21 2 2424 2457 2458
21 2 2425 2426 2459
21 2 2425 2458 2459
21 2 2426 2427 2460
21 2 2426 2459 2460
21 2 2427 2428 2461
21 2 2427 2460 2461
21 2 2428 2429 2462
21 2 2428 2461 2462
21 2 2429 2430 2463
21 2 2429 2462 2463
21 2 2430 2431 2464
21 2 2430 2463 2464
21 2 2431 2432 2465
21 2 2431 2464 2465
21 2 2432 2433 2466
21 2 2432 2465 2466
21 2 2433 2434 2467
21 2 2433 2466 2467
21 2 2434 2435 2468
21 2 2434 2467 2468
21 2 2435 2436 2469
21 2 2435 2468 2469
21 2 2436 2437 2470
21 2 2436 2469 2470
21 2 2437 2438 2471
21 2 2437 2470 2471
21 2 2438 2439 2472
21 2 2438 2471 2472
21 2 2439 2440 2473
21 2 2439 2472 2473
12 2 1748 1781 2474
12 2 1748 2441 2474
21 2 2440 2441 2474
21 2 2440 2473 2474
12 2 1749 1782 2475
21 2 2442 2443 2476
21 2 2442 2475 2476
12 2 1749 2442 2475
21 2 2443 2444 2477
21 2 2443 2476 2477
21 2 2444 2445 2478
21 2 2444 2477 2478
21 2 2445 2446 2479
21 2 2445 2478 2479
21 2 2446 2447 2480
21 2 2446 2479 2480
21 2 2447 2448 2481
21 2 2447 2480 2481
21 2 2448 2449 2482
21 2 2448 2481 2482
21 2 2449 2450 2483
21 2 2449 2482 2483
21 2 2450 2451 2484
21 2 2450 2483 2484
21 2 2451 2452 2485
21 2 2451 2484 2485
21 2 2452 2453 2486
21 2 2452 2485 2486
21 2 2453 2454 2487
21 2 2453 2486 2487
21 2 2454 2455 2488
21 2 2454 2487 2488
21 2 2455 2456 2489
21 2 2455 2488 2489
21 2 2456 2457 2490
21 2 2456 2489 2490
21 2 2457 2458 2491
21 2 2457 2490 2491
21 2 2458 2459 2492
21 2 2458 2491 2492
21 2 2459 2460 2493
21 2 2459 2492 2493
21 2 2460 2461 2494
21 2 2460 2493 2494
21 2 2461 2462 2495
21 2 2461 2494 2495
21 2 2462 2463 2496
21 2 2462 2495 2496
21 2 2463 2464 2497
21 2 2463 2496 2497
21 2 2464 2465 2498
21 2 2464 2497 2498
21 2 2465 2466 2499
21 2 2465 2498 2499
21 2 2466 2467 2500
21 2 2466 2499 2500
21 2 2467 2468 2501
21 2 2467 2500 2501
21 2 2468 2469 2502
21 2 2468 2501 2502
21 2 2469 2470 2503
21 2 2469 2502 2503
21 2 2470 2471 2504
21 2 2470 2503 2504
21 2 2471 2472 2505
21 2 2471 2504 2505
21 2 2472 2473 2506
21 2 2472 2505 2506
12 2 1781 1814 2507
12 2 1781 2474 2507
21 2 2473 2474 2507
21 2 2473 2506 2507
12 2 1782 1815 2508
21 2 2475 2476 2509
21 2 2475 2508 2509
12 2 1782 2475 2508
21 2 2476 2477 2510
21 2 2476 2509 2510
21 2 2477 2478 2511
21 2 2477 2510 2511
21 2 2478 2479 2512
21 2 2478 2511 2512
21 2 2479 2480 2513
21 2 2479 2512 2513
21 2 2480 2481 2514
21 2 2480 2513 2514
21 2 2481 2482 2515
21 2 2481 2514 2515
21 2 2482 2483 2516
21 2 2482 2515 2516
21 2 2483 2484 2517
21 2 2483 2516 2517
21 2 2484 2485 2518
21 2 2484 2517 2518
21 2 2485 2486 2519
21 2 2485 2518 2519
21 2 2486 2487 2520
21 2 2486 2519 2520
21 2 2487 2488 2521
21 2 2487 2520 2521
21 2 2488 2489 2522
21 2 2488 2521 2522
21 2 2489 2490 2523
21 2 2489 2522 2523
21 2 2490 2491 2524
21 2 2490 2523 2524
21 2 2491 2492 2525
21 2 2491 2524 2525
21 2 2492 2493 2526
21 2 2492 2525 2526
21 2 2493 2494 2527
21 2 2493 2526 2527
21 2 2494 2495 2528
21 2 2494 2527 2528
21 2 2495 2496 2529
21 2 2495 2528 2529
21 2 2496 2497 2530
21 2 2496 2529 2530
21 2 2497 2498 2531
21 2 2497 2530 2531
21 2 2498 2499 2532
21 2 2498 2531 2532
21 2 2499 2500 2533
21 2 2499 2532 2533
21 2 2500 2501 2534
21 2 2500 2533 2534
21 2 2501 2502 2535
21 2 2501 2534 2535
21 2 2502 2503 2536
21 2 2502 2535 2536
21 2 2503 2504 2537
21 2 2503 2536 2537
21 2 2504 2505 2538
21 2 2504 2537 2538
21 2 2505 2506 2539
21 2 2505 2538 2539
12 2 1814 1847 2540
12 2 1814 2507 2540
21 2 2506 2507 2540
21 2 2506 2539 2540
12 2 1815 1848 2541
21 2 2508 2509 2542
21 2 2508 2541 2542
12 2 1815 2508 2541
21 2 2509 2510 2543
21 2 2509 2542 2543
21 2 2510 2511 2544
21 2 2510 2543 2544
21 2 2511 2512 2545
21 2 2511 2544 2545
21 2 2512 2513 2546
21 2 2512 2545 2546
21 2 2513 2514 2547
21 2 2513 2546 2547
21 2 2514 2515 2548
21 2 2514 2547 2548
21 2 2515 2516 2549
21 2 2515 2548 2549
21 2 2516 2517 2550
21 2 2516 2549 2550
21 2 2517 2518 2551
21 2 2517 2550 2551
21 2 2518 2519 2552
21 2 2518 2551 2552
21 2 2519 2520 2553
21 2 2519 2552 2553
21 2 2520 2521 2554
21 2 2520 2553 2554
21 2 2521 2522 2555
21 2 2521 2554 2555
21 2 2522 2523 2556
21 2 2522 2555 2556
21 2 2523 2524 2557
21 2 2523 2556 2557
21 2 2524 2525 2558
21 2 2524 2557 2558
21 2 2525 2526 2559
21 2 2525 2558 2559
21 2 2526 2527 2560
21 2 2526 2559 2560
21 2 2527 2528 2561
21 2 2527 2560 2561
21 2 2528 2529 2562
21 2 2528 2561 2562
21 2 2529 2530 2563
21 2 2529 2562 2563
21 2 2530 2531 2564
21 2 2530 2563 2564
21 2 2531 2532 2565
21 2 2531 2564 2565
21 2 2532 2533 2566
21 2 2532 2565 2566
21 2 2533 2534 2567
21 2 2533 2566 2567
21 2 2534 2535 2568
21 2 2534 2567 2568
21 2 2535 2536 2569
21 2 2535 2568 2569
21 2 2536 2537 2570
21 2 2536 2569 2570
21 2 2537 2538 2571
21 2 2537 2570 2571
21 2 2538 2539 2572
21 2 2538 2571 2572
12 2 1847 1880 2573
12 2 1847 2540 2573
21 2 2539 2540 2573
21 2 2539 2572 2573
12 2 1848 1881 2574
21 2 2541 2542 2575
21 2 2541 2574 2575
12 2 1848 2541 2574
21 2 2542 2543 2576
21 2 2542 2575 2576
21 2 2543 2544 2577
21 2 2543 2576 2577
21 2 2544 2545 2578
21 2 2544 2577 2578
21 2 2545 2546 2579
21 2 2545 2578 2579
21 2 2546 2547 2580
21 2 2546 2579 2580
21 2 2547 2548 2581
21 2 2547 2580 2581
21 2 2548 2549 2582
21 2 2548 2581 2582
21 2 2549 2550 2583
21 2 2549 2582 2583
21 2 2550 2551 2584
21 2 2550 2583 2584
21 2 2551 2552 2585
21 2 2551 2584 2585
21 2 2552 2553 2586
21 2 2552 2585 2586
21 2 2553 2554 2587
21 2 2553 2586 2587
21 2 2554 2555 2588
21 2 2554 2587 2588
21 2 2555 2556 2589
21 2 2555 2588 2589
21 2 2556 2557 2590
21 2 2556 2589 2590
21 2 2557 2558 2591
21 2 2557 2590 2591
21 2 2558 2559 2592
21 2 2558 2591 2592
21 2 2559 2560 2593
21 2 2559 2592 2593
21 2 2560 2561 2594
21 2 2560 2593 2594
21 2 2561 2562 2595
21 2 2561 2594 2595
21 2 2562 2563 2596
21 2 2562 2595 2596
21 2 2563 2564 2597
21 2 2563 2596 2597
21 2 2564 2565 2598
21 2 2564 2597 2598
21 2 2565 2566 2599
21 2 2565 2598 2599
21 2 2566 2567 2600
21 2 2566 2599 2600
21 2 2567 2568 2601
21 2 2567 2600 2601
21 2 2568 2569 2602
21 2 2568 2601 2602
21 2 2569 2570 2603
21 2 2569 2602 2603
21 2 2570 2571 2604
21 2 2570 2603 2604
21 2 2571 2572 2605
21 2 2571 2604 2605
12 2 1880 1913 2606
12 2 1880 2573 2606
21 2 2572 2573 2606
21 2 2572 2605 2606
12 2 1881 1914 2607
21 2 2574 2575 2608
21 2 2574 2607 2608
12 2 1881 2574 2607
21 2 2575 2576 2609
21 2 2575 2608 2609
21 2 2576 2577 2610
21 2 2576 2609 2610
21 2 2577 2578 2611
21 2 2577 2610 2611
21 2 2578 2579 2612
21 2 2578 2611 2612
21 2 2579 2580 2613
21 2 2579 2612 2613
21 2 2580 2581 2614
21 2 2580 2613 2614
21 2 2581 2582 2615
21 2 2581 2614 2615
21 2 2582 2583 2616
21 2 2582 2615 2616
21 2 2583 2584 2617
21 2 2583 2616 2617
21 2 2584 2585 2618
21 2 2584 2617 2618
21 2 2585 2586 2619
21 2 2585 2618 2619
21 2 2586 2587 2620
21 2 2586 2619 2620
21 2 2587 2588 2621
21 2 2587 2620 2621
21 2 2588 2589 2622
21 2 2588 2621 2622
21 2 2589 2590 2623
21 2 2589 2622 2623
21 2 2590 2591 2624
21 2 2590 2623 2624
21 2 2591 2592 2625
21 2 2591 2624 2625
21 2 2592 2593 2626
21 2 2592 2625 2626
21 2 2593 2594 2627
21 2 2593 2626 2627
21 2 2594 2595 2628
21 2 2594 2627 2628
21 2 2595 2596 2629
21 2 2595 2628 2629
21 2 2596 2597 2630
21 2 2596 2629 2630
21 2 2597 2598 2631
21 2 2597 2630 2631
21 2 2598 2599 2632
21 2 2598 2631 2632
21 2 2599 2600 2633
21 2 2599 2632 2633
21 2 2600 2601 2634
21 2 2600 2633 2634
21 2 2601 2602 2635
21 2 2601 2634 2635
21 2 2602 2603 2636
21 2 2602 2635 2636
21 2 2603 2604 2637
21 2 2603 2636 2637
21 2 2604 2605 2638
21 2 2604 2637 2638
12 2 1913 1946 2639
12 2 1913 2606 2639
21 2 2605 2606 2639
21 2 2605 2638 2639
12 2 1914 1947 2640
21 2 2607 2608 2641
21 2 2607 2640 2641
12 2 1914 2607 2640
21 2 2608 2609 2642
21 2 2608 2641 2642
21 2 2609 2610 2643
21 2 2609 2642 2643
21 2 2610 2611 2644
21 2 2610 2643 2644
21 2 2611 2612 2645
21 2 2611 2644 2645
21 2 2612 2613 2646
21 2 2612 2645 2646
21 2 2613 2614 2647
21 2 2613 2646 2647
21 2 2614 2615 2648
21 2 2614 2647 2648
21 2 2615 2616 2649
21 2 2615 2648 2649
21 2 2616 2617 2650
21 2 2616 2649 2650
21 2 2617 2618 2651
21 2 2617 2650 2651
21 2 2618 2619 2652
21 2 2618 2651 2652
21 2 2619 2620 2653
21 2 2619 2652 2653
21 2 2620 2621 2654
21 2 2620 2653 2654
21 2 2621 2622 2655
21 2 2621 2654 2655
21 2 2622 2623 2656
21 2 2622 2655 2656
21 2 2623 2624 2657
21 2 2623 2656 2657
21 2 2624 2625 2658
21 2 2624 2657 2658
21 2 2625 2626 2659
21 2 2625 2658 2659
21 2 2626 2627 2660
21 2 2626 2659 2660
21 2 2627 2628 2661
21 2 2627 2660 2661
21 2 2628 2629 2662
21 2 2628 2661 2662
21 2 2629 2630 2663
21 2 2629 2662 2663
21 2 2630 2631 2664
21 2 2630 2663 2664
21 2 2631 2632 2665
21 2 2631 2664 2665
21 2 2632 2633 2666
21 2 2632 2665 2666
21 2 2633 2634 2667
21 2 2633 2666 2667
21 2 2634 2635 2668
21 2 2634 2667 2668
21 2 2635 2636 2669
21 2 2635 2668 2669
21 2 2636 2637 2670
21 2 2636 2669 2670
21 2 2637 2638 2671
21 2 2637 2670 2671
12 2 1946 1979 2672
12 2 1946 2639 2672
21 2 2638 2639 2672
21 2 2638 2671 2672
12 2 1947 1980 2673
21 2 2640 2641 2674
21 2 2640 2673 2674
12 2 1947 2640 2673
21 2 2641 2642 2675
21 2 2641 2674 2675
21 2 2642 2643 2676
21 2 2642 2675 2676
21 2 2643 2644 2677
21 2 2643 2676 2677
21 2 2644 2645 2678
21 2 2644 2677 2678
21 2 2645 2646 2679
21 2 2645 2678 2679
21 2 2646 2647 2680
21 2 2646 2679 2680
21 2 2647 2648 2681
21 2 2647 2680 2681
21 2 2648 2649 2682
21 2 2648 2681 2682
21 2 2649 2650 2683
21 2 2649 2682 2683
21 2 2650 2651 2684
21 2 2650 2683 2684
21 2 2651 2652 2685
21 2 2651 2684 2685
21 2 2652 2653 2686
21 2 2652 2685 2686
21 2 2653 2654 2687
21 2 2653 2686 2687
21 2 2654 2655 2688
21 2 2654 2687 2688
21 2 2655 2656 2689
21 2 2655 2688 2689
21 2 2656 2657 2690
21 2 2656 2689 2690
21 2 2657 2658 2691
21 2 2657 2690 2691
21 2 2658 2659 2692
21 2 2658 2691 2692
21 2 2659 2660 2693
21 2 2659 2692 2693
21 2 2660 2661 2694
21 2 2660 2693 2694
21 2 2661 2662 2695
21 2 2661 2694 2695
21 2 2662 2663 2696
21 2 2662 2695 2696
21 2 2663 2664 2697
21 2 2663 2696 2697
21 2 2664 2665 2698
21 2 2664 2697 2698
21 2 2665 2666 2699
21 2 2665 2698 2699
21 2 2666 2667 2700
21 2 2666 2699 2700
21 2 2667 2668 2701
21 2 2667 2700 2701
21 2 2668 2669 2702
21 2 2668 2701 2702
21 2 2669 2670 2703
21 2 2669 2702 2703
21 2 2670 2671 2704
21 2 2670 2703 2704
12 2 1979 2012 2705
12 2 1979 2672 2705
21 2 2671 2672 2705
21 2 2671 2704 2705
12 2 1980 2013 2706
21 2 2673 2674 2707
21 2 2673 2706 2707
12 2 1980 2673 2706
21 2 2674 2675 2708
21 2 2674 2707 2708
21 2 2675 2676 2709
21 2 2675 2708 2709
21 2 2676 2677 2710
21 2 2676 2709 2710
21 2 2677 2678 2711
21 2 2677 2710 2711
21 2 2678 2679 2712
21 2 2678 2711 2712
21 2 2679 2680 2713
21 2 2679 2712 2713
21 2 2680 2681 2714
21 2 2680 2713 2714
21 2 2681 2682 2715
21 2 2681 2714 2715
21 2 2682 2683 2716
21 2 2682 2715 2716
21 2 2683 2684 2717
21 2 2683 2716 2717
21 2 2684 2685 2718
21 2 2684 2717 2718
21 2 2685 2686 2719
21 2 2685 2718 2719
21 2 2686 2687 2720
21 2 2686 2719 2720
21 2 2687 2688 2721
21 2 2687 2720 2721
21 2 2688 2689 2722
21 2 2688 2721 2722
21 2 2689 2690 2723
21 2 2689 2722 2723
21 2 2690 2691 2724
21 2 2690 2723 2724
21 2 2691 2692 2725
21 2 2691 2724 2725
21 2 2692 2693 2726
21 2 2692 2725 2726
21 2 2693 2694 2727
21 2 2693 2726 2727
21 2 2694 2695 2728
21 2 2694 2727 2728
21 2 2695 2696 2729
21 2 2695 2728 2729
21 2 2696 2697 2730
21 2 2696 2729 2730
21 2 2697 2698 2731
21 2 2697 2730 2731
21 2 2698 2699 2732
21 2 2698 2731 2732
21 2 2699 2700 2733
21 2 2699 2732 2733
21 2 2700 2701 2734
21 2 2700 2733 2734
21 2 2701 2702 2735
21 2 2701 2734 2735
21 2 2702 2703 2736
21 2 2702 2735 2736
21 2 2703 2704 2737
21 2 2703 2736 2737
12 2 2012 2045 2738
12 2 2012 2705 2738
21 2 2704 2705 2738
21 2 2704 2737 2738
12 2 2046 2047 2740
12 2 2046 2739 2740
12 2 2013 2046 2739
21 2 2706 2707 2740
21 2 2706 2739 2740
12 2 2013 2706 2739
12 2 2047 2048 2741
12 2 2047 2740 2741
21 2 2707 2708 2741
21 2 2707 2740 2741
12 2 2048 2049 2742
12 2 2048 2741 2742
21 2 2708 2709 2742
21 2 2708 2741 2742
12 2 2049 2050 2743
12 2 2049 2742 2743
21 2 2709 2710 2743
21 2 2709 2742 2743
12 2 2050 2051 2744
12 2 2050 2743 2744
21 2 2710 2711 2744
21 2 2710 2743 2744
12 2 2051 2052 2745
12 2 2051 2744 2745
21 2 2711 2712 2745
21 2 2711 2744 2745
12 2 2052 2053 2746
12 2 2052 2745 2746
21 2 2712 2713 2746
21 2 2712 2745 2746
12 2 2053 2054 2747
12 2 2053 2746 2747
21 2 2713 2714 2747
21 2 2713 2746 2747
12 2 2054 2055 2748
12 2 2054 2747 2748
21 2 2714 2715 2748
21 2 2714 2747 2748
12 2 2055 2056 2749
12 2 2055 2748 2749
21 2 2715 2716 2749
21 2 2715 2748 2749
12 2 2056 2057 2750
12 2 2056 2749 2750
21 2 2716 2717 2750
21 2 2716 2749 2750
12 2 2057 2058 2751
12 2 2057 2750 2751
21 2 2717 2718 2751
21 2 2717 2750 2751
12 2 2058 2059 2752
12 2 2058 2751 2752
21 2 2718 2719 2752
21 2 2718 2751 2752
12 2 2059 2060 2753
12 2 2059 2752 2753
21 2 2719 2720 2753
21 2 2719 2752 2753
12 2 2060 2061 2754
12 2 2060 2753 2754
21 2 2720 2721 2754
21 2 2720 2753 2754
12 2 2061 2062 2755
12 2 2061 2754 2755
21 2 2721 2722 2755
21 2 2721 2754 2755
12 2 2062 2063 2756
12 2 2062 2755 2756
21 2 2722 2723 2756
21 2 2722 2755 2756
12 2 2063 2064 2757
12 2 2063 2756 2757
21 2 2723 2724 2757
21 2 2723 2756 2757
12 2 2064 2065 2758
12 2 2064 2757 2758
21 2 2724 2725 2758
21 2 2724 2757 2758
12 2 2065 2066 2759
12 2 2065 2758 2759
21 2 2725 2726 2759
21 2 2725 2758 2759
12 2 2066 2067 2760
12 2 2066 2759 2760
21 2 2726 2727 2760
21 2 2726 2759 2760
12 2 2067 2068 2761
12 2 2067 2760 2761
21 2 2727 2728 2761
21 2 2727 2760 2761
12 2 2068 2069 2762
12 2 2068 2761 2762
21 2 2728 2729 2762
21 2 2728 2761 2762
12 2 2069 2070 2763
12 2 2069 2762 2763
21 2 2729 2730 2763
21 2 2729 2762 2763
12 2 2070 2071 2764
12 2 2070 2763 2764
21 2 2730 2731 2764
21 2 2730 2763 2764
12 2 2071 2072 2765
12 2 2071 2764 2765
21 2 2731 2732 2765
21 2 2731 2764 2765
12 2 2072 2073 2766
12 2 2072 2765 2766
21 2 2732 2733 2766
21 2 2732 2765 2766
12 2 2073 2074 2767
12 2 2073 2766 2767
21 2 2733 2734 2767
21 2 2733 2766 2767
12 2 2074 2075 2768
12 2 2074 2767 2768
21 2 2734 2735 2768
21 2 2734 2767 2768
12 2 2075 2076 2769
12 2 2075 2768 2769
21 2 2735 2736 2769
21 2 2735 2768 2769
12 2 2076 2077 2770
12 2 2076 2769 2770
21 2 2736 2737 2770
21 2 2736 2769 2770
12 2 2045 2078 2771
12 2 2045 2738 2771
12 2 2077 2078 2771
12 2 2077 2770 2771
21 2 2737 2738 2771
21 2 2737 2770 2771

vertices
2772
3
-160 -160 0
-103.40492141905486 -160 0
-86.530993178389181 -160 0
-81.5 -160 0
-80 -160 0
-77.259663170406327 -160 0
-69.455844122715718 -160 0
-57.776603565143226 -160 0
-43.999999999999993 -160 0
-30.223396434856767 -160 0
-18.54415587728429 -160 0
-10.740336829593677 -160 0
-8 -160 0
-6.5 -160 0
-5 -160 0
-2.5 -160 0
0 -160 0
2.5 -160 0
5 -160 0
6.5 -160 0
8 -160 0
10.740336829593677 -160 0
18.54415587728429 -160 0
30.223396434856767 -160 0
43.999999999999993 -160 0
57.776603565143226 -160 0
69.455844122715718 -160 0
77.259663170406327 -160 0
80 -160 0
81.5 -160 0
86.530993178389181 -160 0
103.40492141905486 -160 0
160 -160 0
-160 -106.56491386634607 0
-103.40492141905486 -106.56491386634607 0
-86.530993178389181 -106.56491386634607 0
-81.5 -106.56491386634607 0
-80 -106.56491386634607 0
-77.259663170406327 -106.56491386634607 0
-69.455844122715718 -106.56491386634607 0
-57.776603565143226 -106.56491386634607 0
-43.999999999999993 -106.56491386634607 0
-30.223396434856767 -106.56491386634607 0
-18.54415587728429 -106.56491386634607 0
-10.740336829593677 -106.56491386634607 0
-8 -106.56491386634607 0
-6.5 -106.56491386634607 0
-5 -106.56491386634607 0
-2.5 -106.56491386634607 0
0 -106.56491386634607 0
2.5 -106.56491386634607 0
5 -106.56491386634607 0
6.5 -106.56491386634607 0
8 -106.56491386634607 0
10.740336829593677 -106.56491386634607 0
18.54415587728429 -106.56491386634607 0
30.223396434856767 -106.56491386634607 0
43.999999999999993 -106.56491386634607 0
57.776603565143226 -106.56491386634607 0
69.455844122715718 -106.56491386634607 0
77.259663170406327 -106.56491386634607 0
80 -106.56491386634607 0
81.5 -106.56491386634607 0
86.530993178389181 -106.56491386634607 0
103.40492141905486 -106.56491386634607 0
160 -106.56491386634607 0
-160 -70.638697139067759 0
-103.40492141905486 -70.638697139067759 0
-86.530993178389181 -70.638697139067759 0
-81.5 -70.638697139067759 0
-80 -70.638697139067759 0
-77.259663170406327 -70.638697139067759 0
-69.455844122715718 -70.638697139067759 0
-57.776603565143226 -70.638697139067759 0
-43.999999999999993 -70.638697139067759 0
-30.223396434856767 -70.638697139067759 0
-18.54415587728429 -70.638697139067759 0
-10.740336829593677 -70.638697139067759 0
-8 -70.638697139067759 0
-6.5 -70.638697139067759 0
-5 -70.638697139067759 0
-2.5 -70.638697139067759 0
0 -70.638697139067759 0
2.5 -70.638697139067759 0
5 -70.638697139067759 0
6.5 -70.638697139067759 0
8 -70.638697139067759 0
10.740336829593677 -70.638697139067759 0
18.54415587728429 -70.638697139067759 0
30.223396434856767 -70.638697139067759 0
43.999999999999993 -70.638697139067759 0
57.776603565143226 -70.638697139067759 0
69.455844122715718 -70.638697139067759 0
77.259663170406327 -70.638697139067759 0
80 -70.638697139067759 0
81.5 -70.638697139067759 0
86.530993178389181 -70.638697139067759 0
103.40492141905486 -70.638697139067759 0
160 -70.638697139067759 0
-160 -46.484285838840023 0
-103.40492141905486 -46.484285838840023 0
-86.530993178389181 -46.484285838840023 0
-81.5 -46.484285838840023 0
-80 -46.484285838840023 0
-77.259663170406327 -46.484285838840023 0
-69.455844122715718 -46.484285838840023 0
-57.776603565143226 -46.484285838840023 0
-43.999999999999993 -46.484285838840023 0
-30.223396434856767 -46.484285838840023 0
-18.54415587728429 -46.484285838840023 0
-10.740336829593677 -46.484285838840023 0
-8 -46.484285838840023 0
-6.5 -46.484285838840023 0
-5 -46.484285838840023 0
-2.5 -46.484285838840023 0
0 -46.484285838840023 0
2.5 -46.484285838840023 0
5 -46.484285838840023 0
6.5 -46.484285838840023 0
8 -46.484285838840023 0
10.740336829593677 -46.484285838840023 0
18.54415587728429 -46.484285838840023 0
30.223396434856767 -46.484285838840023 0
43.999999999999993 -46.484285838840023 0
57.776603565143226 -46.484285838840023 0
69.455844122715718 -46.484285838840023 0
77.259663170406327 -46.484285838840023 0
80 -46.484285838840023 0
81.5 -46.484285838840023 0
86.530993178389181 -46.484285838840023 0
103.40492141905486 -46.484285838840023 0
160 -46.484285838840023 0
-160 -30.244457701924784 0
-103.40492141905486 -30.244457701924784 0
-86.530993178389181 -30.244457701924784 0
-81.5 -30.244457701924784 0
-80 -30.244457701924784 0
-77.259663170406327 -30.244457701924784 0
-69.455844122715718 -30.244457701924784 0
-57.776603565143226 -30.244457701924784 0
-43.999999999999993 -30.244457701924784 0
-30.223396434856767 -30.244457701924784 0
-18.54415587728429 -30.244457701924784 0
-10.740336829593677 -30.244457701924784 0
-8 -30.244457701924784 0
-6.5 -30.244457701924784 0
-5 -30.244457701924784 0
-2.5 -30.244457701924784 0
0 -30.244457701924784 0
2.5 -30.244457701924784 0
5 -30.244457701924784 0
6.5 -30.244457701924784 0
8 -30.244457701924784 0
10.740336829593677 -30.244457701924784 0
18.54415587728429 -30.244457701924784 0
30.223396434856767 -30.244457701924784 0
43.999999999999993 -30.244457701924784 0
57.776603565143226 -30.244457701924784 0
69.455844122715718 -30.244457701924784 0
77.259663170406327 -30.244457701924784 0
80 -30.244457701924784 0
81.5 -30.244457701924784 0
86.530993178389181 -30.244457701924784 0
103.40492141905486 -30.244457701924784 0
160 -30.244457701924784 0
-160 -19.325871666501214 0
-103.40492141905486 -19.325871666501214 0
-86.530993178389181 -19.325871666501214 0
-81.5 -19.325871666501214 0
-80 -19.325871666501214 0
-77.259663170406327 -19.325871666501214 0
-69.455844122715718 -19.325871666501214 0
-57.776603565143226 -19.325871666501214 0
-43.999999999999993 -19.325871666501214 0
-30.223396434856767 -19.325871666501214 0
-18.54415587728429 -19.325871666501214 0
-10.740336829593677 -19.325871666501214 0
-8 -19.325871666501214 0
-6.5 -19.325871666501214 0
-5 -19.325871666501214 0
-2.5 -19.325871666501214 0
0 -19.325871666501214 0
2.5 -19.325871666501214 0
5 -19.325871666501214 0
6.5 -19.325871666501214 0
8 -19.325871666501214 0
10.740336829593677 -19.325871666501214 0
18.54415587728429 -19.325871666501214 0
30.223396434856767 -19.325871666501214 0
43.999999999999993 -19.325871666501214 0
57.776603565143226 -19.325871666501214 0
69.455844122715718 -19.325871666501214 0
77.259663170406327 -19.325871666501214 0
80 -19.325871666501214 0
81.5 -19.325871666501214 0
86.530993178389181 -19.325871666501214 0
103.40492141905486 -19.325871666501214 0
160 -19.325871666501214 0
-160 -11.984936774342213 0
-103.40492141905486 -11.984936774342213 0
-86.530993178389181 -11.984936774342213 0
-81.5 -11.984936774342213 0
-80 -11.984936774342213 0
-77.259663170406327 -11.984936774342213 0
-69.455844122715718 -11.984936774342213 0
-57.776603565143226 -11.984936774342213 0
-43.999999999999993 -11.984936774342213 0
-30.223396434856767 -11.984936774342213 0
-18.54415587728429 -11.984936774342213 0
-10.740336829593677 -11.984936774342213 0
-8 -11.984936774342213 0
-6.5 -11.984936774342213 0
-5 -11.984936774342213 0
-2.5 -11.984936774342213 0
0 -11.984936774342213 0
2.5 -11.984936774342213 0
5 -11.984936774342213 0
6.5 -11.984936774342213 0
8 -11.984936774342213 0
10.740336829593677 -11.984936774342213 0
18.54415587728429 -11.984936774342213 0
30.223396434856767 -11.984936774342213 0
43.999999999999993 -11.984936774342213 0
57.776603565143226 -11.984936774342213 0
69.455844122715718 -11.984936774342213 0
77.259663170406327 -11.984936774342213 0
80 -11.984936774342213 0
81.5 -11.984936774342213 0
86.530993178389181 -11.984936774342213 0
103.40492141905486 -11.984936774342213 0
160 -11.984936774342213 0
-160 -7.0493778186237366 0
-103.40492141905486 -7.0493778186237366 0
-86.530993178389181 -7.0493778186237366 0
-81.5 -7.0493778186237366 0
-80 -7.0493778186237366 0
-77.259663170406327 -7.0493778186237366 0
-69.455844122715718 -7.0493778186237366 0
-57.776603565143226 -7.0493778186237366 0
-43.999999999999993 -7.0493778186237366 0
-30.223396434856767 -7.0493778186237366 0
-18.54415587728429 -7.0493778186237366 0
-10.740336829593677 -7.0493778186237366 0
-8 -7.0493778186237366 0
-6.5 -7.0493778186237366 0
-5 -7.0493778186237366 0
-2.5 -7.0493778186237366 0
0 -7.0493778186237366 0
2.5 -7.0493778186237366 0
5 -7.0493778186237366 0
6.5 -7.0493778186237366 0
8 -7.0493778186237366 0
10.740336829593677 -7.0493778186237366 0
18.54415587728429 -7.0493778186237366 0
30.223396434856767 -7.0493778186237366 0
43.999999999999993 -7.0493778186237366 0
57.776603565143226 -7.0493778186237366 0
69.455844122715718 -7.0493778186237366 0
77.259663170406327 -7.0493778186237366 0
80 -7.0493778186237366 0
81.5 -7.0493778186237366 0
86.530993178389181 -7.0493778186237366 0
103.40492141905486 -7.0493778186237366 0
160 -7.0493778186237366 0
-160 -3.7310345063309152 0
-103.40492141905486 -3.7310345063309152 0
-86.530993178389181 -3.7310345063309152 0
-81.5 -3.7310345063309152 0
-80 -3.7310345063309152 0
-77.259663170406327 -3.7310345063309152 0
-69.455844122715718 -3.7310345063309152 0
-57.776603565143226 -3.7310345063309152 0
-43.999999999999993 -3.7310345063309152 0
-30.223396434856767 -3.7310345063309152 0
-18.54415587728429 -3.7310345063309152 0
-10.740336829593677 -3.7310345063309152 0
-8 -3.7310345063309152 0
-6.5 -3.7310345063309152 0
-5 -3.7310345063309152 0
-2.5 -3.7310345063309152 0
0 -3.7310345063309152 0
2.5 -3.7310345063309152 0
5 -3.7310345063309152 0
6.5 -3.7310345063309152 0
8 -3.7310345063309152 0
10.740336829593677 -3.7310345063309152 0
18.54415587728429 -3.7310345063309152 0
30.223396434856767 -3.7310345063309152 0
43.999999999999993 -3.7310345063309152 0
57.776603565143226 -3.7310345063309152 0
69.455844122715718 -3.7310345063309152 0
77.259663170406327 -3.7310345063309152 0
80 -3.7310345063309152 0
81.5 -3.7310345063309152 0
86.530993178389181 -3.7310345063309152 0
103.40492141905486 -3.7310345063309152 0
160 -3.7310345063309152 0
-160 -1.4999999999999996 0
-103.40492141905486 -1.4999999999999996 0
-86.530993178389181 -1.4999999999999996 0
-81.5 -1.4999999999999996 0
-80 -1.4999999999999996 0
-77.259663170406327 -1.4999999999999996 0
-69.455844122715718 -1.4999999999999996 0
-57.776603565143226 -1.4999999999999996 0
-43.999999999999993 -1.4999999999999996 0
-30.223396434856767 -1.4999999999999996 0
-18.54415587728429 -1.4999999999999996 0
-10.740336829593677 -1.4999999999999996 0
-8 -1.4999999999999996 0
-6.5 -1.4999999999999996 0
-5 -1.4999999999999996 0
-2.5 -1.4999999999999996 0
0 -1.4999999999999996 0
2.5 -1.4999999999999996 0
5 -1.4999999999999996 0
6.5 -1.4999999999999996 0
8 -1.4999999999999996 0
10.740336829593677 -1.4999999999999996 0
18.54415587728429 -1.4999999999999996 0
30.223396434856767 -1.4999999999999996 0
43.999999999999993 -1.4999999999999996 0
57.776603565143226 -1.4999999999999996 0
69.455844122715718 -1.4999999999999996 0
77.259663170406327 -1.4999999999999996 0
80 -1.4999999999999996 0
81.5 -1.4999999999999996 0
86.530993178389181 -1.4999999999999996 0
103.40492141905486 -1.4999999999999996 0
160 -1.4999999999999996 0
-160 0 0
-103.40492141905486 0 0
-86.530993178389181 0 0
-81.5 0 0
-80 0 0
-77.259663170406327 0 0
-69.455844122715718 0 0
-57.776603565143226 0 0
-43.999999999999993 0 0
-30.223396434856767 0 0
-18.54415587728429 0 0
-10.740336829593677 0 0
-8 0 0
-6.5 0 0
-5 0 0
-2.5 0 0
0 0 0
2.5 0 0
5 0 0
6.5 0 0
8 0 0
10.740336829593677 0 0
18.54415587728429 0 0
30.223396434856767 0 0
43.999999999999993 0 0
57.776603565143226 0 0
69.455844122715718 0 0
77.259663170406327 0 0
80 0 0
81.5 0 0
86.530993178389181 0 0
103.40492141905486 0 0
160 0 0
-160 1.4999999999999996 0
-103.40492141905486 1.4999999999999996 0
-86.530993178389181 1.4999999999999996 0
-81.5 1.4999999999999996 0
-80 1.4999999999999996 0
-77.259663170406327 1.4999999999999996 0
-69.455844122715718 1.4999999999999996 0
-57.776603565143226 1.4999999999999996 0
-43.999999999999993 1.4999999999999996 0
-30.223396434856767 1.4999999999999996 0
-18.54415587728429 1.4999999999999996 0
-10.740336829593677 1.4999999999999996 0
-8 1.4999999999999996 0
-6.5 1.4999999999999996 0
-5 1.4999999999999996 0
-2.5 1.4999999999999996 0
0 1.4999999999999996 0
2.5 1.4999999999999996 0
5 1.4999999999999996 0
6.5 1.4999999999999996 0
8 1.4999999999999996 0
10.740336829593677 1.4999999999999996 0
18.54415587728429 1.4999999999999996 0
30.223396434856767 1.4999999999999996 0
43.999999999999993 1.4999999999999996 0
57.776603565143226 1.4999999999999996 0
69.455844122715718 1.4999999999999996 0
77.259663170406327 1.4999999999999996 0
80 1.4999999999999996 0
81.5 1.4999999999999996 0
86.530993178389181 1.4999999999999996 0
103.40492141905486 1.4999999999999996 0
160 1.4999999999999996 0
-160 3.7310345063309152 0
-103.40492141905486 3.7310345063309152 0
-86.530993178389181 3.7310345063309152 0
-81.5 3.7310345063309152 0
-80 3.7310345063309152 0
-77.259663170406327 3.7310345063309152 0
-69.455844122715718 3.7310345063309152 0
-57.776603565143226 3.7310345063309152 0
-43.999999999999993 3.7310345063309152 0
-30.223396434856767 3.7310345063309152 0
-18.54415587728429 3.7310345063309152 0
-10.740336829593677 3.7310345063309152 0
-8 3.7310345063309152 0
-6.5 3.7310345063309152 0
-5 3.7310345063309152 0
-2.5 3.7310345063309152 0
0 3.7310345063309152 0
2.5 3.7310345063309152 0
5 3.7310345063309152 0
6.5 3.7310345063309152 0
8 3.7310345063309152 0
10.740336829593677 3.7310345063309152 0
18.54415587728429 3.7310345063309152 0
30.223396434856767 3.7310345063309152 0
43.999999999999993 3.7310345063309152 0
57.776603565143226 3.7310345063309152 0
69.455844122715718 3.7310345063309152 0
77.259663170406327 3.7310345063309152 0
80 3.7310345063309152 0
81.5 3.7310345063309152 0
86.530993178389181 3.7310345063309152 0
103.40492141905486 3.7310345063309152 0
160 3.7310345063309152 0
-160 7.0493778186237366 0
-103.40492141905486 7.0493778186237366 0
-86.530993178389181 7.0493778186237366 0
-81.5 7.0493778186237366 0
-80 7.0493778186237366 0
-77.259663170406327 7.0493778186237366 0
-69.455844122715718 7.0493778186237366 0
-57.776603565143226 7.0493778186237366 0
-43.999999999999993 7.0493778186237366 0
-30.223396434856767 7.0493778186237366 0
-18.54415587728429 7.0493778186237366 0
-10.740336829593677 7.0493778186237366 0
-8 7.0493778186237366 0
-6.5 7.0493778186237366 0
-5 7.0493778186237366 0
-2.5 7.0493778186237366 0
0 7.0493778186237366 0
2.5 7.0493778186237366 0
5 7.0493778186237366 0
6.5 7.0493778186237366 0
8 7.0493778186237366 0
10.740336829593677 7.0493778186237366 0
18.54415587728429 7.0493778186237366 0
30.223396434856767 7.0493778186237366 0
43.999999999999993 7.0493778186237366 0
57.776603565143226 7.0493778186237366 0
69.455844122715718 7.0493778186237366 0
77.259663170406327 7.0493778186237366 0
80 7.0493778186237366 0
81.5 7.0493778186237366 0
86.530993178389181 7.0493778186237366 0
103.40492141905486 7.0493778186237366 0
160 7.0493778186237366 0
-160 11.984936774342213 0
-103.40492141905486 11.984936774342213 0
-86.530993178389181 11.984936774342213 0
-81.5 11.984936774342213 0
-80 11.984936774342213 0
-77.259663170406327 11.984936774342213 0
-69.455844122715718 11.984936774342213 0
-57.776603565143226 11.984936774342213 0
-43.999999999999993 11.984936774342213 0
-30.223396434856767 11.984936774342213 0
-18.54415587728429 11.984936774342213 0
-10.740336829593677 11.984936774342213 0
-8 11.984936774342213 0
-6.5 11.984936774342213 0
-5 11.984936774342213 0
-2.5 11.984936774342213 0
0 11.984936774342213 0
2.5 11.984936774342213 0
5 11.984936774342213 0
6.5 11.984936774342213 0
8 11.984936774342213 0
10.740336829593677 11.984936774342213 0
18.54415587728429 11.984936774342213 0
30.223396434856767 11.984936774342213 0
43.999999999999993 11.984936774342213 0
57.776603565143226 11.984936774342213 0
69.455844122715718 11.984936774342213 0
77.259663170406327 11.984936774342213 0
80 11.984936774342213 0
81.5 11.984936774342213 0
86.530993178389181 11.984936774342213 0
103.40492141905486 11.984936774342213 0
160 11.984936774342213 0
-160 19.325871666501214 0
-103.40492141905486 19.325871666501214 0
-86.530993178389181 19.325871666501214 0
-81.5 19.325871666501214 0
-80 19.325871666501214 0
-77.259663170406327 19.325871666501214 0
-69.455844122715718 19.325871666501214 0
-57.776603565143226 19.325871666501214 0
-43.999999999999993 19.325871666501214 0
-30.223396434856767 19.325871666501214 0
-18.54415587728429 19.325871666501214 0
-10.740336829593677 19.325871666501214 0
-8 19.325871666501214 0
-6.5 19.325871666501214 0
-5 19.325871666501214 0
-2.5 19.325871666501214 0
0 19.325871666501214 0
2.5 19.325871666501214 0
5 19.325871666501214 0
6.5 19.325871666501214 0
8 19.325871666501214 0
10.740336829593677 19.325871666501214 0
18.54415587728429 19.325871666501214 0
30.223396434856767 19.325871666501214 0
43.999999999999993 19.325871666501214 0
57.776603565143226 19.325871666501214 0
69.455844122715718 19.325871666501214 0
77.259663170406327 19.325871666501214 0
80 19.325871666501214 0
81.5 19.325871666501214 0
86.530993178389181 19.325871666501214 0
103.40492141905486 19.325871666501214 0
160 19.325871666501214 0
-160 30.244457701924784 0
-103.40492141905486 30.244457701924784 0
-86.530993178389181 30.244457701924784 0
-81.5 30.244457701924784 0
-80 30.244457701924784 0
-77.259663170406327 30.244457701924784 0
-69.455844122715718 30.244457701924784 0
-57.776603565143226 30.244457701924784 0
-43.999999999999993 30.244457701924784 0
-30.223396434856767 30.244457701924784 0
-18.54415587728429 30.244457701924784 0
-10.740336829593677 30.244457701924784 0
-8 30.244457701924784 0
-6.5 30.244457701924784 0
-5 30.244457701924784 0
-2.5 30.244457701924784 0
0 30.244457701924784 0
2.5 30.244457701924784 0
5 30.244457701924784 0
6.5 30.244457701924784 0
8 30.244457701924784 0
10.740336829593677 30.244457701924784 0
18.54415587728429 30.244457701924784 0
30.223396434856767 30.244457701924784 0
43.999999999999993 30.244457701924784 0
57.776603565143226 30.244457701924784 0
69.455844122715718 30.244457701924784 0
77.259663170406327 30.244457701924784 0
80 30.244457701924784 0
81.5 30.244457701924784 0
86.530993178389181 30.244457701924784 0
103.40492141905486 30.244457701924784 0
160 30.244457701924784 0
-160 46.484285838840023 0
-103.40492141905486 46.484285838840023 0
-86.530993178389181 46.484285838840023 0
-81.5 46.484285838840023 0
-80 46.484285838840023 0
-77.259663170406327 46.484285838840023 0
-69.455844122715718 46.484285838840023 0
-57.776603565143226 46.484285838840023 0
-43.999999999999993 46.484285838840023 0
-30.223396434856767 46.484285838840023 0
-18.54415587728429 46.484285838840023 0
-10.740336829593677 46.484285838840023 0
-8 46.484285838840023 0
-6.5 46.484285838840023 0
-5 46.484285838840023 0
-2.5 46.484285838840023 0
0 46.484285838840023 0
2.5 46.484285838840023 0
5 46.484285838840023 0
6.5 46.484285838840023 0
8 46.484285838840023 0
10.740336829593677 46.484285838840023 0
18.54415587728429 46.484285838840023 0
30.223396434856767 46.484285838840023 0
43.999999999999993 46.484285838840023 0
57.776603565143226 46.484285838840023 0
69.455844122715718 46.484285838840023 0
77.259663170406327 46.484285838840023 0
80 46.484285838840023 0
81.5 46.484285838840023 0
86.530993178389181 46.484285838840023 0
103.40492141905486 46.484285838840023 0
160 46.484285838840023 0
-160 70.638697139067759 0
-103.40492141905486 70.638697139067759 0
-86.530993178389181 70.638697139067759 0
-81.5 70.638697139067759 0
-80 70.638697139067759 0
-77.259663170406327 70.638697139067759 0
-69.455844122715718 70.638697139067759 0
-57.776603565143226 70.638697139067759 0
-43.999999999999993 70.638697139067759 0
-30.223396434856767 70.638697139067759 0
-18.54415587728429 70.638697139067759 0
-10.740336829593677 70.638697139067759 0
-8 70.638697139067759 0
-6.5 70.638697139067759 0
-5 70.638697139067759 0
-2.5 70.638697139067759 0
0 70.638697139067759 0
2.5 70.638697139067759 0
5 70.638697139067759 0
6.5 70.638697139067759 0
8 70.638697139067759 0
10.740336829593677 70.638697139067759 0
18.54415587728429 70.638697139067759 0
30.223396434856767 70.638697139067759 0
43.999999999999993 70.638697139067759 0
57.776603565143226 70.638697139067759 0
69.455844122715718 70.638697139067759 0
77.259663170406327 70.638697139067759 0
80 70.638697139067759 0
81.5 70.638697139067759 0
86.530993178389181 70.638697139067759 0
103.40492141905486 70.638697139067759 0
160 70.638697139067759 0
-160 106.56491386634607 0
-103.40492141905486 106.56491386634607 0
-86.530993178389181 106.56491386634607 0
-81.5 106.56491386634607 0
-80 106.56491386634607 0
-77.259663170406327 106.56491386634607 0
-69.455844122715718 106.56491386634607 0
-57.776603565143226 106.56491386634607 0
-43.999999999999993 106.56491386634607 0
-30.223396434856767 106.56491386634607 0
-18.54415587728429 106.56491386634607 0
-10.740336829593677 106.56491386634607 0
-8 106.56491386634607 0
-6.5 106.56491386634607 0
-5 106.56491386634607 0
-2.5 106.56491386634607 0
0 106.56491386634607 0
2.5 106.56491386634607 0
5 106.56491386634607 0
6.5 106.56491386634607 0
8 106.56491386634607 0
10.740336829593677 106.56491386634607 0
18.54415587728429 106.56491386634607 0
30.223396434856767 106.56491386634607 0
43.999999999999993 106.56491386634607 0
57.776603565143226 106.56491386634607 0
69.455844122715718 106.56491386634607 0
77.259663170406327 106.56491386634607 0
80 106.56491386634607 0
81.5 106.56491386634607 0
86.530993178389181 106.56491386634607 0
103.40492141905486 106.56491386634607 0
160 106.56491386634607 0
-160 160 0
-103.40492141905486 160 0
-86.530993178389181 160 0
-81.5 160 0
-80 160 0
-77.259663170406327 160 0
-69.455844122715718 160 0
-57.776603565143226 160 0
-43.999999999999993 160 0
-30.223396434856767 160 0
-18.54415587728429 160 0
-10.740336829593677 160 0
-8 160 0
-6.5 160 0
-5 160 0
-2.5 160 0
0 160 0
2.5 160 0
5 160 0
6.5 160 0
8 160 0
10.740336829593677 160 0
18.54415587728429 160 0
30.223396434856767 160 0
43.999999999999993 160 0
57.776603565143226 160 0
69.455844122715718 160 0
77.259663170406327 160 0
80 160 0
81.5 160 0
86.530993178389181 160 0
103.40492141905486 160 0
160 160 0
-160 -160 3.3333333333333335
-103.40492141905486 -160 3.3333333333333335
-86.530993178389181 -160 3.3333333333333335
-81.5 -160 3.3333333333333335
-80 -160 3.3333333333333335
-77.259663170406327 -160 3.3333333333333335
-69.455844122715718 -160 3.3333333333333335
-57.776603565143226 -160 3.3333333333333335
-43.999999999999993 -160 3.3333333333333335
-30.223396434856767 -160 3.3333333333333335
-18.54415587728429 -160 3.3333333333333335
-10.740336829593677 -160 3.3333333333333335
-8 -160 3.3333333333333335
-6.5 -160 3.3333333333333335
-5 -160 3.3333333333333335
-2.5 -160 3.3333333333333335
0 -160 3.3333333333333335
2.5 -160 3.3333333333333335
5 -160 3.3333333333333335
6.5 -160 3.3333333333333335
8 -160 3.3333333333333335
10.740336829593677 -160 3.3333333333333335
18.54415587728429 -160 3.3333333333333335
30.223396434856767 -160 3.3333333333333335
43.999999999999993 -160 3.3333333333333335
57.776603565143226 -160 3.3333333333333335
69.455844122715718 -160 3.3333333333333335
77.259663170406327 -160 3.3333333333333335
80 -160 3.3333333333333335
81.5 -160 3.3333333333333335
86.530993178389181 -160 3.3333333333333335
103.40492141905486 -160 3.3333333333333335
160 -160 3.3333333333333335
-160 -106.56491386634607 3.3333333333333335
-103.40492141905486 -106.56491386634607 3.3333333333333335
-86.530993178389181 -106.56491386634607 3.3333333333333335
-81.5 -106.56491386634607 3.3333333333333335
-80 -106.56491386634607 3.3333333333333335
-77.259663170406327 -106.56491386634607 3.3333333333333335
-69.455844122715718 -106.56491386634607 3.3333333333333335
-57.776603565143226 -106.56491386634607 3.3333333333333335
-43.999999999999993 -106.56491386634607 3.3333333333333335
-30.223396434856767 -106.56491386634607 3.3333333333333335
-18.54415587728429 -106.56491386634607 3.3333333333333335
-10.740336829593677 -106.56491386634607 3.3333333333333335
-8 -106.56491386634607 3.3333333333333335
-6.5 -106.56491386634607 3.3333333333333335
-5 -106.56491386634607 3.3333333333333335
-2.5 -106.56491386634607 3.3333333333333335
0 -106.56491386634607 3.3333333333333335
2.5 -106.56491386634607 3.3333333333333335
5 -106.56491386634607 3.3333333333333335
6.5 -106.56491386634607 3.3333333333333335
8 -106.56491386634607 3.3333333333333335
10.740336829593677 -106.56491386634607 3.3333333333333335
18.54415587728429 -106.56491386634607 3.3333333333333335
30.223396434856767 -106.56491386634607 3.3333333333333335
43.999999999999993 -106.56491386634607 3.3333333333333335
57.776603565143226 -106.56491386634607 3.3333333333333335
69.455844122715718 -106.56491386634607 3.3333333333333335
77.259663170406327 -106.56491386634607 3.3333333333333335
80 -106.56491386634607 3.3333333333333335
81.5 -106.56491386634607 3.3333333333333335
86.530993178389181 -106.56491386634607 3.3333333333333335
103.40492141905486 -106.56491386634607 3.3333333333333335
160 -106.56491386634607 3.3333333333333335
-160 -70.638697139067759 3.3333333333333335
-103.40492141905486 -70.638697139067759 3.3333333333333335
-86.530993178389181 -70.638697139067759 3.3333333333333335
-81.5 -70.638697139067759 3.3333333333333335
-80 -70.638697139067759 3.3333333333333335
-77.259663170406327 -70.638697139067759 3.3333333333333335
-69.455844122715718 -70.638697139067759 3.3333333333333335
-57.776603565143226 -70.638697139067759 3.3333333333333335
-43.999999999999993 -70.638697139067759 3.3333333333333335
-30.223396434856767 -70.638697139067759 3.3333333333333335
-18.54415587728429 -70.638697139067759 3.3333333333333335
-10.740336829593677 -70.638697139067759 3.3333333333333335
-8 -70.638697139067759 3.3333333333333335
-6.5 -70.638697139067759 3.3333333333333335
-5 -70.638697139067759 3.3333333333333335
-2.5 -70.638697139067759 3.3333333333333335
0 -70.638697139067759 3.3333333333333335
2.5 -70.638697139067759 3.3333333333333335
5 -70.638697139067759 3.3333333333333335
6.5 -70.638697139067759 3.3333333333333335
8 -70.638697139067759 3.3333333333333335
10.740336829593677 -70.638697139067759 3.3333333333333335
18.54415587728429 -70.638697139067759 3.3333333333333335
30.223396434856767 -70.638697139067759 3.3333333333333335
43.999999999999993 -70.638697139067759 3.3333333333333335
57.776603565143226 -70.638697139067759 3.3333333333333335
69.455844122715718 -70.638697139067759 3.3333333333333335
77.259663170406327 -70.638697139067759 3.3333333333333335
80 -70.638697139067759 3.3333333333333335
81.5 -70.638697139067759 3.3333333333333335
86.530993178389181 -70.638697139067759 3.3333333333333335
103.40492141905486 -70.638697139067759 3.3333333333333335
160 -70.638697139067759 3.3333333333333335
-160 -46.484285838840023 3.3333333333333335
-103.40492141905486 -46.484285838840023 3.3333333333333335
-86.530993178389181 -46.484285838840023 3.3333333333333335
-81.5 -46.484285838840023 3.3333333333333335
-80 -46.484285838840023 3.3333333333333335
-77.259663170406327 -46.484285838840023 3.3333333333333335
-69.455844122715718 -46.484285838840023 3.3333333333333335
-57.776603565143226 -46.484285838840023 3.3333333333333335
-43.999999999999993 -46.484285838840023 3.3333333333333335
-30.223396434856767 -46.484285838840023 3.3333333333333335
-18.54415587728429 -46.484285838840023 3.3333333333333335
-10.740336829593677 -46.484285838840023 3.3333333333333335
-8 -46.484285838840023 3.3333333333333335
-6.5 -46.484285838840023 3.3333333333333335
-5 -46.484285838840023 3.3333333333333335
-2.5 -46.484285838840023 3.3333333333333335
0 -46.484285838840023 3.3333333333333335
2.5 -46.484285838840023 3.3333333333333335
5 -46.484285838840023 3.3333333333333335
6.5 -46.484285838840023 3.3333333333333335
8 -46.484285838840023 3.3333333333333335
10.740336829593677 -46.484285838840023 3.3333333333333335
18.54415587728429 -46.484285838840023 3.3333333333333335
30.223396434856767 -46.484285838840023 3.3333333333333335
43.999999999999993 -46.484285838840023 3.3333333333333335
57.776603565143226 -46.484285838840023 3.3333333333333335
69.455844122715718 -46.484285838840023 3.3333333333333335
77.259663170406327 -46.484285838840023 3.3333333333333335
80 -46.484285838840023 3.3333333333333335
81.5 -46.484285838840023 3.3333333333333335
86.530993178389181 -46.484285838840023 3.3333333333333335
103.40492141905486 -46.484285838840023 3.3333333333333335
160 -46.484285838840023 3.3333333333333335
-160 -30.244457701924784 3.3333333333333335
-103.40492141905486 -30.244457701924784 3.3333333333333335
-86.530993178389181 -30.244457701924784 3.3333333333333335
-81.5 -30.244457701924784 3.3333333333333335
-80 -30.244457701924784 3.3333333333333335
-77.259663170406327 -30.244457701924784 3.3333333333333335
-69.455844122715718 -30.244457701924784 3.3333333333333335
-57.776603565143226 -30.244457701924784 3.3333333333333335
-43.999999999999993 -30.244457701924784 3.3333333333333335
-30.223396434856767 -30.244457701924784 3.3333333333333335
-18.54415587728429 -30.244457701924784 3.3333333333333335
-10.740336829593677 -30.244457701924784 3.3333333333333335
-8 -30.244457701924784 3.3333333333333335
-6.5 -30.244457701924784 3.3333333333333335
-5 -30.244457701924784 3.3333333333333335
-2.5 -30.244457701924784 3.3333333333333335
0 -30.244457701924784 3.3333333333333335
2.5 -30.244457701924784 3.3333333333333335
5 -30.244457701924784 3.3333333333333335
6.5 -30.244457701924784 3.3333333333333335
8 -30.244457701924784 3.3333333333333335
10.740336829593677 -30.244457701924784 3.3333333333333335
18.54415587728429 -30.244457701924784 3.3333333333333335
30.223396434856767 -30.244457701924784 3.3333333333333335
43.999999999999993 -30.244457701924784 3.3333333333333335
57.776603565143226 -30.244457701924784 3.3333333333333335
69.455844122715718 -30.244457701924784 3.3333333333333335
77.259663170406327 -30.244457701924784 3.3333333333333335
80 -30.244457701924784 3.3333333333333335
81.5 -30.244457701924784 3.3333333333333335
86.530993178389181 -30.244457701924784 3.3333333333333335
103.40492141905486 -30.244457701924784 3.3333333333333335
160 -30.244457701924784 3.3333333333333335
-160 -19.325871666501214 3.3333333333333335
-103.40492141905486 -19.325871666501214 3.3333333333333335
-86.530993178389181 -19.325871666501214 3.3333333333333335
-81.5 -19.325871666501214 3.3333333333333335
-80 -19.325871666501214 3.3333333333333335
-77.259663170406327 -19.325871666501214 3.3333333333333335
-69.455844122715718 -19.325871666501214 3.3333333333333335
-57.776603565143226 -19.325871666501214 3.3333333333333335
-43.999999999999993 -19.325871666501214 3.3333333333333335
-30.223396434856767 -19.325871666501214 3.3333333333333335
-18.54415587728429 -19.325871666501214 3.3333333333333335
-10.740336829593677 -19.325871666501214 3.3333333333333335
-8 -19.325871666501214 3.3333333333333335
-6.5 -19.325871666501214 3.3333333333333335
-5 -19.325871666501214 3.3333333333333335
-2.5 -19.325871666501214 3.3333333333333335
0 -19.325871666501214 3.3333333333333335
2.5 -19.325871666501214 3.3333333333333335
5 -19.325871666501214 3.3333333333333335
6.5 -19.325871666501214 3.3333333333333335
8 -19.325871666501214 3.3333333333333335
10.740336829593677 -19.325871666501214 3.3333333333333335
18.54415587728429 -19.325871666501214 3.3333333333333335
30.223396434856767 -19.325871666501214 3.3333333333333335
43.999999999999993 -19.325871666501214 3.3333333333333335
57.776603565143226 -19.325871666501214 3.3333333333333335
69.455844122715718 -19.325871666501214 3.3333333333333335
77.259663170406327 -19.325871666501214 3.3333333333333335
80 -19.325871666501214 3.3333333333333335
81.5 -19.325871666501214 3.3333333333333335
86.530993178389181 -19.325871666501214 3.3333333333333335
103.40492141905486 -19.325871666501214 3.3333333333333335
160 -19.325871666501214 3.3333333333333335
-160 -11.984936774342213 3.3333333333333335
-103.40492141905486 -11.984936774342213 3.3333333333333335
-86.530993178389181 -11.984936774342213 3.3333333333333335
-81.5 -11.984936774342213 3.3333333333333335
-80 -11.984936774342213 3.3333333333333335
-77.259663170406327 -11.984936774342213 3.3333333333333335
-69.455844122715718 -11.984936774342213 3.3333333333333335
-57.776603565143226 -11.984936774342213 3.3333333333333335
-43.999999999999993 -11.984936774342213 3.3333333333333335
-30.223396434856767 -11.984936774342213 3.3333333333333335
-18.54415587728429 -11.984936774342213 3.3333333333333335
-10.740336829593677 -11.984936774342213 3.3333333333333335
-8 -11.984936774342213 3.3333333333333335
-6.5 -11.984936774342213 3.3333333333333335
-5 -11.984936774342213 3.3333333333333335
-2.5 -11.984936774342213 3.3333333333333335
0 -11.984936774342213 3.3333333333333335
2.5 -11.984936774342213 3.3333333333333335
5 -11.984936774342213 3.3333333333333335
6.5 -11.984936774342213 3.3333333333333335
8 -11.984936774342213 3.3333333333333335
10.740336829593677 -11.984936774342213 3.3333333333333335
18.54415587728429 -11.984936774342213 3.3333333333333335
30.223396434856767 -11.984936774342213 3.3333333333333335
43.999999999999993 -11.984936774342213 3.3333333333333335
57.776603565143226 -11.984936774342213 3.3333333333333335
69.455844122715718 -11.984936774342213 3.3333333333333335
77.259663170406327 -11.984936774342213 3.3333333333333335
80 -11.984936774342213 3.3333333333333335
81.5 -11.984936774342213 3.3333333333333335
86.530993178389181 -11.984936774342213 3.3333333333333335
103.40492141905486 -11.984936774342213 3.3333333333333335
160 -11.984936774342213 3.3333333333333335
-160 -7.0493778186237366 3.3333333333333335
-103.40492141905486 -7.0493778186237366 3.3333333333333335
-86.530993178389181 -7.0493778186237366 3.3333333333333335
-81.5 -7.0493778186237366 3.3333333333333335
-80 -7.0493778186237366 3.3333333333333335
-77.259663170406327 -7.0493778186237366 3.3333333333333335
-69.455844122715718 -7.0493778186237366 3.3333333333333335
-57.776603565143226 -7.0493778186237366 3.3333333333333335
-43.999999999999993 -7.0493778186237366 3.3333333333333335
-30.223396434856767 -7.0493778186237366 3.3333333333333335
-18.54415587728429 -7.0493778186237366 3.3333333333333335
-10.740336829593677 -7.0493778186237366 3.3333333333333335
-8 -7.0493778186237366 3.3333333333333335
-6.5 -7.0493778186237366 3.3333333333333335
-5 -7.0493778186237366 3.3333333333333335
-2.5 -7.0493778186237366 3.3333333333333335
0 -7.0493778186237366 3.3333333333333335
2.5 -7.0493778186237366 3.3333333333333335
5 -7.0493778186237366 3.3333333333333335
6.5 -7.0493778186237366 3.3333333333333335
8 -7.0493778186237366 3.3333333333333335
10.740336829593677 -7.0493778186237366 3.3333333333333335
18.54415587728429 -7.0493778186237366 3.3333333333333335
30.223396434856767 -7.0493778186237366 3.3333333333333335
43.999999999999993 -7.0493778186237366 3.3333333333333335
57.776603565143226 -7.0493778186237366 3.3333333333333335
69.455844122715718 -7.0493778186237366 3.3333333333333335
77.259663170406327 -7.0493778186237366 3.3333333333333335
80 -7.0493778186237366 3.3333333333333335
81.5 -7.0493778186237366 3.3333333333333335
86.530993178389181 -7.0493778186237366 3.3333333333333335
103.40492141905486 -7.0493778186237366 3.3333333333333335
160 -7.0493778186237366 3.3333333333333335
-160 -3.7310345063309152 3.3333333333333335
-103.40492141905486 -3.7310345063309152 3.3333333333333335
-86.530993178389181 -3.7310345063309152 3.3333333333333335
-81.5 -3.7310345063309152 3.3333333333333335
-80 -3.7310345063309152 3.3333333333333335
-77.259663170406327 -3.7310345063309152 3.3333333333333335
-69.455844122715718 -3.7310345063309152 3.3333333333333335
-57.776603565143226 -3.7310345063309152 3.3333333333333335
-43.999999999999993 -3.7310345063309152 3.3333333333333335
-30.223396434856767 -3.7310345063309152 3.3333333333333335
-18.54415587728429 -3.7310345063309152 3.3333333333333335
-10.740336829593677 -3.7310345063309152 3.3333333333333335
-8 -3.7310345063309152 3.3333333333333335
-6.5 -3.7310345063309152 3.3333333333333335
-5 -3.7310345063309152 3.3333333333333335
-2.5 -3.7310345063309152 3.3333333333333335
0 -3.7310345063309152 3.3333333333333335
2.5 -3.7310345063309152 3.3333333333333335
5 -3.7310345063309152 3.3333333333333335
6.5 -3.7310345063309152 3.3333333333333335
8 -3.7310345063309152 3.3333333333333335
10.740336829593677 -3.7310345063309152 3.3333333333333335
18.54415587728429 -3.7310345063309152 3.3333333333333335
30.223396434856767 -3.7310345063309152 3.3333333333333335
43.999999999999993 -3.7310345063309152 3.3333333333333335
57.776603565143226 -3.7310345063309152 3.3333333333333335
69.455844122715718 -3.7310345063309152 3.3333333333333335
77.259663170406327 -3.7310345063309152 3.3333333333333335
80 -3.7310345063309152 3.3333333333333335
81.5 -3.7310345063309152 3.3333333333333335
86.530993178389181 -3.7310345063309152 3.3333333333333335
103.40492141905486 -3.7310345063309152 3.3333333333333335
160 -3.7310345063309152 3.3333333333333335
-160 -1.4999999999999996 3.3333333333333335
-103.40492141905486 -1.4999999999999996 3.3333333333333335
-86.530993178389181 -1.4999999999999996 3.3333333333333335
-81.5 -1.4999999999999996 3.3333333333333335
-80 -1.4999999999999996 3.3333333333333335
-77.259663170406327 -1.4999999999999996 3.3333333333333335
-69.455844122715718 -1.4999999999999996 3.3333333333333335
-57.776603565143226 -1.4999999999999996 3.3333333333333335
-43.999999999999993 -1.4999999999999996 3.3333333333333335
-30.223396434856767 -1.4999999999999996 3.3333333333333335
-18.54415587728429 -1.4999999999999996 3.3333333333333335
-10.740336829593677 -1.4999999999999996 3.3333333333333335
-8 -1.4999999999999996 3.3333333333333335
-6.5 -1.4999999999999996 3.3333333333333335
-5 -1.4999999999999996 3.3333333333333335
-2.5 -1.4999999999999996 3.3333333333333335
0 -1.4999999999999996 3.3333333333333335
2.5 -1.4999999999999996 3.3333333333333335
5 -1.4999999999999996 3.3333333333333335
6.5 -1.4999999999999996 3.3333333333333335
8 -1.4999999999999996 3.3333333333333335
10.740336829593677 -1.4999999999999996 3.3333333333333335
18.54415587728429 -1.4999999999999996 3.3333333333333335
30.223396434856767 -1.4999999999999996 3.3333333333333335
43.999999999999993 -1.4999999999999996 3.3333333333333335
57.776603565143226 -1.4999999999999996 3.3333333333333335
69.455844122715718 -1.4999999999999996 3.3333333333333335
77.259663170406327 -1.4999999999999996 3.3333333333333335
80 -1.4999999999999996 3.3333333333333335
81.5 -1.4999999999999996 3.3333333333333335
86.530993178389181 -1.4999999999999996 3.3333333333333335
103.40492141905486 -1.4999999999999996 3.3333333333333335
160 -1.4999999999999996 3.3333333333333335
-160 0 3.3333333333333335
-103.40492141905486 0 3.3333333333333335
-86.530993178389181 0 3.3333333333333335
-81.5 0 3.3333333333333335
-80 0 3.3333333333333335
-77.259663170406327 0 3.3333333333333335
-69.455844122715718 0 3.3333333333333335
-57.776603565143226 0 3.3333333333333335
-43.999999999999993 0 3.3333333333333335
-30.223396434856767 0 3.3333333333333335
-18.54415587728429 0 3.3333333333333335
-10.740336829593677 0 3.3333333333333335
-8 0 3.3333333333333335
-6.5 0 3.3333333333333335
-5 0 3.3333333333333335
-2.5 0 3.3333333333333335
0 0 3.3333333333333335
2.5 0 3.3333333333333335
5 0 3.3333333333333335
6.5 0 3.3333333333333335
8 0 3.3333333333333335
10.740336829593677 0 3.3333333333333335
18.54415587728429 0 3.3333333333333335
30.223396434856767 0 3.3333333333333335
43.999999999999993 0 3.3333333333333335
57.776603565143226 0 3.3333333333333335
69.455844122715718 0 3.3333333333333335
77.259663170406327 0 3.3333333333333335
80 0 3.3333333333333335
81.5 0 3.3333333333333335
86.530993178389181 0 3.3333333333333335
103.40492141905486 0 3.3333333333333335
160 0 3.3333333333333335
-160 1.4999999999999996 3.3333333333333335
-103.40492141905486 1.4999999999999996 3.3333333333333335
-86.530993178389181 1.4999999999999996 3.3333333333333335
-81.5 1.4999999999999996 3.3333333333333335
-80 1.4999999999999996 3.3333333333333335
-77.259663170406327 1.4999999999999996 3.3333333333333335
-69.455844122715718 1.4999999999999996 3.3333333333333335
-57.776603565143226 1.4999999999999996 3.3333333333333335
-43.999999999999993 1.4999999999999996 3.3333333333333335
-30.223396434856767 1.4999999999999996 3.3333333333333335
-18.54415587728429 1.4999999999999996 3.3333333333333335
-10.740336829593677 1.4999999999999996 3.3333333333333335
-8 1.4999999999999996 3.3333333333333335
-6.5 1.4999999999999996 3.3333333333333335
-5 1.4999999999999996 3.3333333333333335
-2.5 1.4999999999999996 3.3333333333333335
0 1.4999999999999996 3.3333333333333335
2.5 1.4999999999999996 3.3333333333333335
5 1.4999999999999996 3.3333333333333335
6.5 1.4999999999999996 3.3333333333333335
8 1.4999999999999996 3.3333333333333335
10.740336829593677 1.4999999999999996 3.3333333333333335
18.54415587728429 1.4999999999999996 3.3333333333333335
30.223396434856767 1.4999999999999996 3.3333333333333335
43.999999999999993 1.4999999999999996 3.3333333333333335
57.776603565143226 1.4999999999999996 3.3333333333333335
69.455844122715718 1.4999999999999996 3.3333333333333335
77.259663170406327 1.4999999999999996 3.3333333333333335
80 1.4999999999999996 3.3333333333333335
81.5 1.4999999999999996 3.3333333333333335
86.530993178389181 1.4999999999999996 3.3333333333333335
103.40492141905486 1.4999999999999996 3.3333333333333335
160 1.4999999999999996 3.3333333333333335
-160 3.7310345063309152 3.3333333333333335
-103.40492141905486 3.7310345063309152 3.3333333333333335
-86.530993178389181 3.7310345063309152 3.3333333333333335
-81.5 3.7310345063309152 3.3333333333333335
-80 3.7310345063309152 3.3333333333333335
-77.259663170406327 3.7310345063309152 3.3333333333333335
-69.455844122715718 3.7310345063309152 3.3333333333333335
-57.776603565143226 3.7310345063309152 3.3333333333333335
-43.999999999999993 3.7310345063309152 3.3333333333333335
-30.223396434856767 3.7310345063309152 3.3333333333333335
-18.54415587728429 3.7310345063309152 3.3333333333333335
-10.740336829593677 3.7310345063309152 3.3333333333333335
-8 3.7310345063309152 3.3333333333333335
-6.5 3.7310345063309152 3.3333333333333335
-5 3.7310345063309152 3.3333333333333335
-2.5 3.7310345063309152 3.3333333333333335
0 3.7310345063309152 3.3333333333333335
2.5 3.7310345063309152 3.3333333333333335
5 3.7310345063309152 3.3333333333333335
6.5 3.7310345063309152 3.3333333333333335
8 3.7310345063309152 3.3333333333333335
10.740336829593677 3.7310345063309152 3.3333333333333335
18.54415587728429 3.7310345063309152 3.3333333333333335
30.223396434856767 3.7310345063309152 3.3333333333333335
43.999999999999993 3.7310345063309152 3.3333333333333335
57.776603565143226 3.7310345063309152 3.3333333333333335
69.455844122715718 3.7310345063309152 3.3333333333333335
77.259663170406327 3.7310345063309152 3.3333333333333335
80 3.7310345063309152 3.3333333333333335
81.5 3.7310345063309152 3.3333333333333335
86.530993178389181 3.7310345063309152 3.3333333333333335
103.40492141905486 3.7310345063309152 3.3333333333333335
160 3.7310345063309152 3.3333333333333335
-160 7.0493778186237366 3.3333333333333335
-103.40492141905486 7.0493778186237366 3.3333333333333335
-86.530993178389181 7.0493778186237366 3.3333333333333335
-81.5 7.0493778186237366 3.3333333333333335
-80 7.0493778186237366 3.3333333333333335
-77.259663170406327 7.0493778186237366 3.3333333333333335
-69.455844122715718 7.0493778186237366 3.3333333333333335
-57.776603565143226 7.0493778186237366 3.3333333333333335
-43.999999999999993 7.0493778186237366 3.3333333333333335
-30.223396434856767 7.0493778186237366 3.3333333333333335
-18.54415587728429 7.0493778186237366 3.3333333333333335
-10.740336829593677 7.0493778186237366 3.3333333333333335
-8 7.0493778186237366 3.3333333333333335
-6.5 7.0493778186237366 3.3333333333333335
-5 7.0493778186237366 3.3333333333333335
-2.5 7.0493778186237366 3.3333333333333335
0 7.0493778186237366 3.3333333333333335
2.5 7.0493778186237366 3.3333333333333335
5 7.0493778186237366 3.3333333333333335
6.5 7.0493778186237366 3.3333333333333335
8 7.0493778186237366 3.3333333333333335
10.740336829593677 7.0493778186237366 3.3333333333333335
18.54415587728429 7.0493778186237366 3.3333333333333335
30.223396434856767 7.0493778186237366 3.3333333333333335
43.999999999999993 7.0493778186237366 3.3333333333333335
57.776603565143226 7.0493778186237366 3.3333333333333335
69.455844122715718 7.0493778186237366 3.3333333333333335
77.259663170406327 7.0493778186237366 3.3333333333333335
80 7.0493778186237366 3.3333333333333335
81.5 7.0493778186237366 3.3333333333333335
86.530993178389181 7.0493778186237366 3.3333333333333335
103.40492141905486 7.0493778186237366 3.3333333333333335
160 7.0493778186237366 3.3333333333333335
-160 11.984936774342213 3.3333333333333335
-103.40492141905486 11.984936774342213 3.3333333333333335
-86.530993178389181 11.984936774342213 3.3333333333333335
-81.5 11.984936774342213 3.3333333333333335
-80 11.984936774342213 3.3333333333333335
-77.259663170406327 11.984936774342213 3.3333333333333335
-69.455844122715718 11.984936774342213 3.3333333333333335
-57.776603565143226 11.984936774342213 3.3333333333333335
-43.999999999999993 11.984936774342213 3.3333333333333335
-30.223396434856767 11.984936774342213 3.3333333333333335
-18.54415587728429 11.984936774342213 3.3333333333333335
-10.740336829593677 11.984936774342213 3.3333333333333335
-8 11.984936774342213 3.3333333333333335
-6.5 11.984936774342213 3.3333333333333335
-5 11.984936774342213 3.3333333333333335
-2.5 11.984936774342213 3.3333333333333335
0 11.984936774342213 3.3333333333333335
2.5 11.984936774342213 3.3333333333333335
5 11.984936774342213 3.3333333333333335
6.5 11.984936774342213 3.3333333333333335
8 11.984936774342213 3.3333333333333335
10.740336829593677 11.984936774342213 3.3333333333333335
18.54415587728429 11.984936774342213 3.3333333333333335
30.223396434856767 11.984936774342213 3.3333333333333335
43.999999999999993 11.984936774342213 3.3333333333333335
57.776603565143226 11.984936774342213 3.3333333333333335
69.455844122715718 11.984936774342213 3.3333333333333335
77.259663170406327 11.984936774342213 3.3333333333333335
80 11.984936774342213 3.3333333333333335
81.5 11.984936774342213 3.3333333333333335
86.530993178389181 11.984936774342213 3.3333333333333335
103.40492141905486 11.984936774342213 3.3333333333333335
160 11.984936774342213 3.3333333333333335
-160 19.325871666501214 3.3333333333333335
-103.40492141905486 19.325871666501214 3.3333333333333335
-86.530993178389181 19.325871666501214 3.3333333333333335
-81.5 19.325871666501214 3.3333333333333335
-80 19.325871666501214 3.3333333333333335
-77.259663170406327 19.325871666501214 3.3333333333333335
-69.455844122715718 19.325871666501214 3.3333333333333335
-57.776603565143226 19.325871666501214 3.3333333333333335
-43.999999999999993 19.325871666501214 3.3333333333333335
-30.223396434856767 19.325871666501214 3.3333333333333335
-18.54415587728429 19.325871666501214 3.3333333333333335
-10.740336829593677 19.325871666501214 3.3333333333333335
-8 19.325871666501214 3.3333333333333335
-6.5 19.325871666501214 3.3333333333333335
-5 19.325871666501214 3.3333333333333335
-2.5 19.325871666501214 3.3333333333333335
0 19.325871666501214 3.3333333333333335
2.5 19.325871666501214 3.3333333333333335
5 19.325871666501214 3.3333333333333335
6.5 19.325871666501214 3.3333333333333335
8 19.325871666501214 3.3333333333333335
10.740336829593677 19.325871666501214 3.3333333333333335
18.54415587728429 19.325871666501214 3.3333333333333335
30.223396434856767 19.325871666501214 3.3333333333333335
43.999999999999993 19.325871666501214 3.3333333333333335
57.776603565143226 19.325871666501214 3.3333333333333335
69.455844122715718 19.325871666501214 3.3333333333333335
77.259663170406327 19.325871666501214 3.3333333333333335
80 19.325871666501214 3.3333333333333335
81.5 19.325871666501214 3.3333333333333335
86.530993178389181 19.325871666501214 3.3333333333333335
103.40492141905486 19.325871666501214 3.3333333333333335
160 19.325871666501214 3.3333333333333335
-160 30.244457701924784 3.3333333333333335
-103.40492141905486 30.244457701924784 3.3333333333333335
-86.530993178389181 30.244457701924784 3.3333333333333335
-81.5 30.244457701924784 3.3333333333333335
-80 30.244457701924784 3.3333333333333335
-77.259663170406327 30.244457701924784 3.3333333333333335
-69.455844122715718 30.244457701924784 3.3333333333333335
-57.776603565143226 30.244457701924784 3.3333333333333335
-43.999999999999993 30.244457701924784 3.3333333333333335
-30.223396434856767 30.244457701924784 3.3333333333333335
-18.54415587728429 30.244457701924784 3.3333333333333335
-10.740336829593677 30.244457701924784 3.3333333333333335
-8 30.244457701924784 3.3333333333333335
-6.5 30.244457701924784 3.3333333333333335
-5 30.244457701924784 3.3333333333333335
-2.5 30.244457701924784 3.3333333333333335
0 30.244457701924784 3.3333333333333335
2.5 30.244457701924784 3.3333333333333335
5 30.244457701924784 3.3333333333333335
6.5 30.244457701924784 3.3333333333333335
8 30.244457701924784 3.3333333333333335
10.740336829593677 30.244457701924784 3.3333333333333335
18.54415587728429 30.244457701924784 3.3333333333333335
30.223396434856767 30.244457701924784 3.3333333333333335
43.999999999999993 30.244457701924784 3.3333333333333335
57.776603565143226 30.244457701924784 3.3333333333333335
69.455844122715718 30.244457701924784 3.3333333333333335
77.259663170406327 30.244457701924784 3.3333333333333335
80 30.244457701924784 3.3333333333333335
81.5 30.244457701924784 3.3333333333333335
86.530993178389181 30.244457701924784 3.3333333333333335
103.40492141905486 30.244457701924784 3.3333333333333335
160 30.244457701924784 3.3333333333333335
-160 46.484285838840023 3.3333333333333335
-103.40492141905486 46.484285838840023 3.3333333333333335
-86.530993178389181 46.484285838840023 3.3333333333333335
-81.5 46.484285838840023 3.3333333333333335
-80 46.484285838840023 3.3333333333333335
-77.259663170406327 46.484285838840023 3.3333333333333335
-69.455844122715718 46.484285838840023 3.3333333333333335
-57.776603565143226 46.484285838840023 3.3333333333333335
-43.999999999999993 46.484285838840023 3.3333333333333335
-30.223396434856767 46.484285838840023 3.3333333333333335
-18.54415587728429 46.484285838840023 3.3333333333333335
-10.740336829593677 46.484285838840023 3.3333333333333335
-8 46.484285838840023 3.3333333333333335
-6.5 46.484285838840023 3.3333333333333335
-5 46.484285838840023 3.3333333333333335
-2.5 46.484285838840023 3.3333333333333335
0 46.484285838840023 3.3333333333333335
2.5 46.484285838840023 3.3333333333333335
5 46.484285838840023 3.3333333333333335
6.5 46.484285838840023 3.3333333333333335
8 46.484285838840023 3.3333333333333335
10.740336829593677 46.484285838840023 3.3333333333333335
18.54415587728429 46.484285838840023 3.3333333333333335
30.223396434856767 46.484285838840023 3.3333333333333335
43.999999999999993 46.484285838840023 3.3333333333333335
57.776603565143226 46.484285838840023 3.3333333333333335
69.455844122715718 46.484285838840023 3.3333333333333335
77.259663170406327 46.484285838840023 3.3333333333333335
80 46.484285838840023 3.3333333333333335
81.5 46.484285838840023 3.3333333333333335
86.530993178389181 46.484285838840023 3.3333333333333335
103.40492141905486 46.484285838840023 3.3333333333333335
160 46.484285838840023 3.3333333333333335
-160 70.638697139067759 3.3333333333333335
-103.40492141905486 70.638697139067759 3.3333333333333335
-86.530993178389181 70.638697139067759 3.3333333333333335
-81.5 70.638697139067759 3.3333333333333335
-80 70.638697139067759 3.3333333333333335
-77.259663170406327 70.638697139067759 3.3333333333333335
-69.455844122715718 70.638697139067759 3.3333333333333335
-57.776603565143226 70.638697139067759 3.3333333333333335
-43.999999999999993 70.638697139067759 3.3333333333333335
-30.223396434856767 70.638697139067759 3.3333333333333335
-18.54415587728429 70.638697139067759 3.3333333333333335
-10.740336829593677 70.638697139067759 3.3333333333333335
-8 70.638697139067759 3.3333333333333335
-6.5 70.638697139067759 3.3333333333333335
-5 70.638697139067759 3.3333333333333335
-2.5 70.638697139067759 3.3333333333333335
0 70.638697139067759 3.3333333333333335
2.5 70.638697139067759 3.3333333333333335
5 70.638697139067759 3.3333333333333335
6.5 70.638697139067759 3.3333333333333335
8 70.638697139067759 3.3333333333333335
10.740336829593677 70.638697139067759 3.3333333333333335
18.54415587728429 70.638697139067759 3.3333333333333335
30.223396434856767 70.638697139067759 3.3333333333333335
43.999999999999993 70.638697139067759 3.3333333333333335
57.776603565143226 70.638697139067759 3.3333333333333335
69.455844122715718 70.638697139067759 3.3333333333333335
77.259663170406327 70.638697139067759 3.3333333333333335
80 70.638697139067759 3.3333333333333335
81.5 70.638697139067759 3.3333333333333335
86.530993178389181 70.638697139067759 3.3333333333333335
103.40492141905486 70.638697139067759 3.3333333333333335
160 70.638697139067759 3.3333333333333335
-160 106.56491386634607 3.3333333333333335
-103.40492141905486 106.56491386634607 3.3333333333333335
-86.530993178389181 106.56491386634607 3.3333333333333335
-81.5 106.56491386634607 3.3333333333333335
-80 106.56491386634607 3.3333333333333335
-77.259663170406327 106.56491386634607 3.3333333333333335
-69.455844122715718 106.56491386634607 3.3333333333333335
-57.776603565143226 106.56491386634607 3.3333333333333335
-43.999999999999993 106.56491386634607 3.3333333333333335
-30.223396434856767 106.56491386634607 3.3333333333333335
-18.54415587728429 106.56491386634607 3.3333333333333335
-10.740336829593677 106.56491386634607 3.3333333333333335
-8 106.56491386634607 3.3333333333333335
-6.5 106.56491386634607 3.3333333333333335
-5 106.56491386634607 3.3333333333333335
-2.5 106.56491386634607 3.3333333333333335
0 106.56491386634607 3.3333333333333335
2.5 106.56491386634607 3.3333333333333335
5 106.56491386634607 3.3333333333333335
6.5 106.56491386634607 3.3333333333333335
8 106.56491386634607 3.3333333333333335
10.740336829593677 106.56491386634607 3.3333333333333335
18.54415587728429 106.56491386634607 3.3333333333333335
30.223396434856767 106.56491386634607 3.3333333333333335
43.999999999999993 106.56491386634607 3.3333333333333335
57.776603565143226 106.56491386634607 3.3333333333333335
69.455844122715718 106.56491386634607 3.3333333333333335
77.259663170406327 106.56491386634607 3.3333333333333335
80 106.56491386634607 3.3333333333333335
81.5 106.56491386634607 3.3333333333333335
86.530993178389181 106.56491386634607 3.3333333333333335
103.40492141905486 106.56491386634607 3.3333333333333335
160 106.56491386634607 3.3333333333333335
-160 160 3.3333333333333335
-103.40492141905486 160 3.3333333333333335
-86.530993178389181 160 3.3333333333333335
-81.5 160 3.3333333333333335
-80 160 3.3333333333333335
-77.259663170406327 160 3.3333333333333335
-69.455844122715718 160 3.3333333333333335
-57.776603565143226 160 3.3333333333333335
-43.999999999999993 160 3.3333333333333335
-30.223396434856767 160 3.3333333333333335
-18.54415587728429 160 3.3333333333333335
-10.740336829593677 160 3.3333333333333335
-8 160 3.3333333333333335
-6.5 160 3.3333333333333335
-5 160 3.3333333333333335
-2.5 160 3.3333333333333335
0 160 3.3333333333333335
2.5 160 3.3333333333333335
5 160 3.3333333333333335
6.5 160 3.3333333333333335
8 160 3.3333333333333335
10.740336829593677 160 3.3333333333333335
18.54415587728429 160 3.3333333333333335
30.223396434856767 160 3.3333333333333335
43.999999999999993 160 3.3333333333333335
57.776603565143226 160 3.3333333333333335
69.455844122715718 160 3.3333333333333335
77.259663170406327 160 3.3333333333333335
80 160 3.3333333333333335
81.5 160 3.3333333333333335
86.530993178389181 160 3.3333333333333335
103.40492141905486 160 3.3333333333333335
160 160 3.3333333333333335
-160 -160 6.666666666666667
-103.40492141905486 -160 6.666666666666667
-86.530993178389181 -160 6.666666666666667
-81.5 -160 6.666666666666667
-80 -160 6.666666666666667
-77.259663170406327 -160 6.666666666666667
-69.455844122715718 -160 6.666666666666667
-57.776603565143226 -160 6.666666666666667
-43.999999999999993 -160 6.666666666666667
-30.223396434856767 -160 6.666666666666667
-18.54415587728429 -160 6.666666666666667
-10.740336829593677 -160 6.666666666666667
-8 -160 6.666666666666667
-6.5 -160 6.666666666666667
-5 -160 6.666666666666667
-2.5 -160 6.666666666666667
0 -160 6.666666666666667
2.5 -160 6.666666666666667
5 -160 6.666666666666667
6.5 -160 6.666666666666667
8 -160 6.666666666666667
10.740336829593677 -160 6.666666666666667
18.54415587728429 -160 6.666666666666667
30.223396434856767 -160 6.666666666666667
43.999999999999993 -160 6.666666666666667
57.776603565143226 -160 6.666666666666667
69.455844122715718 -160 6.666666666666667
77.259663170406327 -160 6.666666666666667
80 -160 6.666666666666667
81.5 -160 6.666666666666667
86.530993178389181 -160 6.666666666666667
103.40492141905486 -160 6.666666666666667
160 -160 6.666666666666667
-160 -106.56491386634607 6.666666666666667
-103.40492141905486 -106.56491386634607 6.666666666666667
-86.530993178389181 -106.56491386634607 6.666666666666667
-81.5 -106.56491386634607 6.666666666666667
-80 -106.56491386634607 6.666666666666667
-77.259663170406327 -106.56491386634607 6.666666666666667
-69.455844122715718 -106.56491386634607 6.666666666666667
-57.776603565143226 -106.56491386634607 6.666666666666667
-43.999999999999993 -106.56491386634607 6.666666666666667
-30.223396434856767 -106.56491386634607 6.666666666666667
-18.54415587728429 -106.56491386634607 6.666666666666667
-10.740336829593677 -106.56491386634607 6.666666666666667
-8 -106.56491386634607 6.666666666666667
-6.5 -106.56491386634607 6.666666666666667
-5 -106.56491386634607 6.666666666666667
-2.5 -106.56491386634607 6.666666666666667
0 -106.56491386634607 6.666666666666667
2.5 -106.56491386634607 6.666666666666667
5 -106.56491386634607 6.666666666666667
6.5 -106.56491386634607 6.666666666666667
8 -106.56491386634607 6.666666666666667
10.740336829593677 -106.56491386634607 6.666666666666667
18.54415587728429 -106.56491386634607 6.666666666666667
30.223396434856767 -106.56491386634607 6.666666666666667
43.999999999999993 -106.56491386634607 6.666666666666667
57.776603565143226 -106.56491386634607 6.666666666666667
69.455844122715718 -106.56491386634607 6.666666666666667
77.259663170406327 -106.56491386634607 6.666666666666667
80 -106.56491386634607 6.666666666666667
81.5 -106.56491386634607 6.666666666666667
86.530993178389181 -106.56491386634607 6.666666666666667
103.40492141905486 -106.56491386634607 6.666666666666667
160 -106.56491386634607 6.666666666666667
-160 -70.638697139067759 6.666666666666667
-103.40492141905486 -70.638697139067759 6.666666666666667
-86.530993178389181 -70.638697139067759 6.666666666666667
-81.5 -70.638697139067759 6.666666666666667
-80 -70.638697139067759 6.666666666666667
-77.259663170406327 -70.638697139067759 6.666666666666667
-69.455844122715718 -70.638697139067759 6.666666666666667
-57.776603565143226 -70.638697139067759 6.666666666666667
-43.999999999999993 -70.638697139067759 6.666666666666667
-30.223396434856767 -70.638697139067759 6.666666666666667
-18.54415587728429 -70.638697139067759 6.666666666666667
-10.740336829593677 -70.638697139067759 6.666666666666667
-8 -70.638697139067759 6.666666666666667
-6.5 -70.638697139067759 6.666666666666667
-5 -70.638697139067759 6.666666666666667
-2.5 -70.638697139067759 6.666666666666667
0 -70.638697139067759 6.666666666666667
2.5 -70.638697139067759 6.666666666666667
5 -70.638697139067759 6.666666666666667
6.5 -70.638697139067759 6.666666666666667
8 -70.638697139067759 6.666666666666667
10.740336829593677 -70.638697139067759 6.666666666666667
18.54415587728429 -70.638697139067759 6.666666666666667
30.223396434856767 -70.638697139067759 6.666666666666667
43.999999999999993 -70.638697139067759 6.666666666666667
57.776603565143226 -70.638697139067759 6.666666666666667
69.455844122715718 -70.638697139067759 6.666666666666667
77.259663170406327 -70.638697139067759 6.666666666666667
80 -70.638697139067759 6.666666666666667
81.5 -70.638697139067759 6.666666666666667
86.530993178389181 -70.638697139067759 6.666666666666667
103.40492141905486 -70.638697139067759 6.666666666666667
160 -70.638697139067759 6.666666666666667
-160 -46.484285838840023 6.666666666666667
-103.40492141905486 -46.484285838840023 6.666666666666667
-86.530993178389181 -46.484285838840023 6.666666666666667
-81.5 -46.484285838840023 6.666666666666667
-80 -46.484285838840023 6.666666666666667
-77.259663170406327 -46.484285838840023 6.666666666666667
-69.455844122715718 -46.484285838840023 6.666666666666667
-57.776603565143226 -46.484285838840023 6.666666666666667
-43.999999999999993 -46.484285838840023 6.666666666666667
-30.223396434856767 -46.484285838840023 6.666666666666667
-18.54415587728429 -46.484285838840023 6.666666666666667
-10.740336829593677 -46.484285838840023 6.666666666666667
-8 -46.484285838840023 6.666666666666667
-6.5 -46.484285838840023 6.666666666666667
-5 -46.484285838840023 6.666666666666667
-2.5 -46.484285838840023 6.666666666666667
0 -46.484285838840023 6.666666666666667
2.5 -46.484285838840023 6.666666666666667
5 -46.484285838840023 6.666666666666667
6.5 -46.484285838840023 6.666666666666667
8 -46.484285838840023 6.666666666666667
10.740336829593677 -46.484285838840023 6.666666666666667
18.54415587728429 -46.484285838840023 6.666666666666667
30.223396434856767 -46.484285838840023 6.666666666666667
43.999999999999993 -46.484285838840023 6.666666666666667
57.776603565143226 -46.484285838840023 6.666666666666667
69.455844122715718 -46.484285838840023 6.666666666666667
77.259663170406327 -46.484285838840023 6.666666666666667
80 -46.484285838840023 6.666666666666667
81.5 -46.484285838840023 6.666666666666667
86.530993178389181 -46.484285838840023 6.666666666666667
103.40492141905486 -46.484285838840023 6.666666666666667
160 -46.484285838840023 6.666666666666667
-160 -30.244457701924784 6.666666666666667
-103.40492141905486 -30.244457701924784 6.666666666666667
-86.530993178389181 -30.244457701924784 6.666666666666667
-81.5 -30.244457701924784 6.666666666666667
-80 -30.244457701924784 6.666666666666667
-77.259663170406327 -30.244457701924784 6.666666666666667
-69.455844122715718 -30.244457701924784 6.666666666666667
-57.776603565143226 -30.244457701924784 6.666666666666667
-43.999999999999993 -30.244457701924784 6.666666666666667
-30.223396434856767 -30.244457701924784 6.666666666666667
-18.54415587728429 -30.244457701924784 6.666666666666667
-10.740336829593677 -30.244457701924784 6.666666666666667
-8 -30.244457701924784 6.666666666666667
-6.5 -30.244457701924784 6.666666666666667
-5 -30.244457701924784 6.666666666666667
-2.5 -30.244457701924784 6.666666666666667
0 -30.244457701924784 6.666666666666667
2.5 -30.244457701924784 6.666666666666667
5 -30.244457701924784 6.666666666666667
6.5 -30.244457701924784 6.666666666666667
8 -30.244457701924784 6.666666666666667
10.740336829593677 -30.244457701924784 6.666666666666667
18.54415587728429 -30.244457701924784 6.666666666666667
30.223396434856767 -30.244457701924784 6.666666666666667
43.999999999999993 -30.244457701924784 6.666666666666667
57.776603565143226 -30.244457701924784 6.666666666666667
69.455844122715718 -30.244457701924784 6.666666666666667
77.259663170406327 -30.244457701924784 6.666666666666667
80 -30.244457701924784 6.666666666666667
81.5 -30.244457701924784 6.666666666666667
86.530993178389181 -30.244457701924784 6.666666666666667
103.40492141905486 -30.244457701924784 6.666666666666667
160 -30.244457701924784 6.666666666666667
-160 -19.325871666501214 6.666666666666667
-103.40492141905486 -19.325871666501214 6.666666666666667
-86.530993178389181 -19.325871666501214 6.666666666666667
-81.5 -19.325871666501214 6.666666666666667
-80 -19.325871666501214 6.666666666666667
-77.259663170406327 -19.325871666501214 6.666666666666667
-69.455844122715718 -19.325871666501214 6.666666666666667
-57.776603565143226 -19.325871666501214 6.666666666666667
-43.999999999999993 -19.325871666501214 6.666666666666667
-30.223396434856767 -19.325871666501214 6.666666666666667
-18.54415587728429 -19.325871666501214 6.666666666666667
-10.740336829593677 -19.325871666501214 6.666666666666667
-8 -19.325871666501214 6.666666666666667
-6.5 -19.325871666501214 6.666666666666667
-5 -19.325871666501214 6.666666666666667
-2.5 -19.325871666501214 6.666666666666667
0 -19.325871666501214 6.666666666666667
2.5 -19.325871666501214 6.666666666666667
5 -19.325871666501214 6.666666666666667
6.5 -19.325871666501214 6.666666666666667
8 -19.325871666501214 6.666666666666667
10.740336829593677 -19.325871666501214 6.666666666666667
18.54415587728429 -19.325871666501214 6.666666666666667
30.223396434856767 -19.325871666501214 6.666666666666667
43.999999999999993 -19.325871666501214 6.666666666666667
57.776603565143226 -19.325871666501214 6.666666666666667
69.455844122715718 -19.325871666501214 6.666666666666667
77.259663170406327 -19.325871666501214 6.666666666666667
80 -19.325871666501214 6.666666666666667
81.5 -19.325871666501214 6.666666666666667
86.530993178389181 -19.325871666501214 6.666666666666667
103.40492141905486 -19.325871666501214 6.666666666666667
160 -19.325871666501214 6.666666666666667
-160 -11.984936774342213 6.666666666666667
-103.40492141905486 -11.984936774342213 6.666666666666667
-86.530993178389181 -11.984936774342213 6.666666666666667
-81.5 -11.984936774342213 6.666666666666667
-80 -11.984936774342213 6.666666666666667
-77.259663170406327 -11.984936774342213 6.666666666666667
-69.455844122715718 -11.984936774342213 6.666666666666667
-57.776603565143226 -11.984936774342213 6.666666666666667
-43.999999999999993 -11.984936774342213 6.666666666666667
-30.223396434856767 -11.984936774342213 6.666666666666667
-18.54415587728429 -11.984936774342213 6.666666666666667
-10.740336829593677 -11.984936774342213 6.666666666666667
-8 -11.984936774342213 6.666666666666667
-6.5 -11.984936774342213 6.666666666666667
-5 -11.984936774342213 6.666666666666667
-2.5 -11.984936774342213 6.666666666666667
0 -11.984936774342213 6.666666666666667
2.5 -11.984936774342213 6.666666666666667
5 -11.984936774342213 6.666666666666667
6.5 -11.984936774342213 6.666666666666667
8 -11.984936774342213 6.666666666666667
10.740336829593677 -11.984936774342213 6.666666666666667
18.54415587728429 -11.984936774342213 6.666666666666667
30.223396434856767 -11.984936774342213 6.666666666666667
43.999999999999993 -11.984936774342213 6.666666666666667
57.776603565143226 -11.984936774342213 6.666666666666667
69.455844122715718 -11.984936774342213 6.666666666666667
77.259663170406327 -11.984936774342213 6.666666666666667
80 -11.984936774342213 6.666666666666667
81.5 -11.984936774342213 6.666666666666667
86.530993178389181 -11.984936774342213 6.666666666666667
103.40492141905486 -11.984936774342213 6.666666666666667
160 -11.984936774342213 6.666666666666667
-160 -7.0493778186237366 6.666666666666667
-103.40492141905486 -7.0493778186237366 6.666666666666667
-86.530993178389181 -7.0493778186237366 6.666666666666667
-81.5 -7.0493778186237366 6.666666666666667
-80 -7.0493778186237366 6.666666666666667
-77.259663170406327 -7.0493778186237366 6.666666666666667
-69.455844122715718 -7.0493778186237366 6.666666666666667
-57.776603565143226 -7.0493778186237366 6.666666666666667
-43.999999999999993 -7.0493778186237366 6.666666666666667
-30.223396434856767 -7.0493778186237366 6.666666666666667
-18.54415587728429 -7.0493778186237366 6.666666666666667
-10.740336829593677 -7.0493778186237366 6.666666666666667
-8 -7.0493778186237366 6.666666666666667
-6.5 -7.0493778186237366 6.666666666666667
-5 -7.0493778186237366 6.666666666666667
-2.5 -7.0493778186237366 6.666666666666667
0 -7.0493778186237366 6.666666666666667
2.5 -7.0493778186237366 6.666666666666667
5 -7.0493778186237366 6.666666666666667
6.5 -7.0493778186237366 6.666666666666667
8 -7.0493778186237366 6.666666666666667
10.740336829593677 -7.0493778186237366 6.666666666666667
18.54415587728429 -7.0493778186237366 6.666666666666667
30.223396434856767 -7.0493778186237366 6.666666666666667
43.999999999999993 -7.0493778186237366 6.666666666666667
57.776603565143226 -7.0493778186237366 6.666666666666667
69.455844122715718 -7.0493778186237366 6.666666666666667
77.259663170406327 -7.0493778186237366 6.666666666666667
80 -7.0493778186237366 6.666666666666667
81.5 -7.0493778186237366 6.666666666666667
86.530993178389181 -7.0493778186237366 6.666666666666667
103.40492141905486 -7.0493778186237366 6.666666666666667
160 -7.0493778186237366 6.666666666666667
-160 -3.7310345063309152 6.666666666666667
-103.40492141905486 -3.7310345063309152 6.666666666666667
-86.530993178389181 -3.7310345063309152 6.666666666666667
-81.5 -3.7310345063309152 6.666666666666667
-80 -3.7310345063309152 6.666666666666667
-77.259663170406327 -3.7310345063309152 6.666666666666667
-69.455844122715718 -3.7310345063309152 6.666666666666667
-57.776603565143226 -3.7310345063309152 6.666666666666667
-43.999999999999993 -3.7310345063309152 6.666666666666667
-30.223396434856767 -3.7310345063309152 6.666666666666667
-18.54415587728429 -3.7310345063309152 6.666666666666667
-10.740336829593677 -3.7310345063309152 6.666666666666667
-8 -3.7310345063309152 6.666666666666667
-6.5 -3.7310345063309152 6.666666666666667
-5 -3.7310345063309152 6.666666666666667
-2.5 -3.7310345063309152 6.666666666666667
0 -3.7310345063309152 6.666666666666667
2.5 -3.7310345063309152 6.666666666666667
5 -3.7310345063309152 6.666666666666667
6.5 -3.7310345063309152 6.666666666666667
8 -3.7310345063309152 6.666666666666667
10.740336829593677 -3.7310345063309152 6.666666666666667
18.54415587728429 -3.7310345063309152 6.666666666666667
30.223396434856767 -3.7310345063309152 6.666666666666667
43.999999999999993 -3.7310345063309152 6.666666666666667
57.776603565143226 -3.7310345063309152 6.666666666666667
69.455844122715718 -3.7310345063309152 6.666666666666667
77.259663170406327 -3.7310345063309152 6.666666666666667
80 -3.7310345063309152 6.666666666666667
81.5 -3.7310345063309152 6.666666666666667
86.530993178389181 -3.7310345063309152 6.666666666666667
103.40492141905486 -3.7310345063309152 6.666666666666667
160 -3.7310345063309152 6.666666666666667
-160 -1.4999999999999996 6.666666666666667
-103.40492141905486 -1.4999999999999996 6.666666666666667
-86.530993178389181 -1.4999999999999996 6.666666666666667
-81.5 -1.4999999999999996 6.666666666666667
-80 -1.4999999999999996 6.666666666666667
-77.259663170406327 -1.4999999999999996 6.666666666666667
-69.455844122715718 -1.4999999999999996 6.666666666666667
-57.776603565143226 -1.4999999999999996 6.666666666666667
-43.999999999999993 -1.4999999999999996 6.666666666666667
-30.223396434856767 -1.4999999999999996 6.666666666666667
-18.54415587728429 -1.4999999999999996 6.666666666666667
-10.740336829593677 -1.4999999999999996 6.666666666666667
-8 -1.4999999999999996 6.666666666666667
-6.5 -1.4999999999999996 6.666666666666667
-5 -1.4999999999999996 6.666666666666667
-2.5 -1.4999999999999996 6.666666666666667
0 -1.4999999999999996 6.666666666666667
2.5 -1.4999999999999996 6.666666666666667
5 -1.4999999999999996 6.666666666666667
6.5 -1.4999999999999996 6.666666666666667
8 -1.4999999999999996 6.666666666666667
10.740336829593677 -1.4999999999999996 6.666666666666667
18.54415587728429 -1.4999999999999996 6.666666666666667
30.223396434856767 -1.4999999999999996 6.666666666666667
43.999999999999993 -1.4999999999999996 6.666666666666667
57.776603565143226 -1.4999999999999996 6.666666666666667
69.455844122715718 -1.4999999999999996 6.666666666666667
77.259663170406327 -1.4999999999999996 6.666666666666667
80 -1.4999999999999996 6.666666666666667
81.5 -1.4999999999999996 6.666666666666667
86.530993178389181 -1.4999999999999996 6.666666666666667
103.40492141905486 -1.4999999999999996 6.666666666666667
160 -1.4999999999999996 6.666666666666667
-160 0 6.666666666666667
-103.40492141905486 0 6.666666666666667
-86.530993178389181 0 6.666666666666667
-81.5 0 6.666666666666667
-80 0 6.666666666666667
-77.259663170406327 0 6.666666666666667
-69.455844122715718 0 6.666666666666667
-57.776603565143226 0 6.666666666666667
-43.999999999999993 0 6.666666666666667
-30.223396434856767 0 6.666666666666667
-18.54415587728429 0 6.666666666666667
-10.740336829593677 0 6.666666666666667
-8 0 6.666666666666667
-6.5 0 6.666666666666667
-5 0 6.666666666666667
-2.5 0 6.666666666666667
0 0 6.666666666666667
2.5 0 6.666666666666667
5 0 6.666666666666667
6.5 0 6.666666666666667
8 0 6.666666666666667
10.740336829593677 0 6.666666666666667
18.54415587728429 0 6.666666666666667
30.223396434856767 0 6.666666666666667
43.999999999999993 0 6.666666666666667
57.776603565143226 0 6.666666666666667
69.455844122715718 0 6.666666666666667
77.259663170406327 0 6.666666666666667
80 0 6.666666666666667
81.5 0 6.666666666666667
86.530993178389181 0 6.666666666666667
103.40492141905486 0 6.666666666666667
160 0 6.666666666666667
-160 1.4999999999999996 6.666666666666667
-103.40492141905486 1.4999999999999996 6.666666666666667
-86.530993178389181 1.4999999999999996 6.666666666666667
-81.5 1.4999999999999996 6.666666666666667
-80 1.4999999999999996 6.666666666666667
-77.259663170406327 1.4999999999999996 6.666666666666667
-69.455844122715718 1.4999999999999996 6.666666666666667
-57.776603565143226 1.4999999999999996 6.666666666666667
-43.999999999999993 1.4999999999999996 6.666666666666667
-30.223396434856767 1.4999999999999996 6.666666666666667
-18.54415587728429 1.4999999999999996 6.666666666666667
-10.740336829593677 1.4999999999999996 6.666666666666667
-8 1.4999999999999996 6.666666666666667
-6.5 1.4999999999999996 6.666666666666667
-5 1.4999999999999996 6.666666666666667
-2.5 1.4999999999999996 6.666666666666667
0 1.4999999999999996 6.666666666666667
2.5 1.4999999999999996 6.666666666666667
5 1.4999999999999996 6.666666666666667
6.5 1.4999999999999996 6.666666666666667
8 1.4999999999999996 6.666666666666667
10.740336829593677 1.4999999999999996 6.666666666666667
18.54415587728429 1.4999999999999996 6.666666666666667
30.223396434856767 1.4999999999999996 6.666666666666667
43.999999999999993 1.4999999999999996 6.666666666666667
57.776603565143226 1.4999999999999996 6.666666666666667
69.455844122715718 1.4999999999999996 6.666666666666667
77.259663170406327 1.4999999999999996 6.666666666666667
80 1.4999999999999996 6.666666666666667
81.5 1.4999999999999996 6.666666666666667
86.530993178389181 1.4999999999999996 6.666666666666667
103.40492141905486 1.4999999999999996 6.666666666666667
160 1.4999999999999996 6.666666666666667
-160 3.7310345063309152 6.666666666666667
-103.40492141905486 3.7310345063309152 6.666666666666667
-86.530993178389181 3.7310345063309152 6.666666666666667
-81.5 3.7310345063309152 6.666666666666667
-80 3.7310345063309152 6.666666666666667
-77.259663170406327 3.7310345063309152 6.666666666666667
-69.455844122715718 3.7310345063309152 6.666666666666667
-57.776603565143226 3.7310345063309152 6.666666666666667
-43.999999999999993 3.7310345063309152 6.666666666666667
-30.223396434856767 3.7310345063309152 6.666666666666667
-18.54415587728429 3.7310345063309152 6.666666666666667
-10.740336829593677 3.7310345063309152 6.666666666666667
-8 3.7310345063309152 6.666666666666667
-6.5 3.7310345063309152 6.666666666666667
-5 3.7310345063309152 6.666666666666667
-2.5 3.7310345063309152 6.666666666666667
0 3.7310345063309152 6.666666666666667
2.5 3.7310345063309152 6.666666666666667
5 3.7310345063309152 6.666666666666667
6.5 3.7310345063309152 6.666666666666667
8 3.7310345063309152 6.666666666666667
10.740336829593677 3.7310345063309152 6.666666666666667
18.54415587728429 3.7310345063309152 6.666666666666667
30.223396434856767 3.7310345063309152 6.666666666666667
43.999999999999993 3.7310345063309152 6.666666666666667
57.776603565143226 3.7310345063309152 6.666666666666667
69.455844122715718 3.7310345063309152 6.666666666666667
77.259663170406327 3.7310345063309152 6.666666666666667
80 3.7310345063309152 6.666666666666667
81.5 3.7310345063309152 6.666666666666667
86.530993178389181 3.7310345063309152 6.666666666666667
103.40492141905486 3.7310345063309152 6.666666666666667
160 3.7310345063309152 6.666666666666667
-160 7.0493778186237366 6.666666666666667
-103.40492141905486 7.0493778186237366 6.666666666666667
-86.530993178389181 7.0493778186237366 6.666666666666667
-81.5 7.0493778186237366 6.666666666666667
-80 7.0493778186237366 6.666666666666667
-77.259663170406327 7.0493778186237366 6.666666666666667
-69.455844122715718 7.0493778186237366 6.666666666666667
-57.776603565143226 7.0493778186237366 6.666666666666667
-43.999999999999993 7.0493778186237366 6.666666666666667
-30.223396434856767 7.0493778186237366 6.666666666666667
-18.54415587728429 7.0493778186237366 6.666666666666667
-10.740336829593677 7.0493778186237366 6.666666666666667
-8 7.0493778186237366 6.666666666666667
-6.5 7.0493778186237366 6.666666666666667
-5 7.0493778186237366 6.666666666666667
-2.5 7.0493778186237366 6.666666666666667
0 7.0493778186237366 6.666666666666667
2.5 7.0493778186237366 6.666666666666667
5 7.0493778186237366 6.666666666666667
6.5 7.0493778186237366 6.666666666666667
8 7.0493778186237366 6.666666666666667
10.740336829593677 7.0493778186237366 6.666666666666667
18.54415587728429 7.0493778186237366 6.666666666666667
30.223396434856767 7.0493778186237366 6.666666666666667
43.999999999999993 7.0493778186237366 6.666666666666667
57.776603565143226 7.0493778186237366 6.666666666666667
69.455844122715718 7.0493778186237366 6.666666666666667
77.259663170406327 7.0493778186237366 6.666666666666667
80 7.0493778186237366 6.666666666666667
81.5 7.0493778186237366 6.666666666666667
86.530993178389181 7.0493778186237366 6.666666666666667
103.40492141905486 7.0493778186237366 6.666666666666667
160 7.0493778186237366 6.666666666666667
-160 11.984936774342213 6.666666666666667
-103.40492141905486 11.984936774342213 6.666666666666667
-86.530993178389181 11.984936774342213 6.666666666666667
-81.5 11.984936774342213 6.666666666666667
-80 11.984936774342213 6.666666666666667
-77.259663170406327 11.984936774342213 6.666666666666667
-69.455844122715718 11.984936774342213 6.666666666666667
-57.776603565143226 11.984936774342213 6.666666666666667
-43.999999999999993 11.984936774342213 6.666666666666667
-30.223396434856767 11.984936774342213 6.666666666666667
-18.54415587728429 11.984936774342213 6.666666666666667
-10.740336829593677 11.984936774342213 6.666666666666667
-8 11.984936774342213 6.666666666666667
-6.5 11.984936774342213 6.666666666666667
-5 11.984936774342213 6.666666666666667
-2.5 11.984936774342213 6.666666666666667
0 11.984936774342213 6.666666666666667
2.5 11.984936774342213 6.666666666666667
5 11.984936774342213 6.666666666666667
6.5 11.984936774342213 6.666666666666667
8 11.984936774342213 6.666666666666667
10.740336829593677 11.984936774342213 6.666666666666667
18.54415587728429 11.984936774342213 6.666666666666667
30.223396434856767 11.984936774342213 6.666666666666667
43.999999999999993 11.984936774342213 6.666666666666667
57.776603565143226 11.984936774342213 6.666666666666667
69.455844122715718 11.984936774342213 6.666666666666667
77.259663170406327 11.984936774342213 6.666666666666667
80 11.984936774342213 6.666666666666667
81.5 11.984936774342213 6.666666666666667
86.530993178389181 11.984936774342213 6.666666666666667
103.40492141905486 11.984936774342213 6.666666666666667
160 11.984936774342213 6.666666666666667
-160 19.325871666501214 6.666666666666667
-103.40492141905486 19.325871666501214 6.666666666666667
-86.530993178389181 19.325871666501214 6.666666666666667
-81.5 19.325871666501214 6.666666666666667
-80 19.325871666501214 6.666666666666667
-77.259663170406327 19.325871666501214 6.666666666666667
-69.455844122715718 19.325871666501214 6.666666666666667
-57.776603565143226 19.325871666501214 6.666666666666667
-43.999999999999993 19.325871666501214 6.666666666666667
-30.223396434856767 19.325871666501214 6.666666666666667
-18.54415587728429 19.325871666501214 6.666666666666667
-10.740336829593677 19.325871666501214 6.666666666666667
-8 19.325871666501214 6.666666666666667
-6.5 19.325871666501214 6.666666666666667
-5 19.325871666501214 6.666666666666667
-2.5 19.325871666501214 6.666666666666667
0 19.325871666501214 6.666666666666667
2.5 19.325871666501214 6.666666666666667
5 19.325871666501214 6.666666666666667
6.5 19.325871666501214 6.666666666666667
8 19.325871666501214 6.666666666666667
10.740336829593677 19.325871666501214 6.666666666666667
18.54415587728429 19.325871666501214 6.666666666666667
30.223396434856767 19.325871666501214 6.666666666666667
43.999999999999993 19.325871666501214 6.666666666666667
57.776603565143226 19.325871666501214 6.666666666666667
69.455844122715718 19.325871666501214 6.666666666666667
77.259663170406327 19.325871666501214 6.666666666666667
80 19.325871666501214 6.666666666666667
81.5 19.325871666501214 6.666666666666667
86.530993178389181 19.325871666501214 6.666666666666667
103.40492141905486 19.325871666501214 6.666666666666667
160 19.325871666501214 6.666666666666667
-160 30.244457701924784 6.666666666666667
-103.40492141905486 30.244457701924784 6.666666666666667
-86.530993178389181 30.244457701924784 6.666666666666667
-81.5 30.244457701924784 6.666666666666667
-80 30.244457701924784 6.666666666666667
-77.259663170406327 30.244457701924784 6.666666666666667
-69.455844122715718 30.244457701924784 6.666666666666667
-57.776603565143226 30.244457701924784 6.666666666666667
-43.999999999999993 30.244457701924784 6.666666666666667
-30.223396434856767 30.244457701924784 6.666666666666667
-18.54415587728429 30.244457701924784 6.666666666666667
-10.740336829593677 30.244457701924784 6.666666666666667
-8 30.244457701924784 6.666666666666667
-6.5 30.244457701924784 6.666666666666667
-5 30.244457701924784 6.666666666666667
-2.5 30.244457701924784 6.666666666666667
0 30.244457701924784 6.666666666666667
2.5 30.244457701924784 6.666666666666667
5 30.244457701924784 6.666666666666667
6.5 30.244457701924784 6.666666666666667
8 30.244457701924784 6.666666666666667
10.740336829593677 30.244457701924784 6.666666666666667
18.54415587728429 30.244457701924784 6.666666666666667
30.223396434856767 30.244457701924784 6.666666666666667
43.999999999999993 30.244457701924784 6.666666666666667
57.776603565143226 30.244457701924784 6.666666666666667
69.455844122715718 30.244457701924784 6.666666666666667
77.259663170406327 30.244457701924784 6.666666666666667
80 30.244457701924784 6.666666666666667
81.5 30.244457701924784 6.666666666666667
86.530993178389181 30.244457701924784 6.666666666666667
103.40492141905486 30.244457701924784 6.666666666666667
160 30.244457701924784 6.666666666666667
-160 46.484285838840023 6.666666666666667
-103.40492141905486 46.484285838840023 6.666666666666667
-86.530993178389181 46.484285838840023 6.666666666666667
-81.5 46.484285838840023 6.666666666666667
-80 46.484285838840023 6.666666666666667
-77.259663170406327 46.484285838840023 6.666666666666667
-69.455844122715718 46.484285838840023 6.666666666666667
-57.776603565143226 46.484285838840023 6.666666666666667
-43.999999999999993 46.484285838840023 6.666666666666667
-30.223396434856767 46.484285838840023 6.666666666666667
-18.54415587728429 46.484285838840023 6.666666666666667
-10.740336829593677 46.484285838840023 6.666666666666667
-8 46.484285838840023 6.666666666666667
-6.5 46.484285838840023 6.666666666666667
-5 46.484285838840023 6.666666666666667
-2.5 46.484285838840023 6.666666666666667
0 46.484285838840023 6.666666666666667
2.5 46.484285838840023 6.666666666666667
5 46.484285838840023 6.666666666666667
6.5 46.484285838840023 6.666666666666667
8 46.484285838840023 6.666666666666667
10.740336829593677 46.484285838840023 6.666666666666667
18.54415587728429 46.484285838840023 6.666666666666667
30.223396434856767 46.484285838840023 6.666666666666667
43.999999999999993 46.484285838840023 6.666666666666667
57.776603565143226 46.484285838840023 6.666666666666667
69.455844122715718 46.484285838840023 6.666666666666667
77.259663170406327 46.484285838840023 6.666666666666667
80 46.484285838840023 6.666666666666667
81.5 46.484285838840023 6.666666666666667
86.530993178389181 46.484285838840023 6.666666666666667
103.40492141905486 46.484285838840023 6.666666666666667
160 46.484285838840023 6.666666666666667
-160 70.638697139067759 6.666666666666667
-103.40492141905486 70.638697139067759 6.666666666666667
-86.530993178389181 70.638697139067759 6.666666666666667
-81.5 70.638697139067759 6.666666666666667
-80 70.638697139067759 6.666666666666667
-77.259663170406327 70.638697139067759 6.666666666666667
-69.455844122715718 70.638697139067759 6.666666666666667
-57.776603565143226 70.638697139067759 6.666666666666667
-43.999999999999993 70.638697139067759 6.666666666666667
-30.223396434856767 70.638697139067759 6.666666666666667
-18.54415587728429 70.638697139067759 6.666666666666667
-10.740336829593677 70.638697139067759 6.666666666666667
-8 70.638697139067759 6.666666666666667
-6.5 70.638697139067759 6.666666666666667
-5 70.638697139067759 6.666666666666667
-2.5 70.638697139067759 6.666666666666667
0 70.638697139067759 6.666666666666667
2.5 70.638697139067759 6.666666666666667
5 70.638697139067759 6.666666666666667
6.5 70.638697139067759 6.666666666666667
8 70.638697139067759 6.666666666666667
10.740336829593677 70.638697139067759 6.666666666666667
18.54415587728429 70.638697139067759 6.666666666666667
30.223396434856767 70.638697139067759 6.666666666666667
43.999999999999993 70.638697139067759 6.666666666666667
57.776603565143226 70.638697139067759 6.666666666666667
69.455844122715718 70.638697139067759 6.666666666666667
77.259663170406327 70.638697139067759 6.666666666666667
80 70.638697139067759 6.666666666666667
81.5 70.638697139067759 6.666666666666667
86.530993178389181 70.638697139067759 6.666666666666667
103.40492141905486 70.638697139067759 6.666666666666667
160 70.638697139067759 6.666666666666667
-160 106.56491386634607 6.666666666666667
-103.40492141905486 106.56491386634607 6.666666666666667
-86.530993178389181 106.56491386634607 6.666666666666667
-81.5 106.56491386634607 6.666666666666667
-80 106.56491386634607 6.666666666666667
-77.259663170406327 106.56491386634607 6.666666666666667
-69.455844122715718 106.56491386634607 6.666666666666667
-57.776603565143226 106.56491386634607 6.666666666666667
-43.999999999999993 106.56491386634607 6.666666666666667
-30.223396434856767 106.56491386634607 6.666666666666667
-18.54415587728429 106.56491386634607 6.666666666666667
-10.740336829593677 106.56491386634607 6.666666666666667
-8 106.56491386634607 6.666666666666667
-6.5 106.56491386634607 6.666666666666667
-5 106.56491386634607 6.666666666666667
-2.5 106.56491386634607 6.666666666666667
0 106.56491386634607 6.666666666666667
2.5 106.56491386634607 6.666666666666667
5 106.56491386634607 6.666666666666667
6.5 106.56491386634607 6.666666666666667
8 106.56491386634607 6.666666666666667
10.740336829593677 106.56491386634607 6.666666666666667
18.54415587728429 106.56491386634607 6.666666666666667
30.223396434856767 106.56491386634607 6.666666666666667
43.999999999999993 106.56491386634607 6.666666666666667
57.776603565143226 106.56491386634607 6.666666666666667
69.455844122715718 106.56491386634607 6.666666666666667
77.259663170406327 106.56491386634607 6.666666666666667
80 106.56491386634607 6.666666666666667
81.5 106.56491386634607 6.666666666666667
86.530993178389181 106.56491386634607 6.666666666666667
103.40492141905486 106.56491386634607 6.666666666666667
160 106.56491386634607 6.666666666666667
-160 160 6.666666666666667
-103.40492141905486 160 6.666666666666667
-86.530993178389181 160 6.666666666666667
-81.5 160 6.666666666666667
-80 160 6.666666666666667
-77.259663170406327 160 6.666666666666667
-69.455844122715718 160 6.666666666666667
-57.776603565143226 160 6.666666666666667
-43.999999999999993 160 6.666666666666667
-30.223396434856767 160 6.666666666666667
-18.54415587728429 160 6.666666666666667
-10.740336829593677 160 6.666666666666667
-8 160 6.666666666666667
-6.5 160 6.666666666666667
-5 160 6.666666666666667
-2.5 160 6.666666666666667
0 160 6.666666666666667
2.5 160 6.666666666666667
5 160 6.666666666666667
6.5 160 6.666666666666667
8 160 6.666666666666667
10.740336829593677 160 6.666666666666667
18.54415587728429 160 6.666666666666667
30.223396434856767 160 6.666666666666667
43.999999999999993 160 6.666666666666667
57.776603565143226 160 6.666666666666667
69.455844122715718 160 6.666666666666667
77.259663170406327 160 6.666666666666667
80 160 6.666666666666667
81.5 160 6.666666666666667
86.530993178389181 160 6.666666666666667
103.40492141905486 160 6.666666666666667
160 160 6.666666666666667
-160 -160 10
-103.40492141905486 -160 10
-86.530993178389181 -160 10
-81.5 -160 10
-80 -160 10
-77.259663170406327 -160 10
-69.455844122715718 -160 10
-57.776603565143226 -160 10
-43.999999999999993 -160 10
-30.223396434856767 -160 10
-18.54415587728429 -160 10
-10.740336829593677 -160 10
-8 -160 10
-6.5 -160 10
-5 -160 10
-2.5 -160 10
0 -160 10
2.5 -160 10
5 -160 10
6.5 -160 10
8 -160 10
10.740336829593677 -160 10
18.54415587728429 -160 10
30.223396434856767 -160 10
43.999999999999993 -160 10
57.776603565143226 -160 10
69.455844122715718 -160 10
77.259663170406327 -160 10
80 -160 10
81.5 -160 10
86.530993178389181 -160 10
103.40492141905486 -160 10
160 -160 10
-160 -106.56491386634607 10
-103.40492141905486 -106.56491386634607 10
-86.530993178389181 -106.56491386634607 10
-81.5 -106.56491386634607 10
-80 -106.56491386634607 10
-77.259663170406327 -106.56491386634607 10
-69.455844122715718 -106.56491386634607 10
-57.776603565143226 -106.56491386634607 10
-43.999999999999993 -106.56491386634607 10
-30.223396434856767 -106.56491386634607 10
-18.54415587728429 -106.56491386634607 10
-10.740336829593677 -106.56491386634607 10
-8 -106.56491386634607 10
-6.5 -106.56491386634607 10
-5 -106.56491386634607 10
-2.5 -106.56491386634607 10
0 -106.56491386634607 10
2.5 -106.56491386634607 10
5 -106.56491386634607 10
6.5 -106.56491386634607 10
8 -106.56491386634607 10
10.740336829593677 -106.56491386634607 10
18.54415587728429 -106.56491386634607 10
30.223396434856767 -106.56491386634607 10
43.999999999999993 -106.56491386634607 10
57.776603565143226 -106.56491386634607 10
69.455844122715718 -106.56491386634607 10
77.259663170406327 -106.56491386634607 10
80 -106.56491386634607 10
81.5 -106.56491386634607 10
86.530993178389181 -106.56491386634607 10
103.40492141905486 -106.56491386634607 10
160 -106.56491386634607 10
-160 -70.638697139067759 10
-103.40492141905486 -70.638697139067759 10
-86.530993178389181 -70.638697139067759 10
-81.5 -70.638697139067759 10
-80 -70.638697139067759 10
-77.259663170406327 -70.638697139067759 10
-69.455844122715718 -70.638697139067759 10
-57.776603565143226 -70.638697139067759 10
-43.999999999999993 -70.638697139067759 10
-30.223396434856767 -70.638697139067759 10
-18.54415587728429 -70.638697139067759 10
-10.740336829593677 -70.638697139067759 10
-8 -70.638697139067759 10
-6.5 -70.638697139067759 10
-5 -70.638697139067759 10
-2.5 -70.638697139067759 10
0 -70.638697139067759 10
2.5 -70.638697139067759 10
5 -70.638697139067759 10
6.5 -70.638697139067759 10
8 -70.638697139067759 10
10.740336829593677 -70.638697139067759 10
18.54415587728429 -70.638697139067759 10
30.223396434856767 -70.638697139067759 10
43.999999999999993 -70.638697139067759 10
57.776603565143226 -70.638697139067759 10
69.455844122715718 -70.638697139067759 10
77.259663170406327 -70.638697139067759 10
80 -70.638697139067759 10
81.5 -70.638697139067759 10
86.530993178389181 -70.638697139067759 10
103.40492141905486 -70.638697139067759 10
160 -70.638697139067759 10
-160 -46.484285838840023 10
-103.40492141905486 -46.484285838840023 10
-86.530993178389181 -46.484285838840023 10
-81.5 -46.484285838840023 10
-80 -46.484285838840023 10
-77.259663170406327 -46.484285838840023 10
-69.455844122715718 -46.484285838840023 10
-57.776603565143226 -46.484285838840023 10
-43.999999999999993 -46.484285838840023 10
-30.223396434856767 -46.484285838840023 10
-18.54415587728429 -46.484285838840023 10
-10.740336829593677 -46.484285838840023 10
-8 -46.484285838840023 10
-6.5 -46.484285838840023 10
-5 -46.484285838840023 10
-2.5 -46.484285838840023 10
0 -46.484285838840023 10
2.5 -46.484285838840023 10
5 -46.484285838840023 10
6.5 -46.484285838840023 10
8 -46.484285838840023 10
10.740336829593677 -46.484285838840023 10
18.54415587728429 -46.484285838840023 10
30.223396434856767 -46.484285838840023 10
43.999999999999993 -46.484285838840023 10
57.776603565143226 -46.484285838840023 10
69.455844122715718 -46.484285838840023 10
77.259663170406327 -46.484285838840023 10
80 -46.484285838840023 10
81.5 -46.484285838840023 10
86.530993178389181 -46.484285838840023 10
103.40492141905486 -46.484285838840023 10
160 -46.484285838840023 10
-160 -30.244457701924784 10
-103.40492141905486 -30.244457701924784 10
-86.530993178389181 -30.244457701924784 10
-81.5 -30.244457701924784 10
-80 -30.244457701924784 10
-77.259663170406327 -30.244457701924784 10
-69.455844122715718 -30.244457701924784 10
-57.776603565143226 -30.244457701924784 10
-43.999999999999993 -30.244457701924784 10
-30.223396434856767 -30.244457701924784 10
-18.54415587728429 -30.244457701924784 10
-10.740336829593677 -30.244457701924784 10
-8 -30.244457701924784 10
-6.5 -30.244457701924784 10
-5 -30.244457701924784 10
-2.5 -30.244457701924784 10
0 -30.244457701924784 10
2.5 -30.244457701924784 10
5 -30.244457701924784 10
6.5 -30.244457701924784 10
8 -30.244457701924784 10
10.740336829593677 -30.244457701924784 10
18.54415587728429 -30.244457701924784 10
30.223396434856767 -30.244457701924784 10
43.999999999999993 -30.244457701924784 10
57.776603565143226 -30.244457701924784 10
69.455844122715718 -30.244457701924784 10
77.259663170406327 -30.244457701924784 10
80 -30.244457701924784 10
81.5 -30.244457701924784 10
86.530993178389181 -30.244457701924784 10
103.40492141905486 -30.244457701924784 10
160 -30.244457701924784 10
-160 -19.325871666501214 10
-103.40492141905486 -19.325871666501214 10
-86.530993178389181 -19.325871666501214 10
-81.5 -19.325871666501214 10
-80 -19.325871666501214 10
-77.259663170406327 -19.325871666501214 10
-69.455844122715718 -19.325871666501214 10
-57.776603565143226 -19.325871666501214 10
-43.999999999999993 -19.325871666501214 10
-30.223396434856767 -19.325871666501214 10
-18.54415587728429 -19.325871666501214 10
-10.740336829593677 -19.325871666501214 10
-8 -19.325871666501214 10
-6.5 -19.325871666501214 10
-5 -19.325871666501214 10
-2.5 -19.325871666501214 10
0 -19.325871666501214 10
2.5 -19.325871666501214 10
5 -19.325871666501214 10
6.5 -19.325871666501214 10
8 -19.325871666501214 10
10.740336829593677 -19.325871666501214 10
18.54415587728429 -19.325871666501214 10
30.223396434856767 -19.325871666501214 10
43.999999999999993 -19.325871666501214 10
57.776603565143226 -19.325871666501214 10
69.455844122715718 -19.325871666501214 10
77.259663170406327 -19.325871666501214 10
80 -19.325871666501214 10
81.5 -19.325871666501214 10
86.530993178389181 -19.325871666501214 10
103.40492141905486 -19.325871666501214 10
160 -19.325871666501214 10
-160 -11.984936774342213 10
-103.40492141905486 -11.984936774342213 10
-86.530993178389181 -11.984936774342213 10
-81.5 -11.984936774342213 10
-80 -11.984936774342213 10
-77.259663170406327 -11.984936774342213 10
-69.455844122715718 -11.984936774342213 10
-57.776603565143226 -11.984936774342213 10
-43.999999999999993 -11.984936774342213 10
-30.223396434856767 -11.984936774342213 10
-18.54415587728429 -11.984936774342213 10
-10.740336829593677 -11.984936774342213 10
-8 -11.984936774342213 10
-6.5 -11.984936774342213 10
-5 -11.984936774342213 10
-2.5 -11.984936774342213 10
0 -11.984936774342213 10
2.5 -11.984936774342213 10
5 -11.984936774342213 10
6.5 -11.984936774342213 10
8 -11.984936774342213 10
10.740336829593677 -11.984936774342213 10
18.54415587728429 -11.984936774342213 10
30.223396434856767 -11.984936774342213 10
43.999999999999993 -11.984936774342213 10
57.776603565143226 -11.984936774342213 10
69.455844122715718 -11.984936774342213 10
77.259663170406327 -11.984936774342213 10
80 -11.984936774342213 10
81.5 -11.984936774342213 10
86.530993178389181 -11.984936774342213 10
103.40492141905486 -11.984936774342213 10
160 -11.984936774342213 10
-160 -7.0493778186237366 10
-103.40492141905486 -7.0493778186237366 10
-86.530993178389181 -7.0493778186237366 10
-81.5 -7.0493778186237366 10
-80 -7.0493778186237366 10
-77.259663170406327 -7.0493778186237366 10
-69.455844122715718 -7.0493778186237366 10
-57.776603565143226 -7.0493778186237366 10
-43.999999999999993 -7.0493778186237366 10
-30.223396434856767 -7.0493778186237366 10
-18.54415587728429 -7.0493778186237366 10
-10.740336829593677 -7.0493778186237366 10
-8 -7.0493778186237366 10
-6.5 -7.0493778186237366 10
-5 -7.0493778186237366 10
-2.5 -7.0493778186237366 10
0 -7.0493778186237366 10
2.5 -7.0493778186237366 10
5 -7.0493778186237366 10
6.5 -7.0493778186237366 10
8 -7.0493778186237366 10
10.740336829593677 -7.0493778186237366 10
18.54415587728429 -7.0493778186237366 10
30.223396434856767 -7.0493778186237366 10
43.999999999999993 -7.0493778186237366 10
57.776603565143226 -7.0493778186237366 10
69.455844122715718 -7.0493778186237366 10
77.259663170406327 -7.0493778186237366 10
80 -7.0493778186237366 10
81.5 -7.0493778186237366 10
86.530993178389181 -7.0493778186237366 10
103.40492141905486 -7.0493778186237366 10
160 -7.0493778186237366 10
-160 -3.7310345063309152 10
-103.40492141905486 -3.7310345063309152 10
-86.530993178389181 -3.7310345063309152 10
-81.5 -3.7310345063309152 10
-80 -3.7310345063309152 10
-77.259663170406327 -3.7310345063309152 10
-69.455844122715718 -3.7310345063309152 10
-57.776603565143226 -3.7310345063309152 10
-43.999999999999993 -3.7310345063309152 10
-30.223396434856767 -3.7310345063309152 10
-18.54415587728429 -3.7310345063309152 10
-10.740336829593677 -3.7310345063309152 10
-8 -3.7310345063309152 10
-6.5 -3.7310345063309152 10
-5 -3.7310345063309152 10
-2.5 -3.7310345063309152 10
0 -3.7310345063309152 10
2.5 -3.7310345063309152 10
5 -3.7310345063309152 10
6.5 -3.7310345063309152 10
8 -3.7310345063309152 10
10.740336829593677 -3.7310345063309152 10
18.54415587728429 -3.7310345063309152 10
30.223396434856767 -3.7310345063309152 10
43.999999999999993 -3.7310345063309152 10
57.776603565143226 -3.7310345063309152 10
69.455844122715718 -3.7310345063309152 10
77.259663170406327 -3.7310345063309152 10
80 -3.7310345063309152 10
81.5 -3.7310345063309152 10
86.530993178389181 -3.7310345063309152 10
103.40492141905486 -3.7310345063309152 10
160 -3.7310345063309152 10
-160 -1.4999999999999996 10
-103.40492141905486 -1.4999999999999996 10
-86.530993178389181 -1.4999999999999996 10
-81.5 -1.4999999999999996 10
-80 -1.4999999999999996 10
-77.259663170406327 -1.4999999999999996 10
-69.455844122715718 -1.4999999999999996 10
-57.776603565143226 -1.4999999999999996 10
-43.999999999999993 -1.4999999999999996 10
-30.223396434856767 -1.4999999999999996 10
-18.54415587728429 -1.4999999999999996 10
-10.740336829593677 -1.4999999999999996 10
-8 -1.4999999999999996 10
-6.5 -1.4999999999999996 10
-5 -1.4999999999999996 10
-2.5 -1.4999999999999996 10
0 -1.4999999999999996 10
2.5 -1.4999999999999996 10
5 -1.4999999999999996 10
6.5 -1.4999999999999996 10
8 -1.4999999999999996 10
10.740336829593677 -1.4999999999999996 10
18.54415587728429 -1.4999999999999996 10
30.223396434856767 -1.4999999999999996 10
43.999999999999993 -1.4999999999999996 10
57.776603565143226 -1.4999999999999996 10
69.455844122715718 -1.4999999999999996 10
77.259663170406327 -1.4999999999999996 10
80 -1.4999999999999996 10
81.5 -1.4999999999999996 10
86.530993178389181 -1.4999999999999996 10
103.40492141905486 -1.4999999999999996 10
160 -1.4999999999999996 10
-160 0 10
-103.40492141905486 0 10
-86.530993178389181 0 10
-81.5 0 10
-80 0 10
-77.259663170406327 0 10
-69.455844122715718 0 10
-57.776603565143226 0 10
-43.999999999999993 0 10
-30.223396434856767 0 10
-18.54415587728429 0 10
-10.740336829593677 0 10
-8 0 10
-6.5 0 10
-5 0 10
-2.5 0 10
0 0 10
2.5 0 10
5 0 10
6.5 0 10
8 0 10
10.740336829593677 0 10
18.54415587728429 0 10
30.223396434856767 0 10
43.999999999999993 0 10
57.776603565143226 0 10
69.455844122715718 0 10
77.259663170406327 0 10
80 0 10
81.5 0 10
86.530993178389181 0 10
103.40492141905486 0 10
160 0 10
-160 1.4999999999999996 10
-103.40492141905486 1.4999999999999996 10
-86.530993178389181 1.4999999999999996 10
-81.5 1.4999999999999996 10
-80 1.4999999999999996 10
-77.259663170406327 1.4999999999999996 10
-69.455844122715718 1.4999999999999996 10
-57.776603565143226 1.4999999999999996 10
-43.999999999999993 1.4999999999999996 10
-30.223396434856767 1.4999999999999996 10
-18.54415587728429 1.4999999999999996 10
-10.740336829593677 1.4999999999999996 10
-8 1.4999999999999996 10
-6.5 1.4999999999999996 10
-5 1.4999999999999996 10
-2.5 1.4999999999999996 10
0 1.4999999999999996 10
2.5 1.4999999999999996 10
5 1.4999999999999996 10
6.5 1.4999999999999996 10
8 1.4999999999999996 10
10.740336829593677 1.4999999999999996 10
18.54415587728429 1.4999999999999996 10
30.223396434856767 1.4999999999999996 10
43.999999999999993 1.4999999999999996 10
57.776603565143226 1.4999999999999996 10
69.455844122715718 1.4999999999999996 10
77.259663170406327 1.4999999999999996 10
80 1.4999999999999996 10
81.5 1.4999999999999996 10
86.530993178389181 1.4999999999999996 10
103.40492141905486 1.4999999999999996 10
160 1.4999999999999996 10
-160 3.7310345063309152 10
-103.40492141905486 3.7310345063309152 10
-86.530993178389181 3.7310345063309152 10
-81.5 3.7310345063309152 10
-80 3.7310345063309152 10
-77.259663170406327 3.7310345063309152 10
-69.455844122715718 3.7310345063309152 10
-57.776603565143226 3.7310345063309152 10
-43.999999999999993 3.7310345063309152 10
-30.223396434856767 3.7310345063309152 10
-18.54415587728429 3.7310345063309152 10
-10.740336829593677 3.7310345063309152 10
-8 3.7310345063309152 10
-6.5 3.7310345063309152 10
-5 3.7310345063309152 10
-2.5 3.7310345063309152 10
0 3.7310345063309152 10
2.5 3.7310345063309152 10
5 3.7310345063309152 10
6.5 3.7310345063309152 10
8 3.7310345063309152 10
10.740336829593677 3.7310345063309152 10
18.54415587728429 3.7310345063309152 10
30.223396434856767 3.7310345063309152 10
43.999999999999993 3.7310345063309152 10
57.776603565143226 3.7310345063309152 10
69.455844122715718 3.7310345063309152 10
77.259663170406327 3.7310345063309152 10
80 3.7310345063309152 10
81.5 3.7310345063309152 10
86.530993178389181 3.7310345063309152 10
103.40492141905486 3.7310345063309152 10
160 3.7310345063309152 10
-160 7.0493778186237366 10
-103.40492141905486 7.0493778186237366 10
-86.530993178389181 7.0493778186237366 10
-81.5 7.0493778186237366 10
-80 7.0493778186237366 10
-77.259663170406327 7.0493778186237366 10
-69.455844122715718 7.0493778186237366 10
-57.776603565143226 7.0493778186237366 10
-43.999999999999993 7.0493778186237366 10
-30.223396434856767 7.0493778186237366 10
-18.54415587728429 7.0493778186237366 10
-10.740336829593677 7.0493778186237366 10
-8 7.0493778186237366 10
-6.5 7.0493778186237366 10
-5 7.0493778186237366 10
-2.5 7.0493778186237366 10
0 7.0493778186237366 10
2.5 7.0493778186237366 10
5 7.0493778186237366 10
6.5 7.0493778186237366 10
8 7.0493778186237366 10
10.740336829593677 7.0493778186237366 10
18.54415587728429 7.0493778186237366 10
30.223396434856767 7.0493778186237366 10
43.999999999999993 7.0493778186237366 10
57.776603565143226 7.0493778186237366 10
69.455844122715718 7.0493778186237366 10
77.259663170406327 7.0493778186237366 10
80 7.0493778186237366 10
81.5 7.0493778186237366 10
86.530993178389181 7.0493778186237366 10
103.40492141905486 7.0493778186237366 10
160 7.0493778186237366 10
-160 11.984936774342213 10
-103.40492141905486 11.984936774342213 10
-86.530993178389181 11.984936774342213 10
-81.5 11.984936774342213 10
-80 11.984936774342213 10
-77.259663170406327 11.984936774342213 10
-69.455844122715718 11.984936774342213 10
-57.776603565143226 11.984936774342213 10
-43.999999999999993 11.984936774342213 10
-30.223396434856767 11.984936774342213 10
-18.54415587728429 11.984936774342213 10
-10.740336829593677 11.984936774342213 10
-8 11.984936774342213 10
-6.5 11.984936774342213 10
-5 11.984936774342213 10
-2.5 11.984936774342213 10
0 11.984936774342213 10
2.5 11.984936774342213 10
5 11.984936774342213 10
6.5 11.984936774342213 10
8 11.984936774342213 10
10.740336829593677 11.984936774342213 10
18.54415587728429 11.984936774342213 10
30.223396434856767 11.984936774342213 10
43.999999999999993 11.984936774342213 10
57.776603565143226 11.984936774342213 10
69.455844122715718 11.984936774342213 10
77.259663170406327 11.984936774342213 10
80 11.984936774342213 10
81.5 11.984936774342213 10
86.530993178389181 11.984936774342213 10
103.40492141905486 11.984936774342213 10
160 11.984936774342213 10
-160 19.325871666501214 10
-103.40492141905486 19.325871666501214 10
-86.530993178389181 19.325871666501214 10
-81.5 19.325871666501214 10
-80 19.325871666501214 10
-77.259663170406327 19.325871666501214 10
-69.455844122715718 19.325871666501214 10
-57.776603565143226 19.325871666501214 10
-43.999999999999993 19.325871666501214 10
-30.223396434856767 19.325871666501214 10
-18.54415587728429 19.325871666501214 10
-10.740336829593677 19.325871666501214 10
-8 19.325871666501214 10
-6.5 19.325871666501214 10
-5 19.325871666501214 10
-2.5 19.325871666501214 10
0 19.325871666501214 10
2.5 19.325871666501214 10
5 19.325871666501214 10
6.5 19.325871666501214 10
8 19.325871666501214 10
10.740336829593677 19.325871666501214 10
18.54415587728429 19.325871666501214 10
30.223396434856767 19.325871666501214 10
43.999999999999993 19.325871666501214 10
57.776603565143226 19.325871666501214 10
69.455844122715718 19.325871666501214 10
77.259663170406327 19.325871666501214 10
80 19.325871666501214 10
81.5 19.325871666501214 10
86.530993178389181 19.325871666501214 10
103.40492141905486 19.325871666501214 10
160 19.325871666501214 10
-160 30.244457701924784 10
-103.40492141905486 30.244457701924784 10
-86.530993178389181 30.244457701924784 10
-81.5 30.244457701924784 10
-80 30.244457701924784 10
-77.259663170406327 30.244457701924784 10
-69.455844122715718 30.244457701924784 10
-57.776603565143226 30.244457701924784 10
-43.999999999999993 30.244457701924784 10
-30.223396434856767 30.244457701924784 10
-18.54415587728429 30.244457701924784 10
-10.740336829593677 30.244457701924784 10
-8 30.244457701924784 10
-6.5 30.244457701924784 10
-5 30.244457701924784 10
-2.5 30.244457701924784 10
0 30.244457701924784 10
2.5 30.244457701924784 10
5 30.244457701924784 10
6.5 30.244457701924784 10
8 30.244457701924784 10
10.740336829593677 30.244457701924784 10
18.54415587728429 30.244457701924784 10
30.223396434856767 30.244457701924784 10
43.999999999999993 30.244457701924784 10
57.776603565143226 30.244457701924784 10
69.455844122715718 30.244457701924784 10
77.259663170406327 30.244457701924784 10
80 30.244457701924784 10
81.5 30.244457701924784 10
86.530993178389181 30.244457701924784 10
103.40492141905486 30.244457701924784 10
160 30.244457701924784 10
-160 46.484285838840023 10
-103.40492141905486 46.484285838840023 10
-86.530993178389181 46.484285838840023 10
-81.5 46.484285838840023 10
-80 46.484285838840023 10
-77.259663170406327 46.484285838840023 10
-69.455844122715718 46.484285838840023 10
-57.776603565143226 46.484285838840023 10
-43.999999999999993 46.484285838840023 10
-30.223396434856767 46.484285838840023 10
-18.54415587728429 46.484285838840023 10
-10.740336829593677 46.484285838840023 10
-8 46.484285838840023 10
-6.5 46.484285838840023 10
-5 46.484285838840023 10
-2.5 46.484285838840023 10
0 46.484285838840023 10
2.5 46.484285838840023 10
5 46.484285838840023 10
6.5 46.484285838840023 10
8 46.484285838840023 10
10.740336829593677 46.484285838840023 10
18.54415587728429 46.484285838840023 10
30.223396434856767 46.484285838840023 10
43.999999999999993 46.484285838840023 10
57.776603565143226 46.484285838840023 10
69.455844122715718 46.484285838840023 10
77.259663170406327 46.484285838840023 10
80 46.484285838840023 10
81.5 46.484285838840023 10
86.530993178389181 46.484285838840023 10
103.40492141905486 46.484285838840023 10
160 46.484285838840023 10
-160 70.638697139067759 10
-103.40492141905486 70.638697139067759 10
-86.530993178389181 70.638697139067759 10
-81.5 70.638697139067759 10
-80 70.638697139067759 10
-77.259663170406327 70.638697139067759 10
-69.455844122715718 70.638697139067759 10
-57.776603565143226 70.638697139067759 10
-43.999999999999993 70.638697139067759 10
-30.223396434856767 70.638697139067759 10
-18.54415587728429 70.638697139067759 10
-10.740336829593677 70.638697139067759 10
-8 70.638697139067759 10
-6.5 70.638697139067759 10
-5 70.638697139067759 10
-2.5 70.638697139067759 10
0 70.638697139067759 10
2.5 70.638697139067759 10
5 70.638697139067759 10
6.5 70.638697139067759 10
8 70.638697139067759 10
10.740336829593677 70.638697139067759 10
18.54415587728429 70.638697139067759 10
30.223396434856767 70.638697139067759 10
43.999999999999993 70.638697139067759 10
57.776603565143226 70.638697139067759 10
69.455844122715718 70.638697139067759 10
77.259663170406327 70.638697139067759 10
80 70.638697139067759 10
81.5 70.638697139067759 10
86.530993178389181 70.638697139067759 10
103.40492141905486 70.638697139067759 10
160 70.638697139067759 10
-160 106.56491386634607 10
-103.40492141905486 106.56491386634607 10
-86.530993178389181 106.56491386634607 10
-81.5 106.56491386634607 10
-80 106.56491386634607 10
-77.259663170406327 106.56491386634607 10
-69.455844122715718 106.56491386634607 10
-57.776603565143226 106.56491386634607 10
-43.999999999999993 106.56491386634607 10
-30.223396434856767 106.56491386634607 10
-18.54415587728429 106.56491386634607 10
-10.740336829593677 106.56491386634607 10
-8 106.56491386634607 10
-6.5 106.56491386634607 10
-5 106.56491386634607 10
-2.5 106.56491386634607 10
0 106.56491386634607 10
2.5 106.56491386634607 10
5 106.56491386634607 10
6.5 106.56491386634607 10
8 106.56491386634607 10
10.740336829593677 106.56491386634607 10
18.54415587728429 106.56491386634607 10
30.223396434856767 106.56491386634607 10
43.999999999999993 106.56491386634607 10
57.776603565143226 106.56491386634607 10
69.455844122715718 106.56491386634607 10
77.259663170406327 106.56491386634607 10
80 106.56491386634607 10
81.5 106.56491386634607 10
86.530993178389181 106.56491386634607 10
103.40492141905486 106.56491386634607 10
160 106.56491386634607 10
-160 160 10
-103.40492141905486 160 10
-86.530993178389181 160 10
-81.5 160 10
-80 160 10
-77.259663170406327 160 10
-69.455844122715718 160 10
-57.776603565143226 160 10
-43.999999999999993 160 10
-30.223396434856767 160 10
-18.54415587728429 160 10
-10.740336829593677 160 10
-8 160 10
-6.5 160 10
-5 160 10
-2.5 160 10
0 160 10
2.5 160 10
5 160 10
6.5 160 10
8 160 10
10.740336829593677 160 10
18.54415587728429 160 10
30.223396434856767 160 10
43.999999999999993 160 10
57.776603565143226 160 10
69.455844122715718 160 10
77.259663170406327 160 10
80 160 10
81.5 160 10
86.530993178389181 160 10
103.40492141905486 160 10
160 160 10
