        i,              Φ_elec[1] (C),              Φ_elec[2] (C)
 1.00e+00,        +2.361114369324e-11,        -9.140227517165e-12
 2.00e+00,        -9.102955978718e-12,        +4.734636521706e-11
