                       Norm,                    Minimum,                    Maximum,                       Mean
        +8.849013009696e-03,        +1.935742990434e-06,        +5.774157898131e-04,        +5.534017318180e-05
