        i,              Φ_elec[1] (C),              Φ_elec[2] (C)
 1.00e+00,        +2.366881888324e-11,        -9.145385889012e-12
 2.00e+00,        -9.126061391227e-12,        +4.743056282588e-11
