MFEM mesh v1.0

dimension
3

elements
18144
1 4 0 1 44 1119
1 4 0 1076 1 1119
1 4 0 44 43 1119
1 4 0 43 1118 1119
1 4 0 1075 1076 1119
1 4 0 1118 1075 1119
1 4 1 2 45 1120
1 4 1 1077 2 1120
1 4 1 45 44 1120
1 4 1 44 1119 1120
1 4 1 1076 1077 1120
1 4 1 1119 1076 1120
1 4 2 3 46 1121
1 4 2 1078 3 1121
1 4 2 46 45 1121
1 4 2 45 1120 1121
1 4 2 1077 1078 1121
1 4 2 1120 1077 1121
1 4 3 4 47 1122
1 4 3 1079 4 1122
1 4 3 47 46 1122
1 4 3 46 1121 1122
1 4 3 1078 1079 1122
1 4 3 1121 1078 1122
1 4 4 5 48 1123
1 4 4 1080 5 1123
1 4 4 48 47 1123
1 4 4 47 1122 1123
1 4 4 1079 1080 1123
1 4 4 1122 1079 1123
1 4 5 6 49 1124
1 4 5 1081 6 1124
1 4 5 49 48 1124
1 4 5 48 1123 1124
1 4 5 1080 1081 1124
1 4 5 1123 1080 1124
1 4 6 7 50 1125
1 4 6 1082 7 1125
1 4 6 50 49 1125
1 4 6 49 1124 1125
1 4 6 1081 1082 1125
1 4 6 1124 1081 1125
1 4 7 8 51 1126
1 4 7 1083 8 1126
1 4 7 51 50 1126
1 4 7 50 1125 1126
1 4 7 1082 1083 1126
1 4 7 1125 1082 1126
1 4 8 9 52 1127
1 4 8 1084 9 1127
1 4 8 52 51 1127
1 4 8 51 1126 1127
1 4 8 1083 1084 1127
1 4 8 1126 1083 1127
1 4 9 10 53 1128
1 4 9 1085 10 1128
1 4 9 53 52 1128
1 4 9 52 1127 1128
1 4 9 1084 1085 1128
1 4 9 1127 1084 1128
1 4 10 11 54 1129
1 4 10 1086 11 1129
1 4 10 54 53 1129
1 4 10 53 1128 1129
1 4 10 1085 1086 1129
1 4 10 1128 1085 1129
1 4 11 12 55 1130
1 4 11 1087 12 1130
1 4 11 55 54 1130
1 4 11 54 1129 1130
1 4 11 1086 1087 1130
1 4 11 1129 1086 1130
1 4 12 13 56 1131
1 4 12 1088 13 1131
1 4 12 56 55 1131
1 4 12 55 1130 1131
1 4 12 1087 1088 1131
1 4 12 1130 1087 1131
1 4 13 14 57 1132
1 4 13 1089 14 1132
1 4 13 57 56 1132
1 4 13 56 1131 1132
1 4 13 1088 1089 1132
1 4 13 1131 1088 1132
1 4 14 15 58 1133
1 4 14 1090 15 1133
1 4 14 58 57 1133
1 4 14 57 1132 1133
1 4 14 1089 1090 1133
1 4 14 1132 1089 1133
1 4 15 16 59 1134
1 4 15 1091 16 1134
1 4 15 59 58 1134
1 4 15 58 1133 1134
1 4 15 1090 1091 1134
1 4 15 1133 1090 1134
1 4 16 17 60 1135
1 4 16 1092 17 1135
1 4 16 60 59 1135
1 4 16 59 1134 1135
1 4 16 1091 1092 1135
1 4 16 1134 1091 1135
1 4 17 18 61 1136
1 4 17 1093 18 1136
1 4 17 61 60 1136
1 4 17 60 1135 1136
1 4 17 1092 1093 1136
1 4 17 1135 1092 1136
1 4 18 19 62 1137
1 4 18 1094 19 1137
1 4 18 62 61 1137
1 4 18 61 1136 1137
1 4 18 1093 1094 1137
1 4 18 1136 1093 1137
1 4 19 20 63 1138
1 4 19 1095 20 1138
1 4 19 63 62 1138
1 4 19 62 1137 1138
1 4 19 1094 1095 1138
1 4 19 1137 1094 1138
1 4 20 21 64 1139
1 4 20 1096 21 1139
1 4 20 64 63 1139
1 4 20 63 1138 1139
1 4 20 1095 1096 1139
1 4 20 1138 1095 1139
1 4 21 22 65 1140
1 4 21 1097 22 1140
1 4 21 65 64 1140
1 4 21 64 1139 1140
1 4 21 1096 1097 1140
1 4 21 1139 1096 1140
1 4 22 23 66 1141
1 4 22 1098 23 1141
1 4 22 66 65 1141
1 4 22 65 1140 1141
1 4 22 1097 1098 1141
1 4 22 1140 1097 1141
1 4 23 24 67 1142
1 4 23 1099 24 1142
1 4 23 67 66 1142
1 4 23 66 1141 1142
1 4 23 1098 1099 1142
1 4 23 1141 1098 1142
1 4 24 25 68 1143
1 4 24 1100 25 1143
1 4 24 68 67 1143
1 4 24 67 1142 1143
1 4 24 1099 1100 1143
1 4 24 1142 1099 1143
1 4 25 26 69 1144
1 4 25 1101 26 1144
1 4 25 69 68 1144
1 4 25 68 1143 1144
1 4 25 1100 1101 1144
1 4 25 1143 1100 1144
1 4 26 27 70 1145
1 4 26 1102 27 1145
1 4 26 70 69 1145
1 4 26 69 1144 1145
1 4 26 1101 1102 1145
1 4 26 1144 1101 1145
1 4 27 28 71 1146
1 4 27 1103 28 1146
1 4 27 71 70 1146
1 4 27 70 1145 1146
1 4 27 1102 1103 1146
1 4 27 1145 1102 1146
1 4 28 29 72 1147
1 4 28 1104 29 1147
1 4 28 72 71 1147
1 4 28 71 1146 1147
1 4 28 1103 1104 1147
1 4 28 1146 1103 1147
1 4 29 30 73 1148
1 4 29 1105 30 1148
1 4 29 73 72 1148
1 4 29 72 1147 1148
1 4 29 1104 1105 1148
1 4 29 1147 1104 1148
1 4 30 31 74 1149
1 4 30 1106 31 1149
1 4 30 74 73 1149
1 4 30 73 1148 1149
1 4 30 1105 1106 1149
1 4 30 1148 1105 1149
1 4 31 32 75 1150
1 4 31 1107 32 1150
1 4 31 75 74 1150
1 4 31 74 1149 1150
1 4 31 1106 1107 1150
1 4 31 1149 1106 1150
1 4 32 33 76 1151
1 4 32 1108 33 1151
1 4 32 76 75 1151
1 4 32 75 1150 1151
1 4 32 1107 1108 1151
1 4 32 1150 1107 1151
1 4 33 34 77 1152
1 4 33 1109 34 1152
1 4 33 77 76 1152
1 4 33 76 1151 1152
1 4 33 1108 1109 1152
1 4 33 1151 1108 1152
1 4 34 35 78 1153
1 4 34 1110 35 1153
1 4 34 78 77 1153
1 4 34 77 1152 1153
1 4 34 1109 1110 1153
1 4 34 1152 1109 1153
1 4 35 36 79 1154
1 4 35 1111 36 1154
1 4 35 79 78 1154
1 4 35 78 1153 1154
1 4 35 1110 1111 1154
1 4 35 1153 1110 1154
1 4 36 37 80 1155
1 4 36 1112 37 1155
1 4 36 80 79 1155
1 4 36 79 1154 1155
1 4 36 1111 1112 1155
1 4 36 1154 1111 1155
1 4 37 38 81 1156
1 4 37 1113 38 1156
1 4 37 81 80 1156
1 4 37 80 1155 1156
1 4 37 1112 1113 1156
1 4 37 1155 1112 1156
1 4 38 39 82 1157
1 4 38 1114 39 1157
1 4 38 82 81 1157
1 4 38 81 1156 1157
1 4 38 1113 1114 1157
1 4 38 1156 1113 1157
1 4 39 40 83 1158
1 4 39 1115 40 1158
1 4 39 83 82 1158
1 4 39 82 1157 1158
1 4 39 1114 1115 1158
1 4 39 1157 1114 1158
1 4 40 41 84 1159
1 4 40 1116 41 1159
1 4 40 84 83 1159
1 4 40 83 1158 1159
1 4 40 1115 1116 1159
1 4 40 1158 1115 1159
1 4 41 42 85 1160
1 4 41 1117 42 1160
1 4 41 85 84 1160
1 4 41 84 1159 1160
1 4 41 1116 1117 1160
1 4 41 1159 1116 1160
1 4 43 44 87 1162
1 4 43 1119 44 1162
1 4 43 87 86 1162
1 4 43 86 1161 1162
1 4 43 1118 1119 1162
1 4 43 1161 1118 1162
1 4 44 45 88 1163
1 4 44 1120 45 1163
1 4 44 88 87 1163
1 4 44 87 1162 1163
1 4 44 1119 1120 1163
1 4 44 1162 1119 1163
1 4 45 46 89 1164
1 4 45 1121 46 1164
1 4 45 89 88 1164
1 4 45 88 1163 1164
1 4 45 1120 1121 1164
1 4 45 1163 1120 1164
1 4 46 47 90 1165
1 4 46 1122 47 1165
1 4 46 90 89 1165
1 4 46 89 1164 1165
1 4 46 1121 1122 1165
1 4 46 1164 1121 1165
1 4 47 48 91 1166
1 4 47 1123 48 1166
1 4 47 91 90 1166
1 4 47 90 1165 1166
1 4 47 1122 1123 1166
1 4 47 1165 1122 1166
1 4 48 49 92 1167
1 4 48 1124 49 1167
1 4 48 92 91 1167
1 4 48 91 1166 1167
1 4 48 1123 1124 1167
1 4 48 1166 1123 1167
1 4 49 50 93 1168
1 4 49 1125 50 1168
1 4 49 93 92 1168
1 4 49 92 1167 1168
1 4 49 1124 1125 1168
1 4 49 1167 1124 1168
1 4 50 51 94 1169
1 4 50 1126 51 1169
1 4 50 94 93 1169
1 4 50 93 1168 1169
1 4 50 1125 1126 1169
1 4 50 1168 1125 1169
1 4 51 52 95 1170
1 4 51 1127 52 1170
1 4 51 95 94 1170
1 4 51 94 1169 1170
1 4 51 1126 1127 1170
1 4 51 1169 1126 1170
1 4 52 53 96 1171
1 4 52 1128 53 1171
1 4 52 96 95 1171
1 4 52 95 1170 1171
1 4 52 1127 1128 1171
1 4 52 1170 1127 1171
1 4 53 54 97 1172
1 4 53 1129 54 1172
1 4 53 97 96 1172
1 4 53 96 1171 1172
1 4 53 1128 1129 1172
1 4 53 1171 1128 1172
1 4 54 55 98 1173
1 4 54 1130 55 1173
1 4 54 98 97 1173
1 4 54 97 1172 1173
1 4 54 1129 1130 1173
1 4 54 1172 1129 1173
1 4 55 56 99 1174
1 4 55 1131 56 1174
1 4 55 99 98 1174
1 4 55 98 1173 1174
1 4 55 1130 1131 1174
1 4 55 1173 1130 1174
1 4 56 57 100 1175
1 4 56 1132 57 1175
1 4 56 100 99 1175
1 4 56 99 1174 1175
1 4 56 1131 1132 1175
1 4 56 1174 1131 1175
1 4 57 58 101 1176
1 4 57 1133 58 1176
1 4 57 101 100 1176
1 4 57 100 1175 1176
1 4 57 1132 1133 1176
1 4 57 1175 1132 1176
1 4 58 59 102 1177
1 4 58 1134 59 1177
1 4 58 102 101 1177
1 4 58 101 1176 1177
1 4 58 1133 1134 1177
1 4 58 1176 1133 1177
1 4 59 60 103 1178
1 4 59 1135 60 1178
1 4 59 103 102 1178
1 4 59 102 1177 1178
1 4 59 1134 1135 1178
1 4 59 1177 1134 1178
1 4 60 61 104 1179
1 4 60 1136 61 1179
1 4 60 104 103 1179
1 4 60 103 1178 1179
1 4 60 1135 1136 1179
1 4 60 1178 1135 1179
1 4 61 62 105 1180
1 4 61 1137 62 1180
1 4 61 105 104 1180
1 4 61 104 1179 1180
1 4 61 1136 1137 1180
1 4 61 1179 1136 1180
1 4 62 63 106 1181
1 4 62 1138 63 1181
1 4 62 106 105 1181
1 4 62 105 1180 1181
1 4 62 1137 1138 1181
1 4 62 1180 1137 1181
1 4 63 64 107 1182
1 4 63 1139 64 1182
1 4 63 107 106 1182
1 4 63 106 1181 1182
1 4 63 1138 1139 1182
1 4 63 1181 1138 1182
1 4 64 65 108 1183
1 4 64 1140 65 1183
1 4 64 108 107 1183
1 4 64 107 1182 1183
1 4 64 1139 1140 1183
1 4 64 1182 1139 1183
1 4 65 66 109 1184
1 4 65 1141 66 1184
1 4 65 109 108 1184
1 4 65 108 1183 1184
1 4 65 1140 1141 1184
1 4 65 1183 1140 1184
1 4 66 67 110 1185
1 4 66 1142 67 1185
1 4 66 110 109 1185
1 4 66 109 1184 1185
1 4 66 1141 1142 1185
1 4 66 1184 1141 1185
1 4 67 68 111 1186
1 4 67 1143 68 1186
1 4 67 111 110 1186
1 4 67 110 1185 1186
1 4 67 1142 1143 1186
1 4 67 1185 1142 1186
1 4 68 69 112 1187
1 4 68 1144 69 1187
1 4 68 112 111 1187
1 4 68 111 1186 1187
1 4 68 1143 1144 1187
1 4 68 1186 1143 1187
1 4 69 70 113 1188
1 4 69 1145 70 1188
1 4 69 113 112 1188
1 4 69 112 1187 1188
1 4 69 1144 1145 1188
1 4 69 1187 1144 1188
1 4 70 71 114 1189
1 4 70 1146 71 1189
1 4 70 114 113 1189
1 4 70 113 1188 1189
1 4 70 1145 1146 1189
1 4 70 1188 1145 1189
1 4 71 72 115 1190
1 4 71 1147 72 1190
1 4 71 115 114 1190
1 4 71 114 1189 1190
1 4 71 1146 1147 1190
1 4 71 1189 1146 1190
1 4 72 73 116 1191
1 4 72 1148 73 1191
1 4 72 116 115 1191
1 4 72 115 1190 1191
1 4 72 1147 1148 1191
1 4 72 1190 1147 1191
1 4 73 74 117 1192
1 4 73 1149 74 1192
1 4 73 117 116 1192
1 4 73 116 1191 1192
1 4 73 1148 1149 1192
1 4 73 1191 1148 1192
1 4 74 75 118 1193
1 4 74 1150 75 1193
1 4 74 118 117 1193
1 4 74 117 1192 1193
1 4 74 1149 1150 1193
1 4 74 1192 1149 1193
1 4 75 76 119 1194
1 4 75 1151 76 1194
1 4 75 119 118 1194
1 4 75 118 1193 1194
1 4 75 1150 1151 1194
1 4 75 1193 1150 1194
1 4 76 77 120 1195
1 4 76 1152 77 1195
1 4 76 120 119 1195
1 4 76 119 1194 1195
1 4 76 1151 1152 1195
1 4 76 1194 1151 1195
1 4 77 78 121 1196
1 4 77 1153 78 1196
1 4 77 121 120 1196
1 4 77 120 1195 1196
1 4 77 1152 1153 1196
1 4 77 1195 1152 1196
1 4 78 79 122 1197
1 4 78 1154 79 1197
1 4 78 122 121 1197
1 4 78 121 1196 1197
1 4 78 1153 1154 1197
1 4 78 1196 1153 1197
1 4 79 80 123 1198
1 4 79 1155 80 1198
1 4 79 123 122 1198
1 4 79 122 1197 1198
1 4 79 1154 1155 1198
1 4 79 1197 1154 1198
1 4 80 81 124 1199
1 4 80 1156 81 1199
1 4 80 124 123 1199
1 4 80 123 1198 1199
1 4 80 1155 1156 1199
1 4 80 1198 1155 1199
1 4 81 82 125 1200
1 4 81 1157 82 1200
1 4 81 125 124 1200
1 4 81 124 1199 1200
1 4 81 1156 1157 1200
1 4 81 1199 1156 1200
1 4 82 83 126 1201
1 4 82 1158 83 1201
1 4 82 126 125 1201
1 4 82 125 1200 1201
1 4 82 1157 1158 1201
1 4 82 1200 1157 1201
1 4 83 84 127 1202
1 4 83 1159 84 1202
1 4 83 127 126 1202
1 4 83 126 1201 1202
1 4 83 1158 1159 1202
1 4 83 1201 1158 1202
1 4 84 85 128 1203
1 4 84 1160 85 1203
1 4 84 128 127 1203
1 4 84 127 1202 1203
1 4 84 1159 1160 1203
1 4 84 1202 1159 1203
1 4 86 87 130 1205
1 4 86 1162 87 1205
1 4 86 130 129 1205
1 4 86 129 1204 1205
1 4 86 1161 1162 1205
1 4 86 1204 1161 1205
1 4 87 88 131 1206
1 4 87 1163 88 1206
1 4 87 131 130 1206
1 4 87 130 1205 1206
1 4 87 1162 1163 1206
1 4 87 1205 1162 1206
1 4 88 89 132 1207
1 4 88 1164 89 1207
1 4 88 132 131 1207
1 4 88 131 1206 1207
1 4 88 1163 1164 1207
1 4 88 1206 1163 1207
1 4 89 90 133 1208
1 4 89 1165 90 1208
1 4 89 133 132 1208
1 4 89 132 1207 1208
1 4 89 1164 1165 1208
1 4 89 1207 1164 1208
1 4 90 91 134 1209
1 4 90 1166 91 1209
1 4 90 134 133 1209
1 4 90 133 1208 1209
1 4 90 1165 1166 1209
1 4 90 1208 1165 1209
1 4 91 92 135 1210
1 4 91 1167 92 1210
1 4 91 135 134 1210
1 4 91 134 1209 1210
1 4 91 1166 1167 1210
1 4 91 1209 1166 1210
1 4 92 93 136 1211
1 4 92 1168 93 1211
1 4 92 136 135 1211
1 4 92 135 1210 1211
1 4 92 1167 1168 1211
1 4 92 1210 1167 1211
1 4 93 94 137 1212
1 4 93 1169 94 1212
1 4 93 137 136 1212
1 4 93 136 1211 1212
1 4 93 1168 1169 1212
1 4 93 1211 1168 1212
1 4 94 95 138 1213
1 4 94 1170 95 1213
1 4 94 138 137 1213
1 4 94 137 1212 1213
1 4 94 1169 1170 1213
1 4 94 1212 1169 1213
1 4 95 96 139 1214
1 4 95 1171 96 1214
1 4 95 139 138 1214
1 4 95 138 1213 1214
1 4 95 1170 1171 1214
1 4 95 1213 1170 1214
1 4 96 97 140 1215
1 4 96 1172 97 1215
1 4 96 140 139 1215
1 4 96 139 1214 1215
1 4 96 1171 1172 1215
1 4 96 1214 1171 1215
1 4 97 98 141 1216
1 4 97 1173 98 1216
1 4 97 141 140 1216
1 4 97 140 1215 1216
1 4 97 1172 1173 1216
1 4 97 1215 1172 1216
1 4 98 99 142 1217
1 4 98 1174 99 1217
1 4 98 142 141 1217
1 4 98 141 1216 1217
1 4 98 1173 1174 1217
1 4 98 1216 1173 1217
1 4 99 100 143 1218
1 4 99 1175 100 1218
1 4 99 143 142 1218
1 4 99 142 1217 1218
1 4 99 1174 1175 1218
1 4 99 1217 1174 1218
1 4 100 101 144 1219
1 4 100 1176 101 1219
1 4 100 144 143 1219
1 4 100 143 1218 1219
1 4 100 1175 1176 1219
1 4 100 1218 1175 1219
1 4 101 102 145 1220
1 4 101 1177 102 1220
1 4 101 145 144 1220
1 4 101 144 1219 1220
1 4 101 1176 1177 1220
1 4 101 1219 1176 1220
1 4 102 103 146 1221
1 4 102 1178 103 1221
1 4 102 146 145 1221
1 4 102 145 1220 1221
1 4 102 1177 1178 1221
1 4 102 1220 1177 1221
1 4 103 104 147 1222
1 4 103 1179 104 1222
1 4 103 147 146 1222
1 4 103 146 1221 1222
1 4 103 1178 1179 1222
1 4 103 1221 1178 1222
1 4 104 105 148 1223
1 4 104 1180 105 1223
1 4 104 148 147 1223
1 4 104 147 1222 1223
1 4 104 1179 1180 1223
1 4 104 1222 1179 1223
1 4 105 106 149 1224
1 4 105 1181 106 1224
1 4 105 149 148 1224
1 4 105 148 1223 1224
1 4 105 1180 1181 1224
1 4 105 1223 1180 1224
1 4 106 107 150 1225
1 4 106 1182 107 1225
1 4 106 150 149 1225
1 4 106 149 1224 1225
1 4 106 1181 1182 1225
1 4 106 1224 1181 1225
1 4 107 108 151 1226
1 4 107 1183 108 1226
1 4 107 151 150 1226
1 4 107 150 1225 1226
1 4 107 1182 1183 1226
1 4 107 1225 1182 1226
1 4 108 109 152 1227
1 4 108 1184 109 1227
1 4 108 152 151 1227
1 4 108 151 1226 1227
1 4 108 1183 1184 1227
1 4 108 1226 1183 1227
1 4 109 110 153 1228
1 4 109 1185 110 1228
1 4 109 153 152 1228
1 4 109 152 1227 1228
1 4 109 1184 1185 1228
1 4 109 1227 1184 1228
1 4 110 111 154 1229
1 4 110 1186 111 1229
1 4 110 154 153 1229
1 4 110 153 1228 1229
1 4 110 1185 1186 1229
1 4 110 1228 1185 1229
1 4 111 112 155 1230
1 4 111 1187 112 1230
1 4 111 155 154 1230
1 4 111 154 1229 1230
1 4 111 1186 1187 1230
1 4 111 1229 1186 1230
1 4 112 113 156 1231
1 4 112 1188 113 1231
1 4 112 156 155 1231
1 4 112 155 1230 1231
1 4 112 1187 1188 1231
1 4 112 1230 1187 1231
1 4 113 114 157 1232
1 4 113 1189 114 1232
1 4 113 157 156 1232
1 4 113 156 1231 1232
1 4 113 1188 1189 1232
1 4 113 1231 1188 1232
1 4 114 115 158 1233
1 4 114 1190 115 1233
1 4 114 158 157 1233
1 4 114 157 1232 1233
1 4 114 1189 1190 1233
1 4 114 1232 1189 1233
1 4 115 116 159 1234
1 4 115 1191 116 1234
1 4 115 159 158 1234
1 4 115 158 1233 1234
1 4 115 1190 1191 1234
1 4 115 1233 1190 1234
1 4 116 117 160 1235
1 4 116 1192 117 1235
1 4 116 160 159 1235
1 4 116 159 1234 1235
1 4 116 1191 1192 1235
1 4 116 1234 1191 1235
1 4 117 118 161 1236
1 4 117 1193 118 1236
1 4 117 161 160 1236
1 4 117 160 1235 1236
1 4 117 1192 1193 1236
1 4 117 1235 1192 1236
1 4 118 119 162 1237
1 4 118 1194 119 1237
1 4 118 162 161 1237
1 4 118 161 1236 1237
1 4 118 1193 1194 1237
1 4 118 1236 1193 1237
1 4 119 120 163 1238
1 4 119 1195 120 1238
1 4 119 163 162 1238
1 4 119 162 1237 1238
1 4 119 1194 1195 1238
1 4 119 1237 1194 1238
1 4 120 121 164 1239
1 4 120 1196 121 1239
1 4 120 164 163 1239
1 4 120 163 1238 1239
1 4 120 1195 1196 1239
1 4 120 1238 1195 1239
1 4 121 122 165 1240
1 4 121 1197 122 1240
1 4 121 165 164 1240
1 4 121 164 1239 1240
1 4 121 1196 1197 1240
1 4 121 1239 1196 1240
1 4 122 123 166 1241
1 4 122 1198 123 1241
1 4 122 166 165 1241
1 4 122 165 1240 1241
1 4 122 1197 1198 1241
1 4 122 1240 1197 1241
1 4 123 124 167 1242
1 4 123 1199 124 1242
1 4 123 167 166 1242
1 4 123 166 1241 1242
1 4 123 1198 1199 1242
1 4 123 1241 1198 1242
1 4 124 125 168 1243
1 4 124 1200 125 1243
1 4 124 168 167 1243
1 4 124 167 1242 1243
1 4 124 1199 1200 1243
1 4 124 1242 1199 1243
1 4 125 126 169 1244
1 4 125 1201 126 1244
1 4 125 169 168 1244
1 4 125 168 1243 1244
1 4 125 1200 1201 1244
1 4 125 1243 1200 1244
1 4 126 127 170 1245
1 4 126 1202 127 1245
1 4 126 170 169 1245
1 4 126 169 1244 1245
1 4 126 1201 1202 1245
1 4 126 1244 1201 1245
1 4 127 128 171 1246
1 4 127 1203 128 1246
1 4 127 171 170 1246
1 4 127 170 1245 1246
1 4 127 1202 1203 1246
1 4 127 1245 1202 1246
1 4 129 130 173 1248
1 4 129 1205 130 1248
1 4 129 173 172 1248
1 4 129 172 1247 1248
1 4 129 1204 1205 1248
1 4 129 1247 1204 1248
1 4 130 131 174 1249
1 4 130 1206 131 1249
1 4 130 174 173 1249
1 4 130 173 1248 1249
1 4 130 1205 1206 1249
1 4 130 1248 1205 1249
1 4 131 132 175 1250
1 4 131 1207 132 1250
1 4 131 175 174 1250
1 4 131 174 1249 1250
1 4 131 1206 1207 1250
1 4 131 1249 1206 1250
1 4 132 133 176 1251
1 4 132 1208 133 1251
1 4 132 176 175 1251
1 4 132 175 1250 1251
1 4 132 1207 1208 1251
1 4 132 1250 1207 1251
1 4 133 134 177 1252
1 4 133 1209 134 1252
1 4 133 177 176 1252
1 4 133 176 1251 1252
1 4 133 1208 1209 1252
1 4 133 1251 1208 1252
1 4 134 135 178 1253
1 4 134 1210 135 1253
1 4 134 178 177 1253
1 4 134 177 1252 1253
1 4 134 1209 1210 1253
1 4 134 1252 1209 1253
1 4 135 136 179 1254
1 4 135 1211 136 1254
1 4 135 179 178 1254
1 4 135 178 1253 1254
1 4 135 1210 1211 1254
1 4 135 1253 1210 1254
1 4 136 137 180 1255
1 4 136 1212 137 1255
1 4 136 180 179 1255
1 4 136 179 1254 1255
1 4 136 1211 1212 1255
1 4 136 1254 1211 1255
1 4 137 138 181 1256
1 4 137 1213 138 1256
1 4 137 181 180 1256
1 4 137 180 1255 1256
1 4 137 1212 1213 1256
1 4 137 1255 1212 1256
1 4 138 139 182 1257
1 4 138 1214 139 1257
1 4 138 182 181 1257
1 4 138 181 1256 1257
1 4 138 1213 1214 1257
1 4 138 1256 1213 1257
1 4 139 140 183 1258
1 4 139 1215 140 1258
1 4 139 183 182 1258
1 4 139 182 1257 1258
1 4 139 1214 1215 1258
1 4 139 1257 1214 1258
1 4 140 141 184 1259
1 4 140 1216 141 1259
1 4 140 184 183 1259
1 4 140 183 1258 1259
1 4 140 1215 1216 1259
1 4 140 1258 1215 1259
1 4 141 142 185 1260
1 4 141 1217 142 1260
1 4 141 185 184 1260
1 4 141 184 1259 1260
1 4 141 1216 1217 1260
1 4 141 1259 1216 1260
1 4 142 143 186 1261
1 4 142 1218 143 1261
1 4 142 186 185 1261
1 4 142 185 1260 1261
1 4 142 1217 1218 1261
1 4 142 1260 1217 1261
1 4 143 144 187 1262
1 4 143 1219 144 1262
1 4 143 187 186 1262
1 4 143 186 1261 1262
1 4 143 1218 1219 1262
1 4 143 1261 1218 1262
1 4 144 145 188 1263
1 4 144 1220 145 1263
1 4 144 188 187 1263
1 4 144 187 1262 1263
1 4 144 1219 1220 1263
1 4 144 1262 1219 1263
1 4 145 146 189 1264
1 4 145 1221 146 1264
1 4 145 189 188 1264
1 4 145 188 1263 1264
1 4 145 1220 1221 1264
1 4 145 1263 1220 1264
1 4 146 147 190 1265
1 4 146 1222 147 1265
1 4 146 190 189 1265
1 4 146 189 1264 1265
1 4 146 1221 1222 1265
1 4 146 1264 1221 1265
1 4 147 148 191 1266
1 4 147 1223 148 1266
1 4 147 191 190 1266
1 4 147 190 1265 1266
1 4 147 1222 1223 1266
1 4 147 1265 1222 1266
1 4 148 149 192 1267
1 4 148 1224 149 1267
1 4 148 192 191 1267
1 4 148 191 1266 1267
1 4 148 1223 1224 1267
1 4 148 1266 1223 1267
1 4 149 150 193 1268
1 4 149 1225 150 1268
1 4 149 193 192 1268
1 4 149 192 1267 1268
1 4 149 1224 1225 1268
1 4 149 1267 1224 1268
1 4 150 151 194 1269
1 4 150 1226 151 1269
1 4 150 194 193 1269
1 4 150 193 1268 1269
1 4 150 1225 1226 1269
1 4 150 1268 1225 1269
1 4 151 152 195 1270
1 4 151 1227 152 1270
1 4 151 195 194 1270
1 4 151 194 1269 1270
1 4 151 1226 1227 1270
1 4 151 1269 1226 1270
1 4 152 153 196 1271
1 4 152 1228 153 1271
1 4 152 196 195 1271
1 4 152 195 1270 1271
1 4 152 1227 1228 1271
1 4 152 1270 1227 1271
1 4 153 154 197 1272
1 4 153 1229 154 1272
1 4 153 197 196 1272
1 4 153 196 1271 1272
1 4 153 1228 1229 1272
1 4 153 1271 1228 1272
1 4 154 155 198 1273
1 4 154 1230 155 1273
1 4 154 198 197 1273
1 4 154 197 1272 1273
1 4 154 1229 1230 1273
1 4 154 1272 1229 1273
1 4 155 156 199 1274
1 4 155 1231 156 1274
1 4 155 199 198 1274
1 4 155 198 1273 1274
1 4 155 1230 1231 1274
1 4 155 1273 1230 1274
1 4 156 157 200 1275
1 4 156 1232 157 1275
1 4 156 200 199 1275
1 4 156 199 1274 1275
1 4 156 1231 1232 1275
1 4 156 1274 1231 1275
1 4 157 158 201 1276
1 4 157 1233 158 1276
1 4 157 201 200 1276
1 4 157 200 1275 1276
1 4 157 1232 1233 1276
1 4 157 1275 1232 1276
1 4 158 159 202 1277
1 4 158 1234 159 1277
1 4 158 202 201 1277
1 4 158 201 1276 1277
1 4 158 1233 1234 1277
1 4 158 1276 1233 1277
1 4 159 160 203 1278
1 4 159 1235 160 1278
1 4 159 203 202 1278
1 4 159 202 1277 1278
1 4 159 1234 1235 1278
1 4 159 1277 1234 1278
1 4 160 161 204 1279
1 4 160 1236 161 1279
1 4 160 204 203 1279
1 4 160 203 1278 1279
1 4 160 1235 1236 1279
1 4 160 1278 1235 1279
1 4 161 162 205 1280
1 4 161 1237 162 1280
1 4 161 205 204 1280
1 4 161 204 1279 1280
1 4 161 1236 1237 1280
1 4 161 1279 1236 1280
1 4 162 163 206 1281
1 4 162 1238 163 1281
1 4 162 206 205 1281
1 4 162 205 1280 1281
1 4 162 1237 1238 1281
1 4 162 1280 1237 1281
1 4 163 164 207 1282
1 4 163 1239 164 1282
1 4 163 207 206 1282
1 4 163 206 1281 1282
1 4 163 1238 1239 1282
1 4 163 1281 1238 1282
1 4 164 165 208 1283
1 4 164 1240 165 1283
1 4 164 208 207 1283
1 4 164 207 1282 1283
1 4 164 1239 1240 1283
1 4 164 1282 1239 1283
1 4 165 166 209 1284
1 4 165 1241 166 1284
1 4 165 209 208 1284
1 4 165 208 1283 1284
1 4 165 1240 1241 1284
1 4 165 1283 1240 1284
1 4 166 167 210 1285
1 4 166 1242 167 1285
1 4 166 210 209 1285
1 4 166 209 1284 1285
1 4 166 1241 1242 1285
1 4 166 1284 1241 1285
1 4 167 168 211 1286
1 4 167 1243 168 1286
1 4 167 211 210 1286
1 4 167 210 1285 1286
1 4 167 1242 1243 1286
1 4 167 1285 1242 1286
1 4 168 169 212 1287
1 4 168 1244 169 1287
1 4 168 212 211 1287
1 4 168 211 1286 1287
1 4 168 1243 1244 1287
1 4 168 1286 1243 1287
1 4 169 170 213 1288
1 4 169 1245 170 1288
1 4 169 213 212 1288
1 4 169 212 1287 1288
1 4 169 1244 1245 1288
1 4 169 1287 1244 1288
1 4 170 171 214 1289
1 4 170 1246 171 1289
1 4 170 214 213 1289
1 4 170 213 1288 1289
1 4 170 1245 1246 1289
1 4 170 1288 1245 1289
1 4 172 173 216 1291
1 4 172 1248 173 1291
1 4 172 216 215 1291
1 4 172 215 1290 1291
1 4 172 1247 1248 1291
1 4 172 1290 1247 1291
1 4 173 174 217 1292
1 4 173 1249 174 1292
1 4 173 217 216 1292
1 4 173 216 1291 1292
1 4 173 1248 1249 1292
1 4 173 1291 1248 1292
1 4 174 175 218 1293
1 4 174 1250 175 1293
1 4 174 218 217 1293
1 4 174 217 1292 1293
1 4 174 1249 1250 1293
1 4 174 1292 1249 1293
1 4 175 176 219 1294
1 4 175 1251 176 1294
1 4 175 219 218 1294
1 4 175 218 1293 1294
1 4 175 1250 1251 1294
1 4 175 1293 1250 1294
1 4 176 177 220 1295
1 4 176 1252 177 1295
1 4 176 220 219 1295
1 4 176 219 1294 1295
1 4 176 1251 1252 1295
1 4 176 1294 1251 1295
1 4 177 178 221 1296
1 4 177 1253 178 1296
1 4 177 221 220 1296
1 4 177 220 1295 1296
1 4 177 1252 1253 1296
1 4 177 1295 1252 1296
1 4 178 179 222 1297
1 4 178 1254 179 1297
1 4 178 222 221 1297
1 4 178 221 1296 1297
1 4 178 1253 1254 1297
1 4 178 1296 1253 1297
1 4 179 180 223 1298
1 4 179 1255 180 1298
1 4 179 223 222 1298
1 4 179 222 1297 1298
1 4 179 1254 1255 1298
1 4 179 1297 1254 1298
1 4 180 181 224 1299
1 4 180 1256 181 1299
1 4 180 224 223 1299
1 4 180 223 1298 1299
1 4 180 1255 1256 1299
1 4 180 1298 1255 1299
1 4 181 182 225 1300
1 4 181 1257 182 1300
1 4 181 225 224 1300
1 4 181 224 1299 1300
1 4 181 1256 1257 1300
1 4 181 1299 1256 1300
1 4 182 183 226 1301
1 4 182 1258 183 1301
1 4 182 226 225 1301
1 4 182 225 1300 1301
1 4 182 1257 1258 1301
1 4 182 1300 1257 1301
1 4 183 184 227 1302
1 4 183 1259 184 1302
1 4 183 227 226 1302
1 4 183 226 1301 1302
1 4 183 1258 1259 1302
1 4 183 1301 1258 1302
1 4 184 185 228 1303
1 4 184 1260 185 1303
1 4 184 228 227 1303
1 4 184 227 1302 1303
1 4 184 1259 1260 1303
1 4 184 1302 1259 1303
1 4 185 186 229 1304
1 4 185 1261 186 1304
1 4 185 229 228 1304
1 4 185 228 1303 1304
1 4 185 1260 1261 1304
1 4 185 1303 1260 1304
1 4 186 187 230 1305
1 4 186 1262 187 1305
1 4 186 230 229 1305
1 4 186 229 1304 1305
1 4 186 1261 1262 1305
1 4 186 1304 1261 1305
1 4 187 188 231 1306
1 4 187 1263 188 1306
1 4 187 231 230 1306
1 4 187 230 1305 1306
1 4 187 1262 1263 1306
1 4 187 1305 1262 1306
1 4 188 189 232 1307
1 4 188 1264 189 1307
1 4 188 232 231 1307
1 4 188 231 1306 1307
1 4 188 1263 1264 1307
1 4 188 1306 1263 1307
1 4 189 190 233 1308
1 4 189 1265 190 1308
1 4 189 233 232 1308
1 4 189 232 1307 1308
1 4 189 1264 1265 1308
1 4 189 1307 1264 1308
1 4 190 191 234 1309
1 4 190 1266 191 1309
1 4 190 234 233 1309
1 4 190 233 1308 1309
1 4 190 1265 1266 1309
1 4 190 1308 1265 1309
1 4 191 192 235 1310
1 4 191 1267 192 1310
1 4 191 235 234 1310
1 4 191 234 1309 1310
1 4 191 1266 1267 1310
1 4 191 1309 1266 1310
1 4 192 193 236 1311
1 4 192 1268 193 1311
1 4 192 236 235 1311
1 4 192 235 1310 1311
1 4 192 1267 1268 1311
1 4 192 1310 1267 1311
1 4 193 194 237 1312
1 4 193 1269 194 1312
1 4 193 237 236 1312
1 4 193 236 1311 1312
1 4 193 1268 1269 1312
1 4 193 1311 1268 1312
1 4 194 195 238 1313
1 4 194 1270 195 1313
1 4 194 238 237 1313
1 4 194 237 1312 1313
1 4 194 1269 1270 1313
1 4 194 1312 1269 1313
1 4 195 196 239 1314
1 4 195 1271 196 1314
1 4 195 239 238 1314
1 4 195 238 1313 1314
1 4 195 1270 1271 1314
1 4 195 1313 1270 1314
1 4 196 197 240 1315
1 4 196 1272 197 1315
1 4 196 240 239 1315
1 4 196 239 1314 1315
1 4 196 1271 1272 1315
1 4 196 1314 1271 1315
1 4 197 198 241 1316
1 4 197 1273 198 1316
1 4 197 241 240 1316
1 4 197 240 1315 1316
1 4 197 1272 1273 1316
1 4 197 1315 1272 1316
1 4 198 199 242 1317
1 4 198 1274 199 1317
1 4 198 242 241 1317
1 4 198 241 1316 1317
1 4 198 1273 1274 1317
1 4 198 1316 1273 1317
1 4 199 200 243 1318
1 4 199 1275 200 1318
1 4 199 243 242 1318
1 4 199 242 1317 1318
1 4 199 1274 1275 1318
1 4 199 1317 1274 1318
1 4 200 201 244 1319
1 4 200 1276 201 1319
1 4 200 244 243 1319
1 4 200 243 1318 1319
1 4 200 1275 1276 1319
1 4 200 1318 1275 1319
1 4 201 202 245 1320
1 4 201 1277 202 1320
1 4 201 245 244 1320
1 4 201 244 1319 1320
1 4 201 1276 1277 1320
1 4 201 1319 1276 1320
1 4 202 203 246 1321
1 4 202 1278 203 1321
1 4 202 246 245 1321
1 4 202 245 1320 1321
1 4 202 1277 1278 1321
1 4 202 1320 1277 1321
1 4 203 204 247 1322
1 4 203 1279 204 1322
1 4 203 247 246 1322
1 4 203 246 1321 1322
1 4 203 1278 1279 1322
1 4 203 1321 1278 1322
1 4 204 205 248 1323
1 4 204 1280 205 1323
1 4 204 248 247 1323
1 4 204 247 1322 1323
1 4 204 1279 1280 1323
1 4 204 1322 1279 1323
1 4 205 206 249 1324
1 4 205 1281 206 1324
1 4 205 249 248 1324
1 4 205 248 1323 1324
1 4 205 1280 1281 1324
1 4 205 1323 1280 1324
1 4 206 207 250 1325
1 4 206 1282 207 1325
1 4 206 250 249 1325
1 4 206 249 1324 1325
1 4 206 1281 1282 1325
1 4 206 1324 1281 1325
1 4 207 208 251 1326
1 4 207 1283 208 1326
1 4 207 251 250 1326
1 4 207 250 1325 1326
1 4 207 1282 1283 1326
1 4 207 1325 1282 1326
1 4 208 209 252 1327
1 4 208 1284 209 1327
1 4 208 252 251 1327
1 4 208 251 1326 1327
1 4 208 1283 1284 1327
1 4 208 1326 1283 1327
1 4 209 210 253 1328
1 4 209 1285 210 1328
1 4 209 253 252 1328
1 4 209 252 1327 1328
1 4 209 1284 1285 1328
1 4 209 1327 1284 1328
1 4 210 211 254 1329
1 4 210 1286 211 1329
1 4 210 254 253 1329
1 4 210 253 1328 1329
1 4 210 1285 1286 1329
1 4 210 1328 1285 1329
1 4 211 212 255 1330
1 4 211 1287 212 1330
1 4 211 255 254 1330
1 4 211 254 1329 1330
1 4 211 1286 1287 1330
1 4 211 1329 1286 1330
1 4 212 213 256 1331
1 4 212 1288 213 1331
1 4 212 256 255 1331
1 4 212 255 1330 1331
1 4 212 1287 1288 1331
1 4 212 1330 1287 1331
1 4 213 214 257 1332
1 4 213 1289 214 1332
1 4 213 257 256 1332
1 4 213 256 1331 1332
1 4 213 1288 1289 1332
1 4 213 1331 1288 1332
1 4 215 216 259 1334
1 4 215 1291 216 1334
1 4 215 259 258 1334
1 4 215 258 1333 1334
1 4 215 1290 1291 1334
1 4 215 1333 1290 1334
1 4 216 217 260 1335
1 4 216 1292 217 1335
1 4 216 260 259 1335
1 4 216 259 1334 1335
1 4 216 1291 1292 1335
1 4 216 1334 1291 1335
1 4 217 218 261 1336
1 4 217 1293 218 1336
1 4 217 261 260 1336
1 4 217 260 1335 1336
1 4 217 1292 1293 1336
1 4 217 1335 1292 1336
1 4 218 219 262 1337
1 4 218 1294 219 1337
1 4 218 262 261 1337
1 4 218 261 1336 1337
1 4 218 1293 1294 1337
1 4 218 1336 1293 1337
1 4 219 220 263 1338
1 4 219 1295 220 1338
1 4 219 263 262 1338
1 4 219 262 1337 1338
1 4 219 1294 1295 1338
1 4 219 1337 1294 1338
1 4 220 221 264 1339
1 4 220 1296 221 1339
1 4 220 264 263 1339
1 4 220 263 1338 1339
1 4 220 1295 1296 1339
1 4 220 1338 1295 1339
1 4 221 222 265 1340
1 4 221 1297 222 1340
1 4 221 265 264 1340
1 4 221 264 1339 1340
1 4 221 1296 1297 1340
1 4 221 1339 1296 1340
1 4 222 223 266 1341
1 4 222 1298 223 1341
1 4 222 266 265 1341
1 4 222 265 1340 1341
1 4 222 1297 1298 1341
1 4 222 1340 1297 1341
1 4 223 224 267 1342
1 4 223 1299 224 1342
1 4 223 267 266 1342
1 4 223 266 1341 1342
1 4 223 1298 1299 1342
1 4 223 1341 1298 1342
1 4 224 225 268 1343
1 4 224 1300 225 1343
1 4 224 268 267 1343
1 4 224 267 1342 1343
1 4 224 1299 1300 1343
1 4 224 1342 1299 1343
1 4 225 226 269 1344
1 4 225 1301 226 1344
1 4 225 269 268 1344
1 4 225 268 1343 1344
1 4 225 1300 1301 1344
1 4 225 1343 1300 1344
1 4 226 227 270 1345
1 4 226 1302 227 1345
1 4 226 270 269 1345
1 4 226 269 1344 1345
1 4 226 1301 1302 1345
1 4 226 1344 1301 1345
1 4 227 228 271 1346
1 4 227 1303 228 1346
1 4 227 271 270 1346
1 4 227 270 1345 1346
1 4 227 1302 1303 1346
1 4 227 1345 1302 1346
1 4 228 229 272 1347
1 4 228 1304 229 1347
1 4 228 272 271 1347
1 4 228 271 1346 1347
1 4 228 1303 1304 1347
1 4 228 1346 1303 1347
1 4 229 230 273 1348
1 4 229 1305 230 1348
1 4 229 273 272 1348
1 4 229 272 1347 1348
1 4 229 1304 1305 1348
1 4 229 1347 1304 1348
1 4 230 231 274 1349
1 4 230 1306 231 1349
1 4 230 274 273 1349
1 4 230 273 1348 1349
1 4 230 1305 1306 1349
1 4 230 1348 1305 1349
1 4 231 232 275 1350
1 4 231 1307 232 1350
1 4 231 275 274 1350
1 4 231 274 1349 1350
1 4 231 1306 1307 1350
1 4 231 1349 1306 1350
1 4 232 233 276 1351
1 4 232 1308 233 1351
1 4 232 276 275 1351
1 4 232 275 1350 1351
1 4 232 1307 1308 1351
1 4 232 1350 1307 1351
1 4 233 234 277 1352
1 4 233 1309 234 1352
1 4 233 277 276 1352
1 4 233 276 1351 1352
1 4 233 1308 1309 1352
1 4 233 1351 1308 1352
1 4 234 235 278 1353
1 4 234 1310 235 1353
1 4 234 278 277 1353
1 4 234 277 1352 1353
1 4 234 1309 1310 1353
1 4 234 1352 1309 1353
1 4 235 236 279 1354
1 4 235 1311 236 1354
1 4 235 279 278 1354
1 4 235 278 1353 1354
1 4 235 1310 1311 1354
1 4 235 1353 1310 1354
1 4 236 237 280 1355
1 4 236 1312 237 1355
1 4 236 280 279 1355
1 4 236 279 1354 1355
1 4 236 1311 1312 1355
1 4 236 1354 1311 1355
1 4 237 238 281 1356
1 4 237 1313 238 1356
1 4 237 281 280 1356
1 4 237 280 1355 1356
1 4 237 1312 1313 1356
1 4 237 1355 1312 1356
1 4 238 239 282 1357
1 4 238 1314 239 1357
1 4 238 282 281 1357
1 4 238 281 1356 1357
1 4 238 1313 1314 1357
1 4 238 1356 1313 1357
1 4 239 240 283 1358
1 4 239 1315 240 1358
1 4 239 283 282 1358
1 4 239 282 1357 1358
1 4 239 1314 1315 1358
1 4 239 1357 1314 1358
1 4 240 241 284 1359
1 4 240 1316 241 1359
1 4 240 284 283 1359
1 4 240 283 1358 1359
1 4 240 1315 1316 1359
1 4 240 1358 1315 1359
1 4 241 242 285 1360
1 4 241 1317 242 1360
1 4 241 285 284 1360
1 4 241 284 1359 1360
1 4 241 1316 1317 1360
1 4 241 1359 1316 1360
1 4 242 243 286 1361
1 4 242 1318 243 1361
1 4 242 286 285 1361
1 4 242 285 1360 1361
1 4 242 1317 1318 1361
1 4 242 1360 1317 1361
1 4 243 244 287 1362
1 4 243 1319 244 1362
1 4 243 287 286 1362
1 4 243 286 1361 1362
1 4 243 1318 1319 1362
1 4 243 1361 1318 1362
1 4 244 245 288 1363
1 4 244 1320 245 1363
1 4 244 288 287 1363
1 4 244 287 1362 1363
1 4 244 1319 1320 1363
1 4 244 1362 1319 1363
1 4 245 246 289 1364
1 4 245 1321 246 1364
1 4 245 289 288 1364
1 4 245 288 1363 1364
1 4 245 1320 1321 1364
1 4 245 1363 1320 1364
1 4 246 247 290 1365
1 4 246 1322 247 1365
1 4 246 290 289 1365
1 4 246 289 1364 1365
1 4 246 1321 1322 1365
1 4 246 1364 1321 1365
1 4 247 248 291 1366
1 4 247 1323 248 1366
1 4 247 291 290 1366
1 4 247 290 1365 1366
1 4 247 1322 1323 1366
1 4 247 1365 1322 1366
1 4 248 249 292 1367
1 4 248 1324 249 1367
1 4 248 292 291 1367
1 4 248 291 1366 1367
1 4 248 1323 1324 1367
1 4 248 1366 1323 1367
1 4 249 250 293 1368
1 4 249 1325 250 1368
1 4 249 293 292 1368
1 4 249 292 1367 1368
1 4 249 1324 1325 1368
1 4 249 1367 1324 1368
1 4 250 251 294 1369
1 4 250 1326 251 1369
1 4 250 294 293 1369
1 4 250 293 1368 1369
1 4 250 1325 1326 1369
1 4 250 1368 1325 1369
1 4 251 252 295 1370
1 4 251 1327 252 1370
1 4 251 295 294 1370
1 4 251 294 1369 1370
1 4 251 1326 1327 1370
1 4 251 1369 1326 1370
1 4 252 253 296 1371
1 4 252 1328 253 1371
1 4 252 296 295 1371
1 4 252 295 1370 1371
1 4 252 1327 1328 1371
1 4 252 1370 1327 1371
1 4 253 254 297 1372
1 4 253 1329 254 1372
1 4 253 297 296 1372
1 4 253 296 1371 1372
1 4 253 1328 1329 1372
1 4 253 1371 1328 1372
1 4 254 255 298 1373
1 4 254 1330 255 1373
1 4 254 298 297 1373
1 4 254 297 1372 1373
1 4 254 1329 1330 1373
1 4 254 1372 1329 1373
1 4 255 256 299 1374
1 4 255 1331 256 1374
1 4 255 299 298 1374
1 4 255 298 1373 1374
1 4 255 1330 1331 1374
1 4 255 1373 1330 1374
1 4 256 257 300 1375
1 4 256 1332 257 1375
1 4 256 300 299 1375
1 4 256 299 1374 1375
1 4 256 1331 1332 1375
1 4 256 1374 1331 1375
1 4 258 259 302 1377
1 4 258 1334 259 1377
1 4 258 302 301 1377
1 4 258 301 1376 1377
1 4 258 1333 1334 1377
1 4 258 1376 1333 1377
1 4 259 260 303 1378
1 4 259 1335 260 1378
1 4 259 303 302 1378
1 4 259 302 1377 1378
1 4 259 1334 1335 1378
1 4 259 1377 1334 1378
1 4 260 261 304 1379
1 4 260 1336 261 1379
1 4 260 304 303 1379
1 4 260 303 1378 1379
1 4 260 1335 1336 1379
1 4 260 1378 1335 1379
1 4 261 262 305 1380
1 4 261 1337 262 1380
1 4 261 305 304 1380
1 4 261 304 1379 1380
1 4 261 1336 1337 1380
1 4 261 1379 1336 1380
1 4 262 263 306 1381
1 4 262 1338 263 1381
1 4 262 306 305 1381
1 4 262 305 1380 1381
1 4 262 1337 1338 1381
1 4 262 1380 1337 1381
1 4 263 264 307 1382
1 4 263 1339 264 1382
1 4 263 307 306 1382
1 4 263 306 1381 1382
1 4 263 1338 1339 1382
1 4 263 1381 1338 1382
1 4 264 265 308 1383
1 4 264 1340 265 1383
1 4 264 308 307 1383
1 4 264 307 1382 1383
1 4 264 1339 1340 1383
1 4 264 1382 1339 1383
1 4 265 266 309 1384
1 4 265 1341 266 1384
1 4 265 309 308 1384
1 4 265 308 1383 1384
1 4 265 1340 1341 1384
1 4 265 1383 1340 1384
1 4 266 267 310 1385
1 4 266 1342 267 1385
1 4 266 310 309 1385
1 4 266 309 1384 1385
1 4 266 1341 1342 1385
1 4 266 1384 1341 1385
1 4 267 268 311 1386
1 4 267 1343 268 1386
1 4 267 311 310 1386
1 4 267 310 1385 1386
1 4 267 1342 1343 1386
1 4 267 1385 1342 1386
1 4 268 269 312 1387
1 4 268 1344 269 1387
1 4 268 312 311 1387
1 4 268 311 1386 1387
1 4 268 1343 1344 1387
1 4 268 1386 1343 1387
1 4 269 270 313 1388
1 4 269 1345 270 1388
1 4 269 313 312 1388
1 4 269 312 1387 1388
1 4 269 1344 1345 1388
1 4 269 1387 1344 1388
1 4 270 271 314 1389
1 4 270 1346 271 1389
1 4 270 314 313 1389
1 4 270 313 1388 1389
1 4 270 1345 1346 1389
1 4 270 1388 1345 1389
1 4 271 272 315 1390
1 4 271 1347 272 1390
1 4 271 315 314 1390
1 4 271 314 1389 1390
1 4 271 1346 1347 1390
1 4 271 1389 1346 1390
1 4 272 273 316 1391
1 4 272 1348 273 1391
1 4 272 316 315 1391
1 4 272 315 1390 1391
1 4 272 1347 1348 1391
1 4 272 1390 1347 1391
1 4 273 274 317 1392
1 4 273 1349 274 1392
1 4 273 317 316 1392
1 4 273 316 1391 1392
1 4 273 1348 1349 1392
1 4 273 1391 1348 1392
1 4 274 275 318 1393
1 4 274 1350 275 1393
1 4 274 318 317 1393
1 4 274 317 1392 1393
1 4 274 1349 1350 1393
1 4 274 1392 1349 1393
1 4 275 276 319 1394
1 4 275 1351 276 1394
1 4 275 319 318 1394
1 4 275 318 1393 1394
1 4 275 1350 1351 1394
1 4 275 1393 1350 1394
1 4 276 277 320 1395
1 4 276 1352 277 1395
1 4 276 320 319 1395
1 4 276 319 1394 1395
1 4 276 1351 1352 1395
1 4 276 1394 1351 1395
1 4 277 278 321 1396
1 4 277 1353 278 1396
1 4 277 321 320 1396
1 4 277 320 1395 1396
1 4 277 1352 1353 1396
1 4 277 1395 1352 1396
1 4 278 279 322 1397
1 4 278 1354 279 1397
1 4 278 322 321 1397
1 4 278 321 1396 1397
1 4 278 1353 1354 1397
1 4 278 1396 1353 1397
1 4 279 280 323 1398
1 4 279 1355 280 1398
1 4 279 323 322 1398
1 4 279 322 1397 1398
1 4 279 1354 1355 1398
1 4 279 1397 1354 1398
1 4 280 281 324 1399
1 4 280 1356 281 1399
1 4 280 324 323 1399
1 4 280 323 1398 1399
1 4 280 1355 1356 1399
1 4 280 1398 1355 1399
1 4 281 282 325 1400
1 4 281 1357 282 1400
1 4 281 325 324 1400
1 4 281 324 1399 1400
1 4 281 1356 1357 1400
1 4 281 1399 1356 1400
1 4 282 283 326 1401
1 4 282 1358 283 1401
1 4 282 326 325 1401
1 4 282 325 1400 1401
1 4 282 1357 1358 1401
1 4 282 1400 1357 1401
1 4 283 284 327 1402
1 4 283 1359 284 1402
1 4 283 327 326 1402
1 4 283 326 1401 1402
1 4 283 1358 1359 1402
1 4 283 1401 1358 1402
1 4 284 285 328 1403
1 4 284 1360 285 1403
1 4 284 328 327 1403
1 4 284 327 1402 1403
1 4 284 1359 1360 1403
1 4 284 1402 1359 1403
1 4 285 286 329 1404
1 4 285 1361 286 1404
1 4 285 329 328 1404
1 4 285 328 1403 1404
1 4 285 1360 1361 1404
1 4 285 1403 1360 1404
1 4 286 287 330 1405
1 4 286 1362 287 1405
1 4 286 330 329 1405
1 4 286 329 1404 1405
1 4 286 1361 1362 1405
1 4 286 1404 1361 1405
1 4 287 288 331 1406
1 4 287 1363 288 1406
1 4 287 331 330 1406
1 4 287 330 1405 1406
1 4 287 1362 1363 1406
1 4 287 1405 1362 1406
1 4 288 289 332 1407
1 4 288 1364 289 1407
1 4 288 332 331 1407
1 4 288 331 1406 1407
1 4 288 1363 1364 1407
1 4 288 1406 1363 1407
1 4 289 290 333 1408
1 4 289 1365 290 1408
1 4 289 333 332 1408
1 4 289 332 1407 1408
1 4 289 1364 1365 1408
1 4 289 1407 1364 1408
1 4 290 291 334 1409
1 4 290 1366 291 1409
1 4 290 334 333 1409
1 4 290 333 1408 1409
1 4 290 1365 1366 1409
1 4 290 1408 1365 1409
1 4 291 292 335 1410
1 4 291 1367 292 1410
1 4 291 335 334 1410
1 4 291 334 1409 1410
1 4 291 1366 1367 1410
1 4 291 1409 1366 1410
1 4 292 293 336 1411
1 4 292 1368 293 1411
1 4 292 336 335 1411
1 4 292 335 1410 1411
1 4 292 1367 1368 1411
1 4 292 1410 1367 1411
1 4 293 294 337 1412
1 4 293 1369 294 1412
1 4 293 337 336 1412
1 4 293 336 1411 1412
1 4 293 1368 1369 1412
1 4 293 1411 1368 1412
1 4 294 295 338 1413
1 4 294 1370 295 1413
1 4 294 338 337 1413
1 4 294 337 1412 1413
1 4 294 1369 1370 1413
1 4 294 1412 1369 1413
1 4 295 296 339 1414
1 4 295 1371 296 1414
1 4 295 339 338 1414
1 4 295 338 1413 1414
1 4 295 1370 1371 1414
1 4 295 1413 1370 1414
1 4 296 297 340 1415
1 4 296 1372 297 1415
1 4 296 340 339 1415
1 4 296 339 1414 1415
1 4 296 1371 1372 1415
1 4 296 1414 1371 1415
1 4 297 298 341 1416
1 4 297 1373 298 1416
1 4 297 341 340 1416
1 4 297 340 1415 1416
1 4 297 1372 1373 1416
1 4 297 1415 1372 1416
1 4 298 299 342 1417
1 4 298 1374 299 1417
1 4 298 342 341 1417
1 4 298 341 1416 1417
1 4 298 1373 1374 1417
1 4 298 1416 1373 1417
1 4 299 300 343 1418
1 4 299 1375 300 1418
1 4 299 343 342 1418
1 4 299 342 1417 1418
1 4 299 1374 1375 1418
1 4 299 1417 1374 1418
1 4 301 302 345 1420
1 4 301 1377 302 1420
1 4 301 345 344 1420
1 4 301 344 1419 1420
1 4 301 1376 1377 1420
1 4 301 1419 1376 1420
1 4 302 303 346 1421
1 4 302 1378 303 1421
1 4 302 346 345 1421
1 4 302 345 1420 1421
1 4 302 1377 1378 1421
1 4 302 1420 1377 1421
1 4 303 304 347 1422
1 4 303 1379 304 1422
1 4 303 347 346 1422
1 4 303 346 1421 1422
1 4 303 1378 1379 1422
1 4 303 1421 1378 1422
1 4 304 305 348 1423
1 4 304 1380 305 1423
1 4 304 348 347 1423
1 4 304 347 1422 1423
1 4 304 1379 1380 1423
1 4 304 1422 1379 1423
1 4 305 306 349 1424
1 4 305 1381 306 1424
1 4 305 349 348 1424
1 4 305 348 1423 1424
1 4 305 1380 1381 1424
1 4 305 1423 1380 1424
1 4 306 307 350 1425
1 4 306 1382 307 1425
1 4 306 350 349 1425
1 4 306 349 1424 1425
1 4 306 1381 1382 1425
1 4 306 1424 1381 1425
1 4 307 308 351 1426
1 4 307 1383 308 1426
1 4 307 351 350 1426
1 4 307 350 1425 1426
1 4 307 1382 1383 1426
1 4 307 1425 1382 1426
1 4 308 309 352 1427
1 4 308 1384 309 1427
1 4 308 352 351 1427
1 4 308 351 1426 1427
1 4 308 1383 1384 1427
1 4 308 1426 1383 1427
1 4 309 310 353 1428
1 4 309 1385 310 1428
1 4 309 353 352 1428
1 4 309 352 1427 1428
1 4 309 1384 1385 1428
1 4 309 1427 1384 1428
1 4 310 311 354 1429
1 4 310 1386 311 1429
1 4 310 354 353 1429
1 4 310 353 1428 1429
1 4 310 1385 1386 1429
1 4 310 1428 1385 1429
1 4 311 312 355 1430
1 4 311 1387 312 1430
1 4 311 355 354 1430
1 4 311 354 1429 1430
1 4 311 1386 1387 1430
1 4 311 1429 1386 1430
1 4 312 313 356 1431
1 4 312 1388 313 1431
1 4 312 356 355 1431
1 4 312 355 1430 1431
1 4 312 1387 1388 1431
1 4 312 1430 1387 1431
1 4 313 314 357 1432
1 4 313 1389 314 1432
1 4 313 357 356 1432
1 4 313 356 1431 1432
1 4 313 1388 1389 1432
1 4 313 1431 1388 1432
1 4 314 315 358 1433
1 4 314 1390 315 1433
1 4 314 358 357 1433
1 4 314 357 1432 1433
1 4 314 1389 1390 1433
1 4 314 1432 1389 1433
1 4 315 316 359 1434
1 4 315 1391 316 1434
1 4 315 359 358 1434
1 4 315 358 1433 1434
1 4 315 1390 1391 1434
1 4 315 1433 1390 1434
1 4 316 317 360 1435
1 4 316 1392 317 1435
1 4 316 360 359 1435
1 4 316 359 1434 1435
1 4 316 1391 1392 1435
1 4 316 1434 1391 1435
1 4 317 318 361 1436
1 4 317 1393 318 1436
1 4 317 361 360 1436
1 4 317 360 1435 1436
1 4 317 1392 1393 1436
1 4 317 1435 1392 1436
1 4 318 319 362 1437
1 4 318 1394 319 1437
1 4 318 362 361 1437
1 4 318 361 1436 1437
1 4 318 1393 1394 1437
1 4 318 1436 1393 1437
1 4 319 320 363 1438
1 4 319 1395 320 1438
1 4 319 363 362 1438
1 4 319 362 1437 1438
1 4 319 1394 1395 1438
1 4 319 1437 1394 1438
1 4 320 321 364 1439
1 4 320 1396 321 1439
1 4 320 364 363 1439
1 4 320 363 1438 1439
1 4 320 1395 1396 1439
1 4 320 1438 1395 1439
1 4 321 322 365 1440
1 4 321 1397 322 1440
1 4 321 365 364 1440
1 4 321 364 1439 1440
1 4 321 1396 1397 1440
1 4 321 1439 1396 1440
1 4 322 323 366 1441
1 4 322 1398 323 1441
1 4 322 366 365 1441
1 4 322 365 1440 1441
1 4 322 1397 1398 1441
1 4 322 1440 1397 1441
1 4 323 324 367 1442
1 4 323 1399 324 1442
1 4 323 367 366 1442
1 4 323 366 1441 1442
1 4 323 1398 1399 1442
1 4 323 1441 1398 1442
1 4 324 325 368 1443
1 4 324 1400 325 1443
1 4 324 368 367 1443
1 4 324 367 1442 1443
1 4 324 1399 1400 1443
1 4 324 1442 1399 1443
1 4 325 326 369 1444
1 4 325 1401 326 1444
1 4 325 369 368 1444
1 4 325 368 1443 1444
1 4 325 1400 1401 1444
1 4 325 1443 1400 1444
1 4 326 327 370 1445
1 4 326 1402 327 1445
1 4 326 370 369 1445
1 4 326 369 1444 1445
1 4 326 1401 1402 1445
1 4 326 1444 1401 1445
1 4 327 328 371 1446
1 4 327 1403 328 1446
1 4 327 371 370 1446
1 4 327 370 1445 1446
1 4 327 1402 1403 1446
1 4 327 1445 1402 1446
1 4 328 329 372 1447
1 4 328 1404 329 1447
1 4 328 372 371 1447
1 4 328 371 1446 1447
1 4 328 1403 1404 1447
1 4 328 1446 1403 1447
1 4 329 330 373 1448
1 4 329 1405 330 1448
1 4 329 373 372 1448
1 4 329 372 1447 1448
1 4 329 1404 1405 1448
1 4 329 1447 1404 1448
1 4 330 331 374 1449
1 4 330 1406 331 1449
1 4 330 374 373 1449
1 4 330 373 1448 1449
1 4 330 1405 1406 1449
1 4 330 1448 1405 1449
1 4 331 332 375 1450
1 4 331 1407 332 1450
1 4 331 375 374 1450
1 4 331 374 1449 1450
1 4 331 1406 1407 1450
1 4 331 1449 1406 1450
1 4 332 333 376 1451
1 4 332 1408 333 1451
1 4 332 376 375 1451
1 4 332 375 1450 1451
1 4 332 1407 1408 1451
1 4 332 1450 1407 1451
1 4 333 334 377 1452
1 4 333 1409 334 1452
1 4 333 377 376 1452
1 4 333 376 1451 1452
1 4 333 1408 1409 1452
1 4 333 1451 1408 1452
1 4 334 335 378 1453
1 4 334 1410 335 1453
1 4 334 378 377 1453
1 4 334 377 1452 1453
1 4 334 1409 1410 1453
1 4 334 1452 1409 1453
1 4 335 336 379 1454
1 4 335 1411 336 1454
1 4 335 379 378 1454
1 4 335 378 1453 1454
1 4 335 1410 1411 1454
1 4 335 1453 1410 1454
1 4 336 337 380 1455
1 4 336 1412 337 1455
1 4 336 380 379 1455
1 4 336 379 1454 1455
1 4 336 1411 1412 1455
1 4 336 1454 1411 1455
1 4 337 338 381 1456
1 4 337 1413 338 1456
1 4 337 381 380 1456
1 4 337 380 1455 1456
1 4 337 1412 1413 1456
1 4 337 1455 1412 1456
1 4 338 339 382 1457
1 4 338 1414 339 1457
1 4 338 382 381 1457
1 4 338 381 1456 1457
1 4 338 1413 1414 1457
1 4 338 1456 1413 1457
1 4 339 340 383 1458
1 4 339 1415 340 1458
1 4 339 383 382 1458
1 4 339 382 1457 1458
1 4 339 1414 1415 1458
1 4 339 1457 1414 1458
1 4 340 341 384 1459
1 4 340 1416 341 1459
1 4 340 384 383 1459
1 4 340 383 1458 1459
1 4 340 1415 1416 1459
1 4 340 1458 1415 1459
1 4 341 342 385 1460
1 4 341 1417 342 1460
1 4 341 385 384 1460
1 4 341 384 1459 1460
1 4 341 1416 1417 1460
1 4 341 1459 1416 1460
1 4 342 343 386 1461
1 4 342 1418 343 1461
1 4 342 386 385 1461
1 4 342 385 1460 1461
1 4 342 1417 1418 1461
1 4 342 1460 1417 1461
1 4 344 345 388 1463
1 4 344 1420 345 1463
1 4 344 388 387 1463
1 4 344 387 1462 1463
1 4 344 1419 1420 1463
1 4 344 1462 1419 1463
1 4 345 346 389 1464
1 4 345 1421 346 1464
1 4 345 389 388 1464
1 4 345 388 1463 1464
1 4 345 1420 1421 1464
1 4 345 1463 1420 1464
1 4 346 347 390 1465
1 4 346 1422 347 1465
1 4 346 390 389 1465
1 4 346 389 1464 1465
1 4 346 1421 1422 1465
1 4 346 1464 1421 1465
1 4 347 348 391 1466
1 4 347 1423 348 1466
1 4 347 391 390 1466
1 4 347 390 1465 1466
1 4 347 1422 1423 1466
1 4 347 1465 1422 1466
1 4 348 349 392 1467
1 4 348 1424 349 1467
1 4 348 392 391 1467
1 4 348 391 1466 1467
1 4 348 1423 1424 1467
1 4 348 1466 1423 1467
1 4 349 350 393 1468
1 4 349 1425 350 1468
1 4 349 393 392 1468
1 4 349 392 1467 1468
1 4 349 1424 1425 1468
1 4 349 1467 1424 1468
1 4 350 351 394 1469
1 4 350 1426 351 1469
1 4 350 394 393 1469
1 4 350 393 1468 1469
1 4 350 1425 1426 1469
1 4 350 1468 1425 1469
1 4 351 352 395 1470
1 4 351 1427 352 1470
1 4 351 395 394 1470
1 4 351 394 1469 1470
1 4 351 1426 1427 1470
1 4 351 1469 1426 1470
1 4 352 353 396 1471
1 4 352 1428 353 1471
1 4 352 396 395 1471
1 4 352 395 1470 1471
1 4 352 1427 1428 1471
1 4 352 1470 1427 1471
1 4 353 354 397 1472
1 4 353 1429 354 1472
1 4 353 397 396 1472
1 4 353 396 1471 1472
1 4 353 1428 1429 1472
1 4 353 1471 1428 1472
1 4 354 355 398 1473
1 4 354 1430 355 1473
1 4 354 398 397 1473
1 4 354 397 1472 1473
1 4 354 1429 1430 1473
1 4 354 1472 1429 1473
1 4 355 356 399 1474
1 4 355 1431 356 1474
1 4 355 399 398 1474
1 4 355 398 1473 1474
1 4 355 1430 1431 1474
1 4 355 1473 1430 1474
1 4 356 357 400 1475
1 4 356 1432 357 1475
1 4 356 400 399 1475
1 4 356 399 1474 1475
1 4 356 1431 1432 1475
1 4 356 1474 1431 1475
1 4 357 358 401 1476
1 4 357 1433 358 1476
1 4 357 401 400 1476
1 4 357 400 1475 1476
1 4 357 1432 1433 1476
1 4 357 1475 1432 1476
1 4 358 359 402 1477
1 4 358 1434 359 1477
1 4 358 402 401 1477
1 4 358 401 1476 1477
1 4 358 1433 1434 1477
1 4 358 1476 1433 1477
1 4 359 360 403 1478
1 4 359 1435 360 1478
1 4 359 403 402 1478
1 4 359 402 1477 1478
1 4 359 1434 1435 1478
1 4 359 1477 1434 1478
1 4 360 361 404 1479
1 4 360 1436 361 1479
1 4 360 404 403 1479
1 4 360 403 1478 1479
1 4 360 1435 1436 1479
1 4 360 1478 1435 1479
1 4 361 362 405 1480
1 4 361 1437 362 1480
1 4 361 405 404 1480
1 4 361 404 1479 1480
1 4 361 1436 1437 1480
1 4 361 1479 1436 1480
1 4 362 363 406 1481
1 4 362 1438 363 1481
1 4 362 406 405 1481
1 4 362 405 1480 1481
1 4 362 1437 1438 1481
1 4 362 1480 1437 1481
1 4 363 364 407 1482
1 4 363 1439 364 1482
1 4 363 407 406 1482
1 4 363 406 1481 1482
1 4 363 1438 1439 1482
1 4 363 1481 1438 1482
1 4 364 365 408 1483
1 4 364 1440 365 1483
1 4 364 408 407 1483
1 4 364 407 1482 1483
1 4 364 1439 1440 1483
1 4 364 1482 1439 1483
1 4 365 366 409 1484
1 4 365 1441 366 1484
1 4 365 409 408 1484
1 4 365 408 1483 1484
1 4 365 1440 1441 1484
1 4 365 1483 1440 1484
1 4 366 367 410 1485
1 4 366 1442 367 1485
1 4 366 410 409 1485
1 4 366 409 1484 1485
1 4 366 1441 1442 1485
1 4 366 1484 1441 1485
1 4 367 368 411 1486
1 4 367 1443 368 1486
1 4 367 411 410 1486
1 4 367 410 1485 1486
1 4 367 1442 1443 1486
1 4 367 1485 1442 1486
1 4 368 369 412 1487
1 4 368 1444 369 1487
1 4 368 412 411 1487
1 4 368 411 1486 1487
1 4 368 1443 1444 1487
1 4 368 1486 1443 1487
1 4 369 370 413 1488
1 4 369 1445 370 1488
1 4 369 413 412 1488
1 4 369 412 1487 1488
1 4 369 1444 1445 1488
1 4 369 1487 1444 1488
1 4 370 371 414 1489
1 4 370 1446 371 1489
1 4 370 414 413 1489
1 4 370 413 1488 1489
1 4 370 1445 1446 1489
1 4 370 1488 1445 1489
1 4 371 372 415 1490
1 4 371 1447 372 1490
1 4 371 415 414 1490
1 4 371 414 1489 1490
1 4 371 1446 1447 1490
1 4 371 1489 1446 1490
1 4 372 373 416 1491
1 4 372 1448 373 1491
1 4 372 416 415 1491
1 4 372 415 1490 1491
1 4 372 1447 1448 1491
1 4 372 1490 1447 1491
1 4 373 374 417 1492
1 4 373 1449 374 1492
1 4 373 417 416 1492
1 4 373 416 1491 1492
1 4 373 1448 1449 1492
1 4 373 1491 1448 1492
1 4 374 375 418 1493
1 4 374 1450 375 1493
1 4 374 418 417 1493
1 4 374 417 1492 1493
1 4 374 1449 1450 1493
1 4 374 1492 1449 1493
1 4 375 376 419 1494
1 4 375 1451 376 1494
1 4 375 419 418 1494
1 4 375 418 1493 1494
1 4 375 1450 1451 1494
1 4 375 1493 1450 1494
1 4 376 377 420 1495
1 4 376 1452 377 1495
1 4 376 420 419 1495
1 4 376 419 1494 1495
1 4 376 1451 1452 1495
1 4 376 1494 1451 1495
1 4 377 378 421 1496
1 4 377 1453 378 1496
1 4 377 421 420 1496
1 4 377 420 1495 1496
1 4 377 1452 1453 1496
1 4 377 1495 1452 1496
1 4 378 379 422 1497
1 4 378 1454 379 1497
1 4 378 422 421 1497
1 4 378 421 1496 1497
1 4 378 1453 1454 1497
1 4 378 1496 1453 1497
1 4 379 380 423 1498
1 4 379 1455 380 1498
1 4 379 423 422 1498
1 4 379 422 1497 1498
1 4 379 1454 1455 1498
1 4 379 1497 1454 1498
1 4 380 381 424 1499
1 4 380 1456 381 1499
1 4 380 424 423 1499
1 4 380 423 1498 1499
1 4 380 1455 1456 1499
1 4 380 1498 1455 1499
1 4 381 382 425 1500
1 4 381 1457 382 1500
1 4 381 425 424 1500
1 4 381 424 1499 1500
1 4 381 1456 1457 1500
1 4 381 1499 1456 1500
1 4 382 383 426 1501
1 4 382 1458 383 1501
1 4 382 426 425 1501
1 4 382 425 1500 1501
1 4 382 1457 1458 1501
1 4 382 1500 1457 1501
1 4 383 384 427 1502
1 4 383 1459 384 1502
1 4 383 427 426 1502
1 4 383 426 1501 1502
1 4 383 1458 1459 1502
1 4 383 1501 1458 1502
1 4 384 385 428 1503
1 4 384 1460 385 1503
1 4 384 428 427 1503
1 4 384 427 1502 1503
1 4 384 1459 1460 1503
1 4 384 1502 1459 1503
1 4 385 386 429 1504
1 4 385 1461 386 1504
1 4 385 429 428 1504
1 4 385 428 1503 1504
1 4 385 1460 1461 1504
1 4 385 1503 1460 1504
1 4 387 388 431 1506
1 4 387 1463 388 1506
1 4 387 431 430 1506
1 4 387 430 1505 1506
1 4 387 1462 1463 1506
1 4 387 1505 1462 1506
1 4 388 389 432 1507
1 4 388 1464 389 1507
1 4 388 432 431 1507
1 4 388 431 1506 1507
1 4 388 1463 1464 1507
1 4 388 1506 1463 1507
1 4 389 390 433 1508
1 4 389 1465 390 1508
1 4 389 433 432 1508
1 4 389 432 1507 1508
1 4 389 1464 1465 1508
1 4 389 1507 1464 1508
1 4 390 391 434 1509
1 4 390 1466 391 1509
1 4 390 434 433 1509
1 4 390 433 1508 1509
1 4 390 1465 1466 1509
1 4 390 1508 1465 1509
1 4 391 392 435 1510
1 4 391 1467 392 1510
1 4 391 435 434 1510
1 4 391 434 1509 1510
1 4 391 1466 1467 1510
1 4 391 1509 1466 1510
1 4 392 393 436 1511
1 4 392 1468 393 1511
1 4 392 436 435 1511
1 4 392 435 1510 1511
1 4 392 1467 1468 1511
1 4 392 1510 1467 1511
1 4 393 394 437 1512
1 4 393 1469 394 1512
1 4 393 437 436 1512
1 4 393 436 1511 1512
1 4 393 1468 1469 1512
1 4 393 1511 1468 1512
1 4 394 395 438 1513
1 4 394 1470 395 1513
1 4 394 438 437 1513
1 4 394 437 1512 1513
1 4 394 1469 1470 1513
1 4 394 1512 1469 1513
1 4 395 396 439 1514
1 4 395 1471 396 1514
1 4 395 439 438 1514
1 4 395 438 1513 1514
1 4 395 1470 1471 1514
1 4 395 1513 1470 1514
1 4 396 397 440 1515
1 4 396 1472 397 1515
1 4 396 440 439 1515
1 4 396 439 1514 1515
1 4 396 1471 1472 1515
1 4 396 1514 1471 1515
1 4 397 398 441 1516
1 4 397 1473 398 1516
1 4 397 441 440 1516
1 4 397 440 1515 1516
1 4 397 1472 1473 1516
1 4 397 1515 1472 1516
1 4 398 399 442 1517
1 4 398 1474 399 1517
1 4 398 442 441 1517
1 4 398 441 1516 1517
1 4 398 1473 1474 1517
1 4 398 1516 1473 1517
1 4 399 400 443 1518
1 4 399 1475 400 1518
1 4 399 443 442 1518
1 4 399 442 1517 1518
1 4 399 1474 1475 1518
1 4 399 1517 1474 1518
1 4 400 401 444 1519
1 4 400 1476 401 1519
1 4 400 444 443 1519
1 4 400 443 1518 1519
1 4 400 1475 1476 1519
1 4 400 1518 1475 1519
1 4 401 402 445 1520
1 4 401 1477 402 1520
1 4 401 445 444 1520
1 4 401 444 1519 1520
1 4 401 1476 1477 1520
1 4 401 1519 1476 1520
1 4 402 403 446 1521
1 4 402 1478 403 1521
1 4 402 446 445 1521
1 4 402 445 1520 1521
1 4 402 1477 1478 1521
1 4 402 1520 1477 1521
1 4 403 404 447 1522
1 4 403 1479 404 1522
1 4 403 447 446 1522
1 4 403 446 1521 1522
1 4 403 1478 1479 1522
1 4 403 1521 1478 1522
1 4 404 405 448 1523
1 4 404 1480 405 1523
1 4 404 448 447 1523
1 4 404 447 1522 1523
1 4 404 1479 1480 1523
1 4 404 1522 1479 1523
1 4 405 406 449 1524
1 4 405 1481 406 1524
1 4 405 449 448 1524
1 4 405 448 1523 1524
1 4 405 1480 1481 1524
1 4 405 1523 1480 1524
1 4 406 407 450 1525
1 4 406 1482 407 1525
1 4 406 450 449 1525
1 4 406 449 1524 1525
1 4 406 1481 1482 1525
1 4 406 1524 1481 1525
1 4 407 408 451 1526
1 4 407 1483 408 1526
1 4 407 451 450 1526
1 4 407 450 1525 1526
1 4 407 1482 1483 1526
1 4 407 1525 1482 1526
1 4 408 409 452 1527
1 4 408 1484 409 1527
1 4 408 452 451 1527
1 4 408 451 1526 1527
1 4 408 1483 1484 1527
1 4 408 1526 1483 1527
1 4 409 410 453 1528
1 4 409 1485 410 1528
1 4 409 453 452 1528
1 4 409 452 1527 1528
1 4 409 1484 1485 1528
1 4 409 1527 1484 1528
1 4 410 411 454 1529
1 4 410 1486 411 1529
1 4 410 454 453 1529
1 4 410 453 1528 1529
1 4 410 1485 1486 1529
1 4 410 1528 1485 1529
1 4 411 412 455 1530
1 4 411 1487 412 1530
1 4 411 455 454 1530
1 4 411 454 1529 1530
1 4 411 1486 1487 1530
1 4 411 1529 1486 1530
1 4 412 413 456 1531
1 4 412 1488 413 1531
1 4 412 456 455 1531
1 4 412 455 1530 1531
1 4 412 1487 1488 1531
1 4 412 1530 1487 1531
1 4 413 414 457 1532
1 4 413 1489 414 1532
1 4 413 457 456 1532
1 4 413 456 1531 1532
1 4 413 1488 1489 1532
1 4 413 1531 1488 1532
1 4 414 415 458 1533
1 4 414 1490 415 1533
1 4 414 458 457 1533
1 4 414 457 1532 1533
1 4 414 1489 1490 1533
1 4 414 1532 1489 1533
1 4 415 416 459 1534
1 4 415 1491 416 1534
1 4 415 459 458 1534
1 4 415 458 1533 1534
1 4 415 1490 1491 1534
1 4 415 1533 1490 1534
1 4 416 417 460 1535
1 4 416 1492 417 1535
1 4 416 460 459 1535
1 4 416 459 1534 1535
1 4 416 1491 1492 1535
1 4 416 1534 1491 1535
1 4 417 418 461 1536
1 4 417 1493 418 1536
1 4 417 461 460 1536
1 4 417 460 1535 1536
1 4 417 1492 1493 1536
1 4 417 1535 1492 1536
1 4 418 419 462 1537
1 4 418 1494 419 1537
1 4 418 462 461 1537
1 4 418 461 1536 1537
1 4 418 1493 1494 1537
1 4 418 1536 1493 1537
1 4 419 420 463 1538
1 4 419 1495 420 1538
1 4 419 463 462 1538
1 4 419 462 1537 1538
1 4 419 1494 1495 1538
1 4 419 1537 1494 1538
1 4 420 421 464 1539
1 4 420 1496 421 1539
1 4 420 464 463 1539
1 4 420 463 1538 1539
1 4 420 1495 1496 1539
1 4 420 1538 1495 1539
1 4 421 422 465 1540
1 4 421 1497 422 1540
1 4 421 465 464 1540
1 4 421 464 1539 1540
1 4 421 1496 1497 1540
1 4 421 1539 1496 1540
1 4 422 423 466 1541
1 4 422 1498 423 1541
1 4 422 466 465 1541
1 4 422 465 1540 1541
1 4 422 1497 1498 1541
1 4 422 1540 1497 1541
1 4 423 424 467 1542
1 4 423 1499 424 1542
1 4 423 467 466 1542
1 4 423 466 1541 1542
1 4 423 1498 1499 1542
1 4 423 1541 1498 1542
1 4 424 425 468 1543
1 4 424 1500 425 1543
1 4 424 468 467 1543
1 4 424 467 1542 1543
1 4 424 1499 1500 1543
1 4 424 1542 1499 1543
1 4 425 426 469 1544
1 4 425 1501 426 1544
1 4 425 469 468 1544
1 4 425 468 1543 1544
1 4 425 1500 1501 1544
1 4 425 1543 1500 1544
1 4 426 427 470 1545
1 4 426 1502 427 1545
1 4 426 470 469 1545
1 4 426 469 1544 1545
1 4 426 1501 1502 1545
1 4 426 1544 1501 1545
1 4 427 428 471 1546
1 4 427 1503 428 1546
1 4 427 471 470 1546
1 4 427 470 1545 1546
1 4 427 1502 1503 1546
1 4 427 1545 1502 1546
1 4 428 429 472 1547
1 4 428 1504 429 1547
1 4 428 472 471 1547
1 4 428 471 1546 1547
1 4 428 1503 1504 1547
1 4 428 1546 1503 1547
1 4 430 431 474 1549
1 4 430 1506 431 1549
1 4 430 474 473 1549
1 4 430 473 1548 1549
1 4 430 1505 1506 1549
1 4 430 1548 1505 1549
1 4 431 432 475 1550
1 4 431 1507 432 1550
1 4 431 475 474 1550
1 4 431 474 1549 1550
1 4 431 1506 1507 1550
1 4 431 1549 1506 1550
1 4 432 433 476 1551
1 4 432 1508 433 1551
1 4 432 476 475 1551
1 4 432 475 1550 1551
1 4 432 1507 1508 1551
1 4 432 1550 1507 1551
1 4 433 434 477 1552
1 4 433 1509 434 1552
1 4 433 477 476 1552
1 4 433 476 1551 1552
1 4 433 1508 1509 1552
1 4 433 1551 1508 1552
1 4 434 435 478 1553
1 4 434 1510 435 1553
1 4 434 478 477 1553
1 4 434 477 1552 1553
1 4 434 1509 1510 1553
1 4 434 1552 1509 1553
1 4 435 436 479 1554
1 4 435 1511 436 1554
1 4 435 479 478 1554
1 4 435 478 1553 1554
1 4 435 1510 1511 1554
1 4 435 1553 1510 1554
1 4 436 437 480 1555
1 4 436 1512 437 1555
1 4 436 480 479 1555
1 4 436 479 1554 1555
1 4 436 1511 1512 1555
1 4 436 1554 1511 1555
1 4 437 438 481 1556
1 4 437 1513 438 1556
1 4 437 481 480 1556
1 4 437 480 1555 1556
1 4 437 1512 1513 1556
1 4 437 1555 1512 1556
1 4 438 439 482 1557
1 4 438 1514 439 1557
1 4 438 482 481 1557
1 4 438 481 1556 1557
1 4 438 1513 1514 1557
1 4 438 1556 1513 1557
1 4 439 440 483 1558
1 4 439 1515 440 1558
1 4 439 483 482 1558
1 4 439 482 1557 1558
1 4 439 1514 1515 1558
1 4 439 1557 1514 1558
1 4 440 441 484 1559
1 4 440 1516 441 1559
1 4 440 484 483 1559
1 4 440 483 1558 1559
1 4 440 1515 1516 1559
1 4 440 1558 1515 1559
1 4 441 442 485 1560
1 4 441 1517 442 1560
1 4 441 485 484 1560
1 4 441 484 1559 1560
1 4 441 1516 1517 1560
1 4 441 1559 1516 1560
1 4 442 443 486 1561
1 4 442 1518 443 1561
1 4 442 486 485 1561
1 4 442 485 1560 1561
1 4 442 1517 1518 1561
1 4 442 1560 1517 1561
1 4 443 444 487 1562
1 4 443 1519 444 1562
1 4 443 487 486 1562
1 4 443 486 1561 1562
1 4 443 1518 1519 1562
1 4 443 1561 1518 1562
1 4 444 445 488 1563
1 4 444 1520 445 1563
1 4 444 488 487 1563
1 4 444 487 1562 1563
1 4 444 1519 1520 1563
1 4 444 1562 1519 1563
1 4 445 446 489 1564
1 4 445 1521 446 1564
1 4 445 489 488 1564
1 4 445 488 1563 1564
1 4 445 1520 1521 1564
1 4 445 1563 1520 1564
1 4 446 447 490 1565
1 4 446 1522 447 1565
1 4 446 490 489 1565
1 4 446 489 1564 1565
1 4 446 1521 1522 1565
1 4 446 1564 1521 1565
1 4 447 448 491 1566
1 4 447 1523 448 1566
1 4 447 491 490 1566
1 4 447 490 1565 1566
1 4 447 1522 1523 1566
1 4 447 1565 1522 1566
1 4 448 449 492 1567
1 4 448 1524 449 1567
1 4 448 492 491 1567
1 4 448 491 1566 1567
1 4 448 1523 1524 1567
1 4 448 1566 1523 1567
1 4 449 450 493 1568
1 4 449 1525 450 1568
1 4 449 493 492 1568
1 4 449 492 1567 1568
1 4 449 1524 1525 1568
1 4 449 1567 1524 1568
1 4 450 451 494 1569
1 4 450 1526 451 1569
1 4 450 494 493 1569
1 4 450 493 1568 1569
1 4 450 1525 1526 1569
1 4 450 1568 1525 1569
1 4 451 452 495 1570
1 4 451 1527 452 1570
1 4 451 495 494 1570
1 4 451 494 1569 1570
1 4 451 1526 1527 1570
1 4 451 1569 1526 1570
1 4 452 453 496 1571
1 4 452 1528 453 1571
1 4 452 496 495 1571
1 4 452 495 1570 1571
1 4 452 1527 1528 1571
1 4 452 1570 1527 1571
1 4 453 454 497 1572
1 4 453 1529 454 1572
1 4 453 497 496 1572
1 4 453 496 1571 1572
1 4 453 1528 1529 1572
1 4 453 1571 1528 1572
1 4 454 455 498 1573
1 4 454 1530 455 1573
1 4 454 498 497 1573
1 4 454 497 1572 1573
1 4 454 1529 1530 1573
1 4 454 1572 1529 1573
1 4 455 456 499 1574
1 4 455 1531 456 1574
1 4 455 499 498 1574
1 4 455 498 1573 1574
1 4 455 1530 1531 1574
1 4 455 1573 1530 1574
1 4 456 457 500 1575
1 4 456 1532 457 1575
1 4 456 500 499 1575
1 4 456 499 1574 1575
1 4 456 1531 1532 1575
1 4 456 1574 1531 1575
1 4 457 458 501 1576
1 4 457 1533 458 1576
1 4 457 501 500 1576
1 4 457 500 1575 1576
1 4 457 1532 1533 1576
1 4 457 1575 1532 1576
1 4 458 459 502 1577
1 4 458 1534 459 1577
1 4 458 502 501 1577
1 4 458 501 1576 1577
1 4 458 1533 1534 1577
1 4 458 1576 1533 1577
1 4 459 460 503 1578
1 4 459 1535 460 1578
1 4 459 503 502 1578
1 4 459 502 1577 1578
1 4 459 1534 1535 1578
1 4 459 1577 1534 1578
1 4 460 461 504 1579
1 4 460 1536 461 1579
1 4 460 504 503 1579
1 4 460 503 1578 1579
1 4 460 1535 1536 1579
1 4 460 1578 1535 1579
1 4 461 462 505 1580
1 4 461 1537 462 1580
1 4 461 505 504 1580
1 4 461 504 1579 1580
1 4 461 1536 1537 1580
1 4 461 1579 1536 1580
1 4 462 463 506 1581
1 4 462 1538 463 1581
1 4 462 506 505 1581
1 4 462 505 1580 1581
1 4 462 1537 1538 1581
1 4 462 1580 1537 1581
1 4 463 464 507 1582
1 4 463 1539 464 1582
1 4 463 507 506 1582
1 4 463 506 1581 1582
1 4 463 1538 1539 1582
1 4 463 1581 1538 1582
1 4 464 465 508 1583
1 4 464 1540 465 1583
1 4 464 508 507 1583
1 4 464 507 1582 1583
1 4 464 1539 1540 1583
1 4 464 1582 1539 1583
1 4 465 466 509 1584
1 4 465 1541 466 1584
1 4 465 509 508 1584
1 4 465 508 1583 1584
1 4 465 1540 1541 1584
1 4 465 1583 1540 1584
1 4 466 467 510 1585
1 4 466 1542 467 1585
1 4 466 510 509 1585
1 4 466 509 1584 1585
1 4 466 1541 1542 1585
1 4 466 1584 1541 1585
1 4 467 468 511 1586
1 4 467 1543 468 1586
1 4 467 511 510 1586
1 4 467 510 1585 1586
1 4 467 1542 1543 1586
1 4 467 1585 1542 1586
1 4 468 469 512 1587
1 4 468 1544 469 1587
1 4 468 512 511 1587
1 4 468 511 1586 1587
1 4 468 1543 1544 1587
1 4 468 1586 1543 1587
1 4 469 470 513 1588
1 4 469 1545 470 1588
1 4 469 513 512 1588
1 4 469 512 1587 1588
1 4 469 1544 1545 1588
1 4 469 1587 1544 1588
1 4 470 471 514 1589
1 4 470 1546 471 1589
1 4 470 514 513 1589
1 4 470 513 1588 1589
1 4 470 1545 1546 1589
1 4 470 1588 1545 1589
1 4 471 472 515 1590
1 4 471 1547 472 1590
1 4 471 515 514 1590
1 4 471 514 1589 1590
1 4 471 1546 1547 1590
1 4 471 1589 1546 1590
1 4 473 474 517 1592
1 4 473 1549 474 1592
1 4 473 517 516 1592
1 4 473 516 1591 1592
1 4 473 1548 1549 1592
1 4 473 1591 1548 1592
1 4 474 475 518 1593
1 4 474 1550 475 1593
1 4 474 518 517 1593
1 4 474 517 1592 1593
1 4 474 1549 1550 1593
1 4 474 1592 1549 1593
1 4 475 476 519 1594
1 4 475 1551 476 1594
1 4 475 519 518 1594
1 4 475 518 1593 1594
1 4 475 1550 1551 1594
1 4 475 1593 1550 1594
1 4 476 477 520 1595
1 4 476 1552 477 1595
1 4 476 520 519 1595
1 4 476 519 1594 1595
1 4 476 1551 1552 1595
1 4 476 1594 1551 1595
1 4 477 478 521 1596
1 4 477 1553 478 1596
1 4 477 521 520 1596
1 4 477 520 1595 1596
1 4 477 1552 1553 1596
1 4 477 1595 1552 1596
1 4 478 479 522 1597
1 4 478 1554 479 1597
1 4 478 522 521 1597
1 4 478 521 1596 1597
1 4 478 1553 1554 1597
1 4 478 1596 1553 1597
1 4 479 480 523 1598
1 4 479 1555 480 1598
1 4 479 523 522 1598
1 4 479 522 1597 1598
1 4 479 1554 1555 1598
1 4 479 1597 1554 1598
1 4 480 481 524 1599
1 4 480 1556 481 1599
1 4 480 524 523 1599
1 4 480 523 1598 1599
1 4 480 1555 1556 1599
1 4 480 1598 1555 1599
1 4 481 482 525 1600
1 4 481 1557 482 1600
1 4 481 525 524 1600
1 4 481 524 1599 1600
1 4 481 1556 1557 1600
1 4 481 1599 1556 1600
1 4 482 483 526 1601
1 4 482 1558 483 1601
1 4 482 526 525 1601
1 4 482 525 1600 1601
1 4 482 1557 1558 1601
1 4 482 1600 1557 1601
1 4 483 484 527 1602
1 4 483 1559 484 1602
1 4 483 527 526 1602
1 4 483 526 1601 1602
1 4 483 1558 1559 1602
1 4 483 1601 1558 1602
1 4 484 485 528 1603
1 4 484 1560 485 1603
1 4 484 528 527 1603
1 4 484 527 1602 1603
1 4 484 1559 1560 1603
1 4 484 1602 1559 1603
1 4 485 486 529 1604
1 4 485 1561 486 1604
1 4 485 529 528 1604
1 4 485 528 1603 1604
1 4 485 1560 1561 1604
1 4 485 1603 1560 1604
1 4 486 487 530 1605
1 4 486 1562 487 1605
1 4 486 530 529 1605
1 4 486 529 1604 1605
1 4 486 1561 1562 1605
1 4 486 1604 1561 1605
1 4 487 488 531 1606
1 4 487 1563 488 1606
1 4 487 531 530 1606
1 4 487 530 1605 1606
1 4 487 1562 1563 1606
1 4 487 1605 1562 1606
1 4 488 489 532 1607
1 4 488 1564 489 1607
1 4 488 532 531 1607
1 4 488 531 1606 1607
1 4 488 1563 1564 1607
1 4 488 1606 1563 1607
1 4 489 490 533 1608
1 4 489 1565 490 1608
1 4 489 533 532 1608
1 4 489 532 1607 1608
1 4 489 1564 1565 1608
1 4 489 1607 1564 1608
1 4 490 491 534 1609
1 4 490 1566 491 1609
1 4 490 534 533 1609
1 4 490 533 1608 1609
1 4 490 1565 1566 1609
1 4 490 1608 1565 1609
1 4 491 492 535 1610
1 4 491 1567 492 1610
1 4 491 535 534 1610
1 4 491 534 1609 1610
1 4 491 1566 1567 1610
1 4 491 1609 1566 1610
1 4 492 493 536 1611
1 4 492 1568 493 1611
1 4 492 536 535 1611
1 4 492 535 1610 1611
1 4 492 1567 1568 1611
1 4 492 1610 1567 1611
1 4 493 494 537 1612
1 4 493 1569 494 1612
1 4 493 537 536 1612
1 4 493 536 1611 1612
1 4 493 1568 1569 1612
1 4 493 1611 1568 1612
1 4 494 495 538 1613
1 4 494 1570 495 1613
1 4 494 538 537 1613
1 4 494 537 1612 1613
1 4 494 1569 1570 1613
1 4 494 1612 1569 1613
1 4 495 496 539 1614
1 4 495 1571 496 1614
1 4 495 539 538 1614
1 4 495 538 1613 1614
1 4 495 1570 1571 1614
1 4 495 1613 1570 1614
1 4 496 497 540 1615
1 4 496 1572 497 1615
1 4 496 540 539 1615
1 4 496 539 1614 1615
1 4 496 1571 1572 1615
1 4 496 1614 1571 1615
1 4 497 498 541 1616
1 4 497 1573 498 1616
1 4 497 541 540 1616
1 4 497 540 1615 1616
1 4 497 1572 1573 1616
1 4 497 1615 1572 1616
1 4 498 499 542 1617
1 4 498 1574 499 1617
1 4 498 542 541 1617
1 4 498 541 1616 1617
1 4 498 1573 1574 1617
1 4 498 1616 1573 1617
1 4 499 500 543 1618
1 4 499 1575 500 1618
1 4 499 543 542 1618
1 4 499 542 1617 1618
1 4 499 1574 1575 1618
1 4 499 1617 1574 1618
1 4 500 501 544 1619
1 4 500 1576 501 1619
1 4 500 544 543 1619
1 4 500 543 1618 1619
1 4 500 1575 1576 1619
1 4 500 1618 1575 1619
1 4 501 502 545 1620
1 4 501 1577 502 1620
1 4 501 545 544 1620
1 4 501 544 1619 1620
1 4 501 1576 1577 1620
1 4 501 1619 1576 1620
1 4 502 503 546 1621
1 4 502 1578 503 1621
1 4 502 546 545 1621
1 4 502 545 1620 1621
1 4 502 1577 1578 1621
1 4 502 1620 1577 1621
1 4 503 504 547 1622
1 4 503 1579 504 1622
1 4 503 547 546 1622
1 4 503 546 1621 1622
1 4 503 1578 1579 1622
1 4 503 1621 1578 1622
1 4 504 505 548 1623
1 4 504 1580 505 1623
1 4 504 548 547 1623
1 4 504 547 1622 1623
1 4 504 1579 1580 1623
1 4 504 1622 1579 1623
1 4 505 506 549 1624
1 4 505 1581 506 1624
1 4 505 549 548 1624
1 4 505 548 1623 1624
1 4 505 1580 1581 1624
1 4 505 1623 1580 1624
1 4 506 507 550 1625
1 4 506 1582 507 1625
1 4 506 550 549 1625
1 4 506 549 1624 1625
1 4 506 1581 1582 1625
1 4 506 1624 1581 1625
1 4 507 508 551 1626
1 4 507 1583 508 1626
1 4 507 551 550 1626
1 4 507 550 1625 1626
1 4 507 1582 1583 1626
1 4 507 1625 1582 1626
1 4 508 509 552 1627
1 4 508 1584 509 1627
1 4 508 552 551 1627
1 4 508 551 1626 1627
1 4 508 1583 1584 1627
1 4 508 1626 1583 1627
1 4 509 510 553 1628
1 4 509 1585 510 1628
1 4 509 553 552 1628
1 4 509 552 1627 1628
1 4 509 1584 1585 1628
1 4 509 1627 1584 1628
1 4 510 511 554 1629
1 4 510 1586 511 1629
1 4 510 554 553 1629
1 4 510 553 1628 1629
1 4 510 1585 1586 1629
1 4 510 1628 1585 1629
1 4 511 512 555 1630
1 4 511 1587 512 1630
1 4 511 555 554 1630
1 4 511 554 1629 1630
1 4 511 1586 1587 1630
1 4 511 1629 1586 1630
1 4 512 513 556 1631
1 4 512 1588 513 1631
1 4 512 556 555 1631
1 4 512 555 1630 1631
1 4 512 1587 1588 1631
1 4 512 1630 1587 1631
1 4 513 514 557 1632
1 4 513 1589 514 1632
1 4 513 557 556 1632
1 4 513 556 1631 1632
1 4 513 1588 1589 1632
1 4 513 1631 1588 1632
1 4 514 515 558 1633
1 4 514 1590 515 1633
1 4 514 558 557 1633
1 4 514 557 1632 1633
1 4 514 1589 1590 1633
1 4 514 1632 1589 1633
2 4 516 517 560 1635
2 4 516 1592 517 1635
2 4 516 560 559 1635
2 4 516 559 1634 1635
2 4 516 1591 1592 1635
2 4 516 1634 1591 1635
2 4 517 518 561 1636
2 4 517 1593 518 1636
2 4 517 561 560 1636
2 4 517 560 1635 1636
2 4 517 1592 1593 1636
2 4 517 1635 1592 1636
2 4 518 519 562 1637
2 4 518 1594 519 1637
2 4 518 562 561 1637
2 4 518 561 1636 1637
2 4 518 1593 1594 1637
2 4 518 1636 1593 1637
2 4 519 520 563 1638
2 4 519 1595 520 1638
2 4 519 563 562 1638
2 4 519 562 1637 1638
2 4 519 1594 1595 1638
2 4 519 1637 1594 1638
2 4 520 521 564 1639
2 4 520 1596 521 1639
2 4 520 564 563 1639
2 4 520 563 1638 1639
2 4 520 1595 1596 1639
2 4 520 1638 1595 1639
2 4 521 522 565 1640
2 4 521 1597 522 1640
2 4 521 565 564 1640
2 4 521 564 1639 1640
2 4 521 1596 1597 1640
2 4 521 1639 1596 1640
2 4 522 523 566 1641
2 4 522 1598 523 1641
2 4 522 566 565 1641
2 4 522 565 1640 1641
2 4 522 1597 1598 1641
2 4 522 1640 1597 1641
2 4 523 524 567 1642
2 4 523 1599 524 1642
2 4 523 567 566 1642
2 4 523 566 1641 1642
2 4 523 1598 1599 1642
2 4 523 1641 1598 1642
2 4 524 525 568 1643
2 4 524 1600 525 1643
2 4 524 568 567 1643
2 4 524 567 1642 1643
2 4 524 1599 1600 1643
2 4 524 1642 1599 1643
2 4 525 526 569 1644
2 4 525 1601 526 1644
2 4 525 569 568 1644
2 4 525 568 1643 1644
2 4 525 1600 1601 1644
2 4 525 1643 1600 1644
2 4 526 527 570 1645
2 4 526 1602 527 1645
2 4 526 570 569 1645
2 4 526 569 1644 1645
2 4 526 1601 1602 1645
2 4 526 1644 1601 1645
2 4 527 528 571 1646
2 4 527 1603 528 1646
2 4 527 571 570 1646
2 4 527 570 1645 1646
2 4 527 1602 1603 1646
2 4 527 1645 1602 1646
2 4 528 529 572 1647
2 4 528 1604 529 1647
2 4 528 572 571 1647
2 4 528 571 1646 1647
2 4 528 1603 1604 1647
2 4 528 1646 1603 1647
2 4 529 530 573 1648
2 4 529 1605 530 1648
2 4 529 573 572 1648
2 4 529 572 1647 1648
2 4 529 1604 1605 1648
2 4 529 1647 1604 1648
2 4 530 531 574 1649
2 4 530 1606 531 1649
2 4 530 574 573 1649
2 4 530 573 1648 1649
2 4 530 1605 1606 1649
2 4 530 1648 1605 1649
2 4 531 532 575 1650
2 4 531 1607 532 1650
2 4 531 575 574 1650
2 4 531 574 1649 1650
2 4 531 1606 1607 1650
2 4 531 1649 1606 1650
2 4 532 533 576 1651
2 4 532 1608 533 1651
2 4 532 576 575 1651
2 4 532 575 1650 1651
2 4 532 1607 1608 1651
2 4 532 1650 1607 1651
2 4 533 534 577 1652
2 4 533 1609 534 1652
2 4 533 577 576 1652
2 4 533 576 1651 1652
2 4 533 1608 1609 1652
2 4 533 1651 1608 1652
2 4 534 535 578 1653
2 4 534 1610 535 1653
2 4 534 578 577 1653
2 4 534 577 1652 1653
2 4 534 1609 1610 1653
2 4 534 1652 1609 1653
2 4 535 536 579 1654
2 4 535 1611 536 1654
2 4 535 579 578 1654
2 4 535 578 1653 1654
2 4 535 1610 1611 1654
2 4 535 1653 1610 1654
2 4 536 537 580 1655
2 4 536 1612 537 1655
2 4 536 580 579 1655
2 4 536 579 1654 1655
2 4 536 1611 1612 1655
2 4 536 1654 1611 1655
2 4 537 538 581 1656
2 4 537 1613 538 1656
2 4 537 581 580 1656
2 4 537 580 1655 1656
2 4 537 1612 1613 1656
2 4 537 1655 1612 1656
2 4 538 539 582 1657
2 4 538 1614 539 1657
2 4 538 582 581 1657
2 4 538 581 1656 1657
2 4 538 1613 1614 1657
2 4 538 1656 1613 1657
2 4 539 540 583 1658
2 4 539 1615 540 1658
2 4 539 583 582 1658
2 4 539 582 1657 1658
2 4 539 1614 1615 1658
2 4 539 1657 1614 1658
2 4 540 541 584 1659
2 4 540 1616 541 1659
2 4 540 584 583 1659
2 4 540 583 1658 1659
2 4 540 1615 1616 1659
2 4 540 1658 1615 1659
2 4 541 542 585 1660
2 4 541 1617 542 1660
2 4 541 585 584 1660
2 4 541 584 1659 1660
2 4 541 1616 1617 1660
2 4 541 1659 1616 1660
2 4 542 543 586 1661
2 4 542 1618 543 1661
2 4 542 586 585 1661
2 4 542 585 1660 1661
2 4 542 1617 1618 1661
2 4 542 1660 1617 1661
2 4 543 544 587 1662
2 4 543 1619 544 1662
2 4 543 587 586 1662
2 4 543 586 1661 1662
2 4 543 1618 1619 1662
2 4 543 1661 1618 1662
2 4 544 545 588 1663
2 4 544 1620 545 1663
2 4 544 588 587 1663
2 4 544 587 1662 1663
2 4 544 1619 1620 1663
2 4 544 1662 1619 1663
2 4 545 546 589 1664
2 4 545 1621 546 1664
2 4 545 589 588 1664
2 4 545 588 1663 1664
2 4 545 1620 1621 1664
2 4 545 1663 1620 1664
2 4 546 547 590 1665
2 4 546 1622 547 1665
2 4 546 590 589 1665
2 4 546 589 1664 1665
2 4 546 1621 1622 1665
2 4 546 1664 1621 1665
2 4 547 548 591 1666
2 4 547 1623 548 1666
2 4 547 591 590 1666
2 4 547 590 1665 1666
2 4 547 1622 1623 1666
2 4 547 1665 1622 1666
2 4 548 549 592 1667
2 4 548 1624 549 1667
2 4 548 592 591 1667
2 4 548 591 1666 1667
2 4 548 1623 1624 1667
2 4 548 1666 1623 1667
2 4 549 550 593 1668
2 4 549 1625 550 1668
2 4 549 593 592 1668
2 4 549 592 1667 1668
2 4 549 1624 1625 1668
2 4 549 1667 1624 1668
2 4 550 551 594 1669
2 4 550 1626 551 1669
2 4 550 594 593 1669
2 4 550 593 1668 1669
2 4 550 1625 1626 1669
2 4 550 1668 1625 1669
2 4 551 552 595 1670
2 4 551 1627 552 1670
2 4 551 595 594 1670
2 4 551 594 1669 1670
2 4 551 1626 1627 1670
2 4 551 1669 1626 1670
2 4 552 553 596 1671
2 4 552 1628 553 1671
2 4 552 596 595 1671
2 4 552 595 1670 1671
2 4 552 1627 1628 1671
2 4 552 1670 1627 1671
2 4 553 554 597 1672
2 4 553 1629 554 1672
2 4 553 597 596 1672
2 4 553 596 1671 1672
2 4 553 1628 1629 1672
2 4 553 1671 1628 1672
2 4 554 555 598 1673
2 4 554 1630 555 1673
2 4 554 598 597 1673
2 4 554 597 1672 1673
2 4 554 1629 1630 1673
2 4 554 1672 1629 1673
2 4 555 556 599 1674
2 4 555 1631 556 1674
2 4 555 599 598 1674
2 4 555 598 1673 1674
2 4 555 1630 1631 1674
2 4 555 1673 1630 1674
2 4 556 557 600 1675
2 4 556 1632 557 1675
2 4 556 600 599 1675
2 4 556 599 1674 1675
2 4 556 1631 1632 1675
2 4 556 1674 1631 1675
2 4 557 558 601 1676
2 4 557 1633 558 1676
2 4 557 601 600 1676
2 4 557 600 1675 1676
2 4 557 1632 1633 1676
2 4 557 1675 1632 1676
2 4 559 560 603 1678
2 4 559 1635 560 1678
2 4 559 603 602 1678
2 4 559 602 1677 1678
2 4 559 1634 1635 1678
2 4 559 1677 1634 1678
2 4 560 561 604 1679
2 4 560 1636 561 1679
2 4 560 604 603 1679
2 4 560 603 1678 1679
2 4 560 1635 1636 1679
2 4 560 1678 1635 1679
2 4 561 562 605 1680
2 4 561 1637 562 1680
2 4 561 605 604 1680
2 4 561 604 1679 1680
2 4 561 1636 1637 1680
2 4 561 1679 1636 1680
2 4 562 563 606 1681
2 4 562 1638 563 1681
2 4 562 606 605 1681
2 4 562 605 1680 1681
2 4 562 1637 1638 1681
2 4 562 1680 1637 1681
2 4 563 564 607 1682
2 4 563 1639 564 1682
2 4 563 607 606 1682
2 4 563 606 1681 1682
2 4 563 1638 1639 1682
2 4 563 1681 1638 1682
2 4 564 565 608 1683
2 4 564 1640 565 1683
2 4 564 608 607 1683
2 4 564 607 1682 1683
2 4 564 1639 1640 1683
2 4 564 1682 1639 1683
2 4 565 566 609 1684
2 4 565 1641 566 1684
2 4 565 609 608 1684
2 4 565 608 1683 1684
2 4 565 1640 1641 1684
2 4 565 1683 1640 1684
2 4 566 567 610 1685
2 4 566 1642 567 1685
2 4 566 610 609 1685
2 4 566 609 1684 1685
2 4 566 1641 1642 1685
2 4 566 1684 1641 1685
2 4 567 568 611 1686
2 4 567 1643 568 1686
2 4 567 611 610 1686
2 4 567 610 1685 1686
2 4 567 1642 1643 1686
2 4 567 1685 1642 1686
2 4 568 569 612 1687
2 4 568 1644 569 1687
2 4 568 612 611 1687
2 4 568 611 1686 1687
2 4 568 1643 1644 1687
2 4 568 1686 1643 1687
2 4 569 570 613 1688
2 4 569 1645 570 1688
2 4 569 613 612 1688
2 4 569 612 1687 1688
2 4 569 1644 1645 1688
2 4 569 1687 1644 1688
2 4 570 571 614 1689
2 4 570 1646 571 1689
2 4 570 614 613 1689
2 4 570 613 1688 1689
2 4 570 1645 1646 1689
2 4 570 1688 1645 1689
2 4 571 572 615 1690
2 4 571 1647 572 1690
2 4 571 615 614 1690
2 4 571 614 1689 1690
2 4 571 1646 1647 1690
2 4 571 1689 1646 1690
2 4 572 573 616 1691
2 4 572 1648 573 1691
2 4 572 616 615 1691
2 4 572 615 1690 1691
2 4 572 1647 1648 1691
2 4 572 1690 1647 1691
2 4 573 574 617 1692
2 4 573 1649 574 1692
2 4 573 617 616 1692
2 4 573 616 1691 1692
2 4 573 1648 1649 1692
2 4 573 1691 1648 1692
2 4 574 575 618 1693
2 4 574 1650 575 1693
2 4 574 618 617 1693
2 4 574 617 1692 1693
2 4 574 1649 1650 1693
2 4 574 1692 1649 1693
2 4 575 576 619 1694
2 4 575 1651 576 1694
2 4 575 619 618 1694
2 4 575 618 1693 1694
2 4 575 1650 1651 1694
2 4 575 1693 1650 1694
2 4 576 577 620 1695
2 4 576 1652 577 1695
2 4 576 620 619 1695
2 4 576 619 1694 1695
2 4 576 1651 1652 1695
2 4 576 1694 1651 1695
2 4 577 578 621 1696
2 4 577 1653 578 1696
2 4 577 621 620 1696
2 4 577 620 1695 1696
2 4 577 1652 1653 1696
2 4 577 1695 1652 1696
2 4 578 579 622 1697
2 4 578 1654 579 1697
2 4 578 622 621 1697
2 4 578 621 1696 1697
2 4 578 1653 1654 1697
2 4 578 1696 1653 1697
2 4 579 580 623 1698
2 4 579 1655 580 1698
2 4 579 623 622 1698
2 4 579 622 1697 1698
2 4 579 1654 1655 1698
2 4 579 1697 1654 1698
2 4 580 581 624 1699
2 4 580 1656 581 1699
2 4 580 624 623 1699
2 4 580 623 1698 1699
2 4 580 1655 1656 1699
2 4 580 1698 1655 1699
2 4 581 582 625 1700
2 4 581 1657 582 1700
2 4 581 625 624 1700
2 4 581 624 1699 1700
2 4 581 1656 1657 1700
2 4 581 1699 1656 1700
2 4 582 583 626 1701
2 4 582 1658 583 1701
2 4 582 626 625 1701
2 4 582 625 1700 1701
2 4 582 1657 1658 1701
2 4 582 1700 1657 1701
2 4 583 584 627 1702
2 4 583 1659 584 1702
2 4 583 627 626 1702
2 4 583 626 1701 1702
2 4 583 1658 1659 1702
2 4 583 1701 1658 1702
2 4 584 585 628 1703
2 4 584 1660 585 1703
2 4 584 628 627 1703
2 4 584 627 1702 1703
2 4 584 1659 1660 1703
2 4 584 1702 1659 1703
2 4 585 586 629 1704
2 4 585 1661 586 1704
2 4 585 629 628 1704
2 4 585 628 1703 1704
2 4 585 1660 1661 1704
2 4 585 1703 1660 1704
2 4 586 587 630 1705
2 4 586 1662 587 1705
2 4 586 630 629 1705
2 4 586 629 1704 1705
2 4 586 1661 1662 1705
2 4 586 1704 1661 1705
2 4 587 588 631 1706
2 4 587 1663 588 1706
2 4 587 631 630 1706
2 4 587 630 1705 1706
2 4 587 1662 1663 1706
2 4 587 1705 1662 1706
2 4 588 589 632 1707
2 4 588 1664 589 1707
2 4 588 632 631 1707
2 4 588 631 1706 1707
2 4 588 1663 1664 1707
2 4 588 1706 1663 1707
2 4 589 590 633 1708
2 4 589 1665 590 1708
2 4 589 633 632 1708
2 4 589 632 1707 1708
2 4 589 1664 1665 1708
2 4 589 1707 1664 1708
2 4 590 591 634 1709
2 4 590 1666 591 1709
2 4 590 634 633 1709
2 4 590 633 1708 1709
2 4 590 1665 1666 1709
2 4 590 1708 1665 1709
2 4 591 592 635 1710
2 4 591 1667 592 1710
2 4 591 635 634 1710
2 4 591 634 1709 1710
2 4 591 1666 1667 1710
2 4 591 1709 1666 1710
2 4 592 593 636 1711
2 4 592 1668 593 1711
2 4 592 636 635 1711
2 4 592 635 1710 1711
2 4 592 1667 1668 1711
2 4 592 1710 1667 1711
2 4 593 594 637 1712
2 4 593 1669 594 1712
2 4 593 637 636 1712
2 4 593 636 1711 1712
2 4 593 1668 1669 1712
2 4 593 1711 1668 1712
2 4 594 595 638 1713
2 4 594 1670 595 1713
2 4 594 638 637 1713
2 4 594 637 1712 1713
2 4 594 1669 1670 1713
2 4 594 1712 1669 1713
2 4 595 596 639 1714
2 4 595 1671 596 1714
2 4 595 639 638 1714
2 4 595 638 1713 1714
2 4 595 1670 1671 1714
2 4 595 1713 1670 1714
2 4 596 597 640 1715
2 4 596 1672 597 1715
2 4 596 640 639 1715
2 4 596 639 1714 1715
2 4 596 1671 1672 1715
2 4 596 1714 1671 1715
2 4 597 598 641 1716
2 4 597 1673 598 1716
2 4 597 641 640 1716
2 4 597 640 1715 1716
2 4 597 1672 1673 1716
2 4 597 1715 1672 1716
2 4 598 599 642 1717
2 4 598 1674 599 1717
2 4 598 642 641 1717
2 4 598 641 1716 1717
2 4 598 1673 1674 1717
2 4 598 1716 1673 1717
2 4 599 600 643 1718
2 4 599 1675 600 1718
2 4 599 643 642 1718
2 4 599 642 1717 1718
2 4 599 1674 1675 1718
2 4 599 1717 1674 1718
2 4 600 601 644 1719
2 4 600 1676 601 1719
2 4 600 644 643 1719
2 4 600 643 1718 1719
2 4 600 1675 1676 1719
2 4 600 1718 1675 1719
2 4 602 603 646 1721
2 4 602 1678 603 1721
2 4 602 646 645 1721
2 4 602 645 1720 1721
2 4 602 1677 1678 1721
2 4 602 1720 1677 1721
2 4 603 604 647 1722
2 4 603 1679 604 1722
2 4 603 647 646 1722
2 4 603 646 1721 1722
2 4 603 1678 1679 1722
2 4 603 1721 1678 1722
2 4 604 605 648 1723
2 4 604 1680 605 1723
2 4 604 648 647 1723
2 4 604 647 1722 1723
2 4 604 1679 1680 1723
2 4 604 1722 1679 1723
2 4 605 606 649 1724
2 4 605 1681 606 1724
2 4 605 649 648 1724
2 4 605 648 1723 1724
2 4 605 1680 1681 1724
2 4 605 1723 1680 1724
2 4 606 607 650 1725
2 4 606 1682 607 1725
2 4 606 650 649 1725
2 4 606 649 1724 1725
2 4 606 1681 1682 1725
2 4 606 1724 1681 1725
2 4 607 608 651 1726
2 4 607 1683 608 1726
2 4 607 651 650 1726
2 4 607 650 1725 1726
2 4 607 1682 1683 1726
2 4 607 1725 1682 1726
2 4 608 609 652 1727
2 4 608 1684 609 1727
2 4 608 652 651 1727
2 4 608 651 1726 1727
2 4 608 1683 1684 1727
2 4 608 1726 1683 1727
2 4 609 610 653 1728
2 4 609 1685 610 1728
2 4 609 653 652 1728
2 4 609 652 1727 1728
2 4 609 1684 1685 1728
2 4 609 1727 1684 1728
2 4 610 611 654 1729
2 4 610 1686 611 1729
2 4 610 654 653 1729
2 4 610 653 1728 1729
2 4 610 1685 1686 1729
2 4 610 1728 1685 1729
2 4 611 612 655 1730
2 4 611 1687 612 1730
2 4 611 655 654 1730
2 4 611 654 1729 1730
2 4 611 1686 1687 1730
2 4 611 1729 1686 1730
2 4 612 613 656 1731
2 4 612 1688 613 1731
2 4 612 656 655 1731
2 4 612 655 1730 1731
2 4 612 1687 1688 1731
2 4 612 1730 1687 1731
2 4 613 614 657 1732
2 4 613 1689 614 1732
2 4 613 657 656 1732
2 4 613 656 1731 1732
2 4 613 1688 1689 1732
2 4 613 1731 1688 1732
2 4 614 615 658 1733
2 4 614 1690 615 1733
2 4 614 658 657 1733
2 4 614 657 1732 1733
2 4 614 1689 1690 1733
2 4 614 1732 1689 1733
2 4 615 616 659 1734
2 4 615 1691 616 1734
2 4 615 659 658 1734
2 4 615 658 1733 1734
2 4 615 1690 1691 1734
2 4 615 1733 1690 1734
2 4 616 617 660 1735
2 4 616 1692 617 1735
2 4 616 660 659 1735
2 4 616 659 1734 1735
2 4 616 1691 1692 1735
2 4 616 1734 1691 1735
2 4 617 618 661 1736
2 4 617 1693 618 1736
2 4 617 661 660 1736
2 4 617 660 1735 1736
2 4 617 1692 1693 1736
2 4 617 1735 1692 1736
2 4 618 619 662 1737
2 4 618 1694 619 1737
2 4 618 662 661 1737
2 4 618 661 1736 1737
2 4 618 1693 1694 1737
2 4 618 1736 1693 1737
2 4 619 620 663 1738
2 4 619 1695 620 1738
2 4 619 663 662 1738
2 4 619 662 1737 1738
2 4 619 1694 1695 1738
2 4 619 1737 1694 1738
2 4 620 621 664 1739
2 4 620 1696 621 1739
2 4 620 664 663 1739
2 4 620 663 1738 1739
2 4 620 1695 1696 1739
2 4 620 1738 1695 1739
2 4 621 622 665 1740
2 4 621 1697 622 1740
2 4 621 665 664 1740
2 4 621 664 1739 1740
2 4 621 1696 1697 1740
2 4 621 1739 1696 1740
2 4 622 623 666 1741
2 4 622 1698 623 1741
2 4 622 666 665 1741
2 4 622 665 1740 1741
2 4 622 1697 1698 1741
2 4 622 1740 1697 1741
2 4 623 624 667 1742
2 4 623 1699 624 1742
2 4 623 667 666 1742
2 4 623 666 1741 1742
2 4 623 1698 1699 1742
2 4 623 1741 1698 1742
2 4 624 625 668 1743
2 4 624 1700 625 1743
2 4 624 668 667 1743
2 4 624 667 1742 1743
2 4 624 1699 1700 1743
2 4 624 1742 1699 1743
2 4 625 626 669 1744
2 4 625 1701 626 1744
2 4 625 669 668 1744
2 4 625 668 1743 1744
2 4 625 1700 1701 1744
2 4 625 1743 1700 1744
2 4 626 627 670 1745
2 4 626 1702 627 1745
2 4 626 670 669 1745
2 4 626 669 1744 1745
2 4 626 1701 1702 1745
2 4 626 1744 1701 1745
2 4 627 628 671 1746
2 4 627 1703 628 1746
2 4 627 671 670 1746
2 4 627 670 1745 1746
2 4 627 1702 1703 1746
2 4 627 1745 1702 1746
2 4 628 629 672 1747
2 4 628 1704 629 1747
2 4 628 672 671 1747
2 4 628 671 1746 1747
2 4 628 1703 1704 1747
2 4 628 1746 1703 1747
2 4 629 630 673 1748
2 4 629 1705 630 1748
2 4 629 673 672 1748
2 4 629 672 1747 1748
2 4 629 1704 1705 1748
2 4 629 1747 1704 1748
2 4 630 631 674 1749
2 4 630 1706 631 1749
2 4 630 674 673 1749
2 4 630 673 1748 1749
2 4 630 1705 1706 1749
2 4 630 1748 1705 1749
2 4 631 632 675 1750
2 4 631 1707 632 1750
2 4 631 675 674 1750
2 4 631 674 1749 1750
2 4 631 1706 1707 1750
2 4 631 1749 1706 1750
2 4 632 633 676 1751
2 4 632 1708 633 1751
2 4 632 676 675 1751
2 4 632 675 1750 1751
2 4 632 1707 1708 1751
2 4 632 1750 1707 1751
2 4 633 634 677 1752
2 4 633 1709 634 1752
2 4 633 677 676 1752
2 4 633 676 1751 1752
2 4 633 1708 1709 1752
2 4 633 1751 1708 1752
2 4 634 635 678 1753
2 4 634 1710 635 1753
2 4 634 678 677 1753
2 4 634 677 1752 1753
2 4 634 1709 1710 1753
2 4 634 1752 1709 1753
2 4 635 636 679 1754
2 4 635 1711 636 1754
2 4 635 679 678 1754
2 4 635 678 1753 1754
2 4 635 1710 1711 1754
2 4 635 1753 1710 1754
2 4 636 637 680 1755
2 4 636 1712 637 1755
2 4 636 680 679 1755
2 4 636 679 1754 1755
2 4 636 1711 1712 1755
2 4 636 1754 1711 1755
2 4 637 638 681 1756
2 4 637 1713 638 1756
2 4 637 681 680 1756
2 4 637 680 1755 1756
2 4 637 1712 1713 1756
2 4 637 1755 1712 1756
2 4 638 639 682 1757
2 4 638 1714 639 1757
2 4 638 682 681 1757
2 4 638 681 1756 1757
2 4 638 1713 1714 1757
2 4 638 1756 1713 1757
2 4 639 640 683 1758
2 4 639 1715 640 1758
2 4 639 683 682 1758
2 4 639 682 1757 1758
2 4 639 1714 1715 1758
2 4 639 1757 1714 1758
2 4 640 641 684 1759
2 4 640 1716 641 1759
2 4 640 684 683 1759
2 4 640 683 1758 1759
2 4 640 1715 1716 1759
2 4 640 1758 1715 1759
2 4 641 642 685 1760
2 4 641 1717 642 1760
2 4 641 685 684 1760
2 4 641 684 1759 1760
2 4 641 1716 1717 1760
2 4 641 1759 1716 1760
2 4 642 643 686 1761
2 4 642 1718 643 1761
2 4 642 686 685 1761
2 4 642 685 1760 1761
2 4 642 1717 1718 1761
2 4 642 1760 1717 1761
2 4 643 644 687 1762
2 4 643 1719 644 1762
2 4 643 687 686 1762
2 4 643 686 1761 1762
2 4 643 1718 1719 1762
2 4 643 1761 1718 1762
2 4 645 646 689 1764
2 4 645 1721 646 1764
2 4 645 689 688 1764
2 4 645 688 1763 1764
2 4 645 1720 1721 1764
2 4 645 1763 1720 1764
2 4 646 647 690 1765
2 4 646 1722 647 1765
2 4 646 690 689 1765
2 4 646 689 1764 1765
2 4 646 1721 1722 1765
2 4 646 1764 1721 1765
2 4 647 648 691 1766
2 4 647 1723 648 1766
2 4 647 691 690 1766
2 4 647 690 1765 1766
2 4 647 1722 1723 1766
2 4 647 1765 1722 1766
2 4 648 649 692 1767
2 4 648 1724 649 1767
2 4 648 692 691 1767
2 4 648 691 1766 1767
2 4 648 1723 1724 1767
2 4 648 1766 1723 1767
2 4 649 650 693 1768
2 4 649 1725 650 1768
2 4 649 693 692 1768
2 4 649 692 1767 1768
2 4 649 1724 1725 1768
2 4 649 1767 1724 1768
2 4 650 651 694 1769
2 4 650 1726 651 1769
2 4 650 694 693 1769
2 4 650 693 1768 1769
2 4 650 1725 1726 1769
2 4 650 1768 1725 1769
2 4 651 652 695 1770
2 4 651 1727 652 1770
2 4 651 695 694 1770
2 4 651 694 1769 1770
2 4 651 1726 1727 1770
2 4 651 1769 1726 1770
2 4 652 653 696 1771
2 4 652 1728 653 1771
2 4 652 696 695 1771
2 4 652 695 1770 1771
2 4 652 1727 1728 1771
2 4 652 1770 1727 1771
2 4 653 654 697 1772
2 4 653 1729 654 1772
2 4 653 697 696 1772
2 4 653 696 1771 1772
2 4 653 1728 1729 1772
2 4 653 1771 1728 1772
2 4 654 655 698 1773
2 4 654 1730 655 1773
2 4 654 698 697 1773
2 4 654 697 1772 1773
2 4 654 1729 1730 1773
2 4 654 1772 1729 1773
2 4 655 656 699 1774
2 4 655 1731 656 1774
2 4 655 699 698 1774
2 4 655 698 1773 1774
2 4 655 1730 1731 1774
2 4 655 1773 1730 1774
2 4 656 657 700 1775
2 4 656 1732 657 1775
2 4 656 700 699 1775
2 4 656 699 1774 1775
2 4 656 1731 1732 1775
2 4 656 1774 1731 1775
2 4 657 658 701 1776
2 4 657 1733 658 1776
2 4 657 701 700 1776
2 4 657 700 1775 1776
2 4 657 1732 1733 1776
2 4 657 1775 1732 1776
2 4 658 659 702 1777
2 4 658 1734 659 1777
2 4 658 702 701 1777
2 4 658 701 1776 1777
2 4 658 1733 1734 1777
2 4 658 1776 1733 1777
2 4 659 660 703 1778
2 4 659 1735 660 1778
2 4 659 703 702 1778
2 4 659 702 1777 1778
2 4 659 1734 1735 1778
2 4 659 1777 1734 1778
2 4 660 661 704 1779
2 4 660 1736 661 1779
2 4 660 704 703 1779
2 4 660 703 1778 1779
2 4 660 1735 1736 1779
2 4 660 1778 1735 1779
2 4 661 662 705 1780
2 4 661 1737 662 1780
2 4 661 705 704 1780
2 4 661 704 1779 1780
2 4 661 1736 1737 1780
2 4 661 1779 1736 1780
2 4 662 663 706 1781
2 4 662 1738 663 1781
2 4 662 706 705 1781
2 4 662 705 1780 1781
2 4 662 1737 1738 1781
2 4 662 1780 1737 1781
2 4 663 664 707 1782
2 4 663 1739 664 1782
2 4 663 707 706 1782
2 4 663 706 1781 1782
2 4 663 1738 1739 1782
2 4 663 1781 1738 1782
2 4 664 665 708 1783
2 4 664 1740 665 1783
2 4 664 708 707 1783
2 4 664 707 1782 1783
2 4 664 1739 1740 1783
2 4 664 1782 1739 1783
2 4 665 666 709 1784
2 4 665 1741 666 1784
2 4 665 709 708 1784
2 4 665 708 1783 1784
2 4 665 1740 1741 1784
2 4 665 1783 1740 1784
2 4 666 667 710 1785
2 4 666 1742 667 1785
2 4 666 710 709 1785
2 4 666 709 1784 1785
2 4 666 1741 1742 1785
2 4 666 1784 1741 1785
2 4 667 668 711 1786
2 4 667 1743 668 1786
2 4 667 711 710 1786
2 4 667 710 1785 1786
2 4 667 1742 1743 1786
2 4 667 1785 1742 1786
2 4 668 669 712 1787
2 4 668 1744 669 1787
2 4 668 712 711 1787
2 4 668 711 1786 1787
2 4 668 1743 1744 1787
2 4 668 1786 1743 1787
2 4 669 670 713 1788
2 4 669 1745 670 1788
2 4 669 713 712 1788
2 4 669 712 1787 1788
2 4 669 1744 1745 1788
2 4 669 1787 1744 1788
2 4 670 671 714 1789
2 4 670 1746 671 1789
2 4 670 714 713 1789
2 4 670 713 1788 1789
2 4 670 1745 1746 1789
2 4 670 1788 1745 1789
2 4 671 672 715 1790
2 4 671 1747 672 1790
2 4 671 715 714 1790
2 4 671 714 1789 1790
2 4 671 1746 1747 1790
2 4 671 1789 1746 1790
2 4 672 673 716 1791
2 4 672 1748 673 1791
2 4 672 716 715 1791
2 4 672 715 1790 1791
2 4 672 1747 1748 1791
2 4 672 1790 1747 1791
2 4 673 674 717 1792
2 4 673 1749 674 1792
2 4 673 717 716 1792
2 4 673 716 1791 1792
2 4 673 1748 1749 1792
2 4 673 1791 1748 1792
2 4 674 675 718 1793
2 4 674 1750 675 1793
2 4 674 718 717 1793
2 4 674 717 1792 1793
2 4 674 1749 1750 1793
2 4 674 1792 1749 1793
2 4 675 676 719 1794
2 4 675 1751 676 1794
2 4 675 719 718 1794
2 4 675 718 1793 1794
2 4 675 1750 1751 1794
2 4 675 1793 1750 1794
2 4 676 677 720 1795
2 4 676 1752 677 1795
2 4 676 720 719 1795
2 4 676 719 1794 1795
2 4 676 1751 1752 1795
2 4 676 1794 1751 1795
2 4 677 678 721 1796
2 4 677 1753 678 1796
2 4 677 721 720 1796
2 4 677 720 1795 1796
2 4 677 1752 1753 1796
2 4 677 1795 1752 1796
2 4 678 679 722 1797
2 4 678 1754 679 1797
2 4 678 722 721 1797
2 4 678 721 1796 1797
2 4 678 1753 1754 1797
2 4 678 1796 1753 1797
2 4 679 680 723 1798
2 4 679 1755 680 1798
2 4 679 723 722 1798
2 4 679 722 1797 1798
2 4 679 1754 1755 1798
2 4 679 1797 1754 1798
2 4 680 681 724 1799
2 4 680 1756 681 1799
2 4 680 724 723 1799
2 4 680 723 1798 1799
2 4 680 1755 1756 1799
2 4 680 1798 1755 1799
2 4 681 682 725 1800
2 4 681 1757 682 1800
2 4 681 725 724 1800
2 4 681 724 1799 1800
2 4 681 1756 1757 1800
2 4 681 1799 1756 1800
2 4 682 683 726 1801
2 4 682 1758 683 1801
2 4 682 726 725 1801
2 4 682 725 1800 1801
2 4 682 1757 1758 1801
2 4 682 1800 1757 1801
2 4 683 684 727 1802
2 4 683 1759 684 1802
2 4 683 727 726 1802
2 4 683 726 1801 1802
2 4 683 1758 1759 1802
2 4 683 1801 1758 1802
2 4 684 685 728 1803
2 4 684 1760 685 1803
2 4 684 728 727 1803
2 4 684 727 1802 1803
2 4 684 1759 1760 1803
2 4 684 1802 1759 1803
2 4 685 686 729 1804
2 4 685 1761 686 1804
2 4 685 729 728 1804
2 4 685 728 1803 1804
2 4 685 1760 1761 1804
2 4 685 1803 1760 1804
2 4 686 687 730 1805
2 4 686 1762 687 1805
2 4 686 730 729 1805
2 4 686 729 1804 1805
2 4 686 1761 1762 1805
2 4 686 1804 1761 1805
2 4 688 689 732 1807
2 4 688 1764 689 1807
2 4 688 732 731 1807
2 4 688 731 1806 1807
2 4 688 1763 1764 1807
2 4 688 1806 1763 1807
2 4 689 690 733 1808
2 4 689 1765 690 1808
2 4 689 733 732 1808
2 4 689 732 1807 1808
2 4 689 1764 1765 1808
2 4 689 1807 1764 1808
2 4 690 691 734 1809
2 4 690 1766 691 1809
2 4 690 734 733 1809
2 4 690 733 1808 1809
2 4 690 1765 1766 1809
2 4 690 1808 1765 1809
2 4 691 692 735 1810
2 4 691 1767 692 1810
2 4 691 735 734 1810
2 4 691 734 1809 1810
2 4 691 1766 1767 1810
2 4 691 1809 1766 1810
2 4 692 693 736 1811
2 4 692 1768 693 1811
2 4 692 736 735 1811
2 4 692 735 1810 1811
2 4 692 1767 1768 1811
2 4 692 1810 1767 1811
2 4 693 694 737 1812
2 4 693 1769 694 1812
2 4 693 737 736 1812
2 4 693 736 1811 1812
2 4 693 1768 1769 1812
2 4 693 1811 1768 1812
2 4 694 695 738 1813
2 4 694 1770 695 1813
2 4 694 738 737 1813
2 4 694 737 1812 1813
2 4 694 1769 1770 1813
2 4 694 1812 1769 1813
2 4 695 696 739 1814
2 4 695 1771 696 1814
2 4 695 739 738 1814
2 4 695 738 1813 1814
2 4 695 1770 1771 1814
2 4 695 1813 1770 1814
2 4 696 697 740 1815
2 4 696 1772 697 1815
2 4 696 740 739 1815
2 4 696 739 1814 1815
2 4 696 1771 1772 1815
2 4 696 1814 1771 1815
2 4 697 698 741 1816
2 4 697 1773 698 1816
2 4 697 741 740 1816
2 4 697 740 1815 1816
2 4 697 1772 1773 1816
2 4 697 1815 1772 1816
2 4 698 699 742 1817
2 4 698 1774 699 1817
2 4 698 742 741 1817
2 4 698 741 1816 1817
2 4 698 1773 1774 1817
2 4 698 1816 1773 1817
2 4 699 700 743 1818
2 4 699 1775 700 1818
2 4 699 743 742 1818
2 4 699 742 1817 1818
2 4 699 1774 1775 1818
2 4 699 1817 1774 1818
2 4 700 701 744 1819
2 4 700 1776 701 1819
2 4 700 744 743 1819
2 4 700 743 1818 1819
2 4 700 1775 1776 1819
2 4 700 1818 1775 1819
2 4 701 702 745 1820
2 4 701 1777 702 1820
2 4 701 745 744 1820
2 4 701 744 1819 1820
2 4 701 1776 1777 1820
2 4 701 1819 1776 1820
2 4 702 703 746 1821
2 4 702 1778 703 1821
2 4 702 746 745 1821
2 4 702 745 1820 1821
2 4 702 1777 1778 1821
2 4 702 1820 1777 1821
2 4 703 704 747 1822
2 4 703 1779 704 1822
2 4 703 747 746 1822
2 4 703 746 1821 1822
2 4 703 1778 1779 1822
2 4 703 1821 1778 1822
2 4 704 705 748 1823
2 4 704 1780 705 1823
2 4 704 748 747 1823
2 4 704 747 1822 1823
2 4 704 1779 1780 1823
2 4 704 1822 1779 1823
2 4 705 706 749 1824
2 4 705 1781 706 1824
2 4 705 749 748 1824
2 4 705 748 1823 1824
2 4 705 1780 1781 1824
2 4 705 1823 1780 1824
2 4 706 707 750 1825
2 4 706 1782 707 1825
2 4 706 750 749 1825
2 4 706 749 1824 1825
2 4 706 1781 1782 1825
2 4 706 1824 1781 1825
2 4 707 708 751 1826
2 4 707 1783 708 1826
2 4 707 751 750 1826
2 4 707 750 1825 1826
2 4 707 1782 1783 1826
2 4 707 1825 1782 1826
2 4 708 709 752 1827
2 4 708 1784 709 1827
2 4 708 752 751 1827
2 4 708 751 1826 1827
2 4 708 1783 1784 1827
2 4 708 1826 1783 1827
2 4 709 710 753 1828
2 4 709 1785 710 1828
2 4 709 753 752 1828
2 4 709 752 1827 1828
2 4 709 1784 1785 1828
2 4 709 1827 1784 1828
2 4 710 711 754 1829
2 4 710 1786 711 1829
2 4 710 754 753 1829
2 4 710 753 1828 1829
2 4 710 1785 1786 1829
2 4 710 1828 1785 1829
2 4 711 712 755 1830
2 4 711 1787 712 1830
2 4 711 755 754 1830
2 4 711 754 1829 1830
2 4 711 1786 1787 1830
2 4 711 1829 1786 1830
2 4 712 713 756 1831
2 4 712 1788 713 1831
2 4 712 756 755 1831
2 4 712 755 1830 1831
2 4 712 1787 1788 1831
2 4 712 1830 1787 1831
2 4 713 714 757 1832
2 4 713 1789 714 1832
2 4 713 757 756 1832
2 4 713 756 1831 1832
2 4 713 1788 1789 1832
2 4 713 1831 1788 1832
2 4 714 715 758 1833
2 4 714 1790 715 1833
2 4 714 758 757 1833
2 4 714 757 1832 1833
2 4 714 1789 1790 1833
2 4 714 1832 1789 1833
2 4 715 716 759 1834
2 4 715 1791 716 1834
2 4 715 759 758 1834
2 4 715 758 1833 1834
2 4 715 1790 1791 1834
2 4 715 1833 1790 1834
2 4 716 717 760 1835
2 4 716 1792 717 1835
2 4 716 760 759 1835
2 4 716 759 1834 1835
2 4 716 1791 1792 1835
2 4 716 1834 1791 1835
2 4 717 718 761 1836
2 4 717 1793 718 1836
2 4 717 761 760 1836
2 4 717 760 1835 1836
2 4 717 1792 1793 1836
2 4 717 1835 1792 1836
2 4 718 719 762 1837
2 4 718 1794 719 1837
2 4 718 762 761 1837
2 4 718 761 1836 1837
2 4 718 1793 1794 1837
2 4 718 1836 1793 1837
2 4 719 720 763 1838
2 4 719 1795 720 1838
2 4 719 763 762 1838
2 4 719 762 1837 1838
2 4 719 1794 1795 1838
2 4 719 1837 1794 1838
2 4 720 721 764 1839
2 4 720 1796 721 1839
2 4 720 764 763 1839
2 4 720 763 1838 1839
2 4 720 1795 1796 1839
2 4 720 1838 1795 1839
2 4 721 722 765 1840
2 4 721 1797 722 1840
2 4 721 765 764 1840
2 4 721 764 1839 1840
2 4 721 1796 1797 1840
2 4 721 1839 1796 1840
2 4 722 723 766 1841
2 4 722 1798 723 1841
2 4 722 766 765 1841
2 4 722 765 1840 1841
2 4 722 1797 1798 1841
2 4 722 1840 1797 1841
2 4 723 724 767 1842
2 4 723 1799 724 1842
2 4 723 767 766 1842
2 4 723 766 1841 1842
2 4 723 1798 1799 1842
2 4 723 1841 1798 1842
2 4 724 725 768 1843
2 4 724 1800 725 1843
2 4 724 768 767 1843
2 4 724 767 1842 1843
2 4 724 1799 1800 1843
2 4 724 1842 1799 1843
2 4 725 726 769 1844
2 4 725 1801 726 1844
2 4 725 769 768 1844
2 4 725 768 1843 1844
2 4 725 1800 1801 1844
2 4 725 1843 1800 1844
2 4 726 727 770 1845
2 4 726 1802 727 1845
2 4 726 770 769 1845
2 4 726 769 1844 1845
2 4 726 1801 1802 1845
2 4 726 1844 1801 1845
2 4 727 728 771 1846
2 4 727 1803 728 1846
2 4 727 771 770 1846
2 4 727 770 1845 1846
2 4 727 1802 1803 1846
2 4 727 1845 1802 1846
2 4 728 729 772 1847
2 4 728 1804 729 1847
2 4 728 772 771 1847
2 4 728 771 1846 1847
2 4 728 1803 1804 1847
2 4 728 1846 1803 1847
2 4 729 730 773 1848
2 4 729 1805 730 1848
2 4 729 773 772 1848
2 4 729 772 1847 1848
2 4 729 1804 1805 1848
2 4 729 1847 1804 1848
2 4 731 732 775 1850
2 4 731 1807 732 1850
2 4 731 775 774 1850
2 4 731 774 1849 1850
2 4 731 1806 1807 1850
2 4 731 1849 1806 1850
2 4 732 733 776 1851
2 4 732 1808 733 1851
2 4 732 776 775 1851
2 4 732 775 1850 1851
2 4 732 1807 1808 1851
2 4 732 1850 1807 1851
2 4 733 734 777 1852
2 4 733 1809 734 1852
2 4 733 777 776 1852
2 4 733 776 1851 1852
2 4 733 1808 1809 1852
2 4 733 1851 1808 1852
2 4 734 735 778 1853
2 4 734 1810 735 1853
2 4 734 778 777 1853
2 4 734 777 1852 1853
2 4 734 1809 1810 1853
2 4 734 1852 1809 1853
2 4 735 736 779 1854
2 4 735 1811 736 1854
2 4 735 779 778 1854
2 4 735 778 1853 1854
2 4 735 1810 1811 1854
2 4 735 1853 1810 1854
2 4 736 737 780 1855
2 4 736 1812 737 1855
2 4 736 780 779 1855
2 4 736 779 1854 1855
2 4 736 1811 1812 1855
2 4 736 1854 1811 1855
2 4 737 738 781 1856
2 4 737 1813 738 1856
2 4 737 781 780 1856
2 4 737 780 1855 1856
2 4 737 1812 1813 1856
2 4 737 1855 1812 1856
2 4 738 739 782 1857
2 4 738 1814 739 1857
2 4 738 782 781 1857
2 4 738 781 1856 1857
2 4 738 1813 1814 1857
2 4 738 1856 1813 1857
2 4 739 740 783 1858
2 4 739 1815 740 1858
2 4 739 783 782 1858
2 4 739 782 1857 1858
2 4 739 1814 1815 1858
2 4 739 1857 1814 1858
2 4 740 741 784 1859
2 4 740 1816 741 1859
2 4 740 784 783 1859
2 4 740 783 1858 1859
2 4 740 1815 1816 1859
2 4 740 1858 1815 1859
2 4 741 742 785 1860
2 4 741 1817 742 1860
2 4 741 785 784 1860
2 4 741 784 1859 1860
2 4 741 1816 1817 1860
2 4 741 1859 1816 1860
2 4 742 743 786 1861
2 4 742 1818 743 1861
2 4 742 786 785 1861
2 4 742 785 1860 1861
2 4 742 1817 1818 1861
2 4 742 1860 1817 1861
2 4 743 744 787 1862
2 4 743 1819 744 1862
2 4 743 787 786 1862
2 4 743 786 1861 1862
2 4 743 1818 1819 1862
2 4 743 1861 1818 1862
2 4 744 745 788 1863
2 4 744 1820 745 1863
2 4 744 788 787 1863
2 4 744 787 1862 1863
2 4 744 1819 1820 1863
2 4 744 1862 1819 1863
2 4 745 746 789 1864
2 4 745 1821 746 1864
2 4 745 789 788 1864
2 4 745 788 1863 1864
2 4 745 1820 1821 1864
2 4 745 1863 1820 1864
2 4 746 747 790 1865
2 4 746 1822 747 1865
2 4 746 790 789 1865
2 4 746 789 1864 1865
2 4 746 1821 1822 1865
2 4 746 1864 1821 1865
2 4 747 748 791 1866
2 4 747 1823 748 1866
2 4 747 791 790 1866
2 4 747 790 1865 1866
2 4 747 1822 1823 1866
2 4 747 1865 1822 1866
2 4 748 749 792 1867
2 4 748 1824 749 1867
2 4 748 792 791 1867
2 4 748 791 1866 1867
2 4 748 1823 1824 1867
2 4 748 1866 1823 1867
2 4 749 750 793 1868
2 4 749 1825 750 1868
2 4 749 793 792 1868
2 4 749 792 1867 1868
2 4 749 1824 1825 1868
2 4 749 1867 1824 1868
2 4 750 751 794 1869
2 4 750 1826 751 1869
2 4 750 794 793 1869
2 4 750 793 1868 1869
2 4 750 1825 1826 1869
2 4 750 1868 1825 1869
2 4 751 752 795 1870
2 4 751 1827 752 1870
2 4 751 795 794 1870
2 4 751 794 1869 1870
2 4 751 1826 1827 1870
2 4 751 1869 1826 1870
2 4 752 753 796 1871
2 4 752 1828 753 1871
2 4 752 796 795 1871
2 4 752 795 1870 1871
2 4 752 1827 1828 1871
2 4 752 1870 1827 1871
2 4 753 754 797 1872
2 4 753 1829 754 1872
2 4 753 797 796 1872
2 4 753 796 1871 1872
2 4 753 1828 1829 1872
2 4 753 1871 1828 1872
2 4 754 755 798 1873
2 4 754 1830 755 1873
2 4 754 798 797 1873
2 4 754 797 1872 1873
2 4 754 1829 1830 1873
2 4 754 1872 1829 1873
2 4 755 756 799 1874
2 4 755 1831 756 1874
2 4 755 799 798 1874
2 4 755 798 1873 1874
2 4 755 1830 1831 1874
2 4 755 1873 1830 1874
2 4 756 757 800 1875
2 4 756 1832 757 1875
2 4 756 800 799 1875
2 4 756 799 1874 1875
2 4 756 1831 1832 1875
2 4 756 1874 1831 1875
2 4 757 758 801 1876
2 4 757 1833 758 1876
2 4 757 801 800 1876
2 4 757 800 1875 1876
2 4 757 1832 1833 1876
2 4 757 1875 1832 1876
2 4 758 759 802 1877
2 4 758 1834 759 1877
2 4 758 802 801 1877
2 4 758 801 1876 1877
2 4 758 1833 1834 1877
2 4 758 1876 1833 1877
2 4 759 760 803 1878
2 4 759 1835 760 1878
2 4 759 803 802 1878
2 4 759 802 1877 1878
2 4 759 1834 1835 1878
2 4 759 1877 1834 1878
2 4 760 761 804 1879
2 4 760 1836 761 1879
2 4 760 804 803 1879
2 4 760 803 1878 1879
2 4 760 1835 1836 1879
2 4 760 1878 1835 1879
2 4 761 762 805 1880
2 4 761 1837 762 1880
2 4 761 805 804 1880
2 4 761 804 1879 1880
2 4 761 1836 1837 1880
2 4 761 1879 1836 1880
2 4 762 763 806 1881
2 4 762 1838 763 1881
2 4 762 806 805 1881
2 4 762 805 1880 1881
2 4 762 1837 1838 1881
2 4 762 1880 1837 1881
2 4 763 764 807 1882
2 4 763 1839 764 1882
2 4 763 807 806 1882
2 4 763 806 1881 1882
2 4 763 1838 1839 1882
2 4 763 1881 1838 1882
2 4 764 765 808 1883
2 4 764 1840 765 1883
2 4 764 808 807 1883
2 4 764 807 1882 1883
2 4 764 1839 1840 1883
2 4 764 1882 1839 1883
2 4 765 766 809 1884
2 4 765 1841 766 1884
2 4 765 809 808 1884
2 4 765 808 1883 1884
2 4 765 1840 1841 1884
2 4 765 1883 1840 1884
2 4 766 767 810 1885
2 4 766 1842 767 1885
2 4 766 810 809 1885
2 4 766 809 1884 1885
2 4 766 1841 1842 1885
2 4 766 1884 1841 1885
2 4 767 768 811 1886
2 4 767 1843 768 1886
2 4 767 811 810 1886
2 4 767 810 1885 1886
2 4 767 1842 1843 1886
2 4 767 1885 1842 1886
2 4 768 769 812 1887
2 4 768 1844 769 1887
2 4 768 812 811 1887
2 4 768 811 1886 1887
2 4 768 1843 1844 1887
2 4 768 1886 1843 1887
2 4 769 770 813 1888
2 4 769 1845 770 1888
2 4 769 813 812 1888
2 4 769 812 1887 1888
2 4 769 1844 1845 1888
2 4 769 1887 1844 1888
2 4 770 771 814 1889
2 4 770 1846 771 1889
2 4 770 814 813 1889
2 4 770 813 1888 1889
2 4 770 1845 1846 1889
2 4 770 1888 1845 1889
2 4 771 772 815 1890
2 4 771 1847 772 1890
2 4 771 815 814 1890
2 4 771 814 1889 1890
2 4 771 1846 1847 1890
2 4 771 1889 1846 1890
2 4 772 773 816 1891
2 4 772 1848 773 1891
2 4 772 816 815 1891
2 4 772 815 1890 1891
2 4 772 1847 1848 1891
2 4 772 1890 1847 1891
2 4 774 775 818 1893
2 4 774 1850 775 1893
2 4 774 818 817 1893
2 4 774 817 1892 1893
2 4 774 1849 1850 1893
2 4 774 1892 1849 1893
2 4 775 776 819 1894
2 4 775 1851 776 1894
2 4 775 819 818 1894
2 4 775 818 1893 1894
2 4 775 1850 1851 1894
2 4 775 1893 1850 1894
2 4 776 777 820 1895
2 4 776 1852 777 1895
2 4 776 820 819 1895
2 4 776 819 1894 1895
2 4 776 1851 1852 1895
2 4 776 1894 1851 1895
2 4 777 778 821 1896
2 4 777 1853 778 1896
2 4 777 821 820 1896
2 4 777 820 1895 1896
2 4 777 1852 1853 1896
2 4 777 1895 1852 1896
2 4 778 779 822 1897
2 4 778 1854 779 1897
2 4 778 822 821 1897
2 4 778 821 1896 1897
2 4 778 1853 1854 1897
2 4 778 1896 1853 1897
2 4 779 780 823 1898
2 4 779 1855 780 1898
2 4 779 823 822 1898
2 4 779 822 1897 1898
2 4 779 1854 1855 1898
2 4 779 1897 1854 1898
2 4 780 781 824 1899
2 4 780 1856 781 1899
2 4 780 824 823 1899
2 4 780 823 1898 1899
2 4 780 1855 1856 1899
2 4 780 1898 1855 1899
2 4 781 782 825 1900
2 4 781 1857 782 1900
2 4 781 825 824 1900
2 4 781 824 1899 1900
2 4 781 1856 1857 1900
2 4 781 1899 1856 1900
2 4 782 783 826 1901
2 4 782 1858 783 1901
2 4 782 826 825 1901
2 4 782 825 1900 1901
2 4 782 1857 1858 1901
2 4 782 1900 1857 1901
2 4 783 784 827 1902
2 4 783 1859 784 1902
2 4 783 827 826 1902
2 4 783 826 1901 1902
2 4 783 1858 1859 1902
2 4 783 1901 1858 1902
2 4 784 785 828 1903
2 4 784 1860 785 1903
2 4 784 828 827 1903
2 4 784 827 1902 1903
2 4 784 1859 1860 1903
2 4 784 1902 1859 1903
2 4 785 786 829 1904
2 4 785 1861 786 1904
2 4 785 829 828 1904
2 4 785 828 1903 1904
2 4 785 1860 1861 1904
2 4 785 1903 1860 1904
2 4 786 787 830 1905
2 4 786 1862 787 1905
2 4 786 830 829 1905
2 4 786 829 1904 1905
2 4 786 1861 1862 1905
2 4 786 1904 1861 1905
2 4 787 788 831 1906
2 4 787 1863 788 1906
2 4 787 831 830 1906
2 4 787 830 1905 1906
2 4 787 1862 1863 1906
2 4 787 1905 1862 1906
2 4 788 789 832 1907
2 4 788 1864 789 1907
2 4 788 832 831 1907
2 4 788 831 1906 1907
2 4 788 1863 1864 1907
2 4 788 1906 1863 1907
2 4 789 790 833 1908
2 4 789 1865 790 1908
2 4 789 833 832 1908
2 4 789 832 1907 1908
2 4 789 1864 1865 1908
2 4 789 1907 1864 1908
2 4 790 791 834 1909
2 4 790 1866 791 1909
2 4 790 834 833 1909
2 4 790 833 1908 1909
2 4 790 1865 1866 1909
2 4 790 1908 1865 1909
2 4 791 792 835 1910
2 4 791 1867 792 1910
2 4 791 835 834 1910
2 4 791 834 1909 1910
2 4 791 1866 1867 1910
2 4 791 1909 1866 1910
2 4 792 793 836 1911
2 4 792 1868 793 1911
2 4 792 836 835 1911
2 4 792 835 1910 1911
2 4 792 1867 1868 1911
2 4 792 1910 1867 1911
2 4 793 794 837 1912
2 4 793 1869 794 1912
2 4 793 837 836 1912
2 4 793 836 1911 1912
2 4 793 1868 1869 1912
2 4 793 1911 1868 1912
2 4 794 795 838 1913
2 4 794 1870 795 1913
2 4 794 838 837 1913
2 4 794 837 1912 1913
2 4 794 1869 1870 1913
2 4 794 1912 1869 1913
2 4 795 796 839 1914
2 4 795 1871 796 1914
2 4 795 839 838 1914
2 4 795 838 1913 1914
2 4 795 1870 1871 1914
2 4 795 1913 1870 1914
2 4 796 797 840 1915
2 4 796 1872 797 1915
2 4 796 840 839 1915
2 4 796 839 1914 1915
2 4 796 1871 1872 1915
2 4 796 1914 1871 1915
2 4 797 798 841 1916
2 4 797 1873 798 1916
2 4 797 841 840 1916
2 4 797 840 1915 1916
2 4 797 1872 1873 1916
2 4 797 1915 1872 1916
2 4 798 799 842 1917
2 4 798 1874 799 1917
2 4 798 842 841 1917
2 4 798 841 1916 1917
2 4 798 1873 1874 1917
2 4 798 1916 1873 1917
2 4 799 800 843 1918
2 4 799 1875 800 1918
2 4 799 843 842 1918
2 4 799 842 1917 1918
2 4 799 1874 1875 1918
2 4 799 1917 1874 1918
2 4 800 801 844 1919
2 4 800 1876 801 1919
2 4 800 844 843 1919
2 4 800 843 1918 1919
2 4 800 1875 1876 1919
2 4 800 1918 1875 1919
2 4 801 802 845 1920
2 4 801 1877 802 1920
2 4 801 845 844 1920
2 4 801 844 1919 1920
2 4 801 1876 1877 1920
2 4 801 1919 1876 1920
2 4 802 803 846 1921
2 4 802 1878 803 1921
2 4 802 846 845 1921
2 4 802 845 1920 1921
2 4 802 1877 1878 1921
2 4 802 1920 1877 1921
2 4 803 804 847 1922
2 4 803 1879 804 1922
2 4 803 847 846 1922
2 4 803 846 1921 1922
2 4 803 1878 1879 1922
2 4 803 1921 1878 1922
2 4 804 805 848 1923
2 4 804 1880 805 1923
2 4 804 848 847 1923
2 4 804 847 1922 1923
2 4 804 1879 1880 1923
2 4 804 1922 1879 1923
2 4 805 806 849 1924
2 4 805 1881 806 1924
2 4 805 849 848 1924
2 4 805 848 1923 1924
2 4 805 1880 1881 1924
2 4 805 1923 1880 1924
2 4 806 807 850 1925
2 4 806 1882 807 1925
2 4 806 850 849 1925
2 4 806 849 1924 1925
2 4 806 1881 1882 1925
2 4 806 1924 1881 1925
2 4 807 808 851 1926
2 4 807 1883 808 1926
2 4 807 851 850 1926
2 4 807 850 1925 1926
2 4 807 1882 1883 1926
2 4 807 1925 1882 1926
2 4 808 809 852 1927
2 4 808 1884 809 1927
2 4 808 852 851 1927
2 4 808 851 1926 1927
2 4 808 1883 1884 1927
2 4 808 1926 1883 1927
2 4 809 810 853 1928
2 4 809 1885 810 1928
2 4 809 853 852 1928
2 4 809 852 1927 1928
2 4 809 1884 1885 1928
2 4 809 1927 1884 1928
2 4 810 811 854 1929
2 4 810 1886 811 1929
2 4 810 854 853 1929
2 4 810 853 1928 1929
2 4 810 1885 1886 1929
2 4 810 1928 1885 1929
2 4 811 812 855 1930
2 4 811 1887 812 1930
2 4 811 855 854 1930
2 4 811 854 1929 1930
2 4 811 1886 1887 1930
2 4 811 1929 1886 1930
2 4 812 813 856 1931
2 4 812 1888 813 1931
2 4 812 856 855 1931
2 4 812 855 1930 1931
2 4 812 1887 1888 1931
2 4 812 1930 1887 1931
2 4 813 814 857 1932
2 4 813 1889 814 1932
2 4 813 857 856 1932
2 4 813 856 1931 1932
2 4 813 1888 1889 1932
2 4 813 1931 1888 1932
2 4 814 815 858 1933
2 4 814 1890 815 1933
2 4 814 858 857 1933
2 4 814 857 1932 1933
2 4 814 1889 1890 1933
2 4 814 1932 1889 1933
2 4 815 816 859 1934
2 4 815 1891 816 1934
2 4 815 859 858 1934
2 4 815 858 1933 1934
2 4 815 1890 1891 1934
2 4 815 1933 1890 1934
2 4 817 818 861 1936
2 4 817 1893 818 1936
2 4 817 861 860 1936
2 4 817 860 1935 1936
2 4 817 1892 1893 1936
2 4 817 1935 1892 1936
2 4 818 819 862 1937
2 4 818 1894 819 1937
2 4 818 862 861 1937
2 4 818 861 1936 1937
2 4 818 1893 1894 1937
2 4 818 1936 1893 1937
2 4 819 820 863 1938
2 4 819 1895 820 1938
2 4 819 863 862 1938
2 4 819 862 1937 1938
2 4 819 1894 1895 1938
2 4 819 1937 1894 1938
2 4 820 821 864 1939
2 4 820 1896 821 1939
2 4 820 864 863 1939
2 4 820 863 1938 1939
2 4 820 1895 1896 1939
2 4 820 1938 1895 1939
2 4 821 822 865 1940
2 4 821 1897 822 1940
2 4 821 865 864 1940
2 4 821 864 1939 1940
2 4 821 1896 1897 1940
2 4 821 1939 1896 1940
2 4 822 823 866 1941
2 4 822 1898 823 1941
2 4 822 866 865 1941
2 4 822 865 1940 1941
2 4 822 1897 1898 1941
2 4 822 1940 1897 1941
2 4 823 824 867 1942
2 4 823 1899 824 1942
2 4 823 867 866 1942
2 4 823 866 1941 1942
2 4 823 1898 1899 1942
2 4 823 1941 1898 1942
2 4 824 825 868 1943
2 4 824 1900 825 1943
2 4 824 868 867 1943
2 4 824 867 1942 1943
2 4 824 1899 1900 1943
2 4 824 1942 1899 1943
2 4 825 826 869 1944
2 4 825 1901 826 1944
2 4 825 869 868 1944
2 4 825 868 1943 1944
2 4 825 1900 1901 1944
2 4 825 1943 1900 1944
2 4 826 827 870 1945
2 4 826 1902 827 1945
2 4 826 870 869 1945
2 4 826 869 1944 1945
2 4 826 1901 1902 1945
2 4 826 1944 1901 1945
2 4 827 828 871 1946
2 4 827 1903 828 1946
2 4 827 871 870 1946
2 4 827 870 1945 1946
2 4 827 1902 1903 1946
2 4 827 1945 1902 1946
2 4 828 829 872 1947
2 4 828 1904 829 1947
2 4 828 872 871 1947
2 4 828 871 1946 1947
2 4 828 1903 1904 1947
2 4 828 1946 1903 1947
2 4 829 830 873 1948
2 4 829 1905 830 1948
2 4 829 873 872 1948
2 4 829 872 1947 1948
2 4 829 1904 1905 1948
2 4 829 1947 1904 1948
2 4 830 831 874 1949
2 4 830 1906 831 1949
2 4 830 874 873 1949
2 4 830 873 1948 1949
2 4 830 1905 1906 1949
2 4 830 1948 1905 1949
2 4 831 832 875 1950
2 4 831 1907 832 1950
2 4 831 875 874 1950
2 4 831 874 1949 1950
2 4 831 1906 1907 1950
2 4 831 1949 1906 1950
2 4 832 833 876 1951
2 4 832 1908 833 1951
2 4 832 876 875 1951
2 4 832 875 1950 1951
2 4 832 1907 1908 1951
2 4 832 1950 1907 1951
2 4 833 834 877 1952
2 4 833 1909 834 1952
2 4 833 877 876 1952
2 4 833 876 1951 1952
2 4 833 1908 1909 1952
2 4 833 1951 1908 1952
2 4 834 835 878 1953
2 4 834 1910 835 1953
2 4 834 878 877 1953
2 4 834 877 1952 1953
2 4 834 1909 1910 1953
2 4 834 1952 1909 1953
2 4 835 836 879 1954
2 4 835 1911 836 1954
2 4 835 879 878 1954
2 4 835 878 1953 1954
2 4 835 1910 1911 1954
2 4 835 1953 1910 1954
2 4 836 837 880 1955
2 4 836 1912 837 1955
2 4 836 880 879 1955
2 4 836 879 1954 1955
2 4 836 1911 1912 1955
2 4 836 1954 1911 1955
2 4 837 838 881 1956
2 4 837 1913 838 1956
2 4 837 881 880 1956
2 4 837 880 1955 1956
2 4 837 1912 1913 1956
2 4 837 1955 1912 1956
2 4 838 839 882 1957
2 4 838 1914 839 1957
2 4 838 882 881 1957
2 4 838 881 1956 1957
2 4 838 1913 1914 1957
2 4 838 1956 1913 1957
2 4 839 840 883 1958
2 4 839 1915 840 1958
2 4 839 883 882 1958
2 4 839 882 1957 1958
2 4 839 1914 1915 1958
2 4 839 1957 1914 1958
2 4 840 841 884 1959
2 4 840 1916 841 1959
2 4 840 884 883 1959
2 4 840 883 1958 1959
2 4 840 1915 1916 1959
2 4 840 1958 1915 1959
2 4 841 842 885 1960
2 4 841 1917 842 1960
2 4 841 885 884 1960
2 4 841 884 1959 1960
2 4 841 1916 1917 1960
2 4 841 1959 1916 1960
2 4 842 843 886 1961
2 4 842 1918 843 1961
2 4 842 886 885 1961
2 4 842 885 1960 1961
2 4 842 1917 1918 1961
2 4 842 1960 1917 1961
2 4 843 844 887 1962
2 4 843 1919 844 1962
2 4 843 887 886 1962
2 4 843 886 1961 1962
2 4 843 1918 1919 1962
2 4 843 1961 1918 1962
2 4 844 845 888 1963
2 4 844 1920 845 1963
2 4 844 888 887 1963
2 4 844 887 1962 1963
2 4 844 1919 1920 1963
2 4 844 1962 1919 1963
2 4 845 846 889 1964
2 4 845 1921 846 1964
2 4 845 889 888 1964
2 4 845 888 1963 1964
2 4 845 1920 1921 1964
2 4 845 1963 1920 1964
2 4 846 847 890 1965
2 4 846 1922 847 1965
2 4 846 890 889 1965
2 4 846 889 1964 1965
2 4 846 1921 1922 1965
2 4 846 1964 1921 1965
2 4 847 848 891 1966
2 4 847 1923 848 1966
2 4 847 891 890 1966
2 4 847 890 1965 1966
2 4 847 1922 1923 1966
2 4 847 1965 1922 1966
2 4 848 849 892 1967
2 4 848 1924 849 1967
2 4 848 892 891 1967
2 4 848 891 1966 1967
2 4 848 1923 1924 1967
2 4 848 1966 1923 1967
2 4 849 850 893 1968
2 4 849 1925 850 1968
2 4 849 893 892 1968
2 4 849 892 1967 1968
2 4 849 1924 1925 1968
2 4 849 1967 1924 1968
2 4 850 851 894 1969
2 4 850 1926 851 1969
2 4 850 894 893 1969
2 4 850 893 1968 1969
2 4 850 1925 1926 1969
2 4 850 1968 1925 1969
2 4 851 852 895 1970
2 4 851 1927 852 1970
2 4 851 895 894 1970
2 4 851 894 1969 1970
2 4 851 1926 1927 1970
2 4 851 1969 1926 1970
2 4 852 853 896 1971
2 4 852 1928 853 1971
2 4 852 896 895 1971
2 4 852 895 1970 1971
2 4 852 1927 1928 1971
2 4 852 1970 1927 1971
2 4 853 854 897 1972
2 4 853 1929 854 1972
2 4 853 897 896 1972
2 4 853 896 1971 1972
2 4 853 1928 1929 1972
2 4 853 1971 1928 1972
2 4 854 855 898 1973
2 4 854 1930 855 1973
2 4 854 898 897 1973
2 4 854 897 1972 1973
2 4 854 1929 1930 1973
2 4 854 1972 1929 1973
2 4 855 856 899 1974
2 4 855 1931 856 1974
2 4 855 899 898 1974
2 4 855 898 1973 1974
2 4 855 1930 1931 1974
2 4 855 1973 1930 1974
2 4 856 857 900 1975
2 4 856 1932 857 1975
2 4 856 900 899 1975
2 4 856 899 1974 1975
2 4 856 1931 1932 1975
2 4 856 1974 1931 1975
2 4 857 858 901 1976
2 4 857 1933 858 1976
2 4 857 901 900 1976
2 4 857 900 1975 1976
2 4 857 1932 1933 1976
2 4 857 1975 1932 1976
2 4 858 859 902 1977
2 4 858 1934 859 1977
2 4 858 902 901 1977
2 4 858 901 1976 1977
2 4 858 1933 1934 1977
2 4 858 1976 1933 1977
2 4 860 861 904 1979
2 4 860 1936 861 1979
2 4 860 904 903 1979
2 4 860 903 1978 1979
2 4 860 1935 1936 1979
2 4 860 1978 1935 1979
2 4 861 862 905 1980
2 4 861 1937 862 1980
2 4 861 905 904 1980
2 4 861 904 1979 1980
2 4 861 1936 1937 1980
2 4 861 1979 1936 1980
2 4 862 863 906 1981
2 4 862 1938 863 1981
2 4 862 906 905 1981
2 4 862 905 1980 1981
2 4 862 1937 1938 1981
2 4 862 1980 1937 1981
2 4 863 864 907 1982
2 4 863 1939 864 1982
2 4 863 907 906 1982
2 4 863 906 1981 1982
2 4 863 1938 1939 1982
2 4 863 1981 1938 1982
2 4 864 865 908 1983
2 4 864 1940 865 1983
2 4 864 908 907 1983
2 4 864 907 1982 1983
2 4 864 1939 1940 1983
2 4 864 1982 1939 1983
2 4 865 866 909 1984
2 4 865 1941 866 1984
2 4 865 909 908 1984
2 4 865 908 1983 1984
2 4 865 1940 1941 1984
2 4 865 1983 1940 1984
2 4 866 867 910 1985
2 4 866 1942 867 1985
2 4 866 910 909 1985
2 4 866 909 1984 1985
2 4 866 1941 1942 1985
2 4 866 1984 1941 1985
2 4 867 868 911 1986
2 4 867 1943 868 1986
2 4 867 911 910 1986
2 4 867 910 1985 1986
2 4 867 1942 1943 1986
2 4 867 1985 1942 1986
2 4 868 869 912 1987
2 4 868 1944 869 1987
2 4 868 912 911 1987
2 4 868 911 1986 1987
2 4 868 1943 1944 1987
2 4 868 1986 1943 1987
2 4 869 870 913 1988
2 4 869 1945 870 1988
2 4 869 913 912 1988
2 4 869 912 1987 1988
2 4 869 1944 1945 1988
2 4 869 1987 1944 1988
2 4 870 871 914 1989
2 4 870 1946 871 1989
2 4 870 914 913 1989
2 4 870 913 1988 1989
2 4 870 1945 1946 1989
2 4 870 1988 1945 1989
2 4 871 872 915 1990
2 4 871 1947 872 1990
2 4 871 915 914 1990
2 4 871 914 1989 1990
2 4 871 1946 1947 1990
2 4 871 1989 1946 1990
2 4 872 873 916 1991
2 4 872 1948 873 1991
2 4 872 916 915 1991
2 4 872 915 1990 1991
2 4 872 1947 1948 1991
2 4 872 1990 1947 1991
2 4 873 874 917 1992
2 4 873 1949 874 1992
2 4 873 917 916 1992
2 4 873 916 1991 1992
2 4 873 1948 1949 1992
2 4 873 1991 1948 1992
2 4 874 875 918 1993
2 4 874 1950 875 1993
2 4 874 918 917 1993
2 4 874 917 1992 1993
2 4 874 1949 1950 1993
2 4 874 1992 1949 1993
2 4 875 876 919 1994
2 4 875 1951 876 1994
2 4 875 919 918 1994
2 4 875 918 1993 1994
2 4 875 1950 1951 1994
2 4 875 1993 1950 1994
2 4 876 877 920 1995
2 4 876 1952 877 1995
2 4 876 920 919 1995
2 4 876 919 1994 1995
2 4 876 1951 1952 1995
2 4 876 1994 1951 1995
2 4 877 878 921 1996
2 4 877 1953 878 1996
2 4 877 921 920 1996
2 4 877 920 1995 1996
2 4 877 1952 1953 1996
2 4 877 1995 1952 1996
2 4 878 879 922 1997
2 4 878 1954 879 1997
2 4 878 922 921 1997
2 4 878 921 1996 1997
2 4 878 1953 1954 1997
2 4 878 1996 1953 1997
2 4 879 880 923 1998
2 4 879 1955 880 1998
2 4 879 923 922 1998
2 4 879 922 1997 1998
2 4 879 1954 1955 1998
2 4 879 1997 1954 1998
2 4 880 881 924 1999
2 4 880 1956 881 1999
2 4 880 924 923 1999
2 4 880 923 1998 1999
2 4 880 1955 1956 1999
2 4 880 1998 1955 1999
2 4 881 882 925 2000
2 4 881 1957 882 2000
2 4 881 925 924 2000
2 4 881 924 1999 2000
2 4 881 1956 1957 2000
2 4 881 1999 1956 2000
2 4 882 883 926 2001
2 4 882 1958 883 2001
2 4 882 926 925 2001
2 4 882 925 2000 2001
2 4 882 1957 1958 2001
2 4 882 2000 1957 2001
2 4 883 884 927 2002
2 4 883 1959 884 2002
2 4 883 927 926 2002
2 4 883 926 2001 2002
2 4 883 1958 1959 2002
2 4 883 2001 1958 2002
2 4 884 885 928 2003
2 4 884 1960 885 2003
2 4 884 928 927 2003
2 4 884 927 2002 2003
2 4 884 1959 1960 2003
2 4 884 2002 1959 2003
2 4 885 886 929 2004
2 4 885 1961 886 2004
2 4 885 929 928 2004
2 4 885 928 2003 2004
2 4 885 1960 1961 2004
2 4 885 2003 1960 2004
2 4 886 887 930 2005
2 4 886 1962 887 2005
2 4 886 930 929 2005
2 4 886 929 2004 2005
2 4 886 1961 1962 2005
2 4 886 2004 1961 2005
2 4 887 888 931 2006
2 4 887 1963 888 2006
2 4 887 931 930 2006
2 4 887 930 2005 2006
2 4 887 1962 1963 2006
2 4 887 2005 1962 2006
2 4 888 889 932 2007
2 4 888 1964 889 2007
2 4 888 932 931 2007
2 4 888 931 2006 2007
2 4 888 1963 1964 2007
2 4 888 2006 1963 2007
2 4 889 890 933 2008
2 4 889 1965 890 2008
2 4 889 933 932 2008
2 4 889 932 2007 2008
2 4 889 1964 1965 2008
2 4 889 2007 1964 2008
2 4 890 891 934 2009
2 4 890 1966 891 2009
2 4 890 934 933 2009
2 4 890 933 2008 2009
2 4 890 1965 1966 2009
2 4 890 2008 1965 2009
2 4 891 892 935 2010
2 4 891 1967 892 2010
2 4 891 935 934 2010
2 4 891 934 2009 2010
2 4 891 1966 1967 2010
2 4 891 2009 1966 2010
2 4 892 893 936 2011
2 4 892 1968 893 2011
2 4 892 936 935 2011
2 4 892 935 2010 2011
2 4 892 1967 1968 2011
2 4 892 2010 1967 2011
2 4 893 894 937 2012
2 4 893 1969 894 2012
2 4 893 937 936 2012
2 4 893 936 2011 2012
2 4 893 1968 1969 2012
2 4 893 2011 1968 2012
2 4 894 895 938 2013
2 4 894 1970 895 2013
2 4 894 938 937 2013
2 4 894 937 2012 2013
2 4 894 1969 1970 2013
2 4 894 2012 1969 2013
2 4 895 896 939 2014
2 4 895 1971 896 2014
2 4 895 939 938 2014
2 4 895 938 2013 2014
2 4 895 1970 1971 2014
2 4 895 2013 1970 2014
2 4 896 897 940 2015
2 4 896 1972 897 2015
2 4 896 940 939 2015
2 4 896 939 2014 2015
2 4 896 1971 1972 2015
2 4 896 2014 1971 2015
2 4 897 898 941 2016
2 4 897 1973 898 2016
2 4 897 941 940 2016
2 4 897 940 2015 2016
2 4 897 1972 1973 2016
2 4 897 2015 1972 2016
2 4 898 899 942 2017
2 4 898 1974 899 2017
2 4 898 942 941 2017
2 4 898 941 2016 2017
2 4 898 1973 1974 2017
2 4 898 2016 1973 2017
2 4 899 900 943 2018
2 4 899 1975 900 2018
2 4 899 943 942 2018
2 4 899 942 2017 2018
2 4 899 1974 1975 2018
2 4 899 2017 1974 2018
2 4 900 901 944 2019
2 4 900 1976 901 2019
2 4 900 944 943 2019
2 4 900 943 2018 2019
2 4 900 1975 1976 2019
2 4 900 2018 1975 2019
2 4 901 902 945 2020
2 4 901 1977 902 2020
2 4 901 945 944 2020
2 4 901 944 2019 2020
2 4 901 1976 1977 2020
2 4 901 2019 1976 2020
2 4 903 904 947 2022
2 4 903 1979 904 2022
2 4 903 947 946 2022
2 4 903 946 2021 2022
2 4 903 1978 1979 2022
2 4 903 2021 1978 2022
2 4 904 905 948 2023
2 4 904 1980 905 2023
2 4 904 948 947 2023
2 4 904 947 2022 2023
2 4 904 1979 1980 2023
2 4 904 2022 1979 2023
2 4 905 906 949 2024
2 4 905 1981 906 2024
2 4 905 949 948 2024
2 4 905 948 2023 2024
2 4 905 1980 1981 2024
2 4 905 2023 1980 2024
2 4 906 907 950 2025
2 4 906 1982 907 2025
2 4 906 950 949 2025
2 4 906 949 2024 2025
2 4 906 1981 1982 2025
2 4 906 2024 1981 2025
2 4 907 908 951 2026
2 4 907 1983 908 2026
2 4 907 951 950 2026
2 4 907 950 2025 2026
2 4 907 1982 1983 2026
2 4 907 2025 1982 2026
2 4 908 909 952 2027
2 4 908 1984 909 2027
2 4 908 952 951 2027
2 4 908 951 2026 2027
2 4 908 1983 1984 2027
2 4 908 2026 1983 2027
2 4 909 910 953 2028
2 4 909 1985 910 2028
2 4 909 953 952 2028
2 4 909 952 2027 2028
2 4 909 1984 1985 2028
2 4 909 2027 1984 2028
2 4 910 911 954 2029
2 4 910 1986 911 2029
2 4 910 954 953 2029
2 4 910 953 2028 2029
2 4 910 1985 1986 2029
2 4 910 2028 1985 2029
2 4 911 912 955 2030
2 4 911 1987 912 2030
2 4 911 955 954 2030
2 4 911 954 2029 2030
2 4 911 1986 1987 2030
2 4 911 2029 1986 2030
2 4 912 913 956 2031
2 4 912 1988 913 2031
2 4 912 956 955 2031
2 4 912 955 2030 2031
2 4 912 1987 1988 2031
2 4 912 2030 1987 2031
2 4 913 914 957 2032
2 4 913 1989 914 2032
2 4 913 957 956 2032
2 4 913 956 2031 2032
2 4 913 1988 1989 2032
2 4 913 2031 1988 2032
2 4 914 915 958 2033
2 4 914 1990 915 2033
2 4 914 958 957 2033
2 4 914 957 2032 2033
2 4 914 1989 1990 2033
2 4 914 2032 1989 2033
2 4 915 916 959 2034
2 4 915 1991 916 2034
2 4 915 959 958 2034
2 4 915 958 2033 2034
2 4 915 1990 1991 2034
2 4 915 2033 1990 2034
2 4 916 917 960 2035
2 4 916 1992 917 2035
2 4 916 960 959 2035
2 4 916 959 2034 2035
2 4 916 1991 1992 2035
2 4 916 2034 1991 2035
2 4 917 918 961 2036
2 4 917 1993 918 2036
2 4 917 961 960 2036
2 4 917 960 2035 2036
2 4 917 1992 1993 2036
2 4 917 2035 1992 2036
2 4 918 919 962 2037
2 4 918 1994 919 2037
2 4 918 962 961 2037
2 4 918 961 2036 2037
2 4 918 1993 1994 2037
2 4 918 2036 1993 2037
2 4 919 920 963 2038
2 4 919 1995 920 2038
2 4 919 963 962 2038
2 4 919 962 2037 2038
2 4 919 1994 1995 2038
2 4 919 2037 1994 2038
2 4 920 921 964 2039
2 4 920 1996 921 2039
2 4 920 964 963 2039
2 4 920 963 2038 2039
2 4 920 1995 1996 2039
2 4 920 2038 1995 2039
2 4 921 922 965 2040
2 4 921 1997 922 2040
2 4 921 965 964 2040
2 4 921 964 2039 2040
2 4 921 1996 1997 2040
2 4 921 2039 1996 2040
2 4 922 923 966 2041
2 4 922 1998 923 2041
2 4 922 966 965 2041
2 4 922 965 2040 2041
2 4 922 1997 1998 2041
2 4 922 2040 1997 2041
2 4 923 924 967 2042
2 4 923 1999 924 2042
2 4 923 967 966 2042
2 4 923 966 2041 2042
2 4 923 1998 1999 2042
2 4 923 2041 1998 2042
2 4 924 925 968 2043
2 4 924 2000 925 2043
2 4 924 968 967 2043
2 4 924 967 2042 2043
2 4 924 1999 2000 2043
2 4 924 2042 1999 2043
2 4 925 926 969 2044
2 4 925 2001 926 2044
2 4 925 969 968 2044
2 4 925 968 2043 2044
2 4 925 2000 2001 2044
2 4 925 2043 2000 2044
2 4 926 927 970 2045
2 4 926 2002 927 2045
2 4 926 970 969 2045
2 4 926 969 2044 2045
2 4 926 2001 2002 2045
2 4 926 2044 2001 2045
2 4 927 928 971 2046
2 4 927 2003 928 2046
2 4 927 971 970 2046
2 4 927 970 2045 2046
2 4 927 2002 2003 2046
2 4 927 2045 2002 2046
2 4 928 929 972 2047
2 4 928 2004 929 2047
2 4 928 972 971 2047
2 4 928 971 2046 2047
2 4 928 2003 2004 2047
2 4 928 2046 2003 2047
2 4 929 930 973 2048
2 4 929 2005 930 2048
2 4 929 973 972 2048
2 4 929 972 2047 2048
2 4 929 2004 2005 2048
2 4 929 2047 2004 2048
2 4 930 931 974 2049
2 4 930 2006 931 2049
2 4 930 974 973 2049
2 4 930 973 2048 2049
2 4 930 2005 2006 2049
2 4 930 2048 2005 2049
2 4 931 932 975 2050
2 4 931 2007 932 2050
2 4 931 975 974 2050
2 4 931 974 2049 2050
2 4 931 2006 2007 2050
2 4 931 2049 2006 2050
2 4 932 933 976 2051
2 4 932 2008 933 2051
2 4 932 976 975 2051
2 4 932 975 2050 2051
2 4 932 2007 2008 2051
2 4 932 2050 2007 2051
2 4 933 934 977 2052
2 4 933 2009 934 2052
2 4 933 977 976 2052
2 4 933 976 2051 2052
2 4 933 2008 2009 2052
2 4 933 2051 2008 2052
2 4 934 935 978 2053
2 4 934 2010 935 2053
2 4 934 978 977 2053
2 4 934 977 2052 2053
2 4 934 2009 2010 2053
2 4 934 2052 2009 2053
2 4 935 936 979 2054
2 4 935 2011 936 2054
2 4 935 979 978 2054
2 4 935 978 2053 2054
2 4 935 2010 2011 2054
2 4 935 2053 2010 2054
2 4 936 937 980 2055
2 4 936 2012 937 2055
2 4 936 980 979 2055
2 4 936 979 2054 2055
2 4 936 2011 2012 2055
2 4 936 2054 2011 2055
2 4 937 938 981 2056
2 4 937 2013 938 2056
2 4 937 981 980 2056
2 4 937 980 2055 2056
2 4 937 2012 2013 2056
2 4 937 2055 2012 2056
2 4 938 939 982 2057
2 4 938 2014 939 2057
2 4 938 982 981 2057
2 4 938 981 2056 2057
2 4 938 2013 2014 2057
2 4 938 2056 2013 2057
2 4 939 940 983 2058
2 4 939 2015 940 2058
2 4 939 983 982 2058
2 4 939 982 2057 2058
2 4 939 2014 2015 2058
2 4 939 2057 2014 2058
2 4 940 941 984 2059
2 4 940 2016 941 2059
2 4 940 984 983 2059
2 4 940 983 2058 2059
2 4 940 2015 2016 2059
2 4 940 2058 2015 2059
2 4 941 942 985 2060
2 4 941 2017 942 2060
2 4 941 985 984 2060
2 4 941 984 2059 2060
2 4 941 2016 2017 2060
2 4 941 2059 2016 2060
2 4 942 943 986 2061
2 4 942 2018 943 2061
2 4 942 986 985 2061
2 4 942 985 2060 2061
2 4 942 2017 2018 2061
2 4 942 2060 2017 2061
2 4 943 944 987 2062
2 4 943 2019 944 2062
2 4 943 987 986 2062
2 4 943 986 2061 2062
2 4 943 2018 2019 2062
2 4 943 2061 2018 2062
2 4 944 945 988 2063
2 4 944 2020 945 2063
2 4 944 988 987 2063
2 4 944 987 2062 2063
2 4 944 2019 2020 2063
2 4 944 2062 2019 2063
2 4 946 947 990 2065
2 4 946 2022 947 2065
2 4 946 990 989 2065
2 4 946 989 2064 2065
2 4 946 2021 2022 2065
2 4 946 2064 2021 2065
2 4 947 948 991 2066
2 4 947 2023 948 2066
2 4 947 991 990 2066
2 4 947 990 2065 2066
2 4 947 2022 2023 2066
2 4 947 2065 2022 2066
2 4 948 949 992 2067
2 4 948 2024 949 2067
2 4 948 992 991 2067
2 4 948 991 2066 2067
2 4 948 2023 2024 2067
2 4 948 2066 2023 2067
2 4 949 950 993 2068
2 4 949 2025 950 2068
2 4 949 993 992 2068
2 4 949 992 2067 2068
2 4 949 2024 2025 2068
2 4 949 2067 2024 2068
2 4 950 951 994 2069
2 4 950 2026 951 2069
2 4 950 994 993 2069
2 4 950 993 2068 2069
2 4 950 2025 2026 2069
2 4 950 2068 2025 2069
2 4 951 952 995 2070
2 4 951 2027 952 2070
2 4 951 995 994 2070
2 4 951 994 2069 2070
2 4 951 2026 2027 2070
2 4 951 2069 2026 2070
2 4 952 953 996 2071
2 4 952 2028 953 2071
2 4 952 996 995 2071
2 4 952 995 2070 2071
2 4 952 2027 2028 2071
2 4 952 2070 2027 2071
2 4 953 954 997 2072
2 4 953 2029 954 2072
2 4 953 997 996 2072
2 4 953 996 2071 2072
2 4 953 2028 2029 2072
2 4 953 2071 2028 2072
2 4 954 955 998 2073
2 4 954 2030 955 2073
2 4 954 998 997 2073
2 4 954 997 2072 2073
2 4 954 2029 2030 2073
2 4 954 2072 2029 2073
2 4 955 956 999 2074
2 4 955 2031 956 2074
2 4 955 999 998 2074
2 4 955 998 2073 2074
2 4 955 2030 2031 2074
2 4 955 2073 2030 2074
2 4 956 957 1000 2075
2 4 956 2032 957 2075
2 4 956 1000 999 2075
2 4 956 999 2074 2075
2 4 956 2031 2032 2075
2 4 956 2074 2031 2075
2 4 957 958 1001 2076
2 4 957 2033 958 2076
2 4 957 1001 1000 2076
2 4 957 1000 2075 2076
2 4 957 2032 2033 2076
2 4 957 2075 2032 2076
2 4 958 959 1002 2077
2 4 958 2034 959 2077
2 4 958 1002 1001 2077
2 4 958 1001 2076 2077
2 4 958 2033 2034 2077
2 4 958 2076 2033 2077
2 4 959 960 1003 2078
2 4 959 2035 960 2078
2 4 959 1003 1002 2078
2 4 959 1002 2077 2078
2 4 959 2034 2035 2078
2 4 959 2077 2034 2078
2 4 960 961 1004 2079
2 4 960 2036 961 2079
2 4 960 1004 1003 2079
2 4 960 1003 2078 2079
2 4 960 2035 2036 2079
2 4 960 2078 2035 2079
2 4 961 962 1005 2080
2 4 961 2037 962 2080
2 4 961 1005 1004 2080
2 4 961 1004 2079 2080
2 4 961 2036 2037 2080
2 4 961 2079 2036 2080
2 4 962 963 1006 2081
2 4 962 2038 963 2081
2 4 962 1006 1005 2081
2 4 962 1005 2080 2081
2 4 962 2037 2038 2081
2 4 962 2080 2037 2081
2 4 963 964 1007 2082
2 4 963 2039 964 2082
2 4 963 1007 1006 2082
2 4 963 1006 2081 2082
2 4 963 2038 2039 2082
2 4 963 2081 2038 2082
2 4 964 965 1008 2083
2 4 964 2040 965 2083
2 4 964 1008 1007 2083
2 4 964 1007 2082 2083
2 4 964 2039 2040 2083
2 4 964 2082 2039 2083
2 4 965 966 1009 2084
2 4 965 2041 966 2084
2 4 965 1009 1008 2084
2 4 965 1008 2083 2084
2 4 965 2040 2041 2084
2 4 965 2083 2040 2084
2 4 966 967 1010 2085
2 4 966 2042 967 2085
2 4 966 1010 1009 2085
2 4 966 1009 2084 2085
2 4 966 2041 2042 2085
2 4 966 2084 2041 2085
2 4 967 968 1011 2086
2 4 967 2043 968 2086
2 4 967 1011 1010 2086
2 4 967 1010 2085 2086
2 4 967 2042 2043 2086
2 4 967 2085 2042 2086
2 4 968 969 1012 2087
2 4 968 2044 969 2087
2 4 968 1012 1011 2087
2 4 968 1011 2086 2087
2 4 968 2043 2044 2087
2 4 968 2086 2043 2087
2 4 969 970 1013 2088
2 4 969 2045 970 2088
2 4 969 1013 1012 2088
2 4 969 1012 2087 2088
2 4 969 2044 2045 2088
2 4 969 2087 2044 2088
2 4 970 971 1014 2089
2 4 970 2046 971 2089
2 4 970 1014 1013 2089
2 4 970 1013 2088 2089
2 4 970 2045 2046 2089
2 4 970 2088 2045 2089
2 4 971 972 1015 2090
2 4 971 2047 972 2090
2 4 971 1015 1014 2090
2 4 971 1014 2089 2090
2 4 971 2046 2047 2090
2 4 971 2089 2046 2090
2 4 972 973 1016 2091
2 4 972 2048 973 2091
2 4 972 1016 1015 2091
2 4 972 1015 2090 2091
2 4 972 2047 2048 2091
2 4 972 2090 2047 2091
2 4 973 974 1017 2092
2 4 973 2049 974 2092
2 4 973 1017 1016 2092
2 4 973 1016 2091 2092
2 4 973 2048 2049 2092
2 4 973 2091 2048 2092
2 4 974 975 1018 2093
2 4 974 2050 975 2093
2 4 974 1018 1017 2093
2 4 974 1017 2092 2093
2 4 974 2049 2050 2093
2 4 974 2092 2049 2093
2 4 975 976 1019 2094
2 4 975 2051 976 2094
2 4 975 1019 1018 2094
2 4 975 1018 2093 2094
2 4 975 2050 2051 2094
2 4 975 2093 2050 2094
2 4 976 977 1020 2095
2 4 976 2052 977 2095
2 4 976 1020 1019 2095
2 4 976 1019 2094 2095
2 4 976 2051 2052 2095
2 4 976 2094 2051 2095
2 4 977 978 1021 2096
2 4 977 2053 978 2096
2 4 977 1021 1020 2096
2 4 977 1020 2095 2096
2 4 977 2052 2053 2096
2 4 977 2095 2052 2096
2 4 978 979 1022 2097
2 4 978 2054 979 2097
2 4 978 1022 1021 2097
2 4 978 1021 2096 2097
2 4 978 2053 2054 2097
2 4 978 2096 2053 2097
2 4 979 980 1023 2098
2 4 979 2055 980 2098
2 4 979 1023 1022 2098
2 4 979 1022 2097 2098
2 4 979 2054 2055 2098
2 4 979 2097 2054 2098
2 4 980 981 1024 2099
2 4 980 2056 981 2099
2 4 980 1024 1023 2099
2 4 980 1023 2098 2099
2 4 980 2055 2056 2099
2 4 980 2098 2055 2099
2 4 981 982 1025 2100
2 4 981 2057 982 2100
2 4 981 1025 1024 2100
2 4 981 1024 2099 2100
2 4 981 2056 2057 2100
2 4 981 2099 2056 2100
2 4 982 983 1026 2101
2 4 982 2058 983 2101
2 4 982 1026 1025 2101
2 4 982 1025 2100 2101
2 4 982 2057 2058 2101
2 4 982 2100 2057 2101
2 4 983 984 1027 2102
2 4 983 2059 984 2102
2 4 983 1027 1026 2102
2 4 983 1026 2101 2102
2 4 983 2058 2059 2102
2 4 983 2101 2058 2102
2 4 984 985 1028 2103
2 4 984 2060 985 2103
2 4 984 1028 1027 2103
2 4 984 1027 2102 2103
2 4 984 2059 2060 2103
2 4 984 2102 2059 2103
2 4 985 986 1029 2104
2 4 985 2061 986 2104
2 4 985 1029 1028 2104
2 4 985 1028 2103 2104
2 4 985 2060 2061 2104
2 4 985 2103 2060 2104
2 4 986 987 1030 2105
2 4 986 2062 987 2105
2 4 986 1030 1029 2105
2 4 986 1029 2104 2105
2 4 986 2061 2062 2105
2 4 986 2104 2061 2105
2 4 987 988 1031 2106
2 4 987 2063 988 2106
2 4 987 1031 1030 2106
2 4 987 1030 2105 2106
2 4 987 2062 2063 2106
2 4 987 2105 2062 2106
2 4 989 990 1033 2108
2 4 989 2065 990 2108
2 4 989 1033 1032 2108
2 4 989 1032 2107 2108
2 4 989 2064 2065 2108
2 4 989 2107 2064 2108
2 4 990 991 1034 2109
2 4 990 2066 991 2109
2 4 990 1034 1033 2109
2 4 990 1033 2108 2109
2 4 990 2065 2066 2109
2 4 990 2108 2065 2109
2 4 991 992 1035 2110
2 4 991 2067 992 2110
2 4 991 1035 1034 2110
2 4 991 1034 2109 2110
2 4 991 2066 2067 2110
2 4 991 2109 2066 2110
2 4 992 993 1036 2111
2 4 992 2068 993 2111
2 4 992 1036 1035 2111
2 4 992 1035 2110 2111
2 4 992 2067 2068 2111
2 4 992 2110 2067 2111
2 4 993 994 1037 2112
2 4 993 2069 994 2112
2 4 993 1037 1036 2112
2 4 993 1036 2111 2112
2 4 993 2068 2069 2112
2 4 993 2111 2068 2112
2 4 994 995 1038 2113
2 4 994 2070 995 2113
2 4 994 1038 1037 2113
2 4 994 1037 2112 2113
2 4 994 2069 2070 2113
2 4 994 2112 2069 2113
2 4 995 996 1039 2114
2 4 995 2071 996 2114
2 4 995 1039 1038 2114
2 4 995 1038 2113 2114
2 4 995 2070 2071 2114
2 4 995 2113 2070 2114
2 4 996 997 1040 2115
2 4 996 2072 997 2115
2 4 996 1040 1039 2115
2 4 996 1039 2114 2115
2 4 996 2071 2072 2115
2 4 996 2114 2071 2115
2 4 997 998 1041 2116
2 4 997 2073 998 2116
2 4 997 1041 1040 2116
2 4 997 1040 2115 2116
2 4 997 2072 2073 2116
2 4 997 2115 2072 2116
2 4 998 999 1042 2117
2 4 998 2074 999 2117
2 4 998 1042 1041 2117
2 4 998 1041 2116 2117
2 4 998 2073 2074 2117
2 4 998 2116 2073 2117
2 4 999 1000 1043 2118
2 4 999 2075 1000 2118
2 4 999 1043 1042 2118
2 4 999 1042 2117 2118
2 4 999 2074 2075 2118
2 4 999 2117 2074 2118
2 4 1000 1001 1044 2119
2 4 1000 2076 1001 2119
2 4 1000 1044 1043 2119
2 4 1000 1043 2118 2119
2 4 1000 2075 2076 2119
2 4 1000 2118 2075 2119
2 4 1001 1002 1045 2120
2 4 1001 2077 1002 2120
2 4 1001 1045 1044 2120
2 4 1001 1044 2119 2120
2 4 1001 2076 2077 2120
2 4 1001 2119 2076 2120
2 4 1002 1003 1046 2121
2 4 1002 2078 1003 2121
2 4 1002 1046 1045 2121
2 4 1002 1045 2120 2121
2 4 1002 2077 2078 2121
2 4 1002 2120 2077 2121
2 4 1003 1004 1047 2122
2 4 1003 2079 1004 2122
2 4 1003 1047 1046 2122
2 4 1003 1046 2121 2122
2 4 1003 2078 2079 2122
2 4 1003 2121 2078 2122
2 4 1004 1005 1048 2123
2 4 1004 2080 1005 2123
2 4 1004 1048 1047 2123
2 4 1004 1047 2122 2123
2 4 1004 2079 2080 2123
2 4 1004 2122 2079 2123
2 4 1005 1006 1049 2124
2 4 1005 2081 1006 2124
2 4 1005 1049 1048 2124
2 4 1005 1048 2123 2124
2 4 1005 2080 2081 2124
2 4 1005 2123 2080 2124
2 4 1006 1007 1050 2125
2 4 1006 2082 1007 2125
2 4 1006 1050 1049 2125
2 4 1006 1049 2124 2125
2 4 1006 2081 2082 2125
2 4 1006 2124 2081 2125
2 4 1007 1008 1051 2126
2 4 1007 2083 1008 2126
2 4 1007 1051 1050 2126
2 4 1007 1050 2125 2126
2 4 1007 2082 2083 2126
2 4 1007 2125 2082 2126
2 4 1008 1009 1052 2127
2 4 1008 2084 1009 2127
2 4 1008 1052 1051 2127
2 4 1008 1051 2126 2127
2 4 1008 2083 2084 2127
2 4 1008 2126 2083 2127
2 4 1009 1010 1053 2128
2 4 1009 2085 1010 2128
2 4 1009 1053 1052 2128
2 4 1009 1052 2127 2128
2 4 1009 2084 2085 2128
2 4 1009 2127 2084 2128
2 4 1010 1011 1054 2129
2 4 1010 2086 1011 2129
2 4 1010 1054 1053 2129
2 4 1010 1053 2128 2129
2 4 1010 2085 2086 2129
2 4 1010 2128 2085 2129
2 4 1011 1012 1055 2130
2 4 1011 2087 1012 2130
2 4 1011 1055 1054 2130
2 4 1011 1054 2129 2130
2 4 1011 2086 2087 2130
2 4 1011 2129 2086 2130
2 4 1012 1013 1056 2131
2 4 1012 2088 1013 2131
2 4 1012 1056 1055 2131
2 4 1012 1055 2130 2131
2 4 1012 2087 2088 2131
2 4 1012 2130 2087 2131
2 4 1013 1014 1057 2132
2 4 1013 2089 1014 2132
2 4 1013 1057 1056 2132
2 4 1013 1056 2131 2132
2 4 1013 2088 2089 2132
2 4 1013 2131 2088 2132
2 4 1014 1015 1058 2133
2 4 1014 2090 1015 2133
2 4 1014 1058 1057 2133
2 4 1014 1057 2132 2133
2 4 1014 2089 2090 2133
2 4 1014 2132 2089 2133
2 4 1015 1016 1059 2134
2 4 1015 2091 1016 2134
2 4 1015 1059 1058 2134
2 4 1015 1058 2133 2134
2 4 1015 2090 2091 2134
2 4 1015 2133 2090 2134
2 4 1016 1017 1060 2135
2 4 1016 2092 1017 2135
2 4 1016 1060 1059 2135
2 4 1016 1059 2134 2135
2 4 1016 2091 2092 2135
2 4 1016 2134 2091 2135
2 4 1017 1018 1061 2136
2 4 1017 2093 1018 2136
2 4 1017 1061 1060 2136
2 4 1017 1060 2135 2136
2 4 1017 2092 2093 2136
2 4 1017 2135 2092 2136
2 4 1018 1019 1062 2137
2 4 1018 2094 1019 2137
2 4 1018 1062 1061 2137
2 4 1018 1061 2136 2137
2 4 1018 2093 2094 2137
2 4 1018 2136 2093 2137
2 4 1019 1020 1063 2138
2 4 1019 2095 1020 2138
2 4 1019 1063 1062 2138
2 4 1019 1062 2137 2138
2 4 1019 2094 2095 2138
2 4 1019 2137 2094 2138
2 4 1020 1021 1064 2139
2 4 1020 2096 1021 2139
2 4 1020 1064 1063 2139
2 4 1020 1063 2138 2139
2 4 1020 2095 2096 2139
2 4 1020 2138 2095 2139
2 4 1021 1022 1065 2140
2 4 1021 2097 1022 2140
2 4 1021 1065 1064 2140
2 4 1021 1064 2139 2140
2 4 1021 2096 2097 2140
2 4 1021 2139 2096 2140
2 4 1022 1023 1066 2141
2 4 1022 2098 1023 2141
2 4 1022 1066 1065 2141
2 4 1022 1065 2140 2141
2 4 1022 2097 2098 2141
2 4 1022 2140 2097 2141
2 4 1023 1024 1067 2142
2 4 1023 2099 1024 2142
2 4 1023 1067 1066 2142
2 4 1023 1066 2141 2142
2 4 1023 2098 2099 2142
2 4 1023 2141 2098 2142
2 4 1024 1025 1068 2143
2 4 1024 2100 1025 2143
2 4 1024 1068 1067 2143
2 4 1024 1067 2142 2143
2 4 1024 2099 2100 2143
2 4 1024 2142 2099 2143
2 4 1025 1026 1069 2144
2 4 1025 2101 1026 2144
2 4 1025 1069 1068 2144
2 4 1025 1068 2143 2144
2 4 1025 2100 2101 2144
2 4 1025 2143 2100 2144
2 4 1026 1027 1070 2145
2 4 1026 2102 1027 2145
2 4 1026 1070 1069 2145
2 4 1026 1069 2144 2145
2 4 1026 2101 2102 2145
2 4 1026 2144 2101 2145
2 4 1027 1028 1071 2146
2 4 1027 2103 1028 2146
2 4 1027 1071 1070 2146
2 4 1027 1070 2145 2146
2 4 1027 2102 2103 2146
2 4 1027 2145 2102 2146
2 4 1028 1029 1072 2147
2 4 1028 2104 1029 2147
2 4 1028 1072 1071 2147
2 4 1028 1071 2146 2147
2 4 1028 2103 2104 2147
2 4 1028 2146 2103 2147
2 4 1029 1030 1073 2148
2 4 1029 2105 1030 2148
2 4 1029 1073 1072 2148
2 4 1029 1072 2147 2148
2 4 1029 2104 2105 2148
2 4 1029 2147 2104 2148
2 4 1030 1031 1074 2149
2 4 1030 2106 1031 2149
2 4 1030 1074 1073 2149
2 4 1030 1073 2148 2149
2 4 1030 2105 2106 2149
2 4 1030 2148 2105 2149
1 4 1075 1076 1119 2194
1 4 1075 2151 1076 2194
1 4 1075 1119 1118 2194
1 4 1075 1118 2193 2194
1 4 1075 2150 2151 2194
1 4 1075 2193 2150 2194
1 4 1076 1077 1120 2195
1 4 1076 2152 1077 2195
1 4 1076 1120 1119 2195
1 4 1076 1119 2194 2195
1 4 1076 2151 2152 2195
1 4 1076 2194 2151 2195
1 4 1077 1078 1121 2196
1 4 1077 2153 1078 2196
1 4 1077 1121 1120 2196
1 4 1077 1120 2195 2196
1 4 1077 2152 2153 2196
1 4 1077 2195 2152 2196
1 4 1078 1079 1122 2197
1 4 1078 2154 1079 2197
1 4 1078 1122 1121 2197
1 4 1078 1121 2196 2197
1 4 1078 2153 2154 2197
1 4 1078 2196 2153 2197
1 4 1079 1080 1123 2198
1 4 1079 2155 1080 2198
1 4 1079 1123 1122 2198
1 4 1079 1122 2197 2198
1 4 1079 2154 2155 2198
1 4 1079 2197 2154 2198
1 4 1080 1081 1124 2199
1 4 1080 2156 1081 2199
1 4 1080 1124 1123 2199
1 4 1080 1123 2198 2199
1 4 1080 2155 2156 2199
1 4 1080 2198 2155 2199
1 4 1081 1082 1125 2200
1 4 1081 2157 1082 2200
1 4 1081 1125 1124 2200
1 4 1081 1124 2199 2200
1 4 1081 2156 2157 2200
1 4 1081 2199 2156 2200
1 4 1082 1083 1126 2201
1 4 1082 2158 1083 2201
1 4 1082 1126 1125 2201
1 4 1082 1125 2200 2201
1 4 1082 2157 2158 2201
1 4 1082 2200 2157 2201
1 4 1083 1084 1127 2202
1 4 1083 2159 1084 2202
1 4 1083 1127 1126 2202
1 4 1083 1126 2201 2202
1 4 1083 2158 2159 2202
1 4 1083 2201 2158 2202
1 4 1084 1085 1128 2203
1 4 1084 2160 1085 2203
1 4 1084 1128 1127 2203
1 4 1084 1127 2202 2203
1 4 1084 2159 2160 2203
1 4 1084 2202 2159 2203
1 4 1085 1086 1129 2204
1 4 1085 2161 1086 2204
1 4 1085 1129 1128 2204
1 4 1085 1128 2203 2204
1 4 1085 2160 2161 2204
1 4 1085 2203 2160 2204
1 4 1086 1087 1130 2205
1 4 1086 2162 1087 2205
1 4 1086 1130 1129 2205
1 4 1086 1129 2204 2205
1 4 1086 2161 2162 2205
1 4 1086 2204 2161 2205
1 4 1087 1088 1131 2206
1 4 1087 2163 1088 2206
1 4 1087 1131 1130 2206
1 4 1087 1130 2205 2206
1 4 1087 2162 2163 2206
1 4 1087 2205 2162 2206
1 4 1088 1089 1132 2207
1 4 1088 2164 1089 2207
1 4 1088 1132 1131 2207
1 4 1088 1131 2206 2207
1 4 1088 2163 2164 2207
1 4 1088 2206 2163 2207
1 4 1089 1090 1133 2208
1 4 1089 2165 1090 2208
1 4 1089 1133 1132 2208
1 4 1089 1132 2207 2208
1 4 1089 2164 2165 2208
1 4 1089 2207 2164 2208
1 4 1090 1091 1134 2209
1 4 1090 2166 1091 2209
1 4 1090 1134 1133 2209
1 4 1090 1133 2208 2209
1 4 1090 2165 2166 2209
1 4 1090 2208 2165 2209
1 4 1091 1092 1135 2210
1 4 1091 2167 1092 2210
1 4 1091 1135 1134 2210
1 4 1091 1134 2209 2210
1 4 1091 2166 2167 2210
1 4 1091 2209 2166 2210
1 4 1092 1093 1136 2211
1 4 1092 2168 1093 2211
1 4 1092 1136 1135 2211
1 4 1092 1135 2210 2211
1 4 1092 2167 2168 2211
1 4 1092 2210 2167 2211
1 4 1093 1094 1137 2212
1 4 1093 2169 1094 2212
1 4 1093 1137 1136 2212
1 4 1093 1136 2211 2212
1 4 1093 2168 2169 2212
1 4 1093 2211 2168 2212
1 4 1094 1095 1138 2213
1 4 1094 2170 1095 2213
1 4 1094 1138 1137 2213
1 4 1094 1137 2212 2213
1 4 1094 2169 2170 2213
1 4 1094 2212 2169 2213
1 4 1095 1096 1139 2214
1 4 1095 2171 1096 2214
1 4 1095 1139 1138 2214
1 4 1095 1138 2213 2214
1 4 1095 2170 2171 2214
1 4 1095 2213 2170 2214
1 4 1096 1097 1140 2215
1 4 1096 2172 1097 2215
1 4 1096 1140 1139 2215
1 4 1096 1139 2214 2215
1 4 1096 2171 2172 2215
1 4 1096 2214 2171 2215
1 4 1097 1098 1141 2216
1 4 1097 2173 1098 2216
1 4 1097 1141 1140 2216
1 4 1097 1140 2215 2216
1 4 1097 2172 2173 2216
1 4 1097 2215 2172 2216
1 4 1098 1099 1142 2217
1 4 1098 2174 1099 2217
1 4 1098 1142 1141 2217
1 4 1098 1141 2216 2217
1 4 1098 2173 2174 2217
1 4 1098 2216 2173 2217
1 4 1099 1100 1143 2218
1 4 1099 2175 1100 2218
1 4 1099 1143 1142 2218
1 4 1099 1142 2217 2218
1 4 1099 2174 2175 2218
1 4 1099 2217 2174 2218
1 4 1100 1101 1144 2219
1 4 1100 2176 1101 2219
1 4 1100 1144 1143 2219
1 4 1100 1143 2218 2219
1 4 1100 2175 2176 2219
1 4 1100 2218 2175 2219
1 4 1101 1102 1145 2220
1 4 1101 2177 1102 2220
1 4 1101 1145 1144 2220
1 4 1101 1144 2219 2220
1 4 1101 2176 2177 2220
1 4 1101 2219 2176 2220
1 4 1102 1103 1146 2221
1 4 1102 2178 1103 2221
1 4 1102 1146 1145 2221
1 4 1102 1145 2220 2221
1 4 1102 2177 2178 2221
1 4 1102 2220 2177 2221
1 4 1103 1104 1147 2222
1 4 1103 2179 1104 2222
1 4 1103 1147 1146 2222
1 4 1103 1146 2221 2222
1 4 1103 2178 2179 2222
1 4 1103 2221 2178 2222
1 4 1104 1105 1148 2223
1 4 1104 2180 1105 2223
1 4 1104 1148 1147 2223
1 4 1104 1147 2222 2223
1 4 1104 2179 2180 2223
1 4 1104 2222 2179 2223
1 4 1105 1106 1149 2224
1 4 1105 2181 1106 2224
1 4 1105 1149 1148 2224
1 4 1105 1148 2223 2224
1 4 1105 2180 2181 2224
1 4 1105 2223 2180 2224
1 4 1106 1107 1150 2225
1 4 1106 2182 1107 2225
1 4 1106 1150 1149 2225
1 4 1106 1149 2224 2225
1 4 1106 2181 2182 2225
1 4 1106 2224 2181 2225
1 4 1107 1108 1151 2226
1 4 1107 2183 1108 2226
1 4 1107 1151 1150 2226
1 4 1107 1150 2225 2226
1 4 1107 2182 2183 2226
1 4 1107 2225 2182 2226
1 4 1108 1109 1152 2227
1 4 1108 2184 1109 2227
1 4 1108 1152 1151 2227
1 4 1108 1151 2226 2227
1 4 1108 2183 2184 2227
1 4 1108 2226 2183 2227
1 4 1109 1110 1153 2228
1 4 1109 2185 1110 2228
1 4 1109 1153 1152 2228
1 4 1109 1152 2227 2228
1 4 1109 2184 2185 2228
1 4 1109 2227 2184 2228
1 4 1110 1111 1154 2229
1 4 1110 2186 1111 2229
1 4 1110 1154 1153 2229
1 4 1110 1153 2228 2229
1 4 1110 2185 2186 2229
1 4 1110 2228 2185 2229
1 4 1111 1112 1155 2230
1 4 1111 2187 1112 2230
1 4 1111 1155 1154 2230
1 4 1111 1154 2229 2230
1 4 1111 2186 2187 2230
1 4 1111 2229 2186 2230
1 4 1112 1113 1156 2231
1 4 1112 2188 1113 2231
1 4 1112 1156 1155 2231
1 4 1112 1155 2230 2231
1 4 1112 2187 2188 2231
1 4 1112 2230 2187 2231
1 4 1113 1114 1157 2232
1 4 1113 2189 1114 2232
1 4 1113 1157 1156 2232
1 4 1113 1156 2231 2232
1 4 1113 2188 2189 2232
1 4 1113 2231 2188 2232
1 4 1114 1115 1158 2233
1 4 1114 2190 1115 2233
1 4 1114 1158 1157 2233
1 4 1114 1157 2232 2233
1 4 1114 2189 2190 2233
1 4 1114 2232 2189 2233
1 4 1115 1116 1159 2234
1 4 1115 2191 1116 2234
1 4 1115 1159 1158 2234
1 4 1115 1158 2233 2234
1 4 1115 2190 2191 2234
1 4 1115 2233 2190 2234
1 4 1116 1117 1160 2235
1 4 1116 2192 1117 2235
1 4 1116 1160 1159 2235
1 4 1116 1159 2234 2235
1 4 1116 2191 2192 2235
1 4 1116 2234 2191 2235
1 4 1118 1119 1162 2237
1 4 1118 2194 1119 2237
1 4 1118 1162 1161 2237
1 4 1118 1161 2236 2237
1 4 1118 2193 2194 2237
1 4 1118 2236 2193 2237
1 4 1119 1120 1163 2238
1 4 1119 2195 1120 2238
1 4 1119 1163 1162 2238
1 4 1119 1162 2237 2238
1 4 1119 2194 2195 2238
1 4 1119 2237 2194 2238
1 4 1120 1121 1164 2239
1 4 1120 2196 1121 2239
1 4 1120 1164 1163 2239
1 4 1120 1163 2238 2239
1 4 1120 2195 2196 2239
1 4 1120 2238 2195 2239
1 4 1121 1122 1165 2240
1 4 1121 2197 1122 2240
1 4 1121 1165 1164 2240
1 4 1121 1164 2239 2240
1 4 1121 2196 2197 2240
1 4 1121 2239 2196 2240
1 4 1122 1123 1166 2241
1 4 1122 2198 1123 2241
1 4 1122 1166 1165 2241
1 4 1122 1165 2240 2241
1 4 1122 2197 2198 2241
1 4 1122 2240 2197 2241
1 4 1123 1124 1167 2242
1 4 1123 2199 1124 2242
1 4 1123 1167 1166 2242
1 4 1123 1166 2241 2242
1 4 1123 2198 2199 2242
1 4 1123 2241 2198 2242
1 4 1124 1125 1168 2243
1 4 1124 2200 1125 2243
1 4 1124 1168 1167 2243
1 4 1124 1167 2242 2243
1 4 1124 2199 2200 2243
1 4 1124 2242 2199 2243
1 4 1125 1126 1169 2244
1 4 1125 2201 1126 2244
1 4 1125 1169 1168 2244
1 4 1125 1168 2243 2244
1 4 1125 2200 2201 2244
1 4 1125 2243 2200 2244
1 4 1126 1127 1170 2245
1 4 1126 2202 1127 2245
1 4 1126 1170 1169 2245
1 4 1126 1169 2244 2245
1 4 1126 2201 2202 2245
1 4 1126 2244 2201 2245
1 4 1127 1128 1171 2246
1 4 1127 2203 1128 2246
1 4 1127 1171 1170 2246
1 4 1127 1170 2245 2246
1 4 1127 2202 2203 2246
1 4 1127 2245 2202 2246
1 4 1128 1129 1172 2247
1 4 1128 2204 1129 2247
1 4 1128 1172 1171 2247
1 4 1128 1171 2246 2247
1 4 1128 2203 2204 2247
1 4 1128 2246 2203 2247
1 4 1129 1130 1173 2248
1 4 1129 2205 1130 2248
1 4 1129 1173 1172 2248
1 4 1129 1172 2247 2248
1 4 1129 2204 2205 2248
1 4 1129 2247 2204 2248
1 4 1130 1131 1174 2249
1 4 1130 2206 1131 2249
1 4 1130 1174 1173 2249
1 4 1130 1173 2248 2249
1 4 1130 2205 2206 2249
1 4 1130 2248 2205 2249
1 4 1131 1132 1175 2250
1 4 1131 2207 1132 2250
1 4 1131 1175 1174 2250
1 4 1131 1174 2249 2250
1 4 1131 2206 2207 2250
1 4 1131 2249 2206 2250
1 4 1132 1133 1176 2251
1 4 1132 2208 1133 2251
1 4 1132 1176 1175 2251
1 4 1132 1175 2250 2251
1 4 1132 2207 2208 2251
1 4 1132 2250 2207 2251
1 4 1133 1134 1177 2252
1 4 1133 2209 1134 2252
1 4 1133 1177 1176 2252
1 4 1133 1176 2251 2252
1 4 1133 2208 2209 2252
1 4 1133 2251 2208 2252
1 4 1134 1135 1178 2253
1 4 1134 2210 1135 2253
1 4 1134 1178 1177 2253
1 4 1134 1177 2252 2253
1 4 1134 2209 2210 2253
1 4 1134 2252 2209 2253
1 4 1135 1136 1179 2254
1 4 1135 2211 1136 2254
1 4 1135 1179 1178 2254
1 4 1135 1178 2253 2254
1 4 1135 2210 2211 2254
1 4 1135 2253 2210 2254
1 4 1136 1137 1180 2255
1 4 1136 2212 1137 2255
1 4 1136 1180 1179 2255
1 4 1136 1179 2254 2255
1 4 1136 2211 2212 2255
1 4 1136 2254 2211 2255
1 4 1137 1138 1181 2256
1 4 1137 2213 1138 2256
1 4 1137 1181 1180 2256
1 4 1137 1180 2255 2256
1 4 1137 2212 2213 2256
1 4 1137 2255 2212 2256
1 4 1138 1139 1182 2257
1 4 1138 2214 1139 2257
1 4 1138 1182 1181 2257
1 4 1138 1181 2256 2257
1 4 1138 2213 2214 2257
1 4 1138 2256 2213 2257
1 4 1139 1140 1183 2258
1 4 1139 2215 1140 2258
1 4 1139 1183 1182 2258
1 4 1139 1182 2257 2258
1 4 1139 2214 2215 2258
1 4 1139 2257 2214 2258
1 4 1140 1141 1184 2259
1 4 1140 2216 1141 2259
1 4 1140 1184 1183 2259
1 4 1140 1183 2258 2259
1 4 1140 2215 2216 2259
1 4 1140 2258 2215 2259
1 4 1141 1142 1185 2260
1 4 1141 2217 1142 2260
1 4 1141 1185 1184 2260
1 4 1141 1184 2259 2260
1 4 1141 2216 2217 2260
1 4 1141 2259 2216 2260
1 4 1142 1143 1186 2261
1 4 1142 2218 1143 2261
1 4 1142 1186 1185 2261
1 4 1142 1185 2260 2261
1 4 1142 2217 2218 2261
1 4 1142 2260 2217 2261
1 4 1143 1144 1187 2262
1 4 1143 2219 1144 2262
1 4 1143 1187 1186 2262
1 4 1143 1186 2261 2262
1 4 1143 2218 2219 2262
1 4 1143 2261 2218 2262
1 4 1144 1145 1188 2263
1 4 1144 2220 1145 2263
1 4 1144 1188 1187 2263
1 4 1144 1187 2262 2263
1 4 1144 2219 2220 2263
1 4 1144 2262 2219 2263
1 4 1145 1146 1189 2264
1 4 1145 2221 1146 2264
1 4 1145 1189 1188 2264
1 4 1145 1188 2263 2264
1 4 1145 2220 2221 2264
1 4 1145 2263 2220 2264
1 4 1146 1147 1190 2265
1 4 1146 2222 1147 2265
1 4 1146 1190 1189 2265
1 4 1146 1189 2264 2265
1 4 1146 2221 2222 2265
1 4 1146 2264 2221 2265
1 4 1147 1148 1191 2266
1 4 1147 2223 1148 2266
1 4 1147 1191 1190 2266
1 4 1147 1190 2265 2266
1 4 1147 2222 2223 2266
1 4 1147 2265 2222 2266
1 4 1148 1149 1192 2267
1 4 1148 2224 1149 2267
1 4 1148 1192 1191 2267
1 4 1148 1191 2266 2267
1 4 1148 2223 2224 2267
1 4 1148 2266 2223 2267
1 4 1149 1150 1193 2268
1 4 1149 2225 1150 2268
1 4 1149 1193 1192 2268
1 4 1149 1192 2267 2268
1 4 1149 2224 2225 2268
1 4 1149 2267 2224 2268
1 4 1150 1151 1194 2269
1 4 1150 2226 1151 2269
1 4 1150 1194 1193 2269
1 4 1150 1193 2268 2269
1 4 1150 2225 2226 2269
1 4 1150 2268 2225 2269
1 4 1151 1152 1195 2270
1 4 1151 2227 1152 2270
1 4 1151 1195 1194 2270
1 4 1151 1194 2269 2270
1 4 1151 2226 2227 2270
1 4 1151 2269 2226 2270
1 4 1152 1153 1196 2271
1 4 1152 2228 1153 2271
1 4 1152 1196 1195 2271
1 4 1152 1195 2270 2271
1 4 1152 2227 2228 2271
1 4 1152 2270 2227 2271
1 4 1153 1154 1197 2272
1 4 1153 2229 1154 2272
1 4 1153 1197 1196 2272
1 4 1153 1196 2271 2272
1 4 1153 2228 2229 2272
1 4 1153 2271 2228 2272
1 4 1154 1155 1198 2273
1 4 1154 2230 1155 2273
1 4 1154 1198 1197 2273
1 4 1154 1197 2272 2273
1 4 1154 2229 2230 2273
1 4 1154 2272 2229 2273
1 4 1155 1156 1199 2274
1 4 1155 2231 1156 2274
1 4 1155 1199 1198 2274
1 4 1155 1198 2273 2274
1 4 1155 2230 2231 2274
1 4 1155 2273 2230 2274
1 4 1156 1157 1200 2275
1 4 1156 2232 1157 2275
1 4 1156 1200 1199 2275
1 4 1156 1199 2274 2275
1 4 1156 2231 2232 2275
1 4 1156 2274 2231 2275
1 4 1157 1158 1201 2276
1 4 1157 2233 1158 2276
1 4 1157 1201 1200 2276
1 4 1157 1200 2275 2276
1 4 1157 2232 2233 2276
1 4 1157 2275 2232 2276
1 4 1158 1159 1202 2277
1 4 1158 2234 1159 2277
1 4 1158 1202 1201 2277
1 4 1158 1201 2276 2277
1 4 1158 2233 2234 2277
1 4 1158 2276 2233 2277
1 4 1159 1160 1203 2278
1 4 1159 2235 1160 2278
1 4 1159 1203 1202 2278
1 4 1159 1202 2277 2278
1 4 1159 2234 2235 2278
1 4 1159 2277 2234 2278
1 4 1161 1162 1205 2280
1 4 1161 2237 1162 2280
1 4 1161 1205 1204 2280
1 4 1161 1204 2279 2280
1 4 1161 2236 2237 2280
1 4 1161 2279 2236 2280
1 4 1162 1163 1206 2281
1 4 1162 2238 1163 2281
1 4 1162 1206 1205 2281
1 4 1162 1205 2280 2281
1 4 1162 2237 2238 2281
1 4 1162 2280 2237 2281
1 4 1163 1164 1207 2282
1 4 1163 2239 1164 2282
1 4 1163 1207 1206 2282
1 4 1163 1206 2281 2282
1 4 1163 2238 2239 2282
1 4 1163 2281 2238 2282
1 4 1164 1165 1208 2283
1 4 1164 2240 1165 2283
1 4 1164 1208 1207 2283
1 4 1164 1207 2282 2283
1 4 1164 2239 2240 2283
1 4 1164 2282 2239 2283
1 4 1165 1166 1209 2284
1 4 1165 2241 1166 2284
1 4 1165 1209 1208 2284
1 4 1165 1208 2283 2284
1 4 1165 2240 2241 2284
1 4 1165 2283 2240 2284
1 4 1166 1167 1210 2285
1 4 1166 2242 1167 2285
1 4 1166 1210 1209 2285
1 4 1166 1209 2284 2285
1 4 1166 2241 2242 2285
1 4 1166 2284 2241 2285
1 4 1167 1168 1211 2286
1 4 1167 2243 1168 2286
1 4 1167 1211 1210 2286
1 4 1167 1210 2285 2286
1 4 1167 2242 2243 2286
1 4 1167 2285 2242 2286
1 4 1168 1169 1212 2287
1 4 1168 2244 1169 2287
1 4 1168 1212 1211 2287
1 4 1168 1211 2286 2287
1 4 1168 2243 2244 2287
1 4 1168 2286 2243 2287
1 4 1169 1170 1213 2288
1 4 1169 2245 1170 2288
1 4 1169 1213 1212 2288
1 4 1169 1212 2287 2288
1 4 1169 2244 2245 2288
1 4 1169 2287 2244 2288
1 4 1170 1171 1214 2289
1 4 1170 2246 1171 2289
1 4 1170 1214 1213 2289
1 4 1170 1213 2288 2289
1 4 1170 2245 2246 2289
1 4 1170 2288 2245 2289
1 4 1171 1172 1215 2290
1 4 1171 2247 1172 2290
1 4 1171 1215 1214 2290
1 4 1171 1214 2289 2290
1 4 1171 2246 2247 2290
1 4 1171 2289 2246 2290
1 4 1172 1173 1216 2291
1 4 1172 2248 1173 2291
1 4 1172 1216 1215 2291
1 4 1172 1215 2290 2291
1 4 1172 2247 2248 2291
1 4 1172 2290 2247 2291
1 4 1173 1174 1217 2292
1 4 1173 2249 1174 2292
1 4 1173 1217 1216 2292
1 4 1173 1216 2291 2292
1 4 1173 2248 2249 2292
1 4 1173 2291 2248 2292
1 4 1174 1175 1218 2293
1 4 1174 2250 1175 2293
1 4 1174 1218 1217 2293
1 4 1174 1217 2292 2293
1 4 1174 2249 2250 2293
1 4 1174 2292 2249 2293
1 4 1175 1176 1219 2294
1 4 1175 2251 1176 2294
1 4 1175 1219 1218 2294
1 4 1175 1218 2293 2294
1 4 1175 2250 2251 2294
1 4 1175 2293 2250 2294
1 4 1176 1177 1220 2295
1 4 1176 2252 1177 2295
1 4 1176 1220 1219 2295
1 4 1176 1219 2294 2295
1 4 1176 2251 2252 2295
1 4 1176 2294 2251 2295
1 4 1177 1178 1221 2296
1 4 1177 2253 1178 2296
1 4 1177 1221 1220 2296
1 4 1177 1220 2295 2296
1 4 1177 2252 2253 2296
1 4 1177 2295 2252 2296
1 4 1178 1179 1222 2297
1 4 1178 2254 1179 2297
1 4 1178 1222 1221 2297
1 4 1178 1221 2296 2297
1 4 1178 2253 2254 2297
1 4 1178 2296 2253 2297
1 4 1179 1180 1223 2298
1 4 1179 2255 1180 2298
1 4 1179 1223 1222 2298
1 4 1179 1222 2297 2298
1 4 1179 2254 2255 2298
1 4 1179 2297 2254 2298
1 4 1180 1181 1224 2299
1 4 1180 2256 1181 2299
1 4 1180 1224 1223 2299
1 4 1180 1223 2298 2299
1 4 1180 2255 2256 2299
1 4 1180 2298 2255 2299
1 4 1181 1182 1225 2300
1 4 1181 2257 1182 2300
1 4 1181 1225 1224 2300
1 4 1181 1224 2299 2300
1 4 1181 2256 2257 2300
1 4 1181 2299 2256 2300
1 4 1182 1183 1226 2301
1 4 1182 2258 1183 2301
1 4 1182 1226 1225 2301
1 4 1182 1225 2300 2301
1 4 1182 2257 2258 2301
1 4 1182 2300 2257 2301
1 4 1183 1184 1227 2302
1 4 1183 2259 1184 2302
1 4 1183 1227 1226 2302
1 4 1183 1226 2301 2302
1 4 1183 2258 2259 2302
1 4 1183 2301 2258 2302
1 4 1184 1185 1228 2303
1 4 1184 2260 1185 2303
1 4 1184 1228 1227 2303
1 4 1184 1227 2302 2303
1 4 1184 2259 2260 2303
1 4 1184 2302 2259 2303
1 4 1185 1186 1229 2304
1 4 1185 2261 1186 2304
1 4 1185 1229 1228 2304
1 4 1185 1228 2303 2304
1 4 1185 2260 2261 2304
1 4 1185 2303 2260 2304
1 4 1186 1187 1230 2305
1 4 1186 2262 1187 2305
1 4 1186 1230 1229 2305
1 4 1186 1229 2304 2305
1 4 1186 2261 2262 2305
1 4 1186 2304 2261 2305
1 4 1187 1188 1231 2306
1 4 1187 2263 1188 2306
1 4 1187 1231 1230 2306
1 4 1187 1230 2305 2306
1 4 1187 2262 2263 2306
1 4 1187 2305 2262 2306
1 4 1188 1189 1232 2307
1 4 1188 2264 1189 2307
1 4 1188 1232 1231 2307
1 4 1188 1231 2306 2307
1 4 1188 2263 2264 2307
1 4 1188 2306 2263 2307
1 4 1189 1190 1233 2308
1 4 1189 2265 1190 2308
1 4 1189 1233 1232 2308
1 4 1189 1232 2307 2308
1 4 1189 2264 2265 2308
1 4 1189 2307 2264 2308
1 4 1190 1191 1234 2309
1 4 1190 2266 1191 2309
1 4 1190 1234 1233 2309
1 4 1190 1233 2308 2309
1 4 1190 2265 2266 2309
1 4 1190 2308 2265 2309
1 4 1191 1192 1235 2310
1 4 1191 2267 1192 2310
1 4 1191 1235 1234 2310
1 4 1191 1234 2309 2310
1 4 1191 2266 2267 2310
1 4 1191 2309 2266 2310
1 4 1192 1193 1236 2311
1 4 1192 2268 1193 2311
1 4 1192 1236 1235 2311
1 4 1192 1235 2310 2311
1 4 1192 2267 2268 2311
1 4 1192 2310 2267 2311
1 4 1193 1194 1237 2312
1 4 1193 2269 1194 2312
1 4 1193 1237 1236 2312
1 4 1193 1236 2311 2312
1 4 1193 2268 2269 2312
1 4 1193 2311 2268 2312
1 4 1194 1195 1238 2313
1 4 1194 2270 1195 2313
1 4 1194 1238 1237 2313
1 4 1194 1237 2312 2313
1 4 1194 2269 2270 2313
1 4 1194 2312 2269 2313
1 4 1195 1196 1239 2314
1 4 1195 2271 1196 2314
1 4 1195 1239 1238 2314
1 4 1195 1238 2313 2314
1 4 1195 2270 2271 2314
1 4 1195 2313 2270 2314
1 4 1196 1197 1240 2315
1 4 1196 2272 1197 2315
1 4 1196 1240 1239 2315
1 4 1196 1239 2314 2315
1 4 1196 2271 2272 2315
1 4 1196 2314 2271 2315
1 4 1197 1198 1241 2316
1 4 1197 2273 1198 2316
1 4 1197 1241 1240 2316
1 4 1197 1240 2315 2316
1 4 1197 2272 2273 2316
1 4 1197 2315 2272 2316
1 4 1198 1199 1242 2317
1 4 1198 2274 1199 2317
1 4 1198 1242 1241 2317
1 4 1198 1241 2316 2317
1 4 1198 2273 2274 2317
1 4 1198 2316 2273 2317
1 4 1199 1200 1243 2318
1 4 1199 2275 1200 2318
1 4 1199 1243 1242 2318
1 4 1199 1242 2317 2318
1 4 1199 2274 2275 2318
1 4 1199 2317 2274 2318
1 4 1200 1201 1244 2319
1 4 1200 2276 1201 2319
1 4 1200 1244 1243 2319
1 4 1200 1243 2318 2319
1 4 1200 2275 2276 2319
1 4 1200 2318 2275 2319
1 4 1201 1202 1245 2320
1 4 1201 2277 1202 2320
1 4 1201 1245 1244 2320
1 4 1201 1244 2319 2320
1 4 1201 2276 2277 2320
1 4 1201 2319 2276 2320
1 4 1202 1203 1246 2321
1 4 1202 2278 1203 2321
1 4 1202 1246 1245 2321
1 4 1202 1245 2320 2321
1 4 1202 2277 2278 2321
1 4 1202 2320 2277 2321
1 4 1204 1205 1248 2323
1 4 1204 2280 1205 2323
1 4 1204 1248 1247 2323
1 4 1204 1247 2322 2323
1 4 1204 2279 2280 2323
1 4 1204 2322 2279 2323
1 4 1205 1206 1249 2324
1 4 1205 2281 1206 2324
1 4 1205 1249 1248 2324
1 4 1205 1248 2323 2324
1 4 1205 2280 2281 2324
1 4 1205 2323 2280 2324
1 4 1206 1207 1250 2325
1 4 1206 2282 1207 2325
1 4 1206 1250 1249 2325
1 4 1206 1249 2324 2325
1 4 1206 2281 2282 2325
1 4 1206 2324 2281 2325
1 4 1207 1208 1251 2326
1 4 1207 2283 1208 2326
1 4 1207 1251 1250 2326
1 4 1207 1250 2325 2326
1 4 1207 2282 2283 2326
1 4 1207 2325 2282 2326
1 4 1208 1209 1252 2327
1 4 1208 2284 1209 2327
1 4 1208 1252 1251 2327
1 4 1208 1251 2326 2327
1 4 1208 2283 2284 2327
1 4 1208 2326 2283 2327
1 4 1209 1210 1253 2328
1 4 1209 2285 1210 2328
1 4 1209 1253 1252 2328
1 4 1209 1252 2327 2328
1 4 1209 2284 2285 2328
1 4 1209 2327 2284 2328
1 4 1210 1211 1254 2329
1 4 1210 2286 1211 2329
1 4 1210 1254 1253 2329
1 4 1210 1253 2328 2329
1 4 1210 2285 2286 2329
1 4 1210 2328 2285 2329
1 4 1211 1212 1255 2330
1 4 1211 2287 1212 2330
1 4 1211 1255 1254 2330
1 4 1211 1254 2329 2330
1 4 1211 2286 2287 2330
1 4 1211 2329 2286 2330
1 4 1212 1213 1256 2331
1 4 1212 2288 1213 2331
1 4 1212 1256 1255 2331
1 4 1212 1255 2330 2331
1 4 1212 2287 2288 2331
1 4 1212 2330 2287 2331
1 4 1213 1214 1257 2332
1 4 1213 2289 1214 2332
1 4 1213 1257 1256 2332
1 4 1213 1256 2331 2332
1 4 1213 2288 2289 2332
1 4 1213 2331 2288 2332
1 4 1214 1215 1258 2333
1 4 1214 2290 1215 2333
1 4 1214 1258 1257 2333
1 4 1214 1257 2332 2333
1 4 1214 2289 2290 2333
1 4 1214 2332 2289 2333
1 4 1215 1216 1259 2334
1 4 1215 2291 1216 2334
1 4 1215 1259 1258 2334
1 4 1215 1258 2333 2334
1 4 1215 2290 2291 2334
1 4 1215 2333 2290 2334
1 4 1216 1217 1260 2335
1 4 1216 2292 1217 2335
1 4 1216 1260 1259 2335
1 4 1216 1259 2334 2335
1 4 1216 2291 2292 2335
1 4 1216 2334 2291 2335
1 4 1217 1218 1261 2336
1 4 1217 2293 1218 2336
1 4 1217 1261 1260 2336
1 4 1217 1260 2335 2336
1 4 1217 2292 2293 2336
1 4 1217 2335 2292 2336
1 4 1218 1219 1262 2337
1 4 1218 2294 1219 2337
1 4 1218 1262 1261 2337
1 4 1218 1261 2336 2337
1 4 1218 2293 2294 2337
1 4 1218 2336 2293 2337
1 4 1219 1220 1263 2338
1 4 1219 2295 1220 2338
1 4 1219 1263 1262 2338
1 4 1219 1262 2337 2338
1 4 1219 2294 2295 2338
1 4 1219 2337 2294 2338
1 4 1220 1221 1264 2339
1 4 1220 2296 1221 2339
1 4 1220 1264 1263 2339
1 4 1220 1263 2338 2339
1 4 1220 2295 2296 2339
1 4 1220 2338 2295 2339
1 4 1221 1222 1265 2340
1 4 1221 2297 1222 2340
1 4 1221 1265 1264 2340
1 4 1221 1264 2339 2340
1 4 1221 2296 2297 2340
1 4 1221 2339 2296 2340
1 4 1222 1223 1266 2341
1 4 1222 2298 1223 2341
1 4 1222 1266 1265 2341
1 4 1222 1265 2340 2341
1 4 1222 2297 2298 2341
1 4 1222 2340 2297 2341
1 4 1223 1224 1267 2342
1 4 1223 2299 1224 2342
1 4 1223 1267 1266 2342
1 4 1223 1266 2341 2342
1 4 1223 2298 2299 2342
1 4 1223 2341 2298 2342
1 4 1224 1225 1268 2343
1 4 1224 2300 1225 2343
1 4 1224 1268 1267 2343
1 4 1224 1267 2342 2343
1 4 1224 2299 2300 2343
1 4 1224 2342 2299 2343
1 4 1225 1226 1269 2344
1 4 1225 2301 1226 2344
1 4 1225 1269 1268 2344
1 4 1225 1268 2343 2344
1 4 1225 2300 2301 2344
1 4 1225 2343 2300 2344
1 4 1226 1227 1270 2345
1 4 1226 2302 1227 2345
1 4 1226 1270 1269 2345
1 4 1226 1269 2344 2345
1 4 1226 2301 2302 2345
1 4 1226 2344 2301 2345
1 4 1227 1228 1271 2346
1 4 1227 2303 1228 2346
1 4 1227 1271 1270 2346
1 4 1227 1270 2345 2346
1 4 1227 2302 2303 2346
1 4 1227 2345 2302 2346
1 4 1228 1229 1272 2347
1 4 1228 2304 1229 2347
1 4 1228 1272 1271 2347
1 4 1228 1271 2346 2347
1 4 1228 2303 2304 2347
1 4 1228 2346 2303 2347
1 4 1229 1230 1273 2348
1 4 1229 2305 1230 2348
1 4 1229 1273 1272 2348
1 4 1229 1272 2347 2348
1 4 1229 2304 2305 2348
1 4 1229 2347 2304 2348
1 4 1230 1231 1274 2349
1 4 1230 2306 1231 2349
1 4 1230 1274 1273 2349
1 4 1230 1273 2348 2349
1 4 1230 2305 2306 2349
1 4 1230 2348 2305 2349
1 4 1231 1232 1275 2350
1 4 1231 2307 1232 2350
1 4 1231 1275 1274 2350
1 4 1231 1274 2349 2350
1 4 1231 2306 2307 2350
1 4 1231 2349 2306 2350
1 4 1232 1233 1276 2351
1 4 1232 2308 1233 2351
1 4 1232 1276 1275 2351
1 4 1232 1275 2350 2351
1 4 1232 2307 2308 2351
1 4 1232 2350 2307 2351
1 4 1233 1234 1277 2352
1 4 1233 2309 1234 2352
1 4 1233 1277 1276 2352
1 4 1233 1276 2351 2352
1 4 1233 2308 2309 2352
1 4 1233 2351 2308 2352
1 4 1234 1235 1278 2353
1 4 1234 2310 1235 2353
1 4 1234 1278 1277 2353
1 4 1234 1277 2352 2353
1 4 1234 2309 2310 2353
1 4 1234 2352 2309 2353
1 4 1235 1236 1279 2354
1 4 1235 2311 1236 2354
1 4 1235 1279 1278 2354
1 4 1235 1278 2353 2354
1 4 1235 2310 2311 2354
1 4 1235 2353 2310 2354
1 4 1236 1237 1280 2355
1 4 1236 2312 1237 2355
1 4 1236 1280 1279 2355
1 4 1236 1279 2354 2355
1 4 1236 2311 2312 2355
1 4 1236 2354 2311 2355
1 4 1237 1238 1281 2356
1 4 1237 2313 1238 2356
1 4 1237 1281 1280 2356
1 4 1237 1280 2355 2356
1 4 1237 2312 2313 2356
1 4 1237 2355 2312 2356
1 4 1238 1239 1282 2357
1 4 1238 2314 1239 2357
1 4 1238 1282 1281 2357
1 4 1238 1281 2356 2357
1 4 1238 2313 2314 2357
1 4 1238 2356 2313 2357
1 4 1239 1240 1283 2358
1 4 1239 2315 1240 2358
1 4 1239 1283 1282 2358
1 4 1239 1282 2357 2358
1 4 1239 2314 2315 2358
1 4 1239 2357 2314 2358
1 4 1240 1241 1284 2359
1 4 1240 2316 1241 2359
1 4 1240 1284 1283 2359
1 4 1240 1283 2358 2359
1 4 1240 2315 2316 2359
1 4 1240 2358 2315 2359
1 4 1241 1242 1285 2360
1 4 1241 2317 1242 2360
1 4 1241 1285 1284 2360
1 4 1241 1284 2359 2360
1 4 1241 2316 2317 2360
1 4 1241 2359 2316 2360
1 4 1242 1243 1286 2361
1 4 1242 2318 1243 2361
1 4 1242 1286 1285 2361
1 4 1242 1285 2360 2361
1 4 1242 2317 2318 2361
1 4 1242 2360 2317 2361
1 4 1243 1244 1287 2362
1 4 1243 2319 1244 2362
1 4 1243 1287 1286 2362
1 4 1243 1286 2361 2362
1 4 1243 2318 2319 2362
1 4 1243 2361 2318 2362
1 4 1244 1245 1288 2363
1 4 1244 2320 1245 2363
1 4 1244 1288 1287 2363
1 4 1244 1287 2362 2363
1 4 1244 2319 2320 2363
1 4 1244 2362 2319 2363
1 4 1245 1246 1289 2364
1 4 1245 2321 1246 2364
1 4 1245 1289 1288 2364
1 4 1245 1288 2363 2364
1 4 1245 2320 2321 2364
1 4 1245 2363 2320 2364
1 4 1247 1248 1291 2366
1 4 1247 2323 1248 2366
1 4 1247 1291 1290 2366
1 4 1247 1290 2365 2366
1 4 1247 2322 2323 2366
1 4 1247 2365 2322 2366
1 4 1248 1249 1292 2367
1 4 1248 2324 1249 2367
1 4 1248 1292 1291 2367
1 4 1248 1291 2366 2367
1 4 1248 2323 2324 2367
1 4 1248 2366 2323 2367
1 4 1249 1250 1293 2368
1 4 1249 2325 1250 2368
1 4 1249 1293 1292 2368
1 4 1249 1292 2367 2368
1 4 1249 2324 2325 2368
1 4 1249 2367 2324 2368
1 4 1250 1251 1294 2369
1 4 1250 2326 1251 2369
1 4 1250 1294 1293 2369
1 4 1250 1293 2368 2369
1 4 1250 2325 2326 2369
1 4 1250 2368 2325 2369
1 4 1251 1252 1295 2370
1 4 1251 2327 1252 2370
1 4 1251 1295 1294 2370
1 4 1251 1294 2369 2370
1 4 1251 2326 2327 2370
1 4 1251 2369 2326 2370
1 4 1252 1253 1296 2371
1 4 1252 2328 1253 2371
1 4 1252 1296 1295 2371
1 4 1252 1295 2370 2371
1 4 1252 2327 2328 2371
1 4 1252 2370 2327 2371
1 4 1253 1254 1297 2372
1 4 1253 2329 1254 2372
1 4 1253 1297 1296 2372
1 4 1253 1296 2371 2372
1 4 1253 2328 2329 2372
1 4 1253 2371 2328 2372
1 4 1254 1255 1298 2373
1 4 1254 2330 1255 2373
1 4 1254 1298 1297 2373
1 4 1254 1297 2372 2373
1 4 1254 2329 2330 2373
1 4 1254 2372 2329 2373
1 4 1255 1256 1299 2374
1 4 1255 2331 1256 2374
1 4 1255 1299 1298 2374
1 4 1255 1298 2373 2374
1 4 1255 2330 2331 2374
1 4 1255 2373 2330 2374
1 4 1256 1257 1300 2375
1 4 1256 2332 1257 2375
1 4 1256 1300 1299 2375
1 4 1256 1299 2374 2375
1 4 1256 2331 2332 2375
1 4 1256 2374 2331 2375
1 4 1257 1258 1301 2376
1 4 1257 2333 1258 2376
1 4 1257 1301 1300 2376
1 4 1257 1300 2375 2376
1 4 1257 2332 2333 2376
1 4 1257 2375 2332 2376
1 4 1258 1259 1302 2377
1 4 1258 2334 1259 2377
1 4 1258 1302 1301 2377
1 4 1258 1301 2376 2377
1 4 1258 2333 2334 2377
1 4 1258 2376 2333 2377
1 4 1259 1260 1303 2378
1 4 1259 2335 1260 2378
1 4 1259 1303 1302 2378
1 4 1259 1302 2377 2378
1 4 1259 2334 2335 2378
1 4 1259 2377 2334 2378
1 4 1260 1261 1304 2379
1 4 1260 2336 1261 2379
1 4 1260 1304 1303 2379
1 4 1260 1303 2378 2379
1 4 1260 2335 2336 2379
1 4 1260 2378 2335 2379
1 4 1261 1262 1305 2380
1 4 1261 2337 1262 2380
1 4 1261 1305 1304 2380
1 4 1261 1304 2379 2380
1 4 1261 2336 2337 2380
1 4 1261 2379 2336 2380
1 4 1262 1263 1306 2381
1 4 1262 2338 1263 2381
1 4 1262 1306 1305 2381
1 4 1262 1305 2380 2381
1 4 1262 2337 2338 2381
1 4 1262 2380 2337 2381
1 4 1263 1264 1307 2382
1 4 1263 2339 1264 2382
1 4 1263 1307 1306 2382
1 4 1263 1306 2381 2382
1 4 1263 2338 2339 2382
1 4 1263 2381 2338 2382
1 4 1264 1265 1308 2383
1 4 1264 2340 1265 2383
1 4 1264 1308 1307 2383
1 4 1264 1307 2382 2383
1 4 1264 2339 2340 2383
1 4 1264 2382 2339 2383
1 4 1265 1266 1309 2384
1 4 1265 2341 1266 2384
1 4 1265 1309 1308 2384
1 4 1265 1308 2383 2384
1 4 1265 2340 2341 2384
1 4 1265 2383 2340 2384
1 4 1266 1267 1310 2385
1 4 1266 2342 1267 2385
1 4 1266 1310 1309 2385
1 4 1266 1309 2384 2385
1 4 1266 2341 2342 2385
1 4 1266 2384 2341 2385
1 4 1267 1268 1311 2386
1 4 1267 2343 1268 2386
1 4 1267 1311 1310 2386
1 4 1267 1310 2385 2386
1 4 1267 2342 2343 2386
1 4 1267 2385 2342 2386
1 4 1268 1269 1312 2387
1 4 1268 2344 1269 2387
1 4 1268 1312 1311 2387
1 4 1268 1311 2386 2387
1 4 1268 2343 2344 2387
1 4 1268 2386 2343 2387
1 4 1269 1270 1313 2388
1 4 1269 2345 1270 2388
1 4 1269 1313 1312 2388
1 4 1269 1312 2387 2388
1 4 1269 2344 2345 2388
1 4 1269 2387 2344 2388
1 4 1270 1271 1314 2389
1 4 1270 2346 1271 2389
1 4 1270 1314 1313 2389
1 4 1270 1313 2388 2389
1 4 1270 2345 2346 2389
1 4 1270 2388 2345 2389
1 4 1271 1272 1315 2390
1 4 1271 2347 1272 2390
1 4 1271 1315 1314 2390
1 4 1271 1314 2389 2390
1 4 1271 2346 2347 2390
1 4 1271 2389 2346 2390
1 4 1272 1273 1316 2391
1 4 1272 2348 1273 2391
1 4 1272 1316 1315 2391
1 4 1272 1315 2390 2391
1 4 1272 2347 2348 2391
1 4 1272 2390 2347 2391
1 4 1273 1274 1317 2392
1 4 1273 2349 1274 2392
1 4 1273 1317 1316 2392
1 4 1273 1316 2391 2392
1 4 1273 2348 2349 2392
1 4 1273 2391 2348 2392
1 4 1274 1275 1318 2393
1 4 1274 2350 1275 2393
1 4 1274 1318 1317 2393
1 4 1274 1317 2392 2393
1 4 1274 2349 2350 2393
1 4 1274 2392 2349 2393
1 4 1275 1276 1319 2394
1 4 1275 2351 1276 2394
1 4 1275 1319 1318 2394
1 4 1275 1318 2393 2394
1 4 1275 2350 2351 2394
1 4 1275 2393 2350 2394
1 4 1276 1277 1320 2395
1 4 1276 2352 1277 2395
1 4 1276 1320 1319 2395
1 4 1276 1319 2394 2395
1 4 1276 2351 2352 2395
1 4 1276 2394 2351 2395
1 4 1277 1278 1321 2396
1 4 1277 2353 1278 2396
1 4 1277 1321 1320 2396
1 4 1277 1320 2395 2396
1 4 1277 2352 2353 2396
1 4 1277 2395 2352 2396
1 4 1278 1279 1322 2397
1 4 1278 2354 1279 2397
1 4 1278 1322 1321 2397
1 4 1278 1321 2396 2397
1 4 1278 2353 2354 2397
1 4 1278 2396 2353 2397
1 4 1279 1280 1323 2398
1 4 1279 2355 1280 2398
1 4 1279 1323 1322 2398
1 4 1279 1322 2397 2398
1 4 1279 2354 2355 2398
1 4 1279 2397 2354 2398
1 4 1280 1281 1324 2399
1 4 1280 2356 1281 2399
1 4 1280 1324 1323 2399
1 4 1280 1323 2398 2399
1 4 1280 2355 2356 2399
1 4 1280 2398 2355 2399
1 4 1281 1282 1325 2400
1 4 1281 2357 1282 2400
1 4 1281 1325 1324 2400
1 4 1281 1324 2399 2400
1 4 1281 2356 2357 2400
1 4 1281 2399 2356 2400
1 4 1282 1283 1326 2401
1 4 1282 2358 1283 2401
1 4 1282 1326 1325 2401
1 4 1282 1325 2400 2401
1 4 1282 2357 2358 2401
1 4 1282 2400 2357 2401
1 4 1283 1284 1327 2402
1 4 1283 2359 1284 2402
1 4 1283 1327 1326 2402
1 4 1283 1326 2401 2402
1 4 1283 2358 2359 2402
1 4 1283 2401 2358 2402
1 4 1284 1285 1328 2403
1 4 1284 2360 1285 2403
1 4 1284 1328 1327 2403
1 4 1284 1327 2402 2403
1 4 1284 2359 2360 2403
1 4 1284 2402 2359 2403
1 4 1285 1286 1329 2404
1 4 1285 2361 1286 2404
1 4 1285 1329 1328 2404
1 4 1285 1328 2403 2404
1 4 1285 2360 2361 2404
1 4 1285 2403 2360 2404
1 4 1286 1287 1330 2405
1 4 1286 2362 1287 2405
1 4 1286 1330 1329 2405
1 4 1286 1329 2404 2405
1 4 1286 2361 2362 2405
1 4 1286 2404 2361 2405
1 4 1287 1288 1331 2406
1 4 1287 2363 1288 2406
1 4 1287 1331 1330 2406
1 4 1287 1330 2405 2406
1 4 1287 2362 2363 2406
1 4 1287 2405 2362 2406
1 4 1288 1289 1332 2407
1 4 1288 2364 1289 2407
1 4 1288 1332 1331 2407
1 4 1288 1331 2406 2407
1 4 1288 2363 2364 2407
1 4 1288 2406 2363 2407
1 4 1290 1291 1334 2409
1 4 1290 2366 1291 2409
1 4 1290 1334 1333 2409
1 4 1290 1333 2408 2409
1 4 1290 2365 2366 2409
1 4 1290 2408 2365 2409
1 4 1291 1292 1335 2410
1 4 1291 2367 1292 2410
1 4 1291 1335 1334 2410
1 4 1291 1334 2409 2410
1 4 1291 2366 2367 2410
1 4 1291 2409 2366 2410
1 4 1292 1293 1336 2411
1 4 1292 2368 1293 2411
1 4 1292 1336 1335 2411
1 4 1292 1335 2410 2411
1 4 1292 2367 2368 2411
1 4 1292 2410 2367 2411
1 4 1293 1294 1337 2412
1 4 1293 2369 1294 2412
1 4 1293 1337 1336 2412
1 4 1293 1336 2411 2412
1 4 1293 2368 2369 2412
1 4 1293 2411 2368 2412
1 4 1294 1295 1338 2413
1 4 1294 2370 1295 2413
1 4 1294 1338 1337 2413
1 4 1294 1337 2412 2413
1 4 1294 2369 2370 2413
1 4 1294 2412 2369 2413
1 4 1295 1296 1339 2414
1 4 1295 2371 1296 2414
1 4 1295 1339 1338 2414
1 4 1295 1338 2413 2414
1 4 1295 2370 2371 2414
1 4 1295 2413 2370 2414
1 4 1296 1297 1340 2415
1 4 1296 2372 1297 2415
1 4 1296 1340 1339 2415
1 4 1296 1339 2414 2415
1 4 1296 2371 2372 2415
1 4 1296 2414 2371 2415
1 4 1297 1298 1341 2416
1 4 1297 2373 1298 2416
1 4 1297 1341 1340 2416
1 4 1297 1340 2415 2416
1 4 1297 2372 2373 2416
1 4 1297 2415 2372 2416
1 4 1298 1299 1342 2417
1 4 1298 2374 1299 2417
1 4 1298 1342 1341 2417
1 4 1298 1341 2416 2417
1 4 1298 2373 2374 2417
1 4 1298 2416 2373 2417
1 4 1299 1300 1343 2418
1 4 1299 2375 1300 2418
1 4 1299 1343 1342 2418
1 4 1299 1342 2417 2418
1 4 1299 2374 2375 2418
1 4 1299 2417 2374 2418
1 4 1300 1301 1344 2419
1 4 1300 2376 1301 2419
1 4 1300 1344 1343 2419
1 4 1300 1343 2418 2419
1 4 1300 2375 2376 2419
1 4 1300 2418 2375 2419
1 4 1301 1302 1345 2420
1 4 1301 2377 1302 2420
1 4 1301 1345 1344 2420
1 4 1301 1344 2419 2420
1 4 1301 2376 2377 2420
1 4 1301 2419 2376 2420
1 4 1302 1303 1346 2421
1 4 1302 2378 1303 2421
1 4 1302 1346 1345 2421
1 4 1302 1345 2420 2421
1 4 1302 2377 2378 2421
1 4 1302 2420 2377 2421
1 4 1303 1304 1347 2422
1 4 1303 2379 1304 2422
1 4 1303 1347 1346 2422
1 4 1303 1346 2421 2422
1 4 1303 2378 2379 2422
1 4 1303 2421 2378 2422
1 4 1304 1305 1348 2423
1 4 1304 2380 1305 2423
1 4 1304 1348 1347 2423
1 4 1304 1347 2422 2423
1 4 1304 2379 2380 2423
1 4 1304 2422 2379 2423
1 4 1305 1306 1349 2424
1 4 1305 2381 1306 2424
1 4 1305 1349 1348 2424
1 4 1305 1348 2423 2424
1 4 1305 2380 2381 2424
1 4 1305 2423 2380 2424
1 4 1306 1307 1350 2425
1 4 1306 2382 1307 2425
1 4 1306 1350 1349 2425
1 4 1306 1349 2424 2425
1 4 1306 2381 2382 2425
1 4 1306 2424 2381 2425
1 4 1307 1308 1351 2426
1 4 1307 2383 1308 2426
1 4 1307 1351 1350 2426
1 4 1307 1350 2425 2426
1 4 1307 2382 2383 2426
1 4 1307 2425 2382 2426
1 4 1308 1309 1352 2427
1 4 1308 2384 1309 2427
1 4 1308 1352 1351 2427
1 4 1308 1351 2426 2427
1 4 1308 2383 2384 2427
1 4 1308 2426 2383 2427
1 4 1309 1310 1353 2428
1 4 1309 2385 1310 2428
1 4 1309 1353 1352 2428
1 4 1309 1352 2427 2428
1 4 1309 2384 2385 2428
1 4 1309 2427 2384 2428
1 4 1310 1311 1354 2429
1 4 1310 2386 1311 2429
1 4 1310 1354 1353 2429
1 4 1310 1353 2428 2429
1 4 1310 2385 2386 2429
1 4 1310 2428 2385 2429
1 4 1311 1312 1355 2430
1 4 1311 2387 1312 2430
1 4 1311 1355 1354 2430
1 4 1311 1354 2429 2430
1 4 1311 2386 2387 2430
1 4 1311 2429 2386 2430
1 4 1312 1313 1356 2431
1 4 1312 2388 1313 2431
1 4 1312 1356 1355 2431
1 4 1312 1355 2430 2431
1 4 1312 2387 2388 2431
1 4 1312 2430 2387 2431
1 4 1313 1314 1357 2432
1 4 1313 2389 1314 2432
1 4 1313 1357 1356 2432
1 4 1313 1356 2431 2432
1 4 1313 2388 2389 2432
1 4 1313 2431 2388 2432
1 4 1314 1315 1358 2433
1 4 1314 2390 1315 2433
1 4 1314 1358 1357 2433
1 4 1314 1357 2432 2433
1 4 1314 2389 2390 2433
1 4 1314 2432 2389 2433
1 4 1315 1316 1359 2434
1 4 1315 2391 1316 2434
1 4 1315 1359 1358 2434
1 4 1315 1358 2433 2434
1 4 1315 2390 2391 2434
1 4 1315 2433 2390 2434
1 4 1316 1317 1360 2435
1 4 1316 2392 1317 2435
1 4 1316 1360 1359 2435
1 4 1316 1359 2434 2435
1 4 1316 2391 2392 2435
1 4 1316 2434 2391 2435
1 4 1317 1318 1361 2436
1 4 1317 2393 1318 2436
1 4 1317 1361 1360 2436
1 4 1317 1360 2435 2436
1 4 1317 2392 2393 2436
1 4 1317 2435 2392 2436
1 4 1318 1319 1362 2437
1 4 1318 2394 1319 2437
1 4 1318 1362 1361 2437
1 4 1318 1361 2436 2437
1 4 1318 2393 2394 2437
1 4 1318 2436 2393 2437
1 4 1319 1320 1363 2438
1 4 1319 2395 1320 2438
1 4 1319 1363 1362 2438
1 4 1319 1362 2437 2438
1 4 1319 2394 2395 2438
1 4 1319 2437 2394 2438
1 4 1320 1321 1364 2439
1 4 1320 2396 1321 2439
1 4 1320 1364 1363 2439
1 4 1320 1363 2438 2439
1 4 1320 2395 2396 2439
1 4 1320 2438 2395 2439
1 4 1321 1322 1365 2440
1 4 1321 2397 1322 2440
1 4 1321 1365 1364 2440
1 4 1321 1364 2439 2440
1 4 1321 2396 2397 2440
1 4 1321 2439 2396 2440
1 4 1322 1323 1366 2441
1 4 1322 2398 1323 2441
1 4 1322 1366 1365 2441
1 4 1322 1365 2440 2441
1 4 1322 2397 2398 2441
1 4 1322 2440 2397 2441
1 4 1323 1324 1367 2442
1 4 1323 2399 1324 2442
1 4 1323 1367 1366 2442
1 4 1323 1366 2441 2442
1 4 1323 2398 2399 2442
1 4 1323 2441 2398 2442
1 4 1324 1325 1368 2443
1 4 1324 2400 1325 2443
1 4 1324 1368 1367 2443
1 4 1324 1367 2442 2443
1 4 1324 2399 2400 2443
1 4 1324 2442 2399 2443
1 4 1325 1326 1369 2444
1 4 1325 2401 1326 2444
1 4 1325 1369 1368 2444
1 4 1325 1368 2443 2444
1 4 1325 2400 2401 2444
1 4 1325 2443 2400 2444
1 4 1326 1327 1370 2445
1 4 1326 2402 1327 2445
1 4 1326 1370 1369 2445
1 4 1326 1369 2444 2445
1 4 1326 2401 2402 2445
1 4 1326 2444 2401 2445
1 4 1327 1328 1371 2446
1 4 1327 2403 1328 2446
1 4 1327 1371 1370 2446
1 4 1327 1370 2445 2446
1 4 1327 2402 2403 2446
1 4 1327 2445 2402 2446
1 4 1328 1329 1372 2447
1 4 1328 2404 1329 2447
1 4 1328 1372 1371 2447
1 4 1328 1371 2446 2447
1 4 1328 2403 2404 2447
1 4 1328 2446 2403 2447
1 4 1329 1330 1373 2448
1 4 1329 2405 1330 2448
1 4 1329 1373 1372 2448
1 4 1329 1372 2447 2448
1 4 1329 2404 2405 2448
1 4 1329 2447 2404 2448
1 4 1330 1331 1374 2449
1 4 1330 2406 1331 2449
1 4 1330 1374 1373 2449
1 4 1330 1373 2448 2449
1 4 1330 2405 2406 2449
1 4 1330 2448 2405 2449
1 4 1331 1332 1375 2450
1 4 1331 2407 1332 2450
1 4 1331 1375 1374 2450
1 4 1331 1374 2449 2450
1 4 1331 2406 2407 2450
1 4 1331 2449 2406 2450
1 4 1333 1334 1377 2452
1 4 1333 2409 1334 2452
1 4 1333 1377 1376 2452
1 4 1333 1376 2451 2452
1 4 1333 2408 2409 2452
1 4 1333 2451 2408 2452
1 4 1334 1335 1378 2453
1 4 1334 2410 1335 2453
1 4 1334 1378 1377 2453
1 4 1334 1377 2452 2453
1 4 1334 2409 2410 2453
1 4 1334 2452 2409 2453
1 4 1335 1336 1379 2454
1 4 1335 2411 1336 2454
1 4 1335 1379 1378 2454
1 4 1335 1378 2453 2454
1 4 1335 2410 2411 2454
1 4 1335 2453 2410 2454
1 4 1336 1337 1380 2455
1 4 1336 2412 1337 2455
1 4 1336 1380 1379 2455
1 4 1336 1379 2454 2455
1 4 1336 2411 2412 2455
1 4 1336 2454 2411 2455
1 4 1337 1338 1381 2456
1 4 1337 2413 1338 2456
1 4 1337 1381 1380 2456
1 4 1337 1380 2455 2456
1 4 1337 2412 2413 2456
1 4 1337 2455 2412 2456
1 4 1338 1339 1382 2457
1 4 1338 2414 1339 2457
1 4 1338 1382 1381 2457
1 4 1338 1381 2456 2457
1 4 1338 2413 2414 2457
1 4 1338 2456 2413 2457
1 4 1339 1340 1383 2458
1 4 1339 2415 1340 2458
1 4 1339 1383 1382 2458
1 4 1339 1382 2457 2458
1 4 1339 2414 2415 2458
1 4 1339 2457 2414 2458
1 4 1340 1341 1384 2459
1 4 1340 2416 1341 2459
1 4 1340 1384 1383 2459
1 4 1340 1383 2458 2459
1 4 1340 2415 2416 2459
1 4 1340 2458 2415 2459
1 4 1341 1342 1385 2460
1 4 1341 2417 1342 2460
1 4 1341 1385 1384 2460
1 4 1341 1384 2459 2460
1 4 1341 2416 2417 2460
1 4 1341 2459 2416 2460
1 4 1342 1343 1386 2461
1 4 1342 2418 1343 2461
1 4 1342 1386 1385 2461
1 4 1342 1385 2460 2461
1 4 1342 2417 2418 2461
1 4 1342 2460 2417 2461
1 4 1343 1344 1387 2462
1 4 1343 2419 1344 2462
1 4 1343 1387 1386 2462
1 4 1343 1386 2461 2462
1 4 1343 2418 2419 2462
1 4 1343 2461 2418 2462
1 4 1344 1345 1388 2463
1 4 1344 2420 1345 2463
1 4 1344 1388 1387 2463
1 4 1344 1387 2462 2463
1 4 1344 2419 2420 2463
1 4 1344 2462 2419 2463
1 4 1345 1346 1389 2464
1 4 1345 2421 1346 2464
1 4 1345 1389 1388 2464
1 4 1345 1388 2463 2464
1 4 1345 2420 2421 2464
1 4 1345 2463 2420 2464
1 4 1346 1347 1390 2465
1 4 1346 2422 1347 2465
1 4 1346 1390 1389 2465
1 4 1346 1389 2464 2465
1 4 1346 2421 2422 2465
1 4 1346 2464 2421 2465
1 4 1347 1348 1391 2466
1 4 1347 2423 1348 2466
1 4 1347 1391 1390 2466
1 4 1347 1390 2465 2466
1 4 1347 2422 2423 2466
1 4 1347 2465 2422 2466
1 4 1348 1349 1392 2467
1 4 1348 2424 1349 2467
1 4 1348 1392 1391 2467
1 4 1348 1391 2466 2467
1 4 1348 2423 2424 2467
1 4 1348 2466 2423 2467
1 4 1349 1350 1393 2468
1 4 1349 2425 1350 2468
1 4 1349 1393 1392 2468
1 4 1349 1392 2467 2468
1 4 1349 2424 2425 2468
1 4 1349 2467 2424 2468
1 4 1350 1351 1394 2469
1 4 1350 2426 1351 2469
1 4 1350 1394 1393 2469
1 4 1350 1393 2468 2469
1 4 1350 2425 2426 2469
1 4 1350 2468 2425 2469
1 4 1351 1352 1395 2470
1 4 1351 2427 1352 2470
1 4 1351 1395 1394 2470
1 4 1351 1394 2469 2470
1 4 1351 2426 2427 2470
1 4 1351 2469 2426 2470
1 4 1352 1353 1396 2471
1 4 1352 2428 1353 2471
1 4 1352 1396 1395 2471
1 4 1352 1395 2470 2471
1 4 1352 2427 2428 2471
1 4 1352 2470 2427 2471
1 4 1353 1354 1397 2472
1 4 1353 2429 1354 2472
1 4 1353 1397 1396 2472
1 4 1353 1396 2471 2472
1 4 1353 2428 2429 2472
1 4 1353 2471 2428 2472
1 4 1354 1355 1398 2473
1 4 1354 2430 1355 2473
1 4 1354 1398 1397 2473
1 4 1354 1397 2472 2473
1 4 1354 2429 2430 2473
1 4 1354 2472 2429 2473
1 4 1355 1356 1399 2474
1 4 1355 2431 1356 2474
1 4 1355 1399 1398 2474
1 4 1355 1398 2473 2474
1 4 1355 2430 2431 2474
1 4 1355 2473 2430 2474
1 4 1356 1357 1400 2475
1 4 1356 2432 1357 2475
1 4 1356 1400 1399 2475
1 4 1356 1399 2474 2475
1 4 1356 2431 2432 2475
1 4 1356 2474 2431 2475
1 4 1357 1358 1401 2476
1 4 1357 2433 1358 2476
1 4 1357 1401 1400 2476
1 4 1357 1400 2475 2476
1 4 1357 2432 2433 2476
1 4 1357 2475 2432 2476
1 4 1358 1359 1402 2477
1 4 1358 2434 1359 2477
1 4 1358 1402 1401 2477
1 4 1358 1401 2476 2477
1 4 1358 2433 2434 2477
1 4 1358 2476 2433 2477
1 4 1359 1360 1403 2478
1 4 1359 2435 1360 2478
1 4 1359 1403 1402 2478
1 4 1359 1402 2477 2478
1 4 1359 2434 2435 2478
1 4 1359 2477 2434 2478
1 4 1360 1361 1404 2479
1 4 1360 2436 1361 2479
1 4 1360 1404 1403 2479
1 4 1360 1403 2478 2479
1 4 1360 2435 2436 2479
1 4 1360 2478 2435 2479
1 4 1361 1362 1405 2480
1 4 1361 2437 1362 2480
1 4 1361 1405 1404 2480
1 4 1361 1404 2479 2480
1 4 1361 2436 2437 2480
1 4 1361 2479 2436 2480
1 4 1362 1363 1406 2481
1 4 1362 2438 1363 2481
1 4 1362 1406 1405 2481
1 4 1362 1405 2480 2481
1 4 1362 2437 2438 2481
1 4 1362 2480 2437 2481
1 4 1363 1364 1407 2482
1 4 1363 2439 1364 2482
1 4 1363 1407 1406 2482
1 4 1363 1406 2481 2482
1 4 1363 2438 2439 2482
1 4 1363 2481 2438 2482
1 4 1364 1365 1408 2483
1 4 1364 2440 1365 2483
1 4 1364 1408 1407 2483
1 4 1364 1407 2482 2483
1 4 1364 2439 2440 2483
1 4 1364 2482 2439 2483
1 4 1365 1366 1409 2484
1 4 1365 2441 1366 2484
1 4 1365 1409 1408 2484
1 4 1365 1408 2483 2484
1 4 1365 2440 2441 2484
1 4 1365 2483 2440 2484
1 4 1366 1367 1410 2485
1 4 1366 2442 1367 2485
1 4 1366 1410 1409 2485
1 4 1366 1409 2484 2485
1 4 1366 2441 2442 2485
1 4 1366 2484 2441 2485
1 4 1367 1368 1411 2486
1 4 1367 2443 1368 2486
1 4 1367 1411 1410 2486
1 4 1367 1410 2485 2486
1 4 1367 2442 2443 2486
1 4 1367 2485 2442 2486
1 4 1368 1369 1412 2487
1 4 1368 2444 1369 2487
1 4 1368 1412 1411 2487
1 4 1368 1411 2486 2487
1 4 1368 2443 2444 2487
1 4 1368 2486 2443 2487
1 4 1369 1370 1413 2488
1 4 1369 2445 1370 2488
1 4 1369 1413 1412 2488
1 4 1369 1412 2487 2488
1 4 1369 2444 2445 2488
1 4 1369 2487 2444 2488
1 4 1370 1371 1414 2489
1 4 1370 2446 1371 2489
1 4 1370 1414 1413 2489
1 4 1370 1413 2488 2489
1 4 1370 2445 2446 2489
1 4 1370 2488 2445 2489
1 4 1371 1372 1415 2490
1 4 1371 2447 1372 2490
1 4 1371 1415 1414 2490
1 4 1371 1414 2489 2490
1 4 1371 2446 2447 2490
1 4 1371 2489 2446 2490
1 4 1372 1373 1416 2491
1 4 1372 2448 1373 2491
1 4 1372 1416 1415 2491
1 4 1372 1415 2490 2491
1 4 1372 2447 2448 2491
1 4 1372 2490 2447 2491
1 4 1373 1374 1417 2492
1 4 1373 2449 1374 2492
1 4 1373 1417 1416 2492
1 4 1373 1416 2491 2492
1 4 1373 2448 2449 2492
1 4 1373 2491 2448 2492
1 4 1374 1375 1418 2493
1 4 1374 2450 1375 2493
1 4 1374 1418 1417 2493
1 4 1374 1417 2492 2493
1 4 1374 2449 2450 2493
1 4 1374 2492 2449 2493
1 4 1376 1377 1420 2495
1 4 1376 2452 1377 2495
1 4 1376 1420 1419 2495
1 4 1376 1419 2494 2495
1 4 1376 2451 2452 2495
1 4 1376 2494 2451 2495
1 4 1377 1378 1421 2496
1 4 1377 2453 1378 2496
1 4 1377 1421 1420 2496
1 4 1377 1420 2495 2496
1 4 1377 2452 2453 2496
1 4 1377 2495 2452 2496
1 4 1378 1379 1422 2497
1 4 1378 2454 1379 2497
1 4 1378 1422 1421 2497
1 4 1378 1421 2496 2497
1 4 1378 2453 2454 2497
1 4 1378 2496 2453 2497
1 4 1379 1380 1423 2498
1 4 1379 2455 1380 2498
1 4 1379 1423 1422 2498
1 4 1379 1422 2497 2498
1 4 1379 2454 2455 2498
1 4 1379 2497 2454 2498
1 4 1380 1381 1424 2499
1 4 1380 2456 1381 2499
1 4 1380 1424 1423 2499
1 4 1380 1423 2498 2499
1 4 1380 2455 2456 2499
1 4 1380 2498 2455 2499
1 4 1381 1382 1425 2500
1 4 1381 2457 1382 2500
1 4 1381 1425 1424 2500
1 4 1381 1424 2499 2500
1 4 1381 2456 2457 2500
1 4 1381 2499 2456 2500
1 4 1382 1383 1426 2501
1 4 1382 2458 1383 2501
1 4 1382 1426 1425 2501
1 4 1382 1425 2500 2501
1 4 1382 2457 2458 2501
1 4 1382 2500 2457 2501
1 4 1383 1384 1427 2502
1 4 1383 2459 1384 2502
1 4 1383 1427 1426 2502
1 4 1383 1426 2501 2502
1 4 1383 2458 2459 2502
1 4 1383 2501 2458 2502
1 4 1384 1385 1428 2503
1 4 1384 2460 1385 2503
1 4 1384 1428 1427 2503
1 4 1384 1427 2502 2503
1 4 1384 2459 2460 2503
1 4 1384 2502 2459 2503
1 4 1385 1386 1429 2504
1 4 1385 2461 1386 2504
1 4 1385 1429 1428 2504
1 4 1385 1428 2503 2504
1 4 1385 2460 2461 2504
1 4 1385 2503 2460 2504
1 4 1386 1387 1430 2505
1 4 1386 2462 1387 2505
1 4 1386 1430 1429 2505
1 4 1386 1429 2504 2505
1 4 1386 2461 2462 2505
1 4 1386 2504 2461 2505
1 4 1387 1388 1431 2506
1 4 1387 2463 1388 2506
1 4 1387 1431 1430 2506
1 4 1387 1430 2505 2506
1 4 1387 2462 2463 2506
1 4 1387 2505 2462 2506
1 4 1388 1389 1432 2507
1 4 1388 2464 1389 2507
1 4 1388 1432 1431 2507
1 4 1388 1431 2506 2507
1 4 1388 2463 2464 2507
1 4 1388 2506 2463 2507
1 4 1389 1390 1433 2508
1 4 1389 2465 1390 2508
1 4 1389 1433 1432 2508
1 4 1389 1432 2507 2508
1 4 1389 2464 2465 2508
1 4 1389 2507 2464 2508
1 4 1390 1391 1434 2509
1 4 1390 2466 1391 2509
1 4 1390 1434 1433 2509
1 4 1390 1433 2508 2509
1 4 1390 2465 2466 2509
1 4 1390 2508 2465 2509
1 4 1391 1392 1435 2510
1 4 1391 2467 1392 2510
1 4 1391 1435 1434 2510
1 4 1391 1434 2509 2510
1 4 1391 2466 2467 2510
1 4 1391 2509 2466 2510
1 4 1392 1393 1436 2511
1 4 1392 2468 1393 2511
1 4 1392 1436 1435 2511
1 4 1392 1435 2510 2511
1 4 1392 2467 2468 2511
1 4 1392 2510 2467 2511
1 4 1393 1394 1437 2512
1 4 1393 2469 1394 2512
1 4 1393 1437 1436 2512
1 4 1393 1436 2511 2512
1 4 1393 2468 2469 2512
1 4 1393 2511 2468 2512
1 4 1394 1395 1438 2513
1 4 1394 2470 1395 2513
1 4 1394 1438 1437 2513
1 4 1394 1437 2512 2513
1 4 1394 2469 2470 2513
1 4 1394 2512 2469 2513
1 4 1395 1396 1439 2514
1 4 1395 2471 1396 2514
1 4 1395 1439 1438 2514
1 4 1395 1438 2513 2514
1 4 1395 2470 2471 2514
1 4 1395 2513 2470 2514
1 4 1396 1397 1440 2515
1 4 1396 2472 1397 2515
1 4 1396 1440 1439 2515
1 4 1396 1439 2514 2515
1 4 1396 2471 2472 2515
1 4 1396 2514 2471 2515
1 4 1397 1398 1441 2516
1 4 1397 2473 1398 2516
1 4 1397 1441 1440 2516
1 4 1397 1440 2515 2516
1 4 1397 2472 2473 2516
1 4 1397 2515 2472 2516
1 4 1398 1399 1442 2517
1 4 1398 2474 1399 2517
1 4 1398 1442 1441 2517
1 4 1398 1441 2516 2517
1 4 1398 2473 2474 2517
1 4 1398 2516 2473 2517
1 4 1399 1400 1443 2518
1 4 1399 2475 1400 2518
1 4 1399 1443 1442 2518
1 4 1399 1442 2517 2518
1 4 1399 2474 2475 2518
1 4 1399 2517 2474 2518
1 4 1400 1401 1444 2519
1 4 1400 2476 1401 2519
1 4 1400 1444 1443 2519
1 4 1400 1443 2518 2519
1 4 1400 2475 2476 2519
1 4 1400 2518 2475 2519
1 4 1401 1402 1445 2520
1 4 1401 2477 1402 2520
1 4 1401 1445 1444 2520
1 4 1401 1444 2519 2520
1 4 1401 2476 2477 2520
1 4 1401 2519 2476 2520
1 4 1402 1403 1446 2521
1 4 1402 2478 1403 2521
1 4 1402 1446 1445 2521
1 4 1402 1445 2520 2521
1 4 1402 2477 2478 2521
1 4 1402 2520 2477 2521
1 4 1403 1404 1447 2522
1 4 1403 2479 1404 2522
1 4 1403 1447 1446 2522
1 4 1403 1446 2521 2522
1 4 1403 2478 2479 2522
1 4 1403 2521 2478 2522
1 4 1404 1405 1448 2523
1 4 1404 2480 1405 2523
1 4 1404 1448 1447 2523
1 4 1404 1447 2522 2523
1 4 1404 2479 2480 2523
1 4 1404 2522 2479 2523
1 4 1405 1406 1449 2524
1 4 1405 2481 1406 2524
1 4 1405 1449 1448 2524
1 4 1405 1448 2523 2524
1 4 1405 2480 2481 2524
1 4 1405 2523 2480 2524
1 4 1406 1407 1450 2525
1 4 1406 2482 1407 2525
1 4 1406 1450 1449 2525
1 4 1406 1449 2524 2525
1 4 1406 2481 2482 2525
1 4 1406 2524 2481 2525
1 4 1407 1408 1451 2526
1 4 1407 2483 1408 2526
1 4 1407 1451 1450 2526
1 4 1407 1450 2525 2526
1 4 1407 2482 2483 2526
1 4 1407 2525 2482 2526
1 4 1408 1409 1452 2527
1 4 1408 2484 1409 2527
1 4 1408 1452 1451 2527
1 4 1408 1451 2526 2527
1 4 1408 2483 2484 2527
1 4 1408 2526 2483 2527
1 4 1409 1410 1453 2528
1 4 1409 2485 1410 2528
1 4 1409 1453 1452 2528
1 4 1409 1452 2527 2528
1 4 1409 2484 2485 2528
1 4 1409 2527 2484 2528
1 4 1410 1411 1454 2529
1 4 1410 2486 1411 2529
1 4 1410 1454 1453 2529
1 4 1410 1453 2528 2529
1 4 1410 2485 2486 2529
1 4 1410 2528 2485 2529
1 4 1411 1412 1455 2530
1 4 1411 2487 1412 2530
1 4 1411 1455 1454 2530
1 4 1411 1454 2529 2530
1 4 1411 2486 2487 2530
1 4 1411 2529 2486 2530
1 4 1412 1413 1456 2531
1 4 1412 2488 1413 2531
1 4 1412 1456 1455 2531
1 4 1412 1455 2530 2531
1 4 1412 2487 2488 2531
1 4 1412 2530 2487 2531
1 4 1413 1414 1457 2532
1 4 1413 2489 1414 2532
1 4 1413 1457 1456 2532
1 4 1413 1456 2531 2532
1 4 1413 2488 2489 2532
1 4 1413 2531 2488 2532
1 4 1414 1415 1458 2533
1 4 1414 2490 1415 2533
1 4 1414 1458 1457 2533
1 4 1414 1457 2532 2533
1 4 1414 2489 2490 2533
1 4 1414 2532 2489 2533
1 4 1415 1416 1459 2534
1 4 1415 2491 1416 2534
1 4 1415 1459 1458 2534
1 4 1415 1458 2533 2534
1 4 1415 2490 2491 2534
1 4 1415 2533 2490 2534
1 4 1416 1417 1460 2535
1 4 1416 2492 1417 2535
1 4 1416 1460 1459 2535
1 4 1416 1459 2534 2535
1 4 1416 2491 2492 2535
1 4 1416 2534 2491 2535
1 4 1417 1418 1461 2536
1 4 1417 2493 1418 2536
1 4 1417 1461 1460 2536
1 4 1417 1460 2535 2536
1 4 1417 2492 2493 2536
1 4 1417 2535 2492 2536
1 4 1419 1420 1463 2538
1 4 1419 2495 1420 2538
1 4 1419 1463 1462 2538
1 4 1419 1462 2537 2538
1 4 1419 2494 2495 2538
1 4 1419 2537 2494 2538
1 4 1420 1421 1464 2539
1 4 1420 2496 1421 2539
1 4 1420 1464 1463 2539
1 4 1420 1463 2538 2539
1 4 1420 2495 2496 2539
1 4 1420 2538 2495 2539
1 4 1421 1422 1465 2540
1 4 1421 2497 1422 2540
1 4 1421 1465 1464 2540
1 4 1421 1464 2539 2540
1 4 1421 2496 2497 2540
1 4 1421 2539 2496 2540
1 4 1422 1423 1466 2541
1 4 1422 2498 1423 2541
1 4 1422 1466 1465 2541
1 4 1422 1465 2540 2541
1 4 1422 2497 2498 2541
1 4 1422 2540 2497 2541
1 4 1423 1424 1467 2542
1 4 1423 2499 1424 2542
1 4 1423 1467 1466 2542
1 4 1423 1466 2541 2542
1 4 1423 2498 2499 2542
1 4 1423 2541 2498 2542
1 4 1424 1425 1468 2543
1 4 1424 2500 1425 2543
1 4 1424 1468 1467 2543
1 4 1424 1467 2542 2543
1 4 1424 2499 2500 2543
1 4 1424 2542 2499 2543
1 4 1425 1426 1469 2544
1 4 1425 2501 1426 2544
1 4 1425 1469 1468 2544
1 4 1425 1468 2543 2544
1 4 1425 2500 2501 2544
1 4 1425 2543 2500 2544
1 4 1426 1427 1470 2545
1 4 1426 2502 1427 2545
1 4 1426 1470 1469 2545
1 4 1426 1469 2544 2545
1 4 1426 2501 2502 2545
1 4 1426 2544 2501 2545
1 4 1427 1428 1471 2546
1 4 1427 2503 1428 2546
1 4 1427 1471 1470 2546
1 4 1427 1470 2545 2546
1 4 1427 2502 2503 2546
1 4 1427 2545 2502 2546
1 4 1428 1429 1472 2547
1 4 1428 2504 1429 2547
1 4 1428 1472 1471 2547
1 4 1428 1471 2546 2547
1 4 1428 2503 2504 2547
1 4 1428 2546 2503 2547
1 4 1429 1430 1473 2548
1 4 1429 2505 1430 2548
1 4 1429 1473 1472 2548
1 4 1429 1472 2547 2548
1 4 1429 2504 2505 2548
1 4 1429 2547 2504 2548
1 4 1430 1431 1474 2549
1 4 1430 2506 1431 2549
1 4 1430 1474 1473 2549
1 4 1430 1473 2548 2549
1 4 1430 2505 2506 2549
1 4 1430 2548 2505 2549
1 4 1431 1432 1475 2550
1 4 1431 2507 1432 2550
1 4 1431 1475 1474 2550
1 4 1431 1474 2549 2550
1 4 1431 2506 2507 2550
1 4 1431 2549 2506 2550
1 4 1432 1433 1476 2551
1 4 1432 2508 1433 2551
1 4 1432 1476 1475 2551
1 4 1432 1475 2550 2551
1 4 1432 2507 2508 2551
1 4 1432 2550 2507 2551
1 4 1433 1434 1477 2552
1 4 1433 2509 1434 2552
1 4 1433 1477 1476 2552
1 4 1433 1476 2551 2552
1 4 1433 2508 2509 2552
1 4 1433 2551 2508 2552
1 4 1434 1435 1478 2553
1 4 1434 2510 1435 2553
1 4 1434 1478 1477 2553
1 4 1434 1477 2552 2553
1 4 1434 2509 2510 2553
1 4 1434 2552 2509 2553
1 4 1435 1436 1479 2554
1 4 1435 2511 1436 2554
1 4 1435 1479 1478 2554
1 4 1435 1478 2553 2554
1 4 1435 2510 2511 2554
1 4 1435 2553 2510 2554
1 4 1436 1437 1480 2555
1 4 1436 2512 1437 2555
1 4 1436 1480 1479 2555
1 4 1436 1479 2554 2555
1 4 1436 2511 2512 2555
1 4 1436 2554 2511 2555
1 4 1437 1438 1481 2556
1 4 1437 2513 1438 2556
1 4 1437 1481 1480 2556
1 4 1437 1480 2555 2556
1 4 1437 2512 2513 2556
1 4 1437 2555 2512 2556
1 4 1438 1439 1482 2557
1 4 1438 2514 1439 2557
1 4 1438 1482 1481 2557
1 4 1438 1481 2556 2557
1 4 1438 2513 2514 2557
1 4 1438 2556 2513 2557
1 4 1439 1440 1483 2558
1 4 1439 2515 1440 2558
1 4 1439 1483 1482 2558
1 4 1439 1482 2557 2558
1 4 1439 2514 2515 2558
1 4 1439 2557 2514 2558
1 4 1440 1441 1484 2559
1 4 1440 2516 1441 2559
1 4 1440 1484 1483 2559
1 4 1440 1483 2558 2559
1 4 1440 2515 2516 2559
1 4 1440 2558 2515 2559
1 4 1441 1442 1485 2560
1 4 1441 2517 1442 2560
1 4 1441 1485 1484 2560
1 4 1441 1484 2559 2560
1 4 1441 2516 2517 2560
1 4 1441 2559 2516 2560
1 4 1442 1443 1486 2561
1 4 1442 2518 1443 2561
1 4 1442 1486 1485 2561
1 4 1442 1485 2560 2561
1 4 1442 2517 2518 2561
1 4 1442 2560 2517 2561
1 4 1443 1444 1487 2562
1 4 1443 2519 1444 2562
1 4 1443 1487 1486 2562
1 4 1443 1486 2561 2562
1 4 1443 2518 2519 2562
1 4 1443 2561 2518 2562
1 4 1444 1445 1488 2563
1 4 1444 2520 1445 2563
1 4 1444 1488 1487 2563
1 4 1444 1487 2562 2563
1 4 1444 2519 2520 2563
1 4 1444 2562 2519 2563
1 4 1445 1446 1489 2564
1 4 1445 2521 1446 2564
1 4 1445 1489 1488 2564
1 4 1445 1488 2563 2564
1 4 1445 2520 2521 2564
1 4 1445 2563 2520 2564
1 4 1446 1447 1490 2565
1 4 1446 2522 1447 2565
1 4 1446 1490 1489 2565
1 4 1446 1489 2564 2565
1 4 1446 2521 2522 2565
1 4 1446 2564 2521 2565
1 4 1447 1448 1491 2566
1 4 1447 2523 1448 2566
1 4 1447 1491 1490 2566
1 4 1447 1490 2565 2566
1 4 1447 2522 2523 2566
1 4 1447 2565 2522 2566
1 4 1448 1449 1492 2567
1 4 1448 2524 1449 2567
1 4 1448 1492 1491 2567
1 4 1448 1491 2566 2567
1 4 1448 2523 2524 2567
1 4 1448 2566 2523 2567
1 4 1449 1450 1493 2568
1 4 1449 2525 1450 2568
1 4 1449 1493 1492 2568
1 4 1449 1492 2567 2568
1 4 1449 2524 2525 2568
1 4 1449 2567 2524 2568
1 4 1450 1451 1494 2569
1 4 1450 2526 1451 2569
1 4 1450 1494 1493 2569
1 4 1450 1493 2568 2569
1 4 1450 2525 2526 2569
1 4 1450 2568 2525 2569
1 4 1451 1452 1495 2570
1 4 1451 2527 1452 2570
1 4 1451 1495 1494 2570
1 4 1451 1494 2569 2570
1 4 1451 2526 2527 2570
1 4 1451 2569 2526 2570
1 4 1452 1453 1496 2571
1 4 1452 2528 1453 2571
1 4 1452 1496 1495 2571
1 4 1452 1495 2570 2571
1 4 1452 2527 2528 2571
1 4 1452 2570 2527 2571
1 4 1453 1454 1497 2572
1 4 1453 2529 1454 2572
1 4 1453 1497 1496 2572
1 4 1453 1496 2571 2572
1 4 1453 2528 2529 2572
1 4 1453 2571 2528 2572
1 4 1454 1455 1498 2573
1 4 1454 2530 1455 2573
1 4 1454 1498 1497 2573
1 4 1454 1497 2572 2573
1 4 1454 2529 2530 2573
1 4 1454 2572 2529 2573
1 4 1455 1456 1499 2574
1 4 1455 2531 1456 2574
1 4 1455 1499 1498 2574
1 4 1455 1498 2573 2574
1 4 1455 2530 2531 2574
1 4 1455 2573 2530 2574
1 4 1456 1457 1500 2575
1 4 1456 2532 1457 2575
1 4 1456 1500 1499 2575
1 4 1456 1499 2574 2575
1 4 1456 2531 2532 2575
1 4 1456 2574 2531 2575
1 4 1457 1458 1501 2576
1 4 1457 2533 1458 2576
1 4 1457 1501 1500 2576
1 4 1457 1500 2575 2576
1 4 1457 2532 2533 2576
1 4 1457 2575 2532 2576
1 4 1458 1459 1502 2577
1 4 1458 2534 1459 2577
1 4 1458 1502 1501 2577
1 4 1458 1501 2576 2577
1 4 1458 2533 2534 2577
1 4 1458 2576 2533 2577
1 4 1459 1460 1503 2578
1 4 1459 2535 1460 2578
1 4 1459 1503 1502 2578
1 4 1459 1502 2577 2578
1 4 1459 2534 2535 2578
1 4 1459 2577 2534 2578
1 4 1460 1461 1504 2579
1 4 1460 2536 1461 2579
1 4 1460 1504 1503 2579
1 4 1460 1503 2578 2579
1 4 1460 2535 2536 2579
1 4 1460 2578 2535 2579
1 4 1462 1463 1506 2581
1 4 1462 2538 1463 2581
1 4 1462 1506 1505 2581
1 4 1462 1505 2580 2581
1 4 1462 2537 2538 2581
1 4 1462 2580 2537 2581
1 4 1463 1464 1507 2582
1 4 1463 2539 1464 2582
1 4 1463 1507 1506 2582
1 4 1463 1506 2581 2582
1 4 1463 2538 2539 2582
1 4 1463 2581 2538 2582
1 4 1464 1465 1508 2583
1 4 1464 2540 1465 2583
1 4 1464 1508 1507 2583
1 4 1464 1507 2582 2583
1 4 1464 2539 2540 2583
1 4 1464 2582 2539 2583
1 4 1465 1466 1509 2584
1 4 1465 2541 1466 2584
1 4 1465 1509 1508 2584
1 4 1465 1508 2583 2584
1 4 1465 2540 2541 2584
1 4 1465 2583 2540 2584
1 4 1466 1467 1510 2585
1 4 1466 2542 1467 2585
1 4 1466 1510 1509 2585
1 4 1466 1509 2584 2585
1 4 1466 2541 2542 2585
1 4 1466 2584 2541 2585
1 4 1467 1468 1511 2586
1 4 1467 2543 1468 2586
1 4 1467 1511 1510 2586
1 4 1467 1510 2585 2586
1 4 1467 2542 2543 2586
1 4 1467 2585 2542 2586
1 4 1468 1469 1512 2587
1 4 1468 2544 1469 2587
1 4 1468 1512 1511 2587
1 4 1468 1511 2586 2587
1 4 1468 2543 2544 2587
1 4 1468 2586 2543 2587
1 4 1469 1470 1513 2588
1 4 1469 2545 1470 2588
1 4 1469 1513 1512 2588
1 4 1469 1512 2587 2588
1 4 1469 2544 2545 2588
1 4 1469 2587 2544 2588
1 4 1470 1471 1514 2589
1 4 1470 2546 1471 2589
1 4 1470 1514 1513 2589
1 4 1470 1513 2588 2589
1 4 1470 2545 2546 2589
1 4 1470 2588 2545 2589
1 4 1471 1472 1515 2590
1 4 1471 2547 1472 2590
1 4 1471 1515 1514 2590
1 4 1471 1514 2589 2590
1 4 1471 2546 2547 2590
1 4 1471 2589 2546 2590
1 4 1472 1473 1516 2591
1 4 1472 2548 1473 2591
1 4 1472 1516 1515 2591
1 4 1472 1515 2590 2591
1 4 1472 2547 2548 2591
1 4 1472 2590 2547 2591
1 4 1473 1474 1517 2592
1 4 1473 2549 1474 2592
1 4 1473 1517 1516 2592
1 4 1473 1516 2591 2592
1 4 1473 2548 2549 2592
1 4 1473 2591 2548 2592
1 4 1474 1475 1518 2593
1 4 1474 2550 1475 2593
1 4 1474 1518 1517 2593
1 4 1474 1517 2592 2593
1 4 1474 2549 2550 2593
1 4 1474 2592 2549 2593
1 4 1475 1476 1519 2594
1 4 1475 2551 1476 2594
1 4 1475 1519 1518 2594
1 4 1475 1518 2593 2594
1 4 1475 2550 2551 2594
1 4 1475 2593 2550 2594
1 4 1476 1477 1520 2595
1 4 1476 2552 1477 2595
1 4 1476 1520 1519 2595
1 4 1476 1519 2594 2595
1 4 1476 2551 2552 2595
1 4 1476 2594 2551 2595
1 4 1477 1478 1521 2596
1 4 1477 2553 1478 2596
1 4 1477 1521 1520 2596
1 4 1477 1520 2595 2596
1 4 1477 2552 2553 2596
1 4 1477 2595 2552 2596
1 4 1478 1479 1522 2597
1 4 1478 2554 1479 2597
1 4 1478 1522 1521 2597
1 4 1478 1521 2596 2597
1 4 1478 2553 2554 2597
1 4 1478 2596 2553 2597
1 4 1479 1480 1523 2598
1 4 1479 2555 1480 2598
1 4 1479 1523 1522 2598
1 4 1479 1522 2597 2598
1 4 1479 2554 2555 2598
1 4 1479 2597 2554 2598
1 4 1480 1481 1524 2599
1 4 1480 2556 1481 2599
1 4 1480 1524 1523 2599
1 4 1480 1523 2598 2599
1 4 1480 2555 2556 2599
1 4 1480 2598 2555 2599
1 4 1481 1482 1525 2600
1 4 1481 2557 1482 2600
1 4 1481 1525 1524 2600
1 4 1481 1524 2599 2600
1 4 1481 2556 2557 2600
1 4 1481 2599 2556 2600
1 4 1482 1483 1526 2601
1 4 1482 2558 1483 2601
1 4 1482 1526 1525 2601
1 4 1482 1525 2600 2601
1 4 1482 2557 2558 2601
1 4 1482 2600 2557 2601
1 4 1483 1484 1527 2602
1 4 1483 2559 1484 2602
1 4 1483 1527 1526 2602
1 4 1483 1526 2601 2602
1 4 1483 2558 2559 2602
1 4 1483 2601 2558 2602
1 4 1484 1485 1528 2603
1 4 1484 2560 1485 2603
1 4 1484 1528 1527 2603
1 4 1484 1527 2602 2603
1 4 1484 2559 2560 2603
1 4 1484 2602 2559 2603
1 4 1485 1486 1529 2604
1 4 1485 2561 1486 2604
1 4 1485 1529 1528 2604
1 4 1485 1528 2603 2604
1 4 1485 2560 2561 2604
1 4 1485 2603 2560 2604
1 4 1486 1487 1530 2605
1 4 1486 2562 1487 2605
1 4 1486 1530 1529 2605
1 4 1486 1529 2604 2605
1 4 1486 2561 2562 2605
1 4 1486 2604 2561 2605
1 4 1487 1488 1531 2606
1 4 1487 2563 1488 2606
1 4 1487 1531 1530 2606
1 4 1487 1530 2605 2606
1 4 1487 2562 2563 2606
1 4 1487 2605 2562 2606
1 4 1488 1489 1532 2607
1 4 1488 2564 1489 2607
1 4 1488 1532 1531 2607
1 4 1488 1531 2606 2607
1 4 1488 2563 2564 2607
1 4 1488 2606 2563 2607
1 4 1489 1490 1533 2608
1 4 1489 2565 1490 2608
1 4 1489 1533 1532 2608
1 4 1489 1532 2607 2608
1 4 1489 2564 2565 2608
1 4 1489 2607 2564 2608
1 4 1490 1491 1534 2609
1 4 1490 2566 1491 2609
1 4 1490 1534 1533 2609
1 4 1490 1533 2608 2609
1 4 1490 2565 2566 2609
1 4 1490 2608 2565 2609
1 4 1491 1492 1535 2610
1 4 1491 2567 1492 2610
1 4 1491 1535 1534 2610
1 4 1491 1534 2609 2610
1 4 1491 2566 2567 2610
1 4 1491 2609 2566 2610
1 4 1492 1493 1536 2611
1 4 1492 2568 1493 2611
1 4 1492 1536 1535 2611
1 4 1492 1535 2610 2611
1 4 1492 2567 2568 2611
1 4 1492 2610 2567 2611
1 4 1493 1494 1537 2612
1 4 1493 2569 1494 2612
1 4 1493 1537 1536 2612
1 4 1493 1536 2611 2612
1 4 1493 2568 2569 2612
1 4 1493 2611 2568 2612
1 4 1494 1495 1538 2613
1 4 1494 2570 1495 2613
1 4 1494 1538 1537 2613
1 4 1494 1537 2612 2613
1 4 1494 2569 2570 2613
1 4 1494 2612 2569 2613
1 4 1495 1496 1539 2614
1 4 1495 2571 1496 2614
1 4 1495 1539 1538 2614
1 4 1495 1538 2613 2614
1 4 1495 2570 2571 2614
1 4 1495 2613 2570 2614
1 4 1496 1497 1540 2615
1 4 1496 2572 1497 2615
1 4 1496 1540 1539 2615
1 4 1496 1539 2614 2615
1 4 1496 2571 2572 2615
1 4 1496 2614 2571 2615
1 4 1497 1498 1541 2616
1 4 1497 2573 1498 2616
1 4 1497 1541 1540 2616
1 4 1497 1540 2615 2616
1 4 1497 2572 2573 2616
1 4 1497 2615 2572 2616
1 4 1498 1499 1542 2617
1 4 1498 2574 1499 2617
1 4 1498 1542 1541 2617
1 4 1498 1541 2616 2617
1 4 1498 2573 2574 2617
1 4 1498 2616 2573 2617
1 4 1499 1500 1543 2618
1 4 1499 2575 1500 2618
1 4 1499 1543 1542 2618
1 4 1499 1542 2617 2618
1 4 1499 2574 2575 2618
1 4 1499 2617 2574 2618
1 4 1500 1501 1544 2619
1 4 1500 2576 1501 2619
1 4 1500 1544 1543 2619
1 4 1500 1543 2618 2619
1 4 1500 2575 2576 2619
1 4 1500 2618 2575 2619
1 4 1501 1502 1545 2620
1 4 1501 2577 1502 2620
1 4 1501 1545 1544 2620
1 4 1501 1544 2619 2620
1 4 1501 2576 2577 2620
1 4 1501 2619 2576 2620
1 4 1502 1503 1546 2621
1 4 1502 2578 1503 2621
1 4 1502 1546 1545 2621
1 4 1502 1545 2620 2621
1 4 1502 2577 2578 2621
1 4 1502 2620 2577 2621
1 4 1503 1504 1547 2622
1 4 1503 2579 1504 2622
1 4 1503 1547 1546 2622
1 4 1503 1546 2621 2622
1 4 1503 2578 2579 2622
1 4 1503 2621 2578 2622
1 4 1505 1506 1549 2624
1 4 1505 2581 1506 2624
1 4 1505 1549 1548 2624
1 4 1505 1548 2623 2624
1 4 1505 2580 2581 2624
1 4 1505 2623 2580 2624
1 4 1506 1507 1550 2625
1 4 1506 2582 1507 2625
1 4 1506 1550 1549 2625
1 4 1506 1549 2624 2625
1 4 1506 2581 2582 2625
1 4 1506 2624 2581 2625
1 4 1507 1508 1551 2626
1 4 1507 2583 1508 2626
1 4 1507 1551 1550 2626
1 4 1507 1550 2625 2626
1 4 1507 2582 2583 2626
1 4 1507 2625 2582 2626
1 4 1508 1509 1552 2627
1 4 1508 2584 1509 2627
1 4 1508 1552 1551 2627
1 4 1508 1551 2626 2627
1 4 1508 2583 2584 2627
1 4 1508 2626 2583 2627
1 4 1509 1510 1553 2628
1 4 1509 2585 1510 2628
1 4 1509 1553 1552 2628
1 4 1509 1552 2627 2628
1 4 1509 2584 2585 2628
1 4 1509 2627 2584 2628
1 4 1510 1511 1554 2629
1 4 1510 2586 1511 2629
1 4 1510 1554 1553 2629
1 4 1510 1553 2628 2629
1 4 1510 2585 2586 2629
1 4 1510 2628 2585 2629
1 4 1511 1512 1555 2630
1 4 1511 2587 1512 2630
1 4 1511 1555 1554 2630
1 4 1511 1554 2629 2630
1 4 1511 2586 2587 2630
1 4 1511 2629 2586 2630
1 4 1512 1513 1556 2631
1 4 1512 2588 1513 2631
1 4 1512 1556 1555 2631
1 4 1512 1555 2630 2631
1 4 1512 2587 2588 2631
1 4 1512 2630 2587 2631
1 4 1513 1514 1557 2632
1 4 1513 2589 1514 2632
1 4 1513 1557 1556 2632
1 4 1513 1556 2631 2632
1 4 1513 2588 2589 2632
1 4 1513 2631 2588 2632
1 4 1514 1515 1558 2633
1 4 1514 2590 1515 2633
1 4 1514 1558 1557 2633
1 4 1514 1557 2632 2633
1 4 1514 2589 2590 2633
1 4 1514 2632 2589 2633
1 4 1515 1516 1559 2634
1 4 1515 2591 1516 2634
1 4 1515 1559 1558 2634
1 4 1515 1558 2633 2634
1 4 1515 2590 2591 2634
1 4 1515 2633 2590 2634
1 4 1516 1517 1560 2635
1 4 1516 2592 1517 2635
1 4 1516 1560 1559 2635
1 4 1516 1559 2634 2635
1 4 1516 2591 2592 2635
1 4 1516 2634 2591 2635
1 4 1517 1518 1561 2636
1 4 1517 2593 1518 2636
1 4 1517 1561 1560 2636
1 4 1517 1560 2635 2636
1 4 1517 2592 2593 2636
1 4 1517 2635 2592 2636
1 4 1518 1519 1562 2637
1 4 1518 2594 1519 2637
1 4 1518 1562 1561 2637
1 4 1518 1561 2636 2637
1 4 1518 2593 2594 2637
1 4 1518 2636 2593 2637
1 4 1519 1520 1563 2638
1 4 1519 2595 1520 2638
1 4 1519 1563 1562 2638
1 4 1519 1562 2637 2638
1 4 1519 2594 2595 2638
1 4 1519 2637 2594 2638
1 4 1520 1521 1564 2639
1 4 1520 2596 1521 2639
1 4 1520 1564 1563 2639
1 4 1520 1563 2638 2639
1 4 1520 2595 2596 2639
1 4 1520 2638 2595 2639
1 4 1521 1522 1565 2640
1 4 1521 2597 1522 2640
1 4 1521 1565 1564 2640
1 4 1521 1564 2639 2640
1 4 1521 2596 2597 2640
1 4 1521 2639 2596 2640
1 4 1522 1523 1566 2641
1 4 1522 2598 1523 2641
1 4 1522 1566 1565 2641
1 4 1522 1565 2640 2641
1 4 1522 2597 2598 2641
1 4 1522 2640 2597 2641
1 4 1523 1524 1567 2642
1 4 1523 2599 1524 2642
1 4 1523 1567 1566 2642
1 4 1523 1566 2641 2642
1 4 1523 2598 2599 2642
1 4 1523 2641 2598 2642
1 4 1524 1525 1568 2643
1 4 1524 2600 1525 2643
1 4 1524 1568 1567 2643
1 4 1524 1567 2642 2643
1 4 1524 2599 2600 2643
1 4 1524 2642 2599 2643
1 4 1525 1526 1569 2644
1 4 1525 2601 1526 2644
1 4 1525 1569 1568 2644
1 4 1525 1568 2643 2644
1 4 1525 2600 2601 2644
1 4 1525 2643 2600 2644
1 4 1526 1527 1570 2645
1 4 1526 2602 1527 2645
1 4 1526 1570 1569 2645
1 4 1526 1569 2644 2645
1 4 1526 2601 2602 2645
1 4 1526 2644 2601 2645
1 4 1527 1528 1571 2646
1 4 1527 2603 1528 2646
1 4 1527 1571 1570 2646
1 4 1527 1570 2645 2646
1 4 1527 2602 2603 2646
1 4 1527 2645 2602 2646
1 4 1528 1529 1572 2647
1 4 1528 2604 1529 2647
1 4 1528 1572 1571 2647
1 4 1528 1571 2646 2647
1 4 1528 2603 2604 2647
1 4 1528 2646 2603 2647
1 4 1529 1530 1573 2648
1 4 1529 2605 1530 2648
1 4 1529 1573 1572 2648
1 4 1529 1572 2647 2648
1 4 1529 2604 2605 2648
1 4 1529 2647 2604 2648
1 4 1530 1531 1574 2649
1 4 1530 2606 1531 2649
1 4 1530 1574 1573 2649
1 4 1530 1573 2648 2649
1 4 1530 2605 2606 2649
1 4 1530 2648 2605 2649
1 4 1531 1532 1575 2650
1 4 1531 2607 1532 2650
1 4 1531 1575 1574 2650
1 4 1531 1574 2649 2650
1 4 1531 2606 2607 2650
1 4 1531 2649 2606 2650
1 4 1532 1533 1576 2651
1 4 1532 2608 1533 2651
1 4 1532 1576 1575 2651
1 4 1532 1575 2650 2651
1 4 1532 2607 2608 2651
1 4 1532 2650 2607 2651
1 4 1533 1534 1577 2652
1 4 1533 2609 1534 2652
1 4 1533 1577 1576 2652
1 4 1533 1576 2651 2652
1 4 1533 2608 2609 2652
1 4 1533 2651 2608 2652
1 4 1534 1535 1578 2653
1 4 1534 2610 1535 2653
1 4 1534 1578 1577 2653
1 4 1534 1577 2652 2653
1 4 1534 2609 2610 2653
1 4 1534 2652 2609 2653
1 4 1535 1536 1579 2654
1 4 1535 2611 1536 2654
1 4 1535 1579 1578 2654
1 4 1535 1578 2653 2654
1 4 1535 2610 2611 2654
1 4 1535 2653 2610 2654
1 4 1536 1537 1580 2655
1 4 1536 2612 1537 2655
1 4 1536 1580 1579 2655
1 4 1536 1579 2654 2655
1 4 1536 2611 2612 2655
1 4 1536 2654 2611 2655
1 4 1537 1538 1581 2656
1 4 1537 2613 1538 2656
1 4 1537 1581 1580 2656
1 4 1537 1580 2655 2656
1 4 1537 2612 2613 2656
1 4 1537 2655 2612 2656
1 4 1538 1539 1582 2657
1 4 1538 2614 1539 2657
1 4 1538 1582 1581 2657
1 4 1538 1581 2656 2657
1 4 1538 2613 2614 2657
1 4 1538 2656 2613 2657
1 4 1539 1540 1583 2658
1 4 1539 2615 1540 2658
1 4 1539 1583 1582 2658
1 4 1539 1582 2657 2658
1 4 1539 2614 2615 2658
1 4 1539 2657 2614 2658
1 4 1540 1541 1584 2659
1 4 1540 2616 1541 2659
1 4 1540 1584 1583 2659
1 4 1540 1583 2658 2659
1 4 1540 2615 2616 2659
1 4 1540 2658 2615 2659
1 4 1541 1542 1585 2660
1 4 1541 2617 1542 2660
1 4 1541 1585 1584 2660
1 4 1541 1584 2659 2660
1 4 1541 2616 2617 2660
1 4 1541 2659 2616 2660
1 4 1542 1543 1586 2661
1 4 1542 2618 1543 2661
1 4 1542 1586 1585 2661
1 4 1542 1585 2660 2661
1 4 1542 2617 2618 2661
1 4 1542 2660 2617 2661
1 4 1543 1544 1587 2662
1 4 1543 2619 1544 2662
1 4 1543 1587 1586 2662
1 4 1543 1586 2661 2662
1 4 1543 2618 2619 2662
1 4 1543 2661 2618 2662
1 4 1544 1545 1588 2663
1 4 1544 2620 1545 2663
1 4 1544 1588 1587 2663
1 4 1544 1587 2662 2663
1 4 1544 2619 2620 2663
1 4 1544 2662 2619 2663
1 4 1545 1546 1589 2664
1 4 1545 2621 1546 2664
1 4 1545 1589 1588 2664
1 4 1545 1588 2663 2664
1 4 1545 2620 2621 2664
1 4 1545 2663 2620 2664
1 4 1546 1547 1590 2665
1 4 1546 2622 1547 2665
1 4 1546 1590 1589 2665
1 4 1546 1589 2664 2665
1 4 1546 2621 2622 2665
1 4 1546 2664 2621 2665
1 4 1548 1549 1592 2667
1 4 1548 2624 1549 2667
1 4 1548 1592 1591 2667
1 4 1548 1591 2666 2667
1 4 1548 2623 2624 2667
1 4 1548 2666 2623 2667
1 4 1549 1550 1593 2668
1 4 1549 2625 1550 2668
1 4 1549 1593 1592 2668
1 4 1549 1592 2667 2668
1 4 1549 2624 2625 2668
1 4 1549 2667 2624 2668
1 4 1550 1551 1594 2669
1 4 1550 2626 1551 2669
1 4 1550 1594 1593 2669
1 4 1550 1593 2668 2669
1 4 1550 2625 2626 2669
1 4 1550 2668 2625 2669
1 4 1551 1552 1595 2670
1 4 1551 2627 1552 2670
1 4 1551 1595 1594 2670
1 4 1551 1594 2669 2670
1 4 1551 2626 2627 2670
1 4 1551 2669 2626 2670
1 4 1552 1553 1596 2671
1 4 1552 2628 1553 2671
1 4 1552 1596 1595 2671
1 4 1552 1595 2670 2671
1 4 1552 2627 2628 2671
1 4 1552 2670 2627 2671
1 4 1553 1554 1597 2672
1 4 1553 2629 1554 2672
1 4 1553 1597 1596 2672
1 4 1553 1596 2671 2672
1 4 1553 2628 2629 2672
1 4 1553 2671 2628 2672
1 4 1554 1555 1598 2673
1 4 1554 2630 1555 2673
1 4 1554 1598 1597 2673
1 4 1554 1597 2672 2673
1 4 1554 2629 2630 2673
1 4 1554 2672 2629 2673
1 4 1555 1556 1599 2674
1 4 1555 2631 1556 2674
1 4 1555 1599 1598 2674
1 4 1555 1598 2673 2674
1 4 1555 2630 2631 2674
1 4 1555 2673 2630 2674
1 4 1556 1557 1600 2675
1 4 1556 2632 1557 2675
1 4 1556 1600 1599 2675
1 4 1556 1599 2674 2675
1 4 1556 2631 2632 2675
1 4 1556 2674 2631 2675
1 4 1557 1558 1601 2676
1 4 1557 2633 1558 2676
1 4 1557 1601 1600 2676
1 4 1557 1600 2675 2676
1 4 1557 2632 2633 2676
1 4 1557 2675 2632 2676
1 4 1558 1559 1602 2677
1 4 1558 2634 1559 2677
1 4 1558 1602 1601 2677
1 4 1558 1601 2676 2677
1 4 1558 2633 2634 2677
1 4 1558 2676 2633 2677
1 4 1559 1560 1603 2678
1 4 1559 2635 1560 2678
1 4 1559 1603 1602 2678
1 4 1559 1602 2677 2678
1 4 1559 2634 2635 2678
1 4 1559 2677 2634 2678
1 4 1560 1561 1604 2679
1 4 1560 2636 1561 2679
1 4 1560 1604 1603 2679
1 4 1560 1603 2678 2679
1 4 1560 2635 2636 2679
1 4 1560 2678 2635 2679
1 4 1561 1562 1605 2680
1 4 1561 2637 1562 2680
1 4 1561 1605 1604 2680
1 4 1561 1604 2679 2680
1 4 1561 2636 2637 2680
1 4 1561 2679 2636 2680
1 4 1562 1563 1606 2681
1 4 1562 2638 1563 2681
1 4 1562 1606 1605 2681
1 4 1562 1605 2680 2681
1 4 1562 2637 2638 2681
1 4 1562 2680 2637 2681
1 4 1563 1564 1607 2682
1 4 1563 2639 1564 2682
1 4 1563 1607 1606 2682
1 4 1563 1606 2681 2682
1 4 1563 2638 2639 2682
1 4 1563 2681 2638 2682
1 4 1564 1565 1608 2683
1 4 1564 2640 1565 2683
1 4 1564 1608 1607 2683
1 4 1564 1607 2682 2683
1 4 1564 2639 2640 2683
1 4 1564 2682 2639 2683
1 4 1565 1566 1609 2684
1 4 1565 2641 1566 2684
1 4 1565 1609 1608 2684
1 4 1565 1608 2683 2684
1 4 1565 2640 2641 2684
1 4 1565 2683 2640 2684
1 4 1566 1567 1610 2685
1 4 1566 2642 1567 2685
1 4 1566 1610 1609 2685
1 4 1566 1609 2684 2685
1 4 1566 2641 2642 2685
1 4 1566 2684 2641 2685
1 4 1567 1568 1611 2686
1 4 1567 2643 1568 2686
1 4 1567 1611 1610 2686
1 4 1567 1610 2685 2686
1 4 1567 2642 2643 2686
1 4 1567 2685 2642 2686
1 4 1568 1569 1612 2687
1 4 1568 2644 1569 2687
1 4 1568 1612 1611 2687
1 4 1568 1611 2686 2687
1 4 1568 2643 2644 2687
1 4 1568 2686 2643 2687
1 4 1569 1570 1613 2688
1 4 1569 2645 1570 2688
1 4 1569 1613 1612 2688
1 4 1569 1612 2687 2688
1 4 1569 2644 2645 2688
1 4 1569 2687 2644 2688
1 4 1570 1571 1614 2689
1 4 1570 2646 1571 2689
1 4 1570 1614 1613 2689
1 4 1570 1613 2688 2689
1 4 1570 2645 2646 2689
1 4 1570 2688 2645 2689
1 4 1571 1572 1615 2690
1 4 1571 2647 1572 2690
1 4 1571 1615 1614 2690
1 4 1571 1614 2689 2690
1 4 1571 2646 2647 2690
1 4 1571 2689 2646 2690
1 4 1572 1573 1616 2691
1 4 1572 2648 1573 2691
1 4 1572 1616 1615 2691
1 4 1572 1615 2690 2691
1 4 1572 2647 2648 2691
1 4 1572 2690 2647 2691
1 4 1573 1574 1617 2692
1 4 1573 2649 1574 2692
1 4 1573 1617 1616 2692
1 4 1573 1616 2691 2692
1 4 1573 2648 2649 2692
1 4 1573 2691 2648 2692
1 4 1574 1575 1618 2693
1 4 1574 2650 1575 2693
1 4 1574 1618 1617 2693
1 4 1574 1617 2692 2693
1 4 1574 2649 2650 2693
1 4 1574 2692 2649 2693
1 4 1575 1576 1619 2694
1 4 1575 2651 1576 2694
1 4 1575 1619 1618 2694
1 4 1575 1618 2693 2694
1 4 1575 2650 2651 2694
1 4 1575 2693 2650 2694
1 4 1576 1577 1620 2695
1 4 1576 2652 1577 2695
1 4 1576 1620 1619 2695
1 4 1576 1619 2694 2695
1 4 1576 2651 2652 2695
1 4 1576 2694 2651 2695
1 4 1577 1578 1621 2696
1 4 1577 2653 1578 2696
1 4 1577 1621 1620 2696
1 4 1577 1620 2695 2696
1 4 1577 2652 2653 2696
1 4 1577 2695 2652 2696
1 4 1578 1579 1622 2697
1 4 1578 2654 1579 2697
1 4 1578 1622 1621 2697
1 4 1578 1621 2696 2697
1 4 1578 2653 2654 2697
1 4 1578 2696 2653 2697
1 4 1579 1580 1623 2698
1 4 1579 2655 1580 2698
1 4 1579 1623 1622 2698
1 4 1579 1622 2697 2698
1 4 1579 2654 2655 2698
1 4 1579 2697 2654 2698
1 4 1580 1581 1624 2699
1 4 1580 2656 1581 2699
1 4 1580 1624 1623 2699
1 4 1580 1623 2698 2699
1 4 1580 2655 2656 2699
1 4 1580 2698 2655 2699
1 4 1581 1582 1625 2700
1 4 1581 2657 1582 2700
1 4 1581 1625 1624 2700
1 4 1581 1624 2699 2700
1 4 1581 2656 2657 2700
1 4 1581 2699 2656 2700
1 4 1582 1583 1626 2701
1 4 1582 2658 1583 2701
1 4 1582 1626 1625 2701
1 4 1582 1625 2700 2701
1 4 1582 2657 2658 2701
1 4 1582 2700 2657 2701
1 4 1583 1584 1627 2702
1 4 1583 2659 1584 2702
1 4 1583 1627 1626 2702
1 4 1583 1626 2701 2702
1 4 1583 2658 2659 2702
1 4 1583 2701 2658 2702
1 4 1584 1585 1628 2703
1 4 1584 2660 1585 2703
1 4 1584 1628 1627 2703
1 4 1584 1627 2702 2703
1 4 1584 2659 2660 2703
1 4 1584 2702 2659 2703
1 4 1585 1586 1629 2704
1 4 1585 2661 1586 2704
1 4 1585 1629 1628 2704
1 4 1585 1628 2703 2704
1 4 1585 2660 2661 2704
1 4 1585 2703 2660 2704
1 4 1586 1587 1630 2705
1 4 1586 2662 1587 2705
1 4 1586 1630 1629 2705
1 4 1586 1629 2704 2705
1 4 1586 2661 2662 2705
1 4 1586 2704 2661 2705
1 4 1587 1588 1631 2706
1 4 1587 2663 1588 2706
1 4 1587 1631 1630 2706
1 4 1587 1630 2705 2706
1 4 1587 2662 2663 2706
1 4 1587 2705 2662 2706
1 4 1588 1589 1632 2707
1 4 1588 2664 1589 2707
1 4 1588 1632 1631 2707
1 4 1588 1631 2706 2707
1 4 1588 2663 2664 2707
1 4 1588 2706 2663 2707
1 4 1589 1590 1633 2708
1 4 1589 2665 1590 2708
1 4 1589 1633 1632 2708
1 4 1589 1632 2707 2708
1 4 1589 2664 2665 2708
1 4 1589 2707 2664 2708
2 4 1591 1592 1635 2710
2 4 1591 2667 1592 2710
2 4 1591 1635 1634 2710
2 4 1591 1634 2709 2710
2 4 1591 2666 2667 2710
2 4 1591 2709 2666 2710
2 4 1592 1593 1636 2711
2 4 1592 2668 1593 2711
2 4 1592 1636 1635 2711
2 4 1592 1635 2710 2711
2 4 1592 2667 2668 2711
2 4 1592 2710 2667 2711
2 4 1593 1594 1637 2712
2 4 1593 2669 1594 2712
2 4 1593 1637 1636 2712
2 4 1593 1636 2711 2712
2 4 1593 2668 2669 2712
2 4 1593 2711 2668 2712
2 4 1594 1595 1638 2713
2 4 1594 2670 1595 2713
2 4 1594 1638 1637 2713
2 4 1594 1637 2712 2713
2 4 1594 2669 2670 2713
2 4 1594 2712 2669 2713
2 4 1595 1596 1639 2714
2 4 1595 2671 1596 2714
2 4 1595 1639 1638 2714
2 4 1595 1638 2713 2714
2 4 1595 2670 2671 2714
2 4 1595 2713 2670 2714
2 4 1596 1597 1640 2715
2 4 1596 2672 1597 2715
2 4 1596 1640 1639 2715
2 4 1596 1639 2714 2715
2 4 1596 2671 2672 2715
2 4 1596 2714 2671 2715
2 4 1597 1598 1641 2716
2 4 1597 2673 1598 2716
2 4 1597 1641 1640 2716
2 4 1597 1640 2715 2716
2 4 1597 2672 2673 2716
2 4 1597 2715 2672 2716
2 4 1598 1599 1642 2717
2 4 1598 2674 1599 2717
2 4 1598 1642 1641 2717
2 4 1598 1641 2716 2717
2 4 1598 2673 2674 2717
2 4 1598 2716 2673 2717
2 4 1599 1600 1643 2718
2 4 1599 2675 1600 2718
2 4 1599 1643 1642 2718
2 4 1599 1642 2717 2718
2 4 1599 2674 2675 2718
2 4 1599 2717 2674 2718
2 4 1600 1601 1644 2719
2 4 1600 2676 1601 2719
2 4 1600 1644 1643 2719
2 4 1600 1643 2718 2719
2 4 1600 2675 2676 2719
2 4 1600 2718 2675 2719
2 4 1601 1602 1645 2720
2 4 1601 2677 1602 2720
2 4 1601 1645 1644 2720
2 4 1601 1644 2719 2720
2 4 1601 2676 2677 2720
2 4 1601 2719 2676 2720
2 4 1602 1603 1646 2721
2 4 1602 2678 1603 2721
2 4 1602 1646 1645 2721
2 4 1602 1645 2720 2721
2 4 1602 2677 2678 2721
2 4 1602 2720 2677 2721
2 4 1603 1604 1647 2722
2 4 1603 2679 1604 2722
2 4 1603 1647 1646 2722
2 4 1603 1646 2721 2722
2 4 1603 2678 2679 2722
2 4 1603 2721 2678 2722
2 4 1604 1605 1648 2723
2 4 1604 2680 1605 2723
2 4 1604 1648 1647 2723
2 4 1604 1647 2722 2723
2 4 1604 2679 2680 2723
2 4 1604 2722 2679 2723
2 4 1605 1606 1649 2724
2 4 1605 2681 1606 2724
2 4 1605 1649 1648 2724
2 4 1605 1648 2723 2724
2 4 1605 2680 2681 2724
2 4 1605 2723 2680 2724
2 4 1606 1607 1650 2725
2 4 1606 2682 1607 2725
2 4 1606 1650 1649 2725
2 4 1606 1649 2724 2725
2 4 1606 2681 2682 2725
2 4 1606 2724 2681 2725
2 4 1607 1608 1651 2726
2 4 1607 2683 1608 2726
2 4 1607 1651 1650 2726
2 4 1607 1650 2725 2726
2 4 1607 2682 2683 2726
2 4 1607 2725 2682 2726
2 4 1608 1609 1652 2727
2 4 1608 2684 1609 2727
2 4 1608 1652 1651 2727
2 4 1608 1651 2726 2727
2 4 1608 2683 2684 2727
2 4 1608 2726 2683 2727
2 4 1609 1610 1653 2728
2 4 1609 2685 1610 2728
2 4 1609 1653 1652 2728
2 4 1609 1652 2727 2728
2 4 1609 2684 2685 2728
2 4 1609 2727 2684 2728
2 4 1610 1611 1654 2729
2 4 1610 2686 1611 2729
2 4 1610 1654 1653 2729
2 4 1610 1653 2728 2729
2 4 1610 2685 2686 2729
2 4 1610 2728 2685 2729
2 4 1611 1612 1655 2730
2 4 1611 2687 1612 2730
2 4 1611 1655 1654 2730
2 4 1611 1654 2729 2730
2 4 1611 2686 2687 2730
2 4 1611 2729 2686 2730
2 4 1612 1613 1656 2731
2 4 1612 2688 1613 2731
2 4 1612 1656 1655 2731
2 4 1612 1655 2730 2731
2 4 1612 2687 2688 2731
2 4 1612 2730 2687 2731
2 4 1613 1614 1657 2732
2 4 1613 2689 1614 2732
2 4 1613 1657 1656 2732
2 4 1613 1656 2731 2732
2 4 1613 2688 2689 2732
2 4 1613 2731 2688 2732
2 4 1614 1615 1658 2733
2 4 1614 2690 1615 2733
2 4 1614 1658 1657 2733
2 4 1614 1657 2732 2733
2 4 1614 2689 2690 2733
2 4 1614 2732 2689 2733
2 4 1615 1616 1659 2734
2 4 1615 2691 1616 2734
2 4 1615 1659 1658 2734
2 4 1615 1658 2733 2734
2 4 1615 2690 2691 2734
2 4 1615 2733 2690 2734
2 4 1616 1617 1660 2735
2 4 1616 2692 1617 2735
2 4 1616 1660 1659 2735
2 4 1616 1659 2734 2735
2 4 1616 2691 2692 2735
2 4 1616 2734 2691 2735
2 4 1617 1618 1661 2736
2 4 1617 2693 1618 2736
2 4 1617 1661 1660 2736
2 4 1617 1660 2735 2736
2 4 1617 2692 2693 2736
2 4 1617 2735 2692 2736
2 4 1618 1619 1662 2737
2 4 1618 2694 1619 2737
2 4 1618 1662 1661 2737
2 4 1618 1661 2736 2737
2 4 1618 2693 2694 2737
2 4 1618 2736 2693 2737
2 4 1619 1620 1663 2738
2 4 1619 2695 1620 2738
2 4 1619 1663 1662 2738
2 4 1619 1662 2737 2738
2 4 1619 2694 2695 2738
2 4 1619 2737 2694 2738
2 4 1620 1621 1664 2739
2 4 1620 2696 1621 2739
2 4 1620 1664 1663 2739
2 4 1620 1663 2738 2739
2 4 1620 2695 2696 2739
2 4 1620 2738 2695 2739
2 4 1621 1622 1665 2740
2 4 1621 2697 1622 2740
2 4 1621 1665 1664 2740
2 4 1621 1664 2739 2740
2 4 1621 2696 2697 2740
2 4 1621 2739 2696 2740
2 4 1622 1623 1666 2741
2 4 1622 2698 1623 2741
2 4 1622 1666 1665 2741
2 4 1622 1665 2740 2741
2 4 1622 2697 2698 2741
2 4 1622 2740 2697 2741
2 4 1623 1624 1667 2742
2 4 1623 2699 1624 2742
2 4 1623 1667 1666 2742
2 4 1623 1666 2741 2742
2 4 1623 2698 2699 2742
2 4 1623 2741 2698 2742
2 4 1624 1625 1668 2743
2 4 1624 2700 1625 2743
2 4 1624 1668 1667 2743
2 4 1624 1667 2742 2743
2 4 1624 2699 2700 2743
2 4 1624 2742 2699 2743
2 4 1625 1626 1669 2744
2 4 1625 2701 1626 2744
2 4 1625 1669 1668 2744
2 4 1625 1668 2743 2744
2 4 1625 2700 2701 2744
2 4 1625 2743 2700 2744
2 4 1626 1627 1670 2745
2 4 1626 2702 1627 2745
2 4 1626 1670 1669 2745
2 4 1626 1669 2744 2745
2 4 1626 2701 2702 2745
2 4 1626 2744 2701 2745
2 4 1627 1628 1671 2746
2 4 1627 2703 1628 2746
2 4 1627 1671 1670 2746
2 4 1627 1670 2745 2746
2 4 1627 2702 2703 2746
2 4 1627 2745 2702 2746
2 4 1628 1629 1672 2747
2 4 1628 2704 1629 2747
2 4 1628 1672 1671 2747
2 4 1628 1671 2746 2747
2 4 1628 2703 2704 2747
2 4 1628 2746 2703 2747
2 4 1629 1630 1673 2748
2 4 1629 2705 1630 2748
2 4 1629 1673 1672 2748
2 4 1629 1672 2747 2748
2 4 1629 2704 2705 2748
2 4 1629 2747 2704 2748
2 4 1630 1631 1674 2749
2 4 1630 2706 1631 2749
2 4 1630 1674 1673 2749
2 4 1630 1673 2748 2749
2 4 1630 2705 2706 2749
2 4 1630 2748 2705 2749
2 4 1631 1632 1675 2750
2 4 1631 2707 1632 2750
2 4 1631 1675 1674 2750
2 4 1631 1674 2749 2750
2 4 1631 2706 2707 2750
2 4 1631 2749 2706 2750
2 4 1632 1633 1676 2751
2 4 1632 2708 1633 2751
2 4 1632 1676 1675 2751
2 4 1632 1675 2750 2751
2 4 1632 2707 2708 2751
2 4 1632 2750 2707 2751
2 4 1634 1635 1678 2753
2 4 1634 2710 1635 2753
2 4 1634 1678 1677 2753
2 4 1634 1677 2752 2753
2 4 1634 2709 2710 2753
2 4 1634 2752 2709 2753
2 4 1635 1636 1679 2754
2 4 1635 2711 1636 2754
2 4 1635 1679 1678 2754
2 4 1635 1678 2753 2754
2 4 1635 2710 2711 2754
2 4 1635 2753 2710 2754
2 4 1636 1637 1680 2755
2 4 1636 2712 1637 2755
2 4 1636 1680 1679 2755
2 4 1636 1679 2754 2755
2 4 1636 2711 2712 2755
2 4 1636 2754 2711 2755
2 4 1637 1638 1681 2756
2 4 1637 2713 1638 2756
2 4 1637 1681 1680 2756
2 4 1637 1680 2755 2756
2 4 1637 2712 2713 2756
2 4 1637 2755 2712 2756
2 4 1638 1639 1682 2757
2 4 1638 2714 1639 2757
2 4 1638 1682 1681 2757
2 4 1638 1681 2756 2757
2 4 1638 2713 2714 2757
2 4 1638 2756 2713 2757
2 4 1639 1640 1683 2758
2 4 1639 2715 1640 2758
2 4 1639 1683 1682 2758
2 4 1639 1682 2757 2758
2 4 1639 2714 2715 2758
2 4 1639 2757 2714 2758
2 4 1640 1641 1684 2759
2 4 1640 2716 1641 2759
2 4 1640 1684 1683 2759
2 4 1640 1683 2758 2759
2 4 1640 2715 2716 2759
2 4 1640 2758 2715 2759
2 4 1641 1642 1685 2760
2 4 1641 2717 1642 2760
2 4 1641 1685 1684 2760
2 4 1641 1684 2759 2760
2 4 1641 2716 2717 2760
2 4 1641 2759 2716 2760
2 4 1642 1643 1686 2761
2 4 1642 2718 1643 2761
2 4 1642 1686 1685 2761
2 4 1642 1685 2760 2761
2 4 1642 2717 2718 2761
2 4 1642 2760 2717 2761
2 4 1643 1644 1687 2762
2 4 1643 2719 1644 2762
2 4 1643 1687 1686 2762
2 4 1643 1686 2761 2762
2 4 1643 2718 2719 2762
2 4 1643 2761 2718 2762
2 4 1644 1645 1688 2763
2 4 1644 2720 1645 2763
2 4 1644 1688 1687 2763
2 4 1644 1687 2762 2763
2 4 1644 2719 2720 2763
2 4 1644 2762 2719 2763
2 4 1645 1646 1689 2764
2 4 1645 2721 1646 2764
2 4 1645 1689 1688 2764
2 4 1645 1688 2763 2764
2 4 1645 2720 2721 2764
2 4 1645 2763 2720 2764
2 4 1646 1647 1690 2765
2 4 1646 2722 1647 2765
2 4 1646 1690 1689 2765
2 4 1646 1689 2764 2765
2 4 1646 2721 2722 2765
2 4 1646 2764 2721 2765
2 4 1647 1648 1691 2766
2 4 1647 2723 1648 2766
2 4 1647 1691 1690 2766
2 4 1647 1690 2765 2766
2 4 1647 2722 2723 2766
2 4 1647 2765 2722 2766
2 4 1648 1649 1692 2767
2 4 1648 2724 1649 2767
2 4 1648 1692 1691 2767
2 4 1648 1691 2766 2767
2 4 1648 2723 2724 2767
2 4 1648 2766 2723 2767
2 4 1649 1650 1693 2768
2 4 1649 2725 1650 2768
2 4 1649 1693 1692 2768
2 4 1649 1692 2767 2768
2 4 1649 2724 2725 2768
2 4 1649 2767 2724 2768
2 4 1650 1651 1694 2769
2 4 1650 2726 1651 2769
2 4 1650 1694 1693 2769
2 4 1650 1693 2768 2769
2 4 1650 2725 2726 2769
2 4 1650 2768 2725 2769
2 4 1651 1652 1695 2770
2 4 1651 2727 1652 2770
2 4 1651 1695 1694 2770
2 4 1651 1694 2769 2770
2 4 1651 2726 2727 2770
2 4 1651 2769 2726 2770
2 4 1652 1653 1696 2771
2 4 1652 2728 1653 2771
2 4 1652 1696 1695 2771
2 4 1652 1695 2770 2771
2 4 1652 2727 2728 2771
2 4 1652 2770 2727 2771
2 4 1653 1654 1697 2772
2 4 1653 2729 1654 2772
2 4 1653 1697 1696 2772
2 4 1653 1696 2771 2772
2 4 1653 2728 2729 2772
2 4 1653 2771 2728 2772
2 4 1654 1655 1698 2773
2 4 1654 2730 1655 2773
2 4 1654 1698 1697 2773
2 4 1654 1697 2772 2773
2 4 1654 2729 2730 2773
2 4 1654 2772 2729 2773
2 4 1655 1656 1699 2774
2 4 1655 2731 1656 2774
2 4 1655 1699 1698 2774
2 4 1655 1698 2773 2774
2 4 1655 2730 2731 2774
2 4 1655 2773 2730 2774
2 4 1656 1657 1700 2775
2 4 1656 2732 1657 2775
2 4 1656 1700 1699 2775
2 4 1656 1699 2774 2775
2 4 1656 2731 2732 2775
2 4 1656 2774 2731 2775
2 4 1657 1658 1701 2776
2 4 1657 2733 1658 2776
2 4 1657 1701 1700 2776
2 4 1657 1700 2775 2776
2 4 1657 2732 2733 2776
2 4 1657 2775 2732 2776
2 4 1658 1659 1702 2777
2 4 1658 2734 1659 2777
2 4 1658 1702 1701 2777
2 4 1658 1701 2776 2777
2 4 1658 2733 2734 2777
2 4 1658 2776 2733 2777
2 4 1659 1660 1703 2778
2 4 1659 2735 1660 2778
2 4 1659 1703 1702 2778
2 4 1659 1702 2777 2778
2 4 1659 2734 2735 2778
2 4 1659 2777 2734 2778
2 4 1660 1661 1704 2779
2 4 1660 2736 1661 2779
2 4 1660 1704 1703 2779
2 4 1660 1703 2778 2779
2 4 1660 2735 2736 2779
2 4 1660 2778 2735 2779
2 4 1661 1662 1705 2780
2 4 1661 2737 1662 2780
2 4 1661 1705 1704 2780
2 4 1661 1704 2779 2780
2 4 1661 2736 2737 2780
2 4 1661 2779 2736 2780
2 4 1662 1663 1706 2781
2 4 1662 2738 1663 2781
2 4 1662 1706 1705 2781
2 4 1662 1705 2780 2781
2 4 1662 2737 2738 2781
2 4 1662 2780 2737 2781
2 4 1663 1664 1707 2782
2 4 1663 2739 1664 2782
2 4 1663 1707 1706 2782
2 4 1663 1706 2781 2782
2 4 1663 2738 2739 2782
2 4 1663 2781 2738 2782
2 4 1664 1665 1708 2783
2 4 1664 2740 1665 2783
2 4 1664 1708 1707 2783
2 4 1664 1707 2782 2783
2 4 1664 2739 2740 2783
2 4 1664 2782 2739 2783
2 4 1665 1666 1709 2784
2 4 1665 2741 1666 2784
2 4 1665 1709 1708 2784
2 4 1665 1708 2783 2784
2 4 1665 2740 2741 2784
2 4 1665 2783 2740 2784
2 4 1666 1667 1710 2785
2 4 1666 2742 1667 2785
2 4 1666 1710 1709 2785
2 4 1666 1709 2784 2785
2 4 1666 2741 2742 2785
2 4 1666 2784 2741 2785
2 4 1667 1668 1711 2786
2 4 1667 2743 1668 2786
2 4 1667 1711 1710 2786
2 4 1667 1710 2785 2786
2 4 1667 2742 2743 2786
2 4 1667 2785 2742 2786
2 4 1668 1669 1712 2787
2 4 1668 2744 1669 2787
2 4 1668 1712 1711 2787
2 4 1668 1711 2786 2787
2 4 1668 2743 2744 2787
2 4 1668 2786 2743 2787
2 4 1669 1670 1713 2788
2 4 1669 2745 1670 2788
2 4 1669 1713 1712 2788
2 4 1669 1712 2787 2788
2 4 1669 2744 2745 2788
2 4 1669 2787 2744 2788
2 4 1670 1671 1714 2789
2 4 1670 2746 1671 2789
2 4 1670 1714 1713 2789
2 4 1670 1713 2788 2789
2 4 1670 2745 2746 2789
2 4 1670 2788 2745 2789
2 4 1671 1672 1715 2790
2 4 1671 2747 1672 2790
2 4 1671 1715 1714 2790
2 4 1671 1714 2789 2790
2 4 1671 2746 2747 2790
2 4 1671 2789 2746 2790
2 4 1672 1673 1716 2791
2 4 1672 2748 1673 2791
2 4 1672 1716 1715 2791
2 4 1672 1715 2790 2791
2 4 1672 2747 2748 2791
2 4 1672 2790 2747 2791
2 4 1673 1674 1717 2792
2 4 1673 2749 1674 2792
2 4 1673 1717 1716 2792
2 4 1673 1716 2791 2792
2 4 1673 2748 2749 2792
2 4 1673 2791 2748 2792
2 4 1674 1675 1718 2793
2 4 1674 2750 1675 2793
2 4 1674 1718 1717 2793
2 4 1674 1717 2792 2793
2 4 1674 2749 2750 2793
2 4 1674 2792 2749 2793
2 4 1675 1676 1719 2794
2 4 1675 2751 1676 2794
2 4 1675 1719 1718 2794
2 4 1675 1718 2793 2794
2 4 1675 2750 2751 2794
2 4 1675 2793 2750 2794
2 4 1677 1678 1721 2796
2 4 1677 2753 1678 2796
2 4 1677 1721 1720 2796
2 4 1677 1720 2795 2796
2 4 1677 2752 2753 2796
2 4 1677 2795 2752 2796
2 4 1678 1679 1722 2797
2 4 1678 2754 1679 2797
2 4 1678 1722 1721 2797
2 4 1678 1721 2796 2797
2 4 1678 2753 2754 2797
2 4 1678 2796 2753 2797
2 4 1679 1680 1723 2798
2 4 1679 2755 1680 2798
2 4 1679 1723 1722 2798
2 4 1679 1722 2797 2798
2 4 1679 2754 2755 2798
2 4 1679 2797 2754 2798
2 4 1680 1681 1724 2799
2 4 1680 2756 1681 2799
2 4 1680 1724 1723 2799
2 4 1680 1723 2798 2799
2 4 1680 2755 2756 2799
2 4 1680 2798 2755 2799
2 4 1681 1682 1725 2800
2 4 1681 2757 1682 2800
2 4 1681 1725 1724 2800
2 4 1681 1724 2799 2800
2 4 1681 2756 2757 2800
2 4 1681 2799 2756 2800
2 4 1682 1683 1726 2801
2 4 1682 2758 1683 2801
2 4 1682 1726 1725 2801
2 4 1682 1725 2800 2801
2 4 1682 2757 2758 2801
2 4 1682 2800 2757 2801
2 4 1683 1684 1727 2802
2 4 1683 2759 1684 2802
2 4 1683 1727 1726 2802
2 4 1683 1726 2801 2802
2 4 1683 2758 2759 2802
2 4 1683 2801 2758 2802
2 4 1684 1685 1728 2803
2 4 1684 2760 1685 2803
2 4 1684 1728 1727 2803
2 4 1684 1727 2802 2803
2 4 1684 2759 2760 2803
2 4 1684 2802 2759 2803
2 4 1685 1686 1729 2804
2 4 1685 2761 1686 2804
2 4 1685 1729 1728 2804
2 4 1685 1728 2803 2804
2 4 1685 2760 2761 2804
2 4 1685 2803 2760 2804
2 4 1686 1687 1730 2805
2 4 1686 2762 1687 2805
2 4 1686 1730 1729 2805
2 4 1686 1729 2804 2805
2 4 1686 2761 2762 2805
2 4 1686 2804 2761 2805
2 4 1687 1688 1731 2806
2 4 1687 2763 1688 2806
2 4 1687 1731 1730 2806
2 4 1687 1730 2805 2806
2 4 1687 2762 2763 2806
2 4 1687 2805 2762 2806
2 4 1688 1689 1732 2807
2 4 1688 2764 1689 2807
2 4 1688 1732 1731 2807
2 4 1688 1731 2806 2807
2 4 1688 2763 2764 2807
2 4 1688 2806 2763 2807
2 4 1689 1690 1733 2808
2 4 1689 2765 1690 2808
2 4 1689 1733 1732 2808
2 4 1689 1732 2807 2808
2 4 1689 2764 2765 2808
2 4 1689 2807 2764 2808
2 4 1690 1691 1734 2809
2 4 1690 2766 1691 2809
2 4 1690 1734 1733 2809
2 4 1690 1733 2808 2809
2 4 1690 2765 2766 2809
2 4 1690 2808 2765 2809
2 4 1691 1692 1735 2810
2 4 1691 2767 1692 2810
2 4 1691 1735 1734 2810
2 4 1691 1734 2809 2810
2 4 1691 2766 2767 2810
2 4 1691 2809 2766 2810
2 4 1692 1693 1736 2811
2 4 1692 2768 1693 2811
2 4 1692 1736 1735 2811
2 4 1692 1735 2810 2811
2 4 1692 2767 2768 2811
2 4 1692 2810 2767 2811
2 4 1693 1694 1737 2812
2 4 1693 2769 1694 2812
2 4 1693 1737 1736 2812
2 4 1693 1736 2811 2812
2 4 1693 2768 2769 2812
2 4 1693 2811 2768 2812
2 4 1694 1695 1738 2813
2 4 1694 2770 1695 2813
2 4 1694 1738 1737 2813
2 4 1694 1737 2812 2813
2 4 1694 2769 2770 2813
2 4 1694 2812 2769 2813
2 4 1695 1696 1739 2814
2 4 1695 2771 1696 2814
2 4 1695 1739 1738 2814
2 4 1695 1738 2813 2814
2 4 1695 2770 2771 2814
2 4 1695 2813 2770 2814
2 4 1696 1697 1740 2815
2 4 1696 2772 1697 2815
2 4 1696 1740 1739 2815
2 4 1696 1739 2814 2815
2 4 1696 2771 2772 2815
2 4 1696 2814 2771 2815
2 4 1697 1698 1741 2816
2 4 1697 2773 1698 2816
2 4 1697 1741 1740 2816
2 4 1697 1740 2815 2816
2 4 1697 2772 2773 2816
2 4 1697 2815 2772 2816
2 4 1698 1699 1742 2817
2 4 1698 2774 1699 2817
2 4 1698 1742 1741 2817
2 4 1698 1741 2816 2817
2 4 1698 2773 2774 2817
2 4 1698 2816 2773 2817
2 4 1699 1700 1743 2818
2 4 1699 2775 1700 2818
2 4 1699 1743 1742 2818
2 4 1699 1742 2817 2818
2 4 1699 2774 2775 2818
2 4 1699 2817 2774 2818
2 4 1700 1701 1744 2819
2 4 1700 2776 1701 2819
2 4 1700 1744 1743 2819
2 4 1700 1743 2818 2819
2 4 1700 2775 2776 2819
2 4 1700 2818 2775 2819
2 4 1701 1702 1745 2820
2 4 1701 2777 1702 2820
2 4 1701 1745 1744 2820
2 4 1701 1744 2819 2820
2 4 1701 2776 2777 2820
2 4 1701 2819 2776 2820
2 4 1702 1703 1746 2821
2 4 1702 2778 1703 2821
2 4 1702 1746 1745 2821
2 4 1702 1745 2820 2821
2 4 1702 2777 2778 2821
2 4 1702 2820 2777 2821
2 4 1703 1704 1747 2822
2 4 1703 2779 1704 2822
2 4 1703 1747 1746 2822
2 4 1703 1746 2821 2822
2 4 1703 2778 2779 2822
2 4 1703 2821 2778 2822
2 4 1704 1705 1748 2823
2 4 1704 2780 1705 2823
2 4 1704 1748 1747 2823
2 4 1704 1747 2822 2823
2 4 1704 2779 2780 2823
2 4 1704 2822 2779 2823
2 4 1705 1706 1749 2824
2 4 1705 2781 1706 2824
2 4 1705 1749 1748 2824
2 4 1705 1748 2823 2824
2 4 1705 2780 2781 2824
2 4 1705 2823 2780 2824
2 4 1706 1707 1750 2825
2 4 1706 2782 1707 2825
2 4 1706 1750 1749 2825
2 4 1706 1749 2824 2825
2 4 1706 2781 2782 2825
2 4 1706 2824 2781 2825
2 4 1707 1708 1751 2826
2 4 1707 2783 1708 2826
2 4 1707 1751 1750 2826
2 4 1707 1750 2825 2826
2 4 1707 2782 2783 2826
2 4 1707 2825 2782 2826
2 4 1708 1709 1752 2827
2 4 1708 2784 1709 2827
2 4 1708 1752 1751 2827
2 4 1708 1751 2826 2827
2 4 1708 2783 2784 2827
2 4 1708 2826 2783 2827
2 4 1709 1710 1753 2828
2 4 1709 2785 1710 2828
2 4 1709 1753 1752 2828
2 4 1709 1752 2827 2828
2 4 1709 2784 2785 2828
2 4 1709 2827 2784 2828
2 4 1710 1711 1754 2829
2 4 1710 2786 1711 2829
2 4 1710 1754 1753 2829
2 4 1710 1753 2828 2829
2 4 1710 2785 2786 2829
2 4 1710 2828 2785 2829
2 4 1711 1712 1755 2830
2 4 1711 2787 1712 2830
2 4 1711 1755 1754 2830
2 4 1711 1754 2829 2830
2 4 1711 2786 2787 2830
2 4 1711 2829 2786 2830
2 4 1712 1713 1756 2831
2 4 1712 2788 1713 2831
2 4 1712 1756 1755 2831
2 4 1712 1755 2830 2831
2 4 1712 2787 2788 2831
2 4 1712 2830 2787 2831
2 4 1713 1714 1757 2832
2 4 1713 2789 1714 2832
2 4 1713 1757 1756 2832
2 4 1713 1756 2831 2832
2 4 1713 2788 2789 2832
2 4 1713 2831 2788 2832
2 4 1714 1715 1758 2833
2 4 1714 2790 1715 2833
2 4 1714 1758 1757 2833
2 4 1714 1757 2832 2833
2 4 1714 2789 2790 2833
2 4 1714 2832 2789 2833
2 4 1715 1716 1759 2834
2 4 1715 2791 1716 2834
2 4 1715 1759 1758 2834
2 4 1715 1758 2833 2834
2 4 1715 2790 2791 2834
2 4 1715 2833 2790 2834
2 4 1716 1717 1760 2835
2 4 1716 2792 1717 2835
2 4 1716 1760 1759 2835
2 4 1716 1759 2834 2835
2 4 1716 2791 2792 2835
2 4 1716 2834 2791 2835
2 4 1717 1718 1761 2836
2 4 1717 2793 1718 2836
2 4 1717 1761 1760 2836
2 4 1717 1760 2835 2836
2 4 1717 2792 2793 2836
2 4 1717 2835 2792 2836
2 4 1718 1719 1762 2837
2 4 1718 2794 1719 2837
2 4 1718 1762 1761 2837
2 4 1718 1761 2836 2837
2 4 1718 2793 2794 2837
2 4 1718 2836 2793 2837
2 4 1720 1721 1764 2839
2 4 1720 2796 1721 2839
2 4 1720 1764 1763 2839
2 4 1720 1763 2838 2839
2 4 1720 2795 2796 2839
2 4 1720 2838 2795 2839
2 4 1721 1722 1765 2840
2 4 1721 2797 1722 2840
2 4 1721 1765 1764 2840
2 4 1721 1764 2839 2840
2 4 1721 2796 2797 2840
2 4 1721 2839 2796 2840
2 4 1722 1723 1766 2841
2 4 1722 2798 1723 2841
2 4 1722 1766 1765 2841
2 4 1722 1765 2840 2841
2 4 1722 2797 2798 2841
2 4 1722 2840 2797 2841
2 4 1723 1724 1767 2842
2 4 1723 2799 1724 2842
2 4 1723 1767 1766 2842
2 4 1723 1766 2841 2842
2 4 1723 2798 2799 2842
2 4 1723 2841 2798 2842
2 4 1724 1725 1768 2843
2 4 1724 2800 1725 2843
2 4 1724 1768 1767 2843
2 4 1724 1767 2842 2843
2 4 1724 2799 2800 2843
2 4 1724 2842 2799 2843
2 4 1725 1726 1769 2844
2 4 1725 2801 1726 2844
2 4 1725 1769 1768 2844
2 4 1725 1768 2843 2844
2 4 1725 2800 2801 2844
2 4 1725 2843 2800 2844
2 4 1726 1727 1770 2845
2 4 1726 2802 1727 2845
2 4 1726 1770 1769 2845
2 4 1726 1769 2844 2845
2 4 1726 2801 2802 2845
2 4 1726 2844 2801 2845
2 4 1727 1728 1771 2846
2 4 1727 2803 1728 2846
2 4 1727 1771 1770 2846
2 4 1727 1770 2845 2846
2 4 1727 2802 2803 2846
2 4 1727 2845 2802 2846
2 4 1728 1729 1772 2847
2 4 1728 2804 1729 2847
2 4 1728 1772 1771 2847
2 4 1728 1771 2846 2847
2 4 1728 2803 2804 2847
2 4 1728 2846 2803 2847
2 4 1729 1730 1773 2848
2 4 1729 2805 1730 2848
2 4 1729 1773 1772 2848
2 4 1729 1772 2847 2848
2 4 1729 2804 2805 2848
2 4 1729 2847 2804 2848
2 4 1730 1731 1774 2849
2 4 1730 2806 1731 2849
2 4 1730 1774 1773 2849
2 4 1730 1773 2848 2849
2 4 1730 2805 2806 2849
2 4 1730 2848 2805 2849
2 4 1731 1732 1775 2850
2 4 1731 2807 1732 2850
2 4 1731 1775 1774 2850
2 4 1731 1774 2849 2850
2 4 1731 2806 2807 2850
2 4 1731 2849 2806 2850
2 4 1732 1733 1776 2851
2 4 1732 2808 1733 2851
2 4 1732 1776 1775 2851
2 4 1732 1775 2850 2851
2 4 1732 2807 2808 2851
2 4 1732 2850 2807 2851
2 4 1733 1734 1777 2852
2 4 1733 2809 1734 2852
2 4 1733 1777 1776 2852
2 4 1733 1776 2851 2852
2 4 1733 2808 2809 2852
2 4 1733 2851 2808 2852
2 4 1734 1735 1778 2853
2 4 1734 2810 1735 2853
2 4 1734 1778 1777 2853
2 4 1734 1777 2852 2853
2 4 1734 2809 2810 2853
2 4 1734 2852 2809 2853
2 4 1735 1736 1779 2854
2 4 1735 2811 1736 2854
2 4 1735 1779 1778 2854
2 4 1735 1778 2853 2854
2 4 1735 2810 2811 2854
2 4 1735 2853 2810 2854
2 4 1736 1737 1780 2855
2 4 1736 2812 1737 2855
2 4 1736 1780 1779 2855
2 4 1736 1779 2854 2855
2 4 1736 2811 2812 2855
2 4 1736 2854 2811 2855
2 4 1737 1738 1781 2856
2 4 1737 2813 1738 2856
2 4 1737 1781 1780 2856
2 4 1737 1780 2855 2856
2 4 1737 2812 2813 2856
2 4 1737 2855 2812 2856
2 4 1738 1739 1782 2857
2 4 1738 2814 1739 2857
2 4 1738 1782 1781 2857
2 4 1738 1781 2856 2857
2 4 1738 2813 2814 2857
2 4 1738 2856 2813 2857
2 4 1739 1740 1783 2858
2 4 1739 2815 1740 2858
2 4 1739 1783 1782 2858
2 4 1739 1782 2857 2858
2 4 1739 2814 2815 2858
2 4 1739 2857 2814 2858
2 4 1740 1741 1784 2859
2 4 1740 2816 1741 2859
2 4 1740 1784 1783 2859
2 4 1740 1783 2858 2859
2 4 1740 2815 2816 2859
2 4 1740 2858 2815 2859
2 4 1741 1742 1785 2860
2 4 1741 2817 1742 2860
2 4 1741 1785 1784 2860
2 4 1741 1784 2859 2860
2 4 1741 2816 2817 2860
2 4 1741 2859 2816 2860
2 4 1742 1743 1786 2861
2 4 1742 2818 1743 2861
2 4 1742 1786 1785 2861
2 4 1742 1785 2860 2861
2 4 1742 2817 2818 2861
2 4 1742 2860 2817 2861
2 4 1743 1744 1787 2862
2 4 1743 2819 1744 2862
2 4 1743 1787 1786 2862
2 4 1743 1786 2861 2862
2 4 1743 2818 2819 2862
2 4 1743 2861 2818 2862
2 4 1744 1745 1788 2863
2 4 1744 2820 1745 2863
2 4 1744 1788 1787 2863
2 4 1744 1787 2862 2863
2 4 1744 2819 2820 2863
2 4 1744 2862 2819 2863
2 4 1745 1746 1789 2864
2 4 1745 2821 1746 2864
2 4 1745 1789 1788 2864
2 4 1745 1788 2863 2864
2 4 1745 2820 2821 2864
2 4 1745 2863 2820 2864
2 4 1746 1747 1790 2865
2 4 1746 2822 1747 2865
2 4 1746 1790 1789 2865
2 4 1746 1789 2864 2865
2 4 1746 2821 2822 2865
2 4 1746 2864 2821 2865
2 4 1747 1748 1791 2866
2 4 1747 2823 1748 2866
2 4 1747 1791 1790 2866
2 4 1747 1790 2865 2866
2 4 1747 2822 2823 2866
2 4 1747 2865 2822 2866
2 4 1748 1749 1792 2867
2 4 1748 2824 1749 2867
2 4 1748 1792 1791 2867
2 4 1748 1791 2866 2867
2 4 1748 2823 2824 2867
2 4 1748 2866 2823 2867
2 4 1749 1750 1793 2868
2 4 1749 2825 1750 2868
2 4 1749 1793 1792 2868
2 4 1749 1792 2867 2868
2 4 1749 2824 2825 2868
2 4 1749 2867 2824 2868
2 4 1750 1751 1794 2869
2 4 1750 2826 1751 2869
2 4 1750 1794 1793 2869
2 4 1750 1793 2868 2869
2 4 1750 2825 2826 2869
2 4 1750 2868 2825 2869
2 4 1751 1752 1795 2870
2 4 1751 2827 1752 2870
2 4 1751 1795 1794 2870
2 4 1751 1794 2869 2870
2 4 1751 2826 2827 2870
2 4 1751 2869 2826 2870
2 4 1752 1753 1796 2871
2 4 1752 2828 1753 2871
2 4 1752 1796 1795 2871
2 4 1752 1795 2870 2871
2 4 1752 2827 2828 2871
2 4 1752 2870 2827 2871
2 4 1753 1754 1797 2872
2 4 1753 2829 1754 2872
2 4 1753 1797 1796 2872
2 4 1753 1796 2871 2872
2 4 1753 2828 2829 2872
2 4 1753 2871 2828 2872
2 4 1754 1755 1798 2873
2 4 1754 2830 1755 2873
2 4 1754 1798 1797 2873
2 4 1754 1797 2872 2873
2 4 1754 2829 2830 2873
2 4 1754 2872 2829 2873
2 4 1755 1756 1799 2874
2 4 1755 2831 1756 2874
2 4 1755 1799 1798 2874
2 4 1755 1798 2873 2874
2 4 1755 2830 2831 2874
2 4 1755 2873 2830 2874
2 4 1756 1757 1800 2875
2 4 1756 2832 1757 2875
2 4 1756 1800 1799 2875
2 4 1756 1799 2874 2875
2 4 1756 2831 2832 2875
2 4 1756 2874 2831 2875
2 4 1757 1758 1801 2876
2 4 1757 2833 1758 2876
2 4 1757 1801 1800 2876
2 4 1757 1800 2875 2876
2 4 1757 2832 2833 2876
2 4 1757 2875 2832 2876
2 4 1758 1759 1802 2877
2 4 1758 2834 1759 2877
2 4 1758 1802 1801 2877
2 4 1758 1801 2876 2877
2 4 1758 2833 2834 2877
2 4 1758 2876 2833 2877
2 4 1759 1760 1803 2878
2 4 1759 2835 1760 2878
2 4 1759 1803 1802 2878
2 4 1759 1802 2877 2878
2 4 1759 2834 2835 2878
2 4 1759 2877 2834 2878
2 4 1760 1761 1804 2879
2 4 1760 2836 1761 2879
2 4 1760 1804 1803 2879
2 4 1760 1803 2878 2879
2 4 1760 2835 2836 2879
2 4 1760 2878 2835 2879
2 4 1761 1762 1805 2880
2 4 1761 2837 1762 2880
2 4 1761 1805 1804 2880
2 4 1761 1804 2879 2880
2 4 1761 2836 2837 2880
2 4 1761 2879 2836 2880
2 4 1763 1764 1807 2882
2 4 1763 2839 1764 2882
2 4 1763 1807 1806 2882
2 4 1763 1806 2881 2882
2 4 1763 2838 2839 2882
2 4 1763 2881 2838 2882
2 4 1764 1765 1808 2883
2 4 1764 2840 1765 2883
2 4 1764 1808 1807 2883
2 4 1764 1807 2882 2883
2 4 1764 2839 2840 2883
2 4 1764 2882 2839 2883
2 4 1765 1766 1809 2884
2 4 1765 2841 1766 2884
2 4 1765 1809 1808 2884
2 4 1765 1808 2883 2884
2 4 1765 2840 2841 2884
2 4 1765 2883 2840 2884
2 4 1766 1767 1810 2885
2 4 1766 2842 1767 2885
2 4 1766 1810 1809 2885
2 4 1766 1809 2884 2885
2 4 1766 2841 2842 2885
2 4 1766 2884 2841 2885
2 4 1767 1768 1811 2886
2 4 1767 2843 1768 2886
2 4 1767 1811 1810 2886
2 4 1767 1810 2885 2886
2 4 1767 2842 2843 2886
2 4 1767 2885 2842 2886
2 4 1768 1769 1812 2887
2 4 1768 2844 1769 2887
2 4 1768 1812 1811 2887
2 4 1768 1811 2886 2887
2 4 1768 2843 2844 2887
2 4 1768 2886 2843 2887
2 4 1769 1770 1813 2888
2 4 1769 2845 1770 2888
2 4 1769 1813 1812 2888
2 4 1769 1812 2887 2888
2 4 1769 2844 2845 2888
2 4 1769 2887 2844 2888
2 4 1770 1771 1814 2889
2 4 1770 2846 1771 2889
2 4 1770 1814 1813 2889
2 4 1770 1813 2888 2889
2 4 1770 2845 2846 2889
2 4 1770 2888 2845 2889
2 4 1771 1772 1815 2890
2 4 1771 2847 1772 2890
2 4 1771 1815 1814 2890
2 4 1771 1814 2889 2890
2 4 1771 2846 2847 2890
2 4 1771 2889 2846 2890
2 4 1772 1773 1816 2891
2 4 1772 2848 1773 2891
2 4 1772 1816 1815 2891
2 4 1772 1815 2890 2891
2 4 1772 2847 2848 2891
2 4 1772 2890 2847 2891
2 4 1773 1774 1817 2892
2 4 1773 2849 1774 2892
2 4 1773 1817 1816 2892
2 4 1773 1816 2891 2892
2 4 1773 2848 2849 2892
2 4 1773 2891 2848 2892
2 4 1774 1775 1818 2893
2 4 1774 2850 1775 2893
2 4 1774 1818 1817 2893
2 4 1774 1817 2892 2893
2 4 1774 2849 2850 2893
2 4 1774 2892 2849 2893
2 4 1775 1776 1819 2894
2 4 1775 2851 1776 2894
2 4 1775 1819 1818 2894
2 4 1775 1818 2893 2894
2 4 1775 2850 2851 2894
2 4 1775 2893 2850 2894
2 4 1776 1777 1820 2895
2 4 1776 2852 1777 2895
2 4 1776 1820 1819 2895
2 4 1776 1819 2894 2895
2 4 1776 2851 2852 2895
2 4 1776 2894 2851 2895
2 4 1777 1778 1821 2896
2 4 1777 2853 1778 2896
2 4 1777 1821 1820 2896
2 4 1777 1820 2895 2896
2 4 1777 2852 2853 2896
2 4 1777 2895 2852 2896
2 4 1778 1779 1822 2897
2 4 1778 2854 1779 2897
2 4 1778 1822 1821 2897
2 4 1778 1821 2896 2897
2 4 1778 2853 2854 2897
2 4 1778 2896 2853 2897
2 4 1779 1780 1823 2898
2 4 1779 2855 1780 2898
2 4 1779 1823 1822 2898
2 4 1779 1822 2897 2898
2 4 1779 2854 2855 2898
2 4 1779 2897 2854 2898
2 4 1780 1781 1824 2899
2 4 1780 2856 1781 2899
2 4 1780 1824 1823 2899
2 4 1780 1823 2898 2899
2 4 1780 2855 2856 2899
2 4 1780 2898 2855 2899
2 4 1781 1782 1825 2900
2 4 1781 2857 1782 2900
2 4 1781 1825 1824 2900
2 4 1781 1824 2899 2900
2 4 1781 2856 2857 2900
2 4 1781 2899 2856 2900
2 4 1782 1783 1826 2901
2 4 1782 2858 1783 2901
2 4 1782 1826 1825 2901
2 4 1782 1825 2900 2901
2 4 1782 2857 2858 2901
2 4 1782 2900 2857 2901
2 4 1783 1784 1827 2902
2 4 1783 2859 1784 2902
2 4 1783 1827 1826 2902
2 4 1783 1826 2901 2902
2 4 1783 2858 2859 2902
2 4 1783 2901 2858 2902
2 4 1784 1785 1828 2903
2 4 1784 2860 1785 2903
2 4 1784 1828 1827 2903
2 4 1784 1827 2902 2903
2 4 1784 2859 2860 2903
2 4 1784 2902 2859 2903
2 4 1785 1786 1829 2904
2 4 1785 2861 1786 2904
2 4 1785 1829 1828 2904
2 4 1785 1828 2903 2904
2 4 1785 2860 2861 2904
2 4 1785 2903 2860 2904
2 4 1786 1787 1830 2905
2 4 1786 2862 1787 2905
2 4 1786 1830 1829 2905
2 4 1786 1829 2904 2905
2 4 1786 2861 2862 2905
2 4 1786 2904 2861 2905
2 4 1787 1788 1831 2906
2 4 1787 2863 1788 2906
2 4 1787 1831 1830 2906
2 4 1787 1830 2905 2906
2 4 1787 2862 2863 2906
2 4 1787 2905 2862 2906
2 4 1788 1789 1832 2907
2 4 1788 2864 1789 2907
2 4 1788 1832 1831 2907
2 4 1788 1831 2906 2907
2 4 1788 2863 2864 2907
2 4 1788 2906 2863 2907
2 4 1789 1790 1833 2908
2 4 1789 2865 1790 2908
2 4 1789 1833 1832 2908
2 4 1789 1832 2907 2908
2 4 1789 2864 2865 2908
2 4 1789 2907 2864 2908
2 4 1790 1791 1834 2909
2 4 1790 2866 1791 2909
2 4 1790 1834 1833 2909
2 4 1790 1833 2908 2909
2 4 1790 2865 2866 2909
2 4 1790 2908 2865 2909
2 4 1791 1792 1835 2910
2 4 1791 2867 1792 2910
2 4 1791 1835 1834 2910
2 4 1791 1834 2909 2910
2 4 1791 2866 2867 2910
2 4 1791 2909 2866 2910
2 4 1792 1793 1836 2911
2 4 1792 2868 1793 2911
2 4 1792 1836 1835 2911
2 4 1792 1835 2910 2911
2 4 1792 2867 2868 2911
2 4 1792 2910 2867 2911
2 4 1793 1794 1837 2912
2 4 1793 2869 1794 2912
2 4 1793 1837 1836 2912
2 4 1793 1836 2911 2912
2 4 1793 2868 2869 2912
2 4 1793 2911 2868 2912
2 4 1794 1795 1838 2913
2 4 1794 2870 1795 2913
2 4 1794 1838 1837 2913
2 4 1794 1837 2912 2913
2 4 1794 2869 2870 2913
2 4 1794 2912 2869 2913
2 4 1795 1796 1839 2914
2 4 1795 2871 1796 2914
2 4 1795 1839 1838 2914
2 4 1795 1838 2913 2914
2 4 1795 2870 2871 2914
2 4 1795 2913 2870 2914
2 4 1796 1797 1840 2915
2 4 1796 2872 1797 2915
2 4 1796 1840 1839 2915
2 4 1796 1839 2914 2915
2 4 1796 2871 2872 2915
2 4 1796 2914 2871 2915
2 4 1797 1798 1841 2916
2 4 1797 2873 1798 2916
2 4 1797 1841 1840 2916
2 4 1797 1840 2915 2916
2 4 1797 2872 2873 2916
2 4 1797 2915 2872 2916
2 4 1798 1799 1842 2917
2 4 1798 2874 1799 2917
2 4 1798 1842 1841 2917
2 4 1798 1841 2916 2917
2 4 1798 2873 2874 2917
2 4 1798 2916 2873 2917
2 4 1799 1800 1843 2918
2 4 1799 2875 1800 2918
2 4 1799 1843 1842 2918
2 4 1799 1842 2917 2918
2 4 1799 2874 2875 2918
2 4 1799 2917 2874 2918
2 4 1800 1801 1844 2919
2 4 1800 2876 1801 2919
2 4 1800 1844 1843 2919
2 4 1800 1843 2918 2919
2 4 1800 2875 2876 2919
2 4 1800 2918 2875 2919
2 4 1801 1802 1845 2920
2 4 1801 2877 1802 2920
2 4 1801 1845 1844 2920
2 4 1801 1844 2919 2920
2 4 1801 2876 2877 2920
2 4 1801 2919 2876 2920
2 4 1802 1803 1846 2921
2 4 1802 2878 1803 2921
2 4 1802 1846 1845 2921
2 4 1802 1845 2920 2921
2 4 1802 2877 2878 2921
2 4 1802 2920 2877 2921
2 4 1803 1804 1847 2922
2 4 1803 2879 1804 2922
2 4 1803 1847 1846 2922
2 4 1803 1846 2921 2922
2 4 1803 2878 2879 2922
2 4 1803 2921 2878 2922
2 4 1804 1805 1848 2923
2 4 1804 2880 1805 2923
2 4 1804 1848 1847 2923
2 4 1804 1847 2922 2923
2 4 1804 2879 2880 2923
2 4 1804 2922 2879 2923
2 4 1806 1807 1850 2925
2 4 1806 2882 1807 2925
2 4 1806 1850 1849 2925
2 4 1806 1849 2924 2925
2 4 1806 2881 2882 2925
2 4 1806 2924 2881 2925
2 4 1807 1808 1851 2926
2 4 1807 2883 1808 2926
2 4 1807 1851 1850 2926
2 4 1807 1850 2925 2926
2 4 1807 2882 2883 2926
2 4 1807 2925 2882 2926
2 4 1808 1809 1852 2927
2 4 1808 2884 1809 2927
2 4 1808 1852 1851 2927
2 4 1808 1851 2926 2927
2 4 1808 2883 2884 2927
2 4 1808 2926 2883 2927
2 4 1809 1810 1853 2928
2 4 1809 2885 1810 2928
2 4 1809 1853 1852 2928
2 4 1809 1852 2927 2928
2 4 1809 2884 2885 2928
2 4 1809 2927 2884 2928
2 4 1810 1811 1854 2929
2 4 1810 2886 1811 2929
2 4 1810 1854 1853 2929
2 4 1810 1853 2928 2929
2 4 1810 2885 2886 2929
2 4 1810 2928 2885 2929
2 4 1811 1812 1855 2930
2 4 1811 2887 1812 2930
2 4 1811 1855 1854 2930
2 4 1811 1854 2929 2930
2 4 1811 2886 2887 2930
2 4 1811 2929 2886 2930
2 4 1812 1813 1856 2931
2 4 1812 2888 1813 2931
2 4 1812 1856 1855 2931
2 4 1812 1855 2930 2931
2 4 1812 2887 2888 2931
2 4 1812 2930 2887 2931
2 4 1813 1814 1857 2932
2 4 1813 2889 1814 2932
2 4 1813 1857 1856 2932
2 4 1813 1856 2931 2932
2 4 1813 2888 2889 2932
2 4 1813 2931 2888 2932
2 4 1814 1815 1858 2933
2 4 1814 2890 1815 2933
2 4 1814 1858 1857 2933
2 4 1814 1857 2932 2933
2 4 1814 2889 2890 2933
2 4 1814 2932 2889 2933
2 4 1815 1816 1859 2934
2 4 1815 2891 1816 2934
2 4 1815 1859 1858 2934
2 4 1815 1858 2933 2934
2 4 1815 2890 2891 2934
2 4 1815 2933 2890 2934
2 4 1816 1817 1860 2935
2 4 1816 2892 1817 2935
2 4 1816 1860 1859 2935
2 4 1816 1859 2934 2935
2 4 1816 2891 2892 2935
2 4 1816 2934 2891 2935
2 4 1817 1818 1861 2936
2 4 1817 2893 1818 2936
2 4 1817 1861 1860 2936
2 4 1817 1860 2935 2936
2 4 1817 2892 2893 2936
2 4 1817 2935 2892 2936
2 4 1818 1819 1862 2937
2 4 1818 2894 1819 2937
2 4 1818 1862 1861 2937
2 4 1818 1861 2936 2937
2 4 1818 2893 2894 2937
2 4 1818 2936 2893 2937
2 4 1819 1820 1863 2938
2 4 1819 2895 1820 2938
2 4 1819 1863 1862 2938
2 4 1819 1862 2937 2938
2 4 1819 2894 2895 2938
2 4 1819 2937 2894 2938
2 4 1820 1821 1864 2939
2 4 1820 2896 1821 2939
2 4 1820 1864 1863 2939
2 4 1820 1863 2938 2939
2 4 1820 2895 2896 2939
2 4 1820 2938 2895 2939
2 4 1821 1822 1865 2940
2 4 1821 2897 1822 2940
2 4 1821 1865 1864 2940
2 4 1821 1864 2939 2940
2 4 1821 2896 2897 2940
2 4 1821 2939 2896 2940
2 4 1822 1823 1866 2941
2 4 1822 2898 1823 2941
2 4 1822 1866 1865 2941
2 4 1822 1865 2940 2941
2 4 1822 2897 2898 2941
2 4 1822 2940 2897 2941
2 4 1823 1824 1867 2942
2 4 1823 2899 1824 2942
2 4 1823 1867 1866 2942
2 4 1823 1866 2941 2942
2 4 1823 2898 2899 2942
2 4 1823 2941 2898 2942
2 4 1824 1825 1868 2943
2 4 1824 2900 1825 2943
2 4 1824 1868 1867 2943
2 4 1824 1867 2942 2943
2 4 1824 2899 2900 2943
2 4 1824 2942 2899 2943
2 4 1825 1826 1869 2944
2 4 1825 2901 1826 2944
2 4 1825 1869 1868 2944
2 4 1825 1868 2943 2944
2 4 1825 2900 2901 2944
2 4 1825 2943 2900 2944
2 4 1826 1827 1870 2945
2 4 1826 2902 1827 2945
2 4 1826 1870 1869 2945
2 4 1826 1869 2944 2945
2 4 1826 2901 2902 2945
2 4 1826 2944 2901 2945
2 4 1827 1828 1871 2946
2 4 1827 2903 1828 2946
2 4 1827 1871 1870 2946
2 4 1827 1870 2945 2946
2 4 1827 2902 2903 2946
2 4 1827 2945 2902 2946
2 4 1828 1829 1872 2947
2 4 1828 2904 1829 2947
2 4 1828 1872 1871 2947
2 4 1828 1871 2946 2947
2 4 1828 2903 2904 2947
2 4 1828 2946 2903 2947
2 4 1829 1830 1873 2948
2 4 1829 2905 1830 2948
2 4 1829 1873 1872 2948
2 4 1829 1872 2947 2948
2 4 1829 2904 2905 2948
2 4 1829 2947 2904 2948
2 4 1830 1831 1874 2949
2 4 1830 2906 1831 2949
2 4 1830 1874 1873 2949
2 4 1830 1873 2948 2949
2 4 1830 2905 2906 2949
2 4 1830 2948 2905 2949
2 4 1831 1832 1875 2950
2 4 1831 2907 1832 2950
2 4 1831 1875 1874 2950
2 4 1831 1874 2949 2950
2 4 1831 2906 2907 2950
2 4 1831 2949 2906 2950
2 4 1832 1833 1876 2951
2 4 1832 2908 1833 2951
2 4 1832 1876 1875 2951
2 4 1832 1875 2950 2951
2 4 1832 2907 2908 2951
2 4 1832 2950 2907 2951
2 4 1833 1834 1877 2952
2 4 1833 2909 1834 2952
2 4 1833 1877 1876 2952
2 4 1833 1876 2951 2952
2 4 1833 2908 2909 2952
2 4 1833 2951 2908 2952
2 4 1834 1835 1878 2953
2 4 1834 2910 1835 2953
2 4 1834 1878 1877 2953
2 4 1834 1877 2952 2953
2 4 1834 2909 2910 2953
2 4 1834 2952 2909 2953
2 4 1835 1836 1879 2954
2 4 1835 2911 1836 2954
2 4 1835 1879 1878 2954
2 4 1835 1878 2953 2954
2 4 1835 2910 2911 2954
2 4 1835 2953 2910 2954
2 4 1836 1837 1880 2955
2 4 1836 2912 1837 2955
2 4 1836 1880 1879 2955
2 4 1836 1879 2954 2955
2 4 1836 2911 2912 2955
2 4 1836 2954 2911 2955
2 4 1837 1838 1881 2956
2 4 1837 2913 1838 2956
2 4 1837 1881 1880 2956
2 4 1837 1880 2955 2956
2 4 1837 2912 2913 2956
2 4 1837 2955 2912 2956
2 4 1838 1839 1882 2957
2 4 1838 2914 1839 2957
2 4 1838 1882 1881 2957
2 4 1838 1881 2956 2957
2 4 1838 2913 2914 2957
2 4 1838 2956 2913 2957
2 4 1839 1840 1883 2958
2 4 1839 2915 1840 2958
2 4 1839 1883 1882 2958
2 4 1839 1882 2957 2958
2 4 1839 2914 2915 2958
2 4 1839 2957 2914 2958
2 4 1840 1841 1884 2959
2 4 1840 2916 1841 2959
2 4 1840 1884 1883 2959
2 4 1840 1883 2958 2959
2 4 1840 2915 2916 2959
2 4 1840 2958 2915 2959
2 4 1841 1842 1885 2960
2 4 1841 2917 1842 2960
2 4 1841 1885 1884 2960
2 4 1841 1884 2959 2960
2 4 1841 2916 2917 2960
2 4 1841 2959 2916 2960
2 4 1842 1843 1886 2961
2 4 1842 2918 1843 2961
2 4 1842 1886 1885 2961
2 4 1842 1885 2960 2961
2 4 1842 2917 2918 2961
2 4 1842 2960 2917 2961
2 4 1843 1844 1887 2962
2 4 1843 2919 1844 2962
2 4 1843 1887 1886 2962
2 4 1843 1886 2961 2962
2 4 1843 2918 2919 2962
2 4 1843 2961 2918 2962
2 4 1844 1845 1888 2963
2 4 1844 2920 1845 2963
2 4 1844 1888 1887 2963
2 4 1844 1887 2962 2963
2 4 1844 2919 2920 2963
2 4 1844 2962 2919 2963
2 4 1845 1846 1889 2964
2 4 1845 2921 1846 2964
2 4 1845 1889 1888 2964
2 4 1845 1888 2963 2964
2 4 1845 2920 2921 2964
2 4 1845 2963 2920 2964
2 4 1846 1847 1890 2965
2 4 1846 2922 1847 2965
2 4 1846 1890 1889 2965
2 4 1846 1889 2964 2965
2 4 1846 2921 2922 2965
2 4 1846 2964 2921 2965
2 4 1847 1848 1891 2966
2 4 1847 2923 1848 2966
2 4 1847 1891 1890 2966
2 4 1847 1890 2965 2966
2 4 1847 2922 2923 2966
2 4 1847 2965 2922 2966
2 4 1849 1850 1893 2968
2 4 1849 2925 1850 2968
2 4 1849 1893 1892 2968
2 4 1849 1892 2967 2968
2 4 1849 2924 2925 2968
2 4 1849 2967 2924 2968
2 4 1850 1851 1894 2969
2 4 1850 2926 1851 2969
2 4 1850 1894 1893 2969
2 4 1850 1893 2968 2969
2 4 1850 2925 2926 2969
2 4 1850 2968 2925 2969
2 4 1851 1852 1895 2970
2 4 1851 2927 1852 2970
2 4 1851 1895 1894 2970
2 4 1851 1894 2969 2970
2 4 1851 2926 2927 2970
2 4 1851 2969 2926 2970
2 4 1852 1853 1896 2971
2 4 1852 2928 1853 2971
2 4 1852 1896 1895 2971
2 4 1852 1895 2970 2971
2 4 1852 2927 2928 2971
2 4 1852 2970 2927 2971
2 4 1853 1854 1897 2972
2 4 1853 2929 1854 2972
2 4 1853 1897 1896 2972
2 4 1853 1896 2971 2972
2 4 1853 2928 2929 2972
2 4 1853 2971 2928 2972
2 4 1854 1855 1898 2973
2 4 1854 2930 1855 2973
2 4 1854 1898 1897 2973
2 4 1854 1897 2972 2973
2 4 1854 2929 2930 2973
2 4 1854 2972 2929 2973
2 4 1855 1856 1899 2974
2 4 1855 2931 1856 2974
2 4 1855 1899 1898 2974
2 4 1855 1898 2973 2974
2 4 1855 2930 2931 2974
2 4 1855 2973 2930 2974
2 4 1856 1857 1900 2975
2 4 1856 2932 1857 2975
2 4 1856 1900 1899 2975
2 4 1856 1899 2974 2975
2 4 1856 2931 2932 2975
2 4 1856 2974 2931 2975
2 4 1857 1858 1901 2976
2 4 1857 2933 1858 2976
2 4 1857 1901 1900 2976
2 4 1857 1900 2975 2976
2 4 1857 2932 2933 2976
2 4 1857 2975 2932 2976
2 4 1858 1859 1902 2977
2 4 1858 2934 1859 2977
2 4 1858 1902 1901 2977
2 4 1858 1901 2976 2977
2 4 1858 2933 2934 2977
2 4 1858 2976 2933 2977
2 4 1859 1860 1903 2978
2 4 1859 2935 1860 2978
2 4 1859 1903 1902 2978
2 4 1859 1902 2977 2978
2 4 1859 2934 2935 2978
2 4 1859 2977 2934 2978
2 4 1860 1861 1904 2979
2 4 1860 2936 1861 2979
2 4 1860 1904 1903 2979
2 4 1860 1903 2978 2979
2 4 1860 2935 2936 2979
2 4 1860 2978 2935 2979
2 4 1861 1862 1905 2980
2 4 1861 2937 1862 2980
2 4 1861 1905 1904 2980
2 4 1861 1904 2979 2980
2 4 1861 2936 2937 2980
2 4 1861 2979 2936 2980
2 4 1862 1863 1906 2981
2 4 1862 2938 1863 2981
2 4 1862 1906 1905 2981
2 4 1862 1905 2980 2981
2 4 1862 2937 2938 2981
2 4 1862 2980 2937 2981
2 4 1863 1864 1907 2982
2 4 1863 2939 1864 2982
2 4 1863 1907 1906 2982
2 4 1863 1906 2981 2982
2 4 1863 2938 2939 2982
2 4 1863 2981 2938 2982
2 4 1864 1865 1908 2983
2 4 1864 2940 1865 2983
2 4 1864 1908 1907 2983
2 4 1864 1907 2982 2983
2 4 1864 2939 2940 2983
2 4 1864 2982 2939 2983
2 4 1865 1866 1909 2984
2 4 1865 2941 1866 2984
2 4 1865 1909 1908 2984
2 4 1865 1908 2983 2984
2 4 1865 2940 2941 2984
2 4 1865 2983 2940 2984
2 4 1866 1867 1910 2985
2 4 1866 2942 1867 2985
2 4 1866 1910 1909 2985
2 4 1866 1909 2984 2985
2 4 1866 2941 2942 2985
2 4 1866 2984 2941 2985
2 4 1867 1868 1911 2986
2 4 1867 2943 1868 2986
2 4 1867 1911 1910 2986
2 4 1867 1910 2985 2986
2 4 1867 2942 2943 2986
2 4 1867 2985 2942 2986
2 4 1868 1869 1912 2987
2 4 1868 2944 1869 2987
2 4 1868 1912 1911 2987
2 4 1868 1911 2986 2987
2 4 1868 2943 2944 2987
2 4 1868 2986 2943 2987
2 4 1869 1870 1913 2988
2 4 1869 2945 1870 2988
2 4 1869 1913 1912 2988
2 4 1869 1912 2987 2988
2 4 1869 2944 2945 2988
2 4 1869 2987 2944 2988
2 4 1870 1871 1914 2989
2 4 1870 2946 1871 2989
2 4 1870 1914 1913 2989
2 4 1870 1913 2988 2989
2 4 1870 2945 2946 2989
2 4 1870 2988 2945 2989
2 4 1871 1872 1915 2990
2 4 1871 2947 1872 2990
2 4 1871 1915 1914 2990
2 4 1871 1914 2989 2990
2 4 1871 2946 2947 2990
2 4 1871 2989 2946 2990
2 4 1872 1873 1916 2991
2 4 1872 2948 1873 2991
2 4 1872 1916 1915 2991
2 4 1872 1915 2990 2991
2 4 1872 2947 2948 2991
2 4 1872 2990 2947 2991
2 4 1873 1874 1917 2992
2 4 1873 2949 1874 2992
2 4 1873 1917 1916 2992
2 4 1873 1916 2991 2992
2 4 1873 2948 2949 2992
2 4 1873 2991 2948 2992
2 4 1874 1875 1918 2993
2 4 1874 2950 1875 2993
2 4 1874 1918 1917 2993
2 4 1874 1917 2992 2993
2 4 1874 2949 2950 2993
2 4 1874 2992 2949 2993
2 4 1875 1876 1919 2994
2 4 1875 2951 1876 2994
2 4 1875 1919 1918 2994
2 4 1875 1918 2993 2994
2 4 1875 2950 2951 2994
2 4 1875 2993 2950 2994
2 4 1876 1877 1920 2995
2 4 1876 2952 1877 2995
2 4 1876 1920 1919 2995
2 4 1876 1919 2994 2995
2 4 1876 2951 2952 2995
2 4 1876 2994 2951 2995
2 4 1877 1878 1921 2996
2 4 1877 2953 1878 2996
2 4 1877 1921 1920 2996
2 4 1877 1920 2995 2996
2 4 1877 2952 2953 2996
2 4 1877 2995 2952 2996
2 4 1878 1879 1922 2997
2 4 1878 2954 1879 2997
2 4 1878 1922 1921 2997
2 4 1878 1921 2996 2997
2 4 1878 2953 2954 2997
2 4 1878 2996 2953 2997
2 4 1879 1880 1923 2998
2 4 1879 2955 1880 2998
2 4 1879 1923 1922 2998
2 4 1879 1922 2997 2998
2 4 1879 2954 2955 2998
2 4 1879 2997 2954 2998
2 4 1880 1881 1924 2999
2 4 1880 2956 1881 2999
2 4 1880 1924 1923 2999
2 4 1880 1923 2998 2999
2 4 1880 2955 2956 2999
2 4 1880 2998 2955 2999
2 4 1881 1882 1925 3000
2 4 1881 2957 1882 3000
2 4 1881 1925 1924 3000
2 4 1881 1924 2999 3000
2 4 1881 2956 2957 3000
2 4 1881 2999 2956 3000
2 4 1882 1883 1926 3001
2 4 1882 2958 1883 3001
2 4 1882 1926 1925 3001
2 4 1882 1925 3000 3001
2 4 1882 2957 2958 3001
2 4 1882 3000 2957 3001
2 4 1883 1884 1927 3002
2 4 1883 2959 1884 3002
2 4 1883 1927 1926 3002
2 4 1883 1926 3001 3002
2 4 1883 2958 2959 3002
2 4 1883 3001 2958 3002
2 4 1884 1885 1928 3003
2 4 1884 2960 1885 3003
2 4 1884 1928 1927 3003
2 4 1884 1927 3002 3003
2 4 1884 2959 2960 3003
2 4 1884 3002 2959 3003
2 4 1885 1886 1929 3004
2 4 1885 2961 1886 3004
2 4 1885 1929 1928 3004
2 4 1885 1928 3003 3004
2 4 1885 2960 2961 3004
2 4 1885 3003 2960 3004
2 4 1886 1887 1930 3005
2 4 1886 2962 1887 3005
2 4 1886 1930 1929 3005
2 4 1886 1929 3004 3005
2 4 1886 2961 2962 3005
2 4 1886 3004 2961 3005
2 4 1887 1888 1931 3006
2 4 1887 2963 1888 3006
2 4 1887 1931 1930 3006
2 4 1887 1930 3005 3006
2 4 1887 2962 2963 3006
2 4 1887 3005 2962 3006
2 4 1888 1889 1932 3007
2 4 1888 2964 1889 3007
2 4 1888 1932 1931 3007
2 4 1888 1931 3006 3007
2 4 1888 2963 2964 3007
2 4 1888 3006 2963 3007
2 4 1889 1890 1933 3008
2 4 1889 2965 1890 3008
2 4 1889 1933 1932 3008
2 4 1889 1932 3007 3008
2 4 1889 2964 2965 3008
2 4 1889 3007 2964 3008
2 4 1890 1891 1934 3009
2 4 1890 2966 1891 3009
2 4 1890 1934 1933 3009
2 4 1890 1933 3008 3009
2 4 1890 2965 2966 3009
2 4 1890 3008 2965 3009
2 4 1892 1893 1936 3011
2 4 1892 2968 1893 3011
2 4 1892 1936 1935 3011
2 4 1892 1935 3010 3011
2 4 1892 2967 2968 3011
2 4 1892 3010 2967 3011
2 4 1893 1894 1937 3012
2 4 1893 2969 1894 3012
2 4 1893 1937 1936 3012
2 4 1893 1936 3011 3012
2 4 1893 2968 2969 3012
2 4 1893 3011 2968 3012
2 4 1894 1895 1938 3013
2 4 1894 2970 1895 3013
2 4 1894 1938 1937 3013
2 4 1894 1937 3012 3013
2 4 1894 2969 2970 3013
2 4 1894 3012 2969 3013
2 4 1895 1896 1939 3014
2 4 1895 2971 1896 3014
2 4 1895 1939 1938 3014
2 4 1895 1938 3013 3014
2 4 1895 2970 2971 3014
2 4 1895 3013 2970 3014
2 4 1896 1897 1940 3015
2 4 1896 2972 1897 3015
2 4 1896 1940 1939 3015
2 4 1896 1939 3014 3015
2 4 1896 2971 2972 3015
2 4 1896 3014 2971 3015
2 4 1897 1898 1941 3016
2 4 1897 2973 1898 3016
2 4 1897 1941 1940 3016
2 4 1897 1940 3015 3016
2 4 1897 2972 2973 3016
2 4 1897 3015 2972 3016
2 4 1898 1899 1942 3017
2 4 1898 2974 1899 3017
2 4 1898 1942 1941 3017
2 4 1898 1941 3016 3017
2 4 1898 2973 2974 3017
2 4 1898 3016 2973 3017
2 4 1899 1900 1943 3018
2 4 1899 2975 1900 3018
2 4 1899 1943 1942 3018
2 4 1899 1942 3017 3018
2 4 1899 2974 2975 3018
2 4 1899 3017 2974 3018
2 4 1900 1901 1944 3019
2 4 1900 2976 1901 3019
2 4 1900 1944 1943 3019
2 4 1900 1943 3018 3019
2 4 1900 2975 2976 3019
2 4 1900 3018 2975 3019
2 4 1901 1902 1945 3020
2 4 1901 2977 1902 3020
2 4 1901 1945 1944 3020
2 4 1901 1944 3019 3020
2 4 1901 2976 2977 3020
2 4 1901 3019 2976 3020
2 4 1902 1903 1946 3021
2 4 1902 2978 1903 3021
2 4 1902 1946 1945 3021
2 4 1902 1945 3020 3021
2 4 1902 2977 2978 3021
2 4 1902 3020 2977 3021
2 4 1903 1904 1947 3022
2 4 1903 2979 1904 3022
2 4 1903 1947 1946 3022
2 4 1903 1946 3021 3022
2 4 1903 2978 2979 3022
2 4 1903 3021 2978 3022
2 4 1904 1905 1948 3023
2 4 1904 2980 1905 3023
2 4 1904 1948 1947 3023
2 4 1904 1947 3022 3023
2 4 1904 2979 2980 3023
2 4 1904 3022 2979 3023
2 4 1905 1906 1949 3024
2 4 1905 2981 1906 3024
2 4 1905 1949 1948 3024
2 4 1905 1948 3023 3024
2 4 1905 2980 2981 3024
2 4 1905 3023 2980 3024
2 4 1906 1907 1950 3025
2 4 1906 2982 1907 3025
2 4 1906 1950 1949 3025
2 4 1906 1949 3024 3025
2 4 1906 2981 2982 3025
2 4 1906 3024 2981 3025
2 4 1907 1908 1951 3026
2 4 1907 2983 1908 3026
2 4 1907 1951 1950 3026
2 4 1907 1950 3025 3026
2 4 1907 2982 2983 3026
2 4 1907 3025 2982 3026
2 4 1908 1909 1952 3027
2 4 1908 2984 1909 3027
2 4 1908 1952 1951 3027
2 4 1908 1951 3026 3027
2 4 1908 2983 2984 3027
2 4 1908 3026 2983 3027
2 4 1909 1910 1953 3028
2 4 1909 2985 1910 3028
2 4 1909 1953 1952 3028
2 4 1909 1952 3027 3028
2 4 1909 2984 2985 3028
2 4 1909 3027 2984 3028
2 4 1910 1911 1954 3029
2 4 1910 2986 1911 3029
2 4 1910 1954 1953 3029
2 4 1910 1953 3028 3029
2 4 1910 2985 2986 3029
2 4 1910 3028 2985 3029
2 4 1911 1912 1955 3030
2 4 1911 2987 1912 3030
2 4 1911 1955 1954 3030
2 4 1911 1954 3029 3030
2 4 1911 2986 2987 3030
2 4 1911 3029 2986 3030
2 4 1912 1913 1956 3031
2 4 1912 2988 1913 3031
2 4 1912 1956 1955 3031
2 4 1912 1955 3030 3031
2 4 1912 2987 2988 3031
2 4 1912 3030 2987 3031
2 4 1913 1914 1957 3032
2 4 1913 2989 1914 3032
2 4 1913 1957 1956 3032
2 4 1913 1956 3031 3032
2 4 1913 2988 2989 3032
2 4 1913 3031 2988 3032
2 4 1914 1915 1958 3033
2 4 1914 2990 1915 3033
2 4 1914 1958 1957 3033
2 4 1914 1957 3032 3033
2 4 1914 2989 2990 3033
2 4 1914 3032 2989 3033
2 4 1915 1916 1959 3034
2 4 1915 2991 1916 3034
2 4 1915 1959 1958 3034
2 4 1915 1958 3033 3034
2 4 1915 2990 2991 3034
2 4 1915 3033 2990 3034
2 4 1916 1917 1960 3035
2 4 1916 2992 1917 3035
2 4 1916 1960 1959 3035
2 4 1916 1959 3034 3035
2 4 1916 2991 2992 3035
2 4 1916 3034 2991 3035
2 4 1917 1918 1961 3036
2 4 1917 2993 1918 3036
2 4 1917 1961 1960 3036
2 4 1917 1960 3035 3036
2 4 1917 2992 2993 3036
2 4 1917 3035 2992 3036
2 4 1918 1919 1962 3037
2 4 1918 2994 1919 3037
2 4 1918 1962 1961 3037
2 4 1918 1961 3036 3037
2 4 1918 2993 2994 3037
2 4 1918 3036 2993 3037
2 4 1919 1920 1963 3038
2 4 1919 2995 1920 3038
2 4 1919 1963 1962 3038
2 4 1919 1962 3037 3038
2 4 1919 2994 2995 3038
2 4 1919 3037 2994 3038
2 4 1920 1921 1964 3039
2 4 1920 2996 1921 3039
2 4 1920 1964 1963 3039
2 4 1920 1963 3038 3039
2 4 1920 2995 2996 3039
2 4 1920 3038 2995 3039
2 4 1921 1922 1965 3040
2 4 1921 2997 1922 3040
2 4 1921 1965 1964 3040
2 4 1921 1964 3039 3040
2 4 1921 2996 2997 3040
2 4 1921 3039 2996 3040
2 4 1922 1923 1966 3041
2 4 1922 2998 1923 3041
2 4 1922 1966 1965 3041
2 4 1922 1965 3040 3041
2 4 1922 2997 2998 3041
2 4 1922 3040 2997 3041
2 4 1923 1924 1967 3042
2 4 1923 2999 1924 3042
2 4 1923 1967 1966 3042
2 4 1923 1966 3041 3042
2 4 1923 2998 2999 3042
2 4 1923 3041 2998 3042
2 4 1924 1925 1968 3043
2 4 1924 3000 1925 3043
2 4 1924 1968 1967 3043
2 4 1924 1967 3042 3043
2 4 1924 2999 3000 3043
2 4 1924 3042 2999 3043
2 4 1925 1926 1969 3044
2 4 1925 3001 1926 3044
2 4 1925 1969 1968 3044
2 4 1925 1968 3043 3044
2 4 1925 3000 3001 3044
2 4 1925 3043 3000 3044
2 4 1926 1927 1970 3045
2 4 1926 3002 1927 3045
2 4 1926 1970 1969 3045
2 4 1926 1969 3044 3045
2 4 1926 3001 3002 3045
2 4 1926 3044 3001 3045
2 4 1927 1928 1971 3046
2 4 1927 3003 1928 3046
2 4 1927 1971 1970 3046
2 4 1927 1970 3045 3046
2 4 1927 3002 3003 3046
2 4 1927 3045 3002 3046
2 4 1928 1929 1972 3047
2 4 1928 3004 1929 3047
2 4 1928 1972 1971 3047
2 4 1928 1971 3046 3047
2 4 1928 3003 3004 3047
2 4 1928 3046 3003 3047
2 4 1929 1930 1973 3048
2 4 1929 3005 1930 3048
2 4 1929 1973 1972 3048
2 4 1929 1972 3047 3048
2 4 1929 3004 3005 3048
2 4 1929 3047 3004 3048
2 4 1930 1931 1974 3049
2 4 1930 3006 1931 3049
2 4 1930 1974 1973 3049
2 4 1930 1973 3048 3049
2 4 1930 3005 3006 3049
2 4 1930 3048 3005 3049
2 4 1931 1932 1975 3050
2 4 1931 3007 1932 3050
2 4 1931 1975 1974 3050
2 4 1931 1974 3049 3050
2 4 1931 3006 3007 3050
2 4 1931 3049 3006 3050
2 4 1932 1933 1976 3051
2 4 1932 3008 1933 3051
2 4 1932 1976 1975 3051
2 4 1932 1975 3050 3051
2 4 1932 3007 3008 3051
2 4 1932 3050 3007 3051
2 4 1933 1934 1977 3052
2 4 1933 3009 1934 3052
2 4 1933 1977 1976 3052
2 4 1933 1976 3051 3052
2 4 1933 3008 3009 3052
2 4 1933 3051 3008 3052
2 4 1935 1936 1979 3054
2 4 1935 3011 1936 3054
2 4 1935 1979 1978 3054
2 4 1935 1978 3053 3054
2 4 1935 3010 3011 3054
2 4 1935 3053 3010 3054
2 4 1936 1937 1980 3055
2 4 1936 3012 1937 3055
2 4 1936 1980 1979 3055
2 4 1936 1979 3054 3055
2 4 1936 3011 3012 3055
2 4 1936 3054 3011 3055
2 4 1937 1938 1981 3056
2 4 1937 3013 1938 3056
2 4 1937 1981 1980 3056
2 4 1937 1980 3055 3056
2 4 1937 3012 3013 3056
2 4 1937 3055 3012 3056
2 4 1938 1939 1982 3057
2 4 1938 3014 1939 3057
2 4 1938 1982 1981 3057
2 4 1938 1981 3056 3057
2 4 1938 3013 3014 3057
2 4 1938 3056 3013 3057
2 4 1939 1940 1983 3058
2 4 1939 3015 1940 3058
2 4 1939 1983 1982 3058
2 4 1939 1982 3057 3058
2 4 1939 3014 3015 3058
2 4 1939 3057 3014 3058
2 4 1940 1941 1984 3059
2 4 1940 3016 1941 3059
2 4 1940 1984 1983 3059
2 4 1940 1983 3058 3059
2 4 1940 3015 3016 3059
2 4 1940 3058 3015 3059
2 4 1941 1942 1985 3060
2 4 1941 3017 1942 3060
2 4 1941 1985 1984 3060
2 4 1941 1984 3059 3060
2 4 1941 3016 3017 3060
2 4 1941 3059 3016 3060
2 4 1942 1943 1986 3061
2 4 1942 3018 1943 3061
2 4 1942 1986 1985 3061
2 4 1942 1985 3060 3061
2 4 1942 3017 3018 3061
2 4 1942 3060 3017 3061
2 4 1943 1944 1987 3062
2 4 1943 3019 1944 3062
2 4 1943 1987 1986 3062
2 4 1943 1986 3061 3062
2 4 1943 3018 3019 3062
2 4 1943 3061 3018 3062
2 4 1944 1945 1988 3063
2 4 1944 3020 1945 3063
2 4 1944 1988 1987 3063
2 4 1944 1987 3062 3063
2 4 1944 3019 3020 3063
2 4 1944 3062 3019 3063
2 4 1945 1946 1989 3064
2 4 1945 3021 1946 3064
2 4 1945 1989 1988 3064
2 4 1945 1988 3063 3064
2 4 1945 3020 3021 3064
2 4 1945 3063 3020 3064
2 4 1946 1947 1990 3065
2 4 1946 3022 1947 3065
2 4 1946 1990 1989 3065
2 4 1946 1989 3064 3065
2 4 1946 3021 3022 3065
2 4 1946 3064 3021 3065
2 4 1947 1948 1991 3066
2 4 1947 3023 1948 3066
2 4 1947 1991 1990 3066
2 4 1947 1990 3065 3066
2 4 1947 3022 3023 3066
2 4 1947 3065 3022 3066
2 4 1948 1949 1992 3067
2 4 1948 3024 1949 3067
2 4 1948 1992 1991 3067
2 4 1948 1991 3066 3067
2 4 1948 3023 3024 3067
2 4 1948 3066 3023 3067
2 4 1949 1950 1993 3068
2 4 1949 3025 1950 3068
2 4 1949 1993 1992 3068
2 4 1949 1992 3067 3068
2 4 1949 3024 3025 3068
2 4 1949 3067 3024 3068
2 4 1950 1951 1994 3069
2 4 1950 3026 1951 3069
2 4 1950 1994 1993 3069
2 4 1950 1993 3068 3069
2 4 1950 3025 3026 3069
2 4 1950 3068 3025 3069
2 4 1951 1952 1995 3070
2 4 1951 3027 1952 3070
2 4 1951 1995 1994 3070
2 4 1951 1994 3069 3070
2 4 1951 3026 3027 3070
2 4 1951 3069 3026 3070
2 4 1952 1953 1996 3071
2 4 1952 3028 1953 3071
2 4 1952 1996 1995 3071
2 4 1952 1995 3070 3071
2 4 1952 3027 3028 3071
2 4 1952 3070 3027 3071
2 4 1953 1954 1997 3072
2 4 1953 3029 1954 3072
2 4 1953 1997 1996 3072
2 4 1953 1996 3071 3072
2 4 1953 3028 3029 3072
2 4 1953 3071 3028 3072
2 4 1954 1955 1998 3073
2 4 1954 3030 1955 3073
2 4 1954 1998 1997 3073
2 4 1954 1997 3072 3073
2 4 1954 3029 3030 3073
2 4 1954 3072 3029 3073
2 4 1955 1956 1999 3074
2 4 1955 3031 1956 3074
2 4 1955 1999 1998 3074
2 4 1955 1998 3073 3074
2 4 1955 3030 3031 3074
2 4 1955 3073 3030 3074
2 4 1956 1957 2000 3075
2 4 1956 3032 1957 3075
2 4 1956 2000 1999 3075
2 4 1956 1999 3074 3075
2 4 1956 3031 3032 3075
2 4 1956 3074 3031 3075
2 4 1957 1958 2001 3076
2 4 1957 3033 1958 3076
2 4 1957 2001 2000 3076
2 4 1957 2000 3075 3076
2 4 1957 3032 3033 3076
2 4 1957 3075 3032 3076
2 4 1958 1959 2002 3077
2 4 1958 3034 1959 3077
2 4 1958 2002 2001 3077
2 4 1958 2001 3076 3077
2 4 1958 3033 3034 3077
2 4 1958 3076 3033 3077
2 4 1959 1960 2003 3078
2 4 1959 3035 1960 3078
2 4 1959 2003 2002 3078
2 4 1959 2002 3077 3078
2 4 1959 3034 3035 3078
2 4 1959 3077 3034 3078
2 4 1960 1961 2004 3079
2 4 1960 3036 1961 3079
2 4 1960 2004 2003 3079
2 4 1960 2003 3078 3079
2 4 1960 3035 3036 3079
2 4 1960 3078 3035 3079
2 4 1961 1962 2005 3080
2 4 1961 3037 1962 3080
2 4 1961 2005 2004 3080
2 4 1961 2004 3079 3080
2 4 1961 3036 3037 3080
2 4 1961 3079 3036 3080
2 4 1962 1963 2006 3081
2 4 1962 3038 1963 3081
2 4 1962 2006 2005 3081
2 4 1962 2005 3080 3081
2 4 1962 3037 3038 3081
2 4 1962 3080 3037 3081
2 4 1963 1964 2007 3082
2 4 1963 3039 1964 3082
2 4 1963 2007 2006 3082
2 4 1963 2006 3081 3082
2 4 1963 3038 3039 3082
2 4 1963 3081 3038 3082
2 4 1964 1965 2008 3083
2 4 1964 3040 1965 3083
2 4 1964 2008 2007 3083
2 4 1964 2007 3082 3083
2 4 1964 3039 3040 3083
2 4 1964 3082 3039 3083
2 4 1965 1966 2009 3084
2 4 1965 3041 1966 3084
2 4 1965 2009 2008 3084
2 4 1965 2008 3083 3084
2 4 1965 3040 3041 3084
2 4 1965 3083 3040 3084
2 4 1966 1967 2010 3085
2 4 1966 3042 1967 3085
2 4 1966 2010 2009 3085
2 4 1966 2009 3084 3085
2 4 1966 3041 3042 3085
2 4 1966 3084 3041 3085
2 4 1967 1968 2011 3086
2 4 1967 3043 1968 3086
2 4 1967 2011 2010 3086
2 4 1967 2010 3085 3086
2 4 1967 3042 3043 3086
2 4 1967 3085 3042 3086
2 4 1968 1969 2012 3087
2 4 1968 3044 1969 3087
2 4 1968 2012 2011 3087
2 4 1968 2011 3086 3087
2 4 1968 3043 3044 3087
2 4 1968 3086 3043 3087
2 4 1969 1970 2013 3088
2 4 1969 3045 1970 3088
2 4 1969 2013 2012 3088
2 4 1969 2012 3087 3088
2 4 1969 3044 3045 3088
2 4 1969 3087 3044 3088
2 4 1970 1971 2014 3089
2 4 1970 3046 1971 3089
2 4 1970 2014 2013 3089
2 4 1970 2013 3088 3089
2 4 1970 3045 3046 3089
2 4 1970 3088 3045 3089
2 4 1971 1972 2015 3090
2 4 1971 3047 1972 3090
2 4 1971 2015 2014 3090
2 4 1971 2014 3089 3090
2 4 1971 3046 3047 3090
2 4 1971 3089 3046 3090
2 4 1972 1973 2016 3091
2 4 1972 3048 1973 3091
2 4 1972 2016 2015 3091
2 4 1972 2015 3090 3091
2 4 1972 3047 3048 3091
2 4 1972 3090 3047 3091
2 4 1973 1974 2017 3092
2 4 1973 3049 1974 3092
2 4 1973 2017 2016 3092
2 4 1973 2016 3091 3092
2 4 1973 3048 3049 3092
2 4 1973 3091 3048 3092
2 4 1974 1975 2018 3093
2 4 1974 3050 1975 3093
2 4 1974 2018 2017 3093
2 4 1974 2017 3092 3093
2 4 1974 3049 3050 3093
2 4 1974 3092 3049 3093
2 4 1975 1976 2019 3094
2 4 1975 3051 1976 3094
2 4 1975 2019 2018 3094
2 4 1975 2018 3093 3094
2 4 1975 3050 3051 3094
2 4 1975 3093 3050 3094
2 4 1976 1977 2020 3095
2 4 1976 3052 1977 3095
2 4 1976 2020 2019 3095
2 4 1976 2019 3094 3095
2 4 1976 3051 3052 3095
2 4 1976 3094 3051 3095
2 4 1978 1979 2022 3097
2 4 1978 3054 1979 3097
2 4 1978 2022 2021 3097
2 4 1978 2021 3096 3097
2 4 1978 3053 3054 3097
2 4 1978 3096 3053 3097
2 4 1979 1980 2023 3098
2 4 1979 3055 1980 3098
2 4 1979 2023 2022 3098
2 4 1979 2022 3097 3098
2 4 1979 3054 3055 3098
2 4 1979 3097 3054 3098
2 4 1980 1981 2024 3099
2 4 1980 3056 1981 3099
2 4 1980 2024 2023 3099
2 4 1980 2023 3098 3099
2 4 1980 3055 3056 3099
2 4 1980 3098 3055 3099
2 4 1981 1982 2025 3100
2 4 1981 3057 1982 3100
2 4 1981 2025 2024 3100
2 4 1981 2024 3099 3100
2 4 1981 3056 3057 3100
2 4 1981 3099 3056 3100
2 4 1982 1983 2026 3101
2 4 1982 3058 1983 3101
2 4 1982 2026 2025 3101
2 4 1982 2025 3100 3101
2 4 1982 3057 3058 3101
2 4 1982 3100 3057 3101
2 4 1983 1984 2027 3102
2 4 1983 3059 1984 3102
2 4 1983 2027 2026 3102
2 4 1983 2026 3101 3102
2 4 1983 3058 3059 3102
2 4 1983 3101 3058 3102
2 4 1984 1985 2028 3103
2 4 1984 3060 1985 3103
2 4 1984 2028 2027 3103
2 4 1984 2027 3102 3103
2 4 1984 3059 3060 3103
2 4 1984 3102 3059 3103
2 4 1985 1986 2029 3104
2 4 1985 3061 1986 3104
2 4 1985 2029 2028 3104
2 4 1985 2028 3103 3104
2 4 1985 3060 3061 3104
2 4 1985 3103 3060 3104
2 4 1986 1987 2030 3105
2 4 1986 3062 1987 3105
2 4 1986 2030 2029 3105
2 4 1986 2029 3104 3105
2 4 1986 3061 3062 3105
2 4 1986 3104 3061 3105
2 4 1987 1988 2031 3106
2 4 1987 3063 1988 3106
2 4 1987 2031 2030 3106
2 4 1987 2030 3105 3106
2 4 1987 3062 3063 3106
2 4 1987 3105 3062 3106
2 4 1988 1989 2032 3107
2 4 1988 3064 1989 3107
2 4 1988 2032 2031 3107
2 4 1988 2031 3106 3107
2 4 1988 3063 3064 3107
2 4 1988 3106 3063 3107
2 4 1989 1990 2033 3108
2 4 1989 3065 1990 3108
2 4 1989 2033 2032 3108
2 4 1989 2032 3107 3108
2 4 1989 3064 3065 3108
2 4 1989 3107 3064 3108
2 4 1990 1991 2034 3109
2 4 1990 3066 1991 3109
2 4 1990 2034 2033 3109
2 4 1990 2033 3108 3109
2 4 1990 3065 3066 3109
2 4 1990 3108 3065 3109
2 4 1991 1992 2035 3110
2 4 1991 3067 1992 3110
2 4 1991 2035 2034 3110
2 4 1991 2034 3109 3110
2 4 1991 3066 3067 3110
2 4 1991 3109 3066 3110
2 4 1992 1993 2036 3111
2 4 1992 3068 1993 3111
2 4 1992 2036 2035 3111
2 4 1992 2035 3110 3111
2 4 1992 3067 3068 3111
2 4 1992 3110 3067 3111
2 4 1993 1994 2037 3112
2 4 1993 3069 1994 3112
2 4 1993 2037 2036 3112
2 4 1993 2036 3111 3112
2 4 1993 3068 3069 3112
2 4 1993 3111 3068 3112
2 4 1994 1995 2038 3113
2 4 1994 3070 1995 3113
2 4 1994 2038 2037 3113
2 4 1994 2037 3112 3113
2 4 1994 3069 3070 3113
2 4 1994 3112 3069 3113
2 4 1995 1996 2039 3114
2 4 1995 3071 1996 3114
2 4 1995 2039 2038 3114
2 4 1995 2038 3113 3114
2 4 1995 3070 3071 3114
2 4 1995 3113 3070 3114
2 4 1996 1997 2040 3115
2 4 1996 3072 1997 3115
2 4 1996 2040 2039 3115
2 4 1996 2039 3114 3115
2 4 1996 3071 3072 3115
2 4 1996 3114 3071 3115
2 4 1997 1998 2041 3116
2 4 1997 3073 1998 3116
2 4 1997 2041 2040 3116
2 4 1997 2040 3115 3116
2 4 1997 3072 3073 3116
2 4 1997 3115 3072 3116
2 4 1998 1999 2042 3117
2 4 1998 3074 1999 3117
2 4 1998 2042 2041 3117
2 4 1998 2041 3116 3117
2 4 1998 3073 3074 3117
2 4 1998 3116 3073 3117
2 4 1999 2000 2043 3118
2 4 1999 3075 2000 3118
2 4 1999 2043 2042 3118
2 4 1999 2042 3117 3118
2 4 1999 3074 3075 3118
2 4 1999 3117 3074 3118
2 4 2000 2001 2044 3119
2 4 2000 3076 2001 3119
2 4 2000 2044 2043 3119
2 4 2000 2043 3118 3119
2 4 2000 3075 3076 3119
2 4 2000 3118 3075 3119
2 4 2001 2002 2045 3120
2 4 2001 3077 2002 3120
2 4 2001 2045 2044 3120
2 4 2001 2044 3119 3120
2 4 2001 3076 3077 3120
2 4 2001 3119 3076 3120
2 4 2002 2003 2046 3121
2 4 2002 3078 2003 3121
2 4 2002 2046 2045 3121
2 4 2002 2045 3120 3121
2 4 2002 3077 3078 3121
2 4 2002 3120 3077 3121
2 4 2003 2004 2047 3122
2 4 2003 3079 2004 3122
2 4 2003 2047 2046 3122
2 4 2003 2046 3121 3122
2 4 2003 3078 3079 3122
2 4 2003 3121 3078 3122
2 4 2004 2005 2048 3123
2 4 2004 3080 2005 3123
2 4 2004 2048 2047 3123
2 4 2004 2047 3122 3123
2 4 2004 3079 3080 3123
2 4 2004 3122 3079 3123
2 4 2005 2006 2049 3124
2 4 2005 3081 2006 3124
2 4 2005 2049 2048 3124
2 4 2005 2048 3123 3124
2 4 2005 3080 3081 3124
2 4 2005 3123 3080 3124
2 4 2006 2007 2050 3125
2 4 2006 3082 2007 3125
2 4 2006 2050 2049 3125
2 4 2006 2049 3124 3125
2 4 2006 3081 3082 3125
2 4 2006 3124 3081 3125
2 4 2007 2008 2051 3126
2 4 2007 3083 2008 3126
2 4 2007 2051 2050 3126
2 4 2007 2050 3125 3126
2 4 2007 3082 3083 3126
2 4 2007 3125 3082 3126
2 4 2008 2009 2052 3127
2 4 2008 3084 2009 3127
2 4 2008 2052 2051 3127
2 4 2008 2051 3126 3127
2 4 2008 3083 3084 3127
2 4 2008 3126 3083 3127
2 4 2009 2010 2053 3128
2 4 2009 3085 2010 3128
2 4 2009 2053 2052 3128
2 4 2009 2052 3127 3128
2 4 2009 3084 3085 3128
2 4 2009 3127 3084 3128
2 4 2010 2011 2054 3129
2 4 2010 3086 2011 3129
2 4 2010 2054 2053 3129
2 4 2010 2053 3128 3129
2 4 2010 3085 3086 3129
2 4 2010 3128 3085 3129
2 4 2011 2012 2055 3130
2 4 2011 3087 2012 3130
2 4 2011 2055 2054 3130
2 4 2011 2054 3129 3130
2 4 2011 3086 3087 3130
2 4 2011 3129 3086 3130
2 4 2012 2013 2056 3131
2 4 2012 3088 2013 3131
2 4 2012 2056 2055 3131
2 4 2012 2055 3130 3131
2 4 2012 3087 3088 3131
2 4 2012 3130 3087 3131
2 4 2013 2014 2057 3132
2 4 2013 3089 2014 3132
2 4 2013 2057 2056 3132
2 4 2013 2056 3131 3132
2 4 2013 3088 3089 3132
2 4 2013 3131 3088 3132
2 4 2014 2015 2058 3133
2 4 2014 3090 2015 3133
2 4 2014 2058 2057 3133
2 4 2014 2057 3132 3133
2 4 2014 3089 3090 3133
2 4 2014 3132 3089 3133
2 4 2015 2016 2059 3134
2 4 2015 3091 2016 3134
2 4 2015 2059 2058 3134
2 4 2015 2058 3133 3134
2 4 2015 3090 3091 3134
2 4 2015 3133 3090 3134
2 4 2016 2017 2060 3135
2 4 2016 3092 2017 3135
2 4 2016 2060 2059 3135
2 4 2016 2059 3134 3135
2 4 2016 3091 3092 3135
2 4 2016 3134 3091 3135
2 4 2017 2018 2061 3136
2 4 2017 3093 2018 3136
2 4 2017 2061 2060 3136
2 4 2017 2060 3135 3136
2 4 2017 3092 3093 3136
2 4 2017 3135 3092 3136
2 4 2018 2019 2062 3137
2 4 2018 3094 2019 3137
2 4 2018 2062 2061 3137
2 4 2018 2061 3136 3137
2 4 2018 3093 3094 3137
2 4 2018 3136 3093 3137
2 4 2019 2020 2063 3138
2 4 2019 3095 2020 3138
2 4 2019 2063 2062 3138
2 4 2019 2062 3137 3138
2 4 2019 3094 3095 3138
2 4 2019 3137 3094 3138
2 4 2021 2022 2065 3140
2 4 2021 3097 2022 3140
2 4 2021 2065 2064 3140
2 4 2021 2064 3139 3140
2 4 2021 3096 3097 3140
2 4 2021 3139 3096 3140
2 4 2022 2023 2066 3141
2 4 2022 3098 2023 3141
2 4 2022 2066 2065 3141
2 4 2022 2065 3140 3141
2 4 2022 3097 3098 3141
2 4 2022 3140 3097 3141
2 4 2023 2024 2067 3142
2 4 2023 3099 2024 3142
2 4 2023 2067 2066 3142
2 4 2023 2066 3141 3142
2 4 2023 3098 3099 3142
2 4 2023 3141 3098 3142
2 4 2024 2025 2068 3143
2 4 2024 3100 2025 3143
2 4 2024 2068 2067 3143
2 4 2024 2067 3142 3143
2 4 2024 3099 3100 3143
2 4 2024 3142 3099 3143
2 4 2025 2026 2069 3144
2 4 2025 3101 2026 3144
2 4 2025 2069 2068 3144
2 4 2025 2068 3143 3144
2 4 2025 3100 3101 3144
2 4 2025 3143 3100 3144
2 4 2026 2027 2070 3145
2 4 2026 3102 2027 3145
2 4 2026 2070 2069 3145
2 4 2026 2069 3144 3145
2 4 2026 3101 3102 3145
2 4 2026 3144 3101 3145
2 4 2027 2028 2071 3146
2 4 2027 3103 2028 3146
2 4 2027 2071 2070 3146
2 4 2027 2070 3145 3146
2 4 2027 3102 3103 3146
2 4 2027 3145 3102 3146
2 4 2028 2029 2072 3147
2 4 2028 3104 2029 3147
2 4 2028 2072 2071 3147
2 4 2028 2071 3146 3147
2 4 2028 3103 3104 3147
2 4 2028 3146 3103 3147
2 4 2029 2030 2073 3148
2 4 2029 3105 2030 3148
2 4 2029 2073 2072 3148
2 4 2029 2072 3147 3148
2 4 2029 3104 3105 3148
2 4 2029 3147 3104 3148
2 4 2030 2031 2074 3149
2 4 2030 3106 2031 3149
2 4 2030 2074 2073 3149
2 4 2030 2073 3148 3149
2 4 2030 3105 3106 3149
2 4 2030 3148 3105 3149
2 4 2031 2032 2075 3150
2 4 2031 3107 2032 3150
2 4 2031 2075 2074 3150
2 4 2031 2074 3149 3150
2 4 2031 3106 3107 3150
2 4 2031 3149 3106 3150
2 4 2032 2033 2076 3151
2 4 2032 3108 2033 3151
2 4 2032 2076 2075 3151
2 4 2032 2075 3150 3151
2 4 2032 3107 3108 3151
2 4 2032 3150 3107 3151
2 4 2033 2034 2077 3152
2 4 2033 3109 2034 3152
2 4 2033 2077 2076 3152
2 4 2033 2076 3151 3152
2 4 2033 3108 3109 3152
2 4 2033 3151 3108 3152
2 4 2034 2035 2078 3153
2 4 2034 3110 2035 3153
2 4 2034 2078 2077 3153
2 4 2034 2077 3152 3153
2 4 2034 3109 3110 3153
2 4 2034 3152 3109 3153
2 4 2035 2036 2079 3154
2 4 2035 3111 2036 3154
2 4 2035 2079 2078 3154
2 4 2035 2078 3153 3154
2 4 2035 3110 3111 3154
2 4 2035 3153 3110 3154
2 4 2036 2037 2080 3155
2 4 2036 3112 2037 3155
2 4 2036 2080 2079 3155
2 4 2036 2079 3154 3155
2 4 2036 3111 3112 3155
2 4 2036 3154 3111 3155
2 4 2037 2038 2081 3156
2 4 2037 3113 2038 3156
2 4 2037 2081 2080 3156
2 4 2037 2080 3155 3156
2 4 2037 3112 3113 3156
2 4 2037 3155 3112 3156
2 4 2038 2039 2082 3157
2 4 2038 3114 2039 3157
2 4 2038 2082 2081 3157
2 4 2038 2081 3156 3157
2 4 2038 3113 3114 3157
2 4 2038 3156 3113 3157
2 4 2039 2040 2083 3158
2 4 2039 3115 2040 3158
2 4 2039 2083 2082 3158
2 4 2039 2082 3157 3158
2 4 2039 3114 3115 3158
2 4 2039 3157 3114 3158
2 4 2040 2041 2084 3159
2 4 2040 3116 2041 3159
2 4 2040 2084 2083 3159
2 4 2040 2083 3158 3159
2 4 2040 3115 3116 3159
2 4 2040 3158 3115 3159
2 4 2041 2042 2085 3160
2 4 2041 3117 2042 3160
2 4 2041 2085 2084 3160
2 4 2041 2084 3159 3160
2 4 2041 3116 3117 3160
2 4 2041 3159 3116 3160
2 4 2042 2043 2086 3161
2 4 2042 3118 2043 3161
2 4 2042 2086 2085 3161
2 4 2042 2085 3160 3161
2 4 2042 3117 3118 3161
2 4 2042 3160 3117 3161
2 4 2043 2044 2087 3162
2 4 2043 3119 2044 3162
2 4 2043 2087 2086 3162
2 4 2043 2086 3161 3162
2 4 2043 3118 3119 3162
2 4 2043 3161 3118 3162
2 4 2044 2045 2088 3163
2 4 2044 3120 2045 3163
2 4 2044 2088 2087 3163
2 4 2044 2087 3162 3163
2 4 2044 3119 3120 3163
2 4 2044 3162 3119 3163
2 4 2045 2046 2089 3164
2 4 2045 3121 2046 3164
2 4 2045 2089 2088 3164
2 4 2045 2088 3163 3164
2 4 2045 3120 3121 3164
2 4 2045 3163 3120 3164
2 4 2046 2047 2090 3165
2 4 2046 3122 2047 3165
2 4 2046 2090 2089 3165
2 4 2046 2089 3164 3165
2 4 2046 3121 3122 3165
2 4 2046 3164 3121 3165
2 4 2047 2048 2091 3166
2 4 2047 3123 2048 3166
2 4 2047 2091 2090 3166
2 4 2047 2090 3165 3166
2 4 2047 3122 3123 3166
2 4 2047 3165 3122 3166
2 4 2048 2049 2092 3167
2 4 2048 3124 2049 3167
2 4 2048 2092 2091 3167
2 4 2048 2091 3166 3167
2 4 2048 3123 3124 3167
2 4 2048 3166 3123 3167
2 4 2049 2050 2093 3168
2 4 2049 3125 2050 3168
2 4 2049 2093 2092 3168
2 4 2049 2092 3167 3168
2 4 2049 3124 3125 3168
2 4 2049 3167 3124 3168
2 4 2050 2051 2094 3169
2 4 2050 3126 2051 3169
2 4 2050 2094 2093 3169
2 4 2050 2093 3168 3169
2 4 2050 3125 3126 3169
2 4 2050 3168 3125 3169
2 4 2051 2052 2095 3170
2 4 2051 3127 2052 3170
2 4 2051 2095 2094 3170
2 4 2051 2094 3169 3170
2 4 2051 3126 3127 3170
2 4 2051 3169 3126 3170
2 4 2052 2053 2096 3171
2 4 2052 3128 2053 3171
2 4 2052 2096 2095 3171
2 4 2052 2095 3170 3171
2 4 2052 3127 3128 3171
2 4 2052 3170 3127 3171
2 4 2053 2054 2097 3172
2 4 2053 3129 2054 3172
2 4 2053 2097 2096 3172
2 4 2053 2096 3171 3172
2 4 2053 3128 3129 3172
2 4 2053 3171 3128 3172
2 4 2054 2055 2098 3173
2 4 2054 3130 2055 3173
2 4 2054 2098 2097 3173
2 4 2054 2097 3172 3173
2 4 2054 3129 3130 3173
2 4 2054 3172 3129 3173
2 4 2055 2056 2099 3174
2 4 2055 3131 2056 3174
2 4 2055 2099 2098 3174
2 4 2055 2098 3173 3174
2 4 2055 3130 3131 3174
2 4 2055 3173 3130 3174
2 4 2056 2057 2100 3175
2 4 2056 3132 2057 3175
2 4 2056 2100 2099 3175
2 4 2056 2099 3174 3175
2 4 2056 3131 3132 3175
2 4 2056 3174 3131 3175
2 4 2057 2058 2101 3176
2 4 2057 3133 2058 3176
2 4 2057 2101 2100 3176
2 4 2057 2100 3175 3176
2 4 2057 3132 3133 3176
2 4 2057 3175 3132 3176
2 4 2058 2059 2102 3177
2 4 2058 3134 2059 3177
2 4 2058 2102 2101 3177
2 4 2058 2101 3176 3177
2 4 2058 3133 3134 3177
2 4 2058 3176 3133 3177
2 4 2059 2060 2103 3178
2 4 2059 3135 2060 3178
2 4 2059 2103 2102 3178
2 4 2059 2102 3177 3178
2 4 2059 3134 3135 3178
2 4 2059 3177 3134 3178
2 4 2060 2061 2104 3179
2 4 2060 3136 2061 3179
2 4 2060 2104 2103 3179
2 4 2060 2103 3178 3179
2 4 2060 3135 3136 3179
2 4 2060 3178 3135 3179
2 4 2061 2062 2105 3180
2 4 2061 3137 2062 3180
2 4 2061 2105 2104 3180
2 4 2061 2104 3179 3180
2 4 2061 3136 3137 3180
2 4 2061 3179 3136 3180
2 4 2062 2063 2106 3181
2 4 2062 3138 2063 3181
2 4 2062 2106 2105 3181
2 4 2062 2105 3180 3181
2 4 2062 3137 3138 3181
2 4 2062 3180 3137 3181
2 4 2064 2065 2108 3183
2 4 2064 3140 2065 3183
2 4 2064 2108 2107 3183
2 4 2064 2107 3182 3183
2 4 2064 3139 3140 3183
2 4 2064 3182 3139 3183
2 4 2065 2066 2109 3184
2 4 2065 3141 2066 3184
2 4 2065 2109 2108 3184
2 4 2065 2108 3183 3184
2 4 2065 3140 3141 3184
2 4 2065 3183 3140 3184
2 4 2066 2067 2110 3185
2 4 2066 3142 2067 3185
2 4 2066 2110 2109 3185
2 4 2066 2109 3184 3185
2 4 2066 3141 3142 3185
2 4 2066 3184 3141 3185
2 4 2067 2068 2111 3186
2 4 2067 3143 2068 3186
2 4 2067 2111 2110 3186
2 4 2067 2110 3185 3186
2 4 2067 3142 3143 3186
2 4 2067 3185 3142 3186
2 4 2068 2069 2112 3187
2 4 2068 3144 2069 3187
2 4 2068 2112 2111 3187
2 4 2068 2111 3186 3187
2 4 2068 3143 3144 3187
2 4 2068 3186 3143 3187
2 4 2069 2070 2113 3188
2 4 2069 3145 2070 3188
2 4 2069 2113 2112 3188
2 4 2069 2112 3187 3188
2 4 2069 3144 3145 3188
2 4 2069 3187 3144 3188
2 4 2070 2071 2114 3189
2 4 2070 3146 2071 3189
2 4 2070 2114 2113 3189
2 4 2070 2113 3188 3189
2 4 2070 3145 3146 3189
2 4 2070 3188 3145 3189
2 4 2071 2072 2115 3190
2 4 2071 3147 2072 3190
2 4 2071 2115 2114 3190
2 4 2071 2114 3189 3190
2 4 2071 3146 3147 3190
2 4 2071 3189 3146 3190
2 4 2072 2073 2116 3191
2 4 2072 3148 2073 3191
2 4 2072 2116 2115 3191
2 4 2072 2115 3190 3191
2 4 2072 3147 3148 3191
2 4 2072 3190 3147 3191
2 4 2073 2074 2117 3192
2 4 2073 3149 2074 3192
2 4 2073 2117 2116 3192
2 4 2073 2116 3191 3192
2 4 2073 3148 3149 3192
2 4 2073 3191 3148 3192
2 4 2074 2075 2118 3193
2 4 2074 3150 2075 3193
2 4 2074 2118 2117 3193
2 4 2074 2117 3192 3193
2 4 2074 3149 3150 3193
2 4 2074 3192 3149 3193
2 4 2075 2076 2119 3194
2 4 2075 3151 2076 3194
2 4 2075 2119 2118 3194
2 4 2075 2118 3193 3194
2 4 2075 3150 3151 3194
2 4 2075 3193 3150 3194
2 4 2076 2077 2120 3195
2 4 2076 3152 2077 3195
2 4 2076 2120 2119 3195
2 4 2076 2119 3194 3195
2 4 2076 3151 3152 3195
2 4 2076 3194 3151 3195
2 4 2077 2078 2121 3196
2 4 2077 3153 2078 3196
2 4 2077 2121 2120 3196
2 4 2077 2120 3195 3196
2 4 2077 3152 3153 3196
2 4 2077 3195 3152 3196
2 4 2078 2079 2122 3197
2 4 2078 3154 2079 3197
2 4 2078 2122 2121 3197
2 4 2078 2121 3196 3197
2 4 2078 3153 3154 3197
2 4 2078 3196 3153 3197
2 4 2079 2080 2123 3198
2 4 2079 3155 2080 3198
2 4 2079 2123 2122 3198
2 4 2079 2122 3197 3198
2 4 2079 3154 3155 3198
2 4 2079 3197 3154 3198
2 4 2080 2081 2124 3199
2 4 2080 3156 2081 3199
2 4 2080 2124 2123 3199
2 4 2080 2123 3198 3199
2 4 2080 3155 3156 3199
2 4 2080 3198 3155 3199
2 4 2081 2082 2125 3200
2 4 2081 3157 2082 3200
2 4 2081 2125 2124 3200
2 4 2081 2124 3199 3200
2 4 2081 3156 3157 3200
2 4 2081 3199 3156 3200
2 4 2082 2083 2126 3201
2 4 2082 3158 2083 3201
2 4 2082 2126 2125 3201
2 4 2082 2125 3200 3201
2 4 2082 3157 3158 3201
2 4 2082 3200 3157 3201
2 4 2083 2084 2127 3202
2 4 2083 3159 2084 3202
2 4 2083 2127 2126 3202
2 4 2083 2126 3201 3202
2 4 2083 3158 3159 3202
2 4 2083 3201 3158 3202
2 4 2084 2085 2128 3203
2 4 2084 3160 2085 3203
2 4 2084 2128 2127 3203
2 4 2084 2127 3202 3203
2 4 2084 3159 3160 3203
2 4 2084 3202 3159 3203
2 4 2085 2086 2129 3204
2 4 2085 3161 2086 3204
2 4 2085 2129 2128 3204
2 4 2085 2128 3203 3204
2 4 2085 3160 3161 3204
2 4 2085 3203 3160 3204
2 4 2086 2087 2130 3205
2 4 2086 3162 2087 3205
2 4 2086 2130 2129 3205
2 4 2086 2129 3204 3205
2 4 2086 3161 3162 3205
2 4 2086 3204 3161 3205
2 4 2087 2088 2131 3206
2 4 2087 3163 2088 3206
2 4 2087 2131 2130 3206
2 4 2087 2130 3205 3206
2 4 2087 3162 3163 3206
2 4 2087 3205 3162 3206
2 4 2088 2089 2132 3207
2 4 2088 3164 2089 3207
2 4 2088 2132 2131 3207
2 4 2088 2131 3206 3207
2 4 2088 3163 3164 3207
2 4 2088 3206 3163 3207
2 4 2089 2090 2133 3208
2 4 2089 3165 2090 3208
2 4 2089 2133 2132 3208
2 4 2089 2132 3207 3208
2 4 2089 3164 3165 3208
2 4 2089 3207 3164 3208
2 4 2090 2091 2134 3209
2 4 2090 3166 2091 3209
2 4 2090 2134 2133 3209
2 4 2090 2133 3208 3209
2 4 2090 3165 3166 3209
2 4 2090 3208 3165 3209
2 4 2091 2092 2135 3210
2 4 2091 3167 2092 3210
2 4 2091 2135 2134 3210
2 4 2091 2134 3209 3210
2 4 2091 3166 3167 3210
2 4 2091 3209 3166 3210
2 4 2092 2093 2136 3211
2 4 2092 3168 2093 3211
2 4 2092 2136 2135 3211
2 4 2092 2135 3210 3211
2 4 2092 3167 3168 3211
2 4 2092 3210 3167 3211
2 4 2093 2094 2137 3212
2 4 2093 3169 2094 3212
2 4 2093 2137 2136 3212
2 4 2093 2136 3211 3212
2 4 2093 3168 3169 3212
2 4 2093 3211 3168 3212
2 4 2094 2095 2138 3213
2 4 2094 3170 2095 3213
2 4 2094 2138 2137 3213
2 4 2094 2137 3212 3213
2 4 2094 3169 3170 3213
2 4 2094 3212 3169 3213
2 4 2095 2096 2139 3214
2 4 2095 3171 2096 3214
2 4 2095 2139 2138 3214
2 4 2095 2138 3213 3214
2 4 2095 3170 3171 3214
2 4 2095 3213 3170 3214
2 4 2096 2097 2140 3215
2 4 2096 3172 2097 3215
2 4 2096 2140 2139 3215
2 4 2096 2139 3214 3215
2 4 2096 3171 3172 3215
2 4 2096 3214 3171 3215
2 4 2097 2098 2141 3216
2 4 2097 3173 2098 3216
2 4 2097 2141 2140 3216
2 4 2097 2140 3215 3216
2 4 2097 3172 3173 3216
2 4 2097 3215 3172 3216
2 4 2098 2099 2142 3217
2 4 2098 3174 2099 3217
2 4 2098 2142 2141 3217
2 4 2098 2141 3216 3217
2 4 2098 3173 3174 3217
2 4 2098 3216 3173 3217
2 4 2099 2100 2143 3218
2 4 2099 3175 2100 3218
2 4 2099 2143 2142 3218
2 4 2099 2142 3217 3218
2 4 2099 3174 3175 3218
2 4 2099 3217 3174 3218
2 4 2100 2101 2144 3219
2 4 2100 3176 2101 3219
2 4 2100 2144 2143 3219
2 4 2100 2143 3218 3219
2 4 2100 3175 3176 3219
2 4 2100 3218 3175 3219
2 4 2101 2102 2145 3220
2 4 2101 3177 2102 3220
2 4 2101 2145 2144 3220
2 4 2101 2144 3219 3220
2 4 2101 3176 3177 3220
2 4 2101 3219 3176 3220
2 4 2102 2103 2146 3221
2 4 2102 3178 2103 3221
2 4 2102 2146 2145 3221
2 4 2102 2145 3220 3221
2 4 2102 3177 3178 3221
2 4 2102 3220 3177 3221
2 4 2103 2104 2147 3222
2 4 2103 3179 2104 3222
2 4 2103 2147 2146 3222
2 4 2103 2146 3221 3222
2 4 2103 3178 3179 3222
2 4 2103 3221 3178 3222
2 4 2104 2105 2148 3223
2 4 2104 3180 2105 3223
2 4 2104 2148 2147 3223
2 4 2104 2147 3222 3223
2 4 2104 3179 3180 3223
2 4 2104 3222 3179 3223
2 4 2105 2106 2149 3224
2 4 2105 3181 2106 3224
2 4 2105 2149 2148 3224
2 4 2105 2148 3223 3224
2 4 2105 3180 3181 3224
2 4 2105 3223 3180 3224
1 4 2150 2151 2194 3269
1 4 2150 3226 2151 3269
1 4 2150 2194 2193 3269
1 4 2150 2193 3268 3269
1 4 2150 3225 3226 3269
1 4 2150 3268 3225 3269
1 4 2151 2152 2195 3270
1 4 2151 3227 2152 3270
1 4 2151 2195 2194 3270
1 4 2151 2194 3269 3270
1 4 2151 3226 3227 3270
1 4 2151 3269 3226 3270
1 4 2152 2153 2196 3271
1 4 2152 3228 2153 3271
1 4 2152 2196 2195 3271
1 4 2152 2195 3270 3271
1 4 2152 3227 3228 3271
1 4 2152 3270 3227 3271
1 4 2153 2154 2197 3272
1 4 2153 3229 2154 3272
1 4 2153 2197 2196 3272
1 4 2153 2196 3271 3272
1 4 2153 3228 3229 3272
1 4 2153 3271 3228 3272
1 4 2154 2155 2198 3273
1 4 2154 3230 2155 3273
1 4 2154 2198 2197 3273
1 4 2154 2197 3272 3273
1 4 2154 3229 3230 3273
1 4 2154 3272 3229 3273
1 4 2155 2156 2199 3274
1 4 2155 3231 2156 3274
1 4 2155 2199 2198 3274
1 4 2155 2198 3273 3274
1 4 2155 3230 3231 3274
1 4 2155 3273 3230 3274
1 4 2156 2157 2200 3275
1 4 2156 3232 2157 3275
1 4 2156 2200 2199 3275
1 4 2156 2199 3274 3275
1 4 2156 3231 3232 3275
1 4 2156 3274 3231 3275
1 4 2157 2158 2201 3276
1 4 2157 3233 2158 3276
1 4 2157 2201 2200 3276
1 4 2157 2200 3275 3276
1 4 2157 3232 3233 3276
1 4 2157 3275 3232 3276
1 4 2158 2159 2202 3277
1 4 2158 3234 2159 3277
1 4 2158 2202 2201 3277
1 4 2158 2201 3276 3277
1 4 2158 3233 3234 3277
1 4 2158 3276 3233 3277
1 4 2159 2160 2203 3278
1 4 2159 3235 2160 3278
1 4 2159 2203 2202 3278
1 4 2159 2202 3277 3278
1 4 2159 3234 3235 3278
1 4 2159 3277 3234 3278
1 4 2160 2161 2204 3279
1 4 2160 3236 2161 3279
1 4 2160 2204 2203 3279
1 4 2160 2203 3278 3279
1 4 2160 3235 3236 3279
1 4 2160 3278 3235 3279
1 4 2161 2162 2205 3280
1 4 2161 3237 2162 3280
1 4 2161 2205 2204 3280
1 4 2161 2204 3279 3280
1 4 2161 3236 3237 3280
1 4 2161 3279 3236 3280
1 4 2162 2163 2206 3281
1 4 2162 3238 2163 3281
1 4 2162 2206 2205 3281
1 4 2162 2205 3280 3281
1 4 2162 3237 3238 3281
1 4 2162 3280 3237 3281
1 4 2163 2164 2207 3282
1 4 2163 3239 2164 3282
1 4 2163 2207 2206 3282
1 4 2163 2206 3281 3282
1 4 2163 3238 3239 3282
1 4 2163 3281 3238 3282
1 4 2164 2165 2208 3283
1 4 2164 3240 2165 3283
1 4 2164 2208 2207 3283
1 4 2164 2207 3282 3283
1 4 2164 3239 3240 3283
1 4 2164 3282 3239 3283
1 4 2165 2166 2209 3284
1 4 2165 3241 2166 3284
1 4 2165 2209 2208 3284
1 4 2165 2208 3283 3284
1 4 2165 3240 3241 3284
1 4 2165 3283 3240 3284
1 4 2166 2167 2210 3285
1 4 2166 3242 2167 3285
1 4 2166 2210 2209 3285
1 4 2166 2209 3284 3285
1 4 2166 3241 3242 3285
1 4 2166 3284 3241 3285
1 4 2167 2168 2211 3286
1 4 2167 3243 2168 3286
1 4 2167 2211 2210 3286
1 4 2167 2210 3285 3286
1 4 2167 3242 3243 3286
1 4 2167 3285 3242 3286
1 4 2168 2169 2212 3287
1 4 2168 3244 2169 3287
1 4 2168 2212 2211 3287
1 4 2168 2211 3286 3287
1 4 2168 3243 3244 3287
1 4 2168 3286 3243 3287
1 4 2169 2170 2213 3288
1 4 2169 3245 2170 3288
1 4 2169 2213 2212 3288
1 4 2169 2212 3287 3288
1 4 2169 3244 3245 3288
1 4 2169 3287 3244 3288
1 4 2170 2171 2214 3289
1 4 2170 3246 2171 3289
1 4 2170 2214 2213 3289
1 4 2170 2213 3288 3289
1 4 2170 3245 3246 3289
1 4 2170 3288 3245 3289
1 4 2171 2172 2215 3290
1 4 2171 3247 2172 3290
1 4 2171 2215 2214 3290
1 4 2171 2214 3289 3290
1 4 2171 3246 3247 3290
1 4 2171 3289 3246 3290
1 4 2172 2173 2216 3291
1 4 2172 3248 2173 3291
1 4 2172 2216 2215 3291
1 4 2172 2215 3290 3291
1 4 2172 3247 3248 3291
1 4 2172 3290 3247 3291
1 4 2173 2174 2217 3292
1 4 2173 3249 2174 3292
1 4 2173 2217 2216 3292
1 4 2173 2216 3291 3292
1 4 2173 3248 3249 3292
1 4 2173 3291 3248 3292
1 4 2174 2175 2218 3293
1 4 2174 3250 2175 3293
1 4 2174 2218 2217 3293
1 4 2174 2217 3292 3293
1 4 2174 3249 3250 3293
1 4 2174 3292 3249 3293
1 4 2175 2176 2219 3294
1 4 2175 3251 2176 3294
1 4 2175 2219 2218 3294
1 4 2175 2218 3293 3294
1 4 2175 3250 3251 3294
1 4 2175 3293 3250 3294
1 4 2176 2177 2220 3295
1 4 2176 3252 2177 3295
1 4 2176 2220 2219 3295
1 4 2176 2219 3294 3295
1 4 2176 3251 3252 3295
1 4 2176 3294 3251 3295
1 4 2177 2178 2221 3296
1 4 2177 3253 2178 3296
1 4 2177 2221 2220 3296
1 4 2177 2220 3295 3296
1 4 2177 3252 3253 3296
1 4 2177 3295 3252 3296
1 4 2178 2179 2222 3297
1 4 2178 3254 2179 3297
1 4 2178 2222 2221 3297
1 4 2178 2221 3296 3297
1 4 2178 3253 3254 3297
1 4 2178 3296 3253 3297
1 4 2179 2180 2223 3298
1 4 2179 3255 2180 3298
1 4 2179 2223 2222 3298
1 4 2179 2222 3297 3298
1 4 2179 3254 3255 3298
1 4 2179 3297 3254 3298
1 4 2180 2181 2224 3299
1 4 2180 3256 2181 3299
1 4 2180 2224 2223 3299
1 4 2180 2223 3298 3299
1 4 2180 3255 3256 3299
1 4 2180 3298 3255 3299
1 4 2181 2182 2225 3300
1 4 2181 3257 2182 3300
1 4 2181 2225 2224 3300
1 4 2181 2224 3299 3300
1 4 2181 3256 3257 3300
1 4 2181 3299 3256 3300
1 4 2182 2183 2226 3301
1 4 2182 3258 2183 3301
1 4 2182 2226 2225 3301
1 4 2182 2225 3300 3301
1 4 2182 3257 3258 3301
1 4 2182 3300 3257 3301
1 4 2183 2184 2227 3302
1 4 2183 3259 2184 3302
1 4 2183 2227 2226 3302
1 4 2183 2226 3301 3302
1 4 2183 3258 3259 3302
1 4 2183 3301 3258 3302
1 4 2184 2185 2228 3303
1 4 2184 3260 2185 3303
1 4 2184 2228 2227 3303
1 4 2184 2227 3302 3303
1 4 2184 3259 3260 3303
1 4 2184 3302 3259 3303
1 4 2185 2186 2229 3304
1 4 2185 3261 2186 3304
1 4 2185 2229 2228 3304
1 4 2185 2228 3303 3304
1 4 2185 3260 3261 3304
1 4 2185 3303 3260 3304
1 4 2186 2187 2230 3305
1 4 2186 3262 2187 3305
1 4 2186 2230 2229 3305
1 4 2186 2229 3304 3305
1 4 2186 3261 3262 3305
1 4 2186 3304 3261 3305
1 4 2187 2188 2231 3306
1 4 2187 3263 2188 3306
1 4 2187 2231 2230 3306
1 4 2187 2230 3305 3306
1 4 2187 3262 3263 3306
1 4 2187 3305 3262 3306
1 4 2188 2189 2232 3307
1 4 2188 3264 2189 3307
1 4 2188 2232 2231 3307
1 4 2188 2231 3306 3307
1 4 2188 3263 3264 3307
1 4 2188 3306 3263 3307
1 4 2189 2190 2233 3308
1 4 2189 3265 2190 3308
1 4 2189 2233 2232 3308
1 4 2189 2232 3307 3308
1 4 2189 3264 3265 3308
1 4 2189 3307 3264 3308
1 4 2190 2191 2234 3309
1 4 2190 3266 2191 3309
1 4 2190 2234 2233 3309
1 4 2190 2233 3308 3309
1 4 2190 3265 3266 3309
1 4 2190 3308 3265 3309
1 4 2191 2192 2235 3310
1 4 2191 3267 2192 3310
1 4 2191 2235 2234 3310
1 4 2191 2234 3309 3310
1 4 2191 3266 3267 3310
1 4 2191 3309 3266 3310
1 4 2193 2194 2237 3312
1 4 2193 3269 2194 3312
1 4 2193 2237 2236 3312
1 4 2193 2236 3311 3312
1 4 2193 3268 3269 3312
1 4 2193 3311 3268 3312
1 4 2194 2195 2238 3313
1 4 2194 3270 2195 3313
1 4 2194 2238 2237 3313
1 4 2194 2237 3312 3313
1 4 2194 3269 3270 3313
1 4 2194 3312 3269 3313
1 4 2195 2196 2239 3314
1 4 2195 3271 2196 3314
1 4 2195 2239 2238 3314
1 4 2195 2238 3313 3314
1 4 2195 3270 3271 3314
1 4 2195 3313 3270 3314
1 4 2196 2197 2240 3315
1 4 2196 3272 2197 3315
1 4 2196 2240 2239 3315
1 4 2196 2239 3314 3315
1 4 2196 3271 3272 3315
1 4 2196 3314 3271 3315
1 4 2197 2198 2241 3316
1 4 2197 3273 2198 3316
1 4 2197 2241 2240 3316
1 4 2197 2240 3315 3316
1 4 2197 3272 3273 3316
1 4 2197 3315 3272 3316
1 4 2198 2199 2242 3317
1 4 2198 3274 2199 3317
1 4 2198 2242 2241 3317
1 4 2198 2241 3316 3317
1 4 2198 3273 3274 3317
1 4 2198 3316 3273 3317
1 4 2199 2200 2243 3318
1 4 2199 3275 2200 3318
1 4 2199 2243 2242 3318
1 4 2199 2242 3317 3318
1 4 2199 3274 3275 3318
1 4 2199 3317 3274 3318
1 4 2200 2201 2244 3319
1 4 2200 3276 2201 3319
1 4 2200 2244 2243 3319
1 4 2200 2243 3318 3319
1 4 2200 3275 3276 3319
1 4 2200 3318 3275 3319
1 4 2201 2202 2245 3320
1 4 2201 3277 2202 3320
1 4 2201 2245 2244 3320
1 4 2201 2244 3319 3320
1 4 2201 3276 3277 3320
1 4 2201 3319 3276 3320
1 4 2202 2203 2246 3321
1 4 2202 3278 2203 3321
1 4 2202 2246 2245 3321
1 4 2202 2245 3320 3321
1 4 2202 3277 3278 3321
1 4 2202 3320 3277 3321
1 4 2203 2204 2247 3322
1 4 2203 3279 2204 3322
1 4 2203 2247 2246 3322
1 4 2203 2246 3321 3322
1 4 2203 3278 3279 3322
1 4 2203 3321 3278 3322
1 4 2204 2205 2248 3323
1 4 2204 3280 2205 3323
1 4 2204 2248 2247 3323
1 4 2204 2247 3322 3323
1 4 2204 3279 3280 3323
1 4 2204 3322 3279 3323
1 4 2205 2206 2249 3324
1 4 2205 3281 2206 3324
1 4 2205 2249 2248 3324
1 4 2205 2248 3323 3324
1 4 2205 3280 3281 3324
1 4 2205 3323 3280 3324
1 4 2206 2207 2250 3325
1 4 2206 3282 2207 3325
1 4 2206 2250 2249 3325
1 4 2206 2249 3324 3325
1 4 2206 3281 3282 3325
1 4 2206 3324 3281 3325
1 4 2207 2208 2251 3326
1 4 2207 3283 2208 3326
1 4 2207 2251 2250 3326
1 4 2207 2250 3325 3326
1 4 2207 3282 3283 3326
1 4 2207 3325 3282 3326
1 4 2208 2209 2252 3327
1 4 2208 3284 2209 3327
1 4 2208 2252 2251 3327
1 4 2208 2251 3326 3327
1 4 2208 3283 3284 3327
1 4 2208 3326 3283 3327
1 4 2209 2210 2253 3328
1 4 2209 3285 2210 3328
1 4 2209 2253 2252 3328
1 4 2209 2252 3327 3328
1 4 2209 3284 3285 3328
1 4 2209 3327 3284 3328
1 4 2210 2211 2254 3329
1 4 2210 3286 2211 3329
1 4 2210 2254 2253 3329
1 4 2210 2253 3328 3329
1 4 2210 3285 3286 3329
1 4 2210 3328 3285 3329
1 4 2211 2212 2255 3330
1 4 2211 3287 2212 3330
1 4 2211 2255 2254 3330
1 4 2211 2254 3329 3330
1 4 2211 3286 3287 3330
1 4 2211 3329 3286 3330
1 4 2212 2213 2256 3331
1 4 2212 3288 2213 3331
1 4 2212 2256 2255 3331
1 4 2212 2255 3330 3331
1 4 2212 3287 3288 3331
1 4 2212 3330 3287 3331
1 4 2213 2214 2257 3332
1 4 2213 3289 2214 3332
1 4 2213 2257 2256 3332
1 4 2213 2256 3331 3332
1 4 2213 3288 3289 3332
1 4 2213 3331 3288 3332
1 4 2214 2215 2258 3333
1 4 2214 3290 2215 3333
1 4 2214 2258 2257 3333
1 4 2214 2257 3332 3333
1 4 2214 3289 3290 3333
1 4 2214 3332 3289 3333
1 4 2215 2216 2259 3334
1 4 2215 3291 2216 3334
1 4 2215 2259 2258 3334
1 4 2215 2258 3333 3334
1 4 2215 3290 3291 3334
1 4 2215 3333 3290 3334
1 4 2216 2217 2260 3335
1 4 2216 3292 2217 3335
1 4 2216 2260 2259 3335
1 4 2216 2259 3334 3335
1 4 2216 3291 3292 3335
1 4 2216 3334 3291 3335
1 4 2217 2218 2261 3336
1 4 2217 3293 2218 3336
1 4 2217 2261 2260 3336
1 4 2217 2260 3335 3336
1 4 2217 3292 3293 3336
1 4 2217 3335 3292 3336
1 4 2218 2219 2262 3337
1 4 2218 3294 2219 3337
1 4 2218 2262 2261 3337
1 4 2218 2261 3336 3337
1 4 2218 3293 3294 3337
1 4 2218 3336 3293 3337
1 4 2219 2220 2263 3338
1 4 2219 3295 2220 3338
1 4 2219 2263 2262 3338
1 4 2219 2262 3337 3338
1 4 2219 3294 3295 3338
1 4 2219 3337 3294 3338
1 4 2220 2221 2264 3339
1 4 2220 3296 2221 3339
1 4 2220 2264 2263 3339
1 4 2220 2263 3338 3339
1 4 2220 3295 3296 3339
1 4 2220 3338 3295 3339
1 4 2221 2222 2265 3340
1 4 2221 3297 2222 3340
1 4 2221 2265 2264 3340
1 4 2221 2264 3339 3340
1 4 2221 3296 3297 3340
1 4 2221 3339 3296 3340
1 4 2222 2223 2266 3341
1 4 2222 3298 2223 3341
1 4 2222 2266 2265 3341
1 4 2222 2265 3340 3341
1 4 2222 3297 3298 3341
1 4 2222 3340 3297 3341
1 4 2223 2224 2267 3342
1 4 2223 3299 2224 3342
1 4 2223 2267 2266 3342
1 4 2223 2266 3341 3342
1 4 2223 3298 3299 3342
1 4 2223 3341 3298 3342
1 4 2224 2225 2268 3343
1 4 2224 3300 2225 3343
1 4 2224 2268 2267 3343
1 4 2224 2267 3342 3343
1 4 2224 3299 3300 3343
1 4 2224 3342 3299 3343
1 4 2225 2226 2269 3344
1 4 2225 3301 2226 3344
1 4 2225 2269 2268 3344
1 4 2225 2268 3343 3344
1 4 2225 3300 3301 3344
1 4 2225 3343 3300 3344
1 4 2226 2227 2270 3345
1 4 2226 3302 2227 3345
1 4 2226 2270 2269 3345
1 4 2226 2269 3344 3345
1 4 2226 3301 3302 3345
1 4 2226 3344 3301 3345
1 4 2227 2228 2271 3346
1 4 2227 3303 2228 3346
1 4 2227 2271 2270 3346
1 4 2227 2270 3345 3346
1 4 2227 3302 3303 3346
1 4 2227 3345 3302 3346
1 4 2228 2229 2272 3347
1 4 2228 3304 2229 3347
1 4 2228 2272 2271 3347
1 4 2228 2271 3346 3347
1 4 2228 3303 3304 3347
1 4 2228 3346 3303 3347
1 4 2229 2230 2273 3348
1 4 2229 3305 2230 3348
1 4 2229 2273 2272 3348
1 4 2229 2272 3347 3348
1 4 2229 3304 3305 3348
1 4 2229 3347 3304 3348
1 4 2230 2231 2274 3349
1 4 2230 3306 2231 3349
1 4 2230 2274 2273 3349
1 4 2230 2273 3348 3349
1 4 2230 3305 3306 3349
1 4 2230 3348 3305 3349
1 4 2231 2232 2275 3350
1 4 2231 3307 2232 3350
1 4 2231 2275 2274 3350
1 4 2231 2274 3349 3350
1 4 2231 3306 3307 3350
1 4 2231 3349 3306 3350
1 4 2232 2233 2276 3351
1 4 2232 3308 2233 3351
1 4 2232 2276 2275 3351
1 4 2232 2275 3350 3351
1 4 2232 3307 3308 3351
1 4 2232 3350 3307 3351
1 4 2233 2234 2277 3352
1 4 2233 3309 2234 3352
1 4 2233 2277 2276 3352
1 4 2233 2276 3351 3352
1 4 2233 3308 3309 3352
1 4 2233 3351 3308 3352
1 4 2234 2235 2278 3353
1 4 2234 3310 2235 3353
1 4 2234 2278 2277 3353
1 4 2234 2277 3352 3353
1 4 2234 3309 3310 3353
1 4 2234 3352 3309 3353
1 4 2236 2237 2280 3355
1 4 2236 3312 2237 3355
1 4 2236 2280 2279 3355
1 4 2236 2279 3354 3355
1 4 2236 3311 3312 3355
1 4 2236 3354 3311 3355
1 4 2237 2238 2281 3356
1 4 2237 3313 2238 3356
1 4 2237 2281 2280 3356
1 4 2237 2280 3355 3356
1 4 2237 3312 3313 3356
1 4 2237 3355 3312 3356
1 4 2238 2239 2282 3357
1 4 2238 3314 2239 3357
1 4 2238 2282 2281 3357
1 4 2238 2281 3356 3357
1 4 2238 3313 3314 3357
1 4 2238 3356 3313 3357
1 4 2239 2240 2283 3358
1 4 2239 3315 2240 3358
1 4 2239 2283 2282 3358
1 4 2239 2282 3357 3358
1 4 2239 3314 3315 3358
1 4 2239 3357 3314 3358
1 4 2240 2241 2284 3359
1 4 2240 3316 2241 3359
1 4 2240 2284 2283 3359
1 4 2240 2283 3358 3359
1 4 2240 3315 3316 3359
1 4 2240 3358 3315 3359
1 4 2241 2242 2285 3360
1 4 2241 3317 2242 3360
1 4 2241 2285 2284 3360
1 4 2241 2284 3359 3360
1 4 2241 3316 3317 3360
1 4 2241 3359 3316 3360
1 4 2242 2243 2286 3361
1 4 2242 3318 2243 3361
1 4 2242 2286 2285 3361
1 4 2242 2285 3360 3361
1 4 2242 3317 3318 3361
1 4 2242 3360 3317 3361
1 4 2243 2244 2287 3362
1 4 2243 3319 2244 3362
1 4 2243 2287 2286 3362
1 4 2243 2286 3361 3362
1 4 2243 3318 3319 3362
1 4 2243 3361 3318 3362
1 4 2244 2245 2288 3363
1 4 2244 3320 2245 3363
1 4 2244 2288 2287 3363
1 4 2244 2287 3362 3363
1 4 2244 3319 3320 3363
1 4 2244 3362 3319 3363
1 4 2245 2246 2289 3364
1 4 2245 3321 2246 3364
1 4 2245 2289 2288 3364
1 4 2245 2288 3363 3364
1 4 2245 3320 3321 3364
1 4 2245 3363 3320 3364
1 4 2246 2247 2290 3365
1 4 2246 3322 2247 3365
1 4 2246 2290 2289 3365
1 4 2246 2289 3364 3365
1 4 2246 3321 3322 3365
1 4 2246 3364 3321 3365
1 4 2247 2248 2291 3366
1 4 2247 3323 2248 3366
1 4 2247 2291 2290 3366
1 4 2247 2290 3365 3366
1 4 2247 3322 3323 3366
1 4 2247 3365 3322 3366
1 4 2248 2249 2292 3367
1 4 2248 3324 2249 3367
1 4 2248 2292 2291 3367
1 4 2248 2291 3366 3367
1 4 2248 3323 3324 3367
1 4 2248 3366 3323 3367
1 4 2249 2250 2293 3368
1 4 2249 3325 2250 3368
1 4 2249 2293 2292 3368
1 4 2249 2292 3367 3368
1 4 2249 3324 3325 3368
1 4 2249 3367 3324 3368
1 4 2250 2251 2294 3369
1 4 2250 3326 2251 3369
1 4 2250 2294 2293 3369
1 4 2250 2293 3368 3369
1 4 2250 3325 3326 3369
1 4 2250 3368 3325 3369
1 4 2251 2252 2295 3370
1 4 2251 3327 2252 3370
1 4 2251 2295 2294 3370
1 4 2251 2294 3369 3370
1 4 2251 3326 3327 3370
1 4 2251 3369 3326 3370
1 4 2252 2253 2296 3371
1 4 2252 3328 2253 3371
1 4 2252 2296 2295 3371
1 4 2252 2295 3370 3371
1 4 2252 3327 3328 3371
1 4 2252 3370 3327 3371
1 4 2253 2254 2297 3372
1 4 2253 3329 2254 3372
1 4 2253 2297 2296 3372
1 4 2253 2296 3371 3372
1 4 2253 3328 3329 3372
1 4 2253 3371 3328 3372
1 4 2254 2255 2298 3373
1 4 2254 3330 2255 3373
1 4 2254 2298 2297 3373
1 4 2254 2297 3372 3373
1 4 2254 3329 3330 3373
1 4 2254 3372 3329 3373
1 4 2255 2256 2299 3374
1 4 2255 3331 2256 3374
1 4 2255 2299 2298 3374
1 4 2255 2298 3373 3374
1 4 2255 3330 3331 3374
1 4 2255 3373 3330 3374
1 4 2256 2257 2300 3375
1 4 2256 3332 2257 3375
1 4 2256 2300 2299 3375
1 4 2256 2299 3374 3375
1 4 2256 3331 3332 3375
1 4 2256 3374 3331 3375
1 4 2257 2258 2301 3376
1 4 2257 3333 2258 3376
1 4 2257 2301 2300 3376
1 4 2257 2300 3375 3376
1 4 2257 3332 3333 3376
1 4 2257 3375 3332 3376
1 4 2258 2259 2302 3377
1 4 2258 3334 2259 3377
1 4 2258 2302 2301 3377
1 4 2258 2301 3376 3377
1 4 2258 3333 3334 3377
1 4 2258 3376 3333 3377
1 4 2259 2260 2303 3378
1 4 2259 3335 2260 3378
1 4 2259 2303 2302 3378
1 4 2259 2302 3377 3378
1 4 2259 3334 3335 3378
1 4 2259 3377 3334 3378
1 4 2260 2261 2304 3379
1 4 2260 3336 2261 3379
1 4 2260 2304 2303 3379
1 4 2260 2303 3378 3379
1 4 2260 3335 3336 3379
1 4 2260 3378 3335 3379
1 4 2261 2262 2305 3380
1 4 2261 3337 2262 3380
1 4 2261 2305 2304 3380
1 4 2261 2304 3379 3380
1 4 2261 3336 3337 3380
1 4 2261 3379 3336 3380
1 4 2262 2263 2306 3381
1 4 2262 3338 2263 3381
1 4 2262 2306 2305 3381
1 4 2262 2305 3380 3381
1 4 2262 3337 3338 3381
1 4 2262 3380 3337 3381
1 4 2263 2264 2307 3382
1 4 2263 3339 2264 3382
1 4 2263 2307 2306 3382
1 4 2263 2306 3381 3382
1 4 2263 3338 3339 3382
1 4 2263 3381 3338 3382
1 4 2264 2265 2308 3383
1 4 2264 3340 2265 3383
1 4 2264 2308 2307 3383
1 4 2264 2307 3382 3383
1 4 2264 3339 3340 3383
1 4 2264 3382 3339 3383
1 4 2265 2266 2309 3384
1 4 2265 3341 2266 3384
1 4 2265 2309 2308 3384
1 4 2265 2308 3383 3384
1 4 2265 3340 3341 3384
1 4 2265 3383 3340 3384
1 4 2266 2267 2310 3385
1 4 2266 3342 2267 3385
1 4 2266 2310 2309 3385
1 4 2266 2309 3384 3385
1 4 2266 3341 3342 3385
1 4 2266 3384 3341 3385
1 4 2267 2268 2311 3386
1 4 2267 3343 2268 3386
1 4 2267 2311 2310 3386
1 4 2267 2310 3385 3386
1 4 2267 3342 3343 3386
1 4 2267 3385 3342 3386
1 4 2268 2269 2312 3387
1 4 2268 3344 2269 3387
1 4 2268 2312 2311 3387
1 4 2268 2311 3386 3387
1 4 2268 3343 3344 3387
1 4 2268 3386 3343 3387
1 4 2269 2270 2313 3388
1 4 2269 3345 2270 3388
1 4 2269 2313 2312 3388
1 4 2269 2312 3387 3388
1 4 2269 3344 3345 3388
1 4 2269 3387 3344 3388
1 4 2270 2271 2314 3389
1 4 2270 3346 2271 3389
1 4 2270 2314 2313 3389
1 4 2270 2313 3388 3389
1 4 2270 3345 3346 3389
1 4 2270 3388 3345 3389
1 4 2271 2272 2315 3390
1 4 2271 3347 2272 3390
1 4 2271 2315 2314 3390
1 4 2271 2314 3389 3390
1 4 2271 3346 3347 3390
1 4 2271 3389 3346 3390
1 4 2272 2273 2316 3391
1 4 2272 3348 2273 3391
1 4 2272 2316 2315 3391
1 4 2272 2315 3390 3391
1 4 2272 3347 3348 3391
1 4 2272 3390 3347 3391
1 4 2273 2274 2317 3392
1 4 2273 3349 2274 3392
1 4 2273 2317 2316 3392
1 4 2273 2316 3391 3392
1 4 2273 3348 3349 3392
1 4 2273 3391 3348 3392
1 4 2274 2275 2318 3393
1 4 2274 3350 2275 3393
1 4 2274 2318 2317 3393
1 4 2274 2317 3392 3393
1 4 2274 3349 3350 3393
1 4 2274 3392 3349 3393
1 4 2275 2276 2319 3394
1 4 2275 3351 2276 3394
1 4 2275 2319 2318 3394
1 4 2275 2318 3393 3394
1 4 2275 3350 3351 3394
1 4 2275 3393 3350 3394
1 4 2276 2277 2320 3395
1 4 2276 3352 2277 3395
1 4 2276 2320 2319 3395
1 4 2276 2319 3394 3395
1 4 2276 3351 3352 3395
1 4 2276 3394 3351 3395
1 4 2277 2278 2321 3396
1 4 2277 3353 2278 3396
1 4 2277 2321 2320 3396
1 4 2277 2320 3395 3396
1 4 2277 3352 3353 3396
1 4 2277 3395 3352 3396
1 4 2279 2280 2323 3398
1 4 2279 3355 2280 3398
1 4 2279 2323 2322 3398
1 4 2279 2322 3397 3398
1 4 2279 3354 3355 3398
1 4 2279 3397 3354 3398
1 4 2280 2281 2324 3399
1 4 2280 3356 2281 3399
1 4 2280 2324 2323 3399
1 4 2280 2323 3398 3399
1 4 2280 3355 3356 3399
1 4 2280 3398 3355 3399
1 4 2281 2282 2325 3400
1 4 2281 3357 2282 3400
1 4 2281 2325 2324 3400
1 4 2281 2324 3399 3400
1 4 2281 3356 3357 3400
1 4 2281 3399 3356 3400
1 4 2282 2283 2326 3401
1 4 2282 3358 2283 3401
1 4 2282 2326 2325 3401
1 4 2282 2325 3400 3401
1 4 2282 3357 3358 3401
1 4 2282 3400 3357 3401
1 4 2283 2284 2327 3402
1 4 2283 3359 2284 3402
1 4 2283 2327 2326 3402
1 4 2283 2326 3401 3402
1 4 2283 3358 3359 3402
1 4 2283 3401 3358 3402
1 4 2284 2285 2328 3403
1 4 2284 3360 2285 3403
1 4 2284 2328 2327 3403
1 4 2284 2327 3402 3403
1 4 2284 3359 3360 3403
1 4 2284 3402 3359 3403
1 4 2285 2286 2329 3404
1 4 2285 3361 2286 3404
1 4 2285 2329 2328 3404
1 4 2285 2328 3403 3404
1 4 2285 3360 3361 3404
1 4 2285 3403 3360 3404
1 4 2286 2287 2330 3405
1 4 2286 3362 2287 3405
1 4 2286 2330 2329 3405
1 4 2286 2329 3404 3405
1 4 2286 3361 3362 3405
1 4 2286 3404 3361 3405
1 4 2287 2288 2331 3406
1 4 2287 3363 2288 3406
1 4 2287 2331 2330 3406
1 4 2287 2330 3405 3406
1 4 2287 3362 3363 3406
1 4 2287 3405 3362 3406
1 4 2288 2289 2332 3407
1 4 2288 3364 2289 3407
1 4 2288 2332 2331 3407
1 4 2288 2331 3406 3407
1 4 2288 3363 3364 3407
1 4 2288 3406 3363 3407
1 4 2289 2290 2333 3408
1 4 2289 3365 2290 3408
1 4 2289 2333 2332 3408
1 4 2289 2332 3407 3408
1 4 2289 3364 3365 3408
1 4 2289 3407 3364 3408
1 4 2290 2291 2334 3409
1 4 2290 3366 2291 3409
1 4 2290 2334 2333 3409
1 4 2290 2333 3408 3409
1 4 2290 3365 3366 3409
1 4 2290 3408 3365 3409
1 4 2291 2292 2335 3410
1 4 2291 3367 2292 3410
1 4 2291 2335 2334 3410
1 4 2291 2334 3409 3410
1 4 2291 3366 3367 3410
1 4 2291 3409 3366 3410
1 4 2292 2293 2336 3411
1 4 2292 3368 2293 3411
1 4 2292 2336 2335 3411
1 4 2292 2335 3410 3411
1 4 2292 3367 3368 3411
1 4 2292 3410 3367 3411
1 4 2293 2294 2337 3412
1 4 2293 3369 2294 3412
1 4 2293 2337 2336 3412
1 4 2293 2336 3411 3412
1 4 2293 3368 3369 3412
1 4 2293 3411 3368 3412
1 4 2294 2295 2338 3413
1 4 2294 3370 2295 3413
1 4 2294 2338 2337 3413
1 4 2294 2337 3412 3413
1 4 2294 3369 3370 3413
1 4 2294 3412 3369 3413
1 4 2295 2296 2339 3414
1 4 2295 3371 2296 3414
1 4 2295 2339 2338 3414
1 4 2295 2338 3413 3414
1 4 2295 3370 3371 3414
1 4 2295 3413 3370 3414
1 4 2296 2297 2340 3415
1 4 2296 3372 2297 3415
1 4 2296 2340 2339 3415
1 4 2296 2339 3414 3415
1 4 2296 3371 3372 3415
1 4 2296 3414 3371 3415
1 4 2297 2298 2341 3416
1 4 2297 3373 2298 3416
1 4 2297 2341 2340 3416
1 4 2297 2340 3415 3416
1 4 2297 3372 3373 3416
1 4 2297 3415 3372 3416
1 4 2298 2299 2342 3417
1 4 2298 3374 2299 3417
1 4 2298 2342 2341 3417
1 4 2298 2341 3416 3417
1 4 2298 3373 3374 3417
1 4 2298 3416 3373 3417
1 4 2299 2300 2343 3418
1 4 2299 3375 2300 3418
1 4 2299 2343 2342 3418
1 4 2299 2342 3417 3418
1 4 2299 3374 3375 3418
1 4 2299 3417 3374 3418
1 4 2300 2301 2344 3419
1 4 2300 3376 2301 3419
1 4 2300 2344 2343 3419
1 4 2300 2343 3418 3419
1 4 2300 3375 3376 3419
1 4 2300 3418 3375 3419
1 4 2301 2302 2345 3420
1 4 2301 3377 2302 3420
1 4 2301 2345 2344 3420
1 4 2301 2344 3419 3420
1 4 2301 3376 3377 3420
1 4 2301 3419 3376 3420
1 4 2302 2303 2346 3421
1 4 2302 3378 2303 3421
1 4 2302 2346 2345 3421
1 4 2302 2345 3420 3421
1 4 2302 3377 3378 3421
1 4 2302 3420 3377 3421
1 4 2303 2304 2347 3422
1 4 2303 3379 2304 3422
1 4 2303 2347 2346 3422
1 4 2303 2346 3421 3422
1 4 2303 3378 3379 3422
1 4 2303 3421 3378 3422
1 4 2304 2305 2348 3423
1 4 2304 3380 2305 3423
1 4 2304 2348 2347 3423
1 4 2304 2347 3422 3423
1 4 2304 3379 3380 3423
1 4 2304 3422 3379 3423
1 4 2305 2306 2349 3424
1 4 2305 3381 2306 3424
1 4 2305 2349 2348 3424
1 4 2305 2348 3423 3424
1 4 2305 3380 3381 3424
1 4 2305 3423 3380 3424
1 4 2306 2307 2350 3425
1 4 2306 3382 2307 3425
1 4 2306 2350 2349 3425
1 4 2306 2349 3424 3425
1 4 2306 3381 3382 3425
1 4 2306 3424 3381 3425
1 4 2307 2308 2351 3426
1 4 2307 3383 2308 3426
1 4 2307 2351 2350 3426
1 4 2307 2350 3425 3426
1 4 2307 3382 3383 3426
1 4 2307 3425 3382 3426
1 4 2308 2309 2352 3427
1 4 2308 3384 2309 3427
1 4 2308 2352 2351 3427
1 4 2308 2351 3426 3427
1 4 2308 3383 3384 3427
1 4 2308 3426 3383 3427
1 4 2309 2310 2353 3428
1 4 2309 3385 2310 3428
1 4 2309 2353 2352 3428
1 4 2309 2352 3427 3428
1 4 2309 3384 3385 3428
1 4 2309 3427 3384 3428
1 4 2310 2311 2354 3429
1 4 2310 3386 2311 3429
1 4 2310 2354 2353 3429
1 4 2310 2353 3428 3429
1 4 2310 3385 3386 3429
1 4 2310 3428 3385 3429
1 4 2311 2312 2355 3430
1 4 2311 3387 2312 3430
1 4 2311 2355 2354 3430
1 4 2311 2354 3429 3430
1 4 2311 3386 3387 3430
1 4 2311 3429 3386 3430
1 4 2312 2313 2356 3431
1 4 2312 3388 2313 3431
1 4 2312 2356 2355 3431
1 4 2312 2355 3430 3431
1 4 2312 3387 3388 3431
1 4 2312 3430 3387 3431
1 4 2313 2314 2357 3432
1 4 2313 3389 2314 3432
1 4 2313 2357 2356 3432
1 4 2313 2356 3431 3432
1 4 2313 3388 3389 3432
1 4 2313 3431 3388 3432
1 4 2314 2315 2358 3433
1 4 2314 3390 2315 3433
1 4 2314 2358 2357 3433
1 4 2314 2357 3432 3433
1 4 2314 3389 3390 3433
1 4 2314 3432 3389 3433
1 4 2315 2316 2359 3434
1 4 2315 3391 2316 3434
1 4 2315 2359 2358 3434
1 4 2315 2358 3433 3434
1 4 2315 3390 3391 3434
1 4 2315 3433 3390 3434
1 4 2316 2317 2360 3435
1 4 2316 3392 2317 3435
1 4 2316 2360 2359 3435
1 4 2316 2359 3434 3435
1 4 2316 3391 3392 3435
1 4 2316 3434 3391 3435
1 4 2317 2318 2361 3436
1 4 2317 3393 2318 3436
1 4 2317 2361 2360 3436
1 4 2317 2360 3435 3436
1 4 2317 3392 3393 3436
1 4 2317 3435 3392 3436
1 4 2318 2319 2362 3437
1 4 2318 3394 2319 3437
1 4 2318 2362 2361 3437
1 4 2318 2361 3436 3437
1 4 2318 3393 3394 3437
1 4 2318 3436 3393 3437
1 4 2319 2320 2363 3438
1 4 2319 3395 2320 3438
1 4 2319 2363 2362 3438
1 4 2319 2362 3437 3438
1 4 2319 3394 3395 3438
1 4 2319 3437 3394 3438
1 4 2320 2321 2364 3439
1 4 2320 3396 2321 3439
1 4 2320 2364 2363 3439
1 4 2320 2363 3438 3439
1 4 2320 3395 3396 3439
1 4 2320 3438 3395 3439
1 4 2322 2323 2366 3441
1 4 2322 3398 2323 3441
1 4 2322 2366 2365 3441
1 4 2322 2365 3440 3441
1 4 2322 3397 3398 3441
1 4 2322 3440 3397 3441
1 4 2323 2324 2367 3442
1 4 2323 3399 2324 3442
1 4 2323 2367 2366 3442
1 4 2323 2366 3441 3442
1 4 2323 3398 3399 3442
1 4 2323 3441 3398 3442
1 4 2324 2325 2368 3443
1 4 2324 3400 2325 3443
1 4 2324 2368 2367 3443
1 4 2324 2367 3442 3443
1 4 2324 3399 3400 3443
1 4 2324 3442 3399 3443
1 4 2325 2326 2369 3444
1 4 2325 3401 2326 3444
1 4 2325 2369 2368 3444
1 4 2325 2368 3443 3444
1 4 2325 3400 3401 3444
1 4 2325 3443 3400 3444
1 4 2326 2327 2370 3445
1 4 2326 3402 2327 3445
1 4 2326 2370 2369 3445
1 4 2326 2369 3444 3445
1 4 2326 3401 3402 3445
1 4 2326 3444 3401 3445
1 4 2327 2328 2371 3446
1 4 2327 3403 2328 3446
1 4 2327 2371 2370 3446
1 4 2327 2370 3445 3446
1 4 2327 3402 3403 3446
1 4 2327 3445 3402 3446
1 4 2328 2329 2372 3447
1 4 2328 3404 2329 3447
1 4 2328 2372 2371 3447
1 4 2328 2371 3446 3447
1 4 2328 3403 3404 3447
1 4 2328 3446 3403 3447
1 4 2329 2330 2373 3448
1 4 2329 3405 2330 3448
1 4 2329 2373 2372 3448
1 4 2329 2372 3447 3448
1 4 2329 3404 3405 3448
1 4 2329 3447 3404 3448
1 4 2330 2331 2374 3449
1 4 2330 3406 2331 3449
1 4 2330 2374 2373 3449
1 4 2330 2373 3448 3449
1 4 2330 3405 3406 3449
1 4 2330 3448 3405 3449
1 4 2331 2332 2375 3450
1 4 2331 3407 2332 3450
1 4 2331 2375 2374 3450
1 4 2331 2374 3449 3450
1 4 2331 3406 3407 3450
1 4 2331 3449 3406 3450
1 4 2332 2333 2376 3451
1 4 2332 3408 2333 3451
1 4 2332 2376 2375 3451
1 4 2332 2375 3450 3451
1 4 2332 3407 3408 3451
1 4 2332 3450 3407 3451
1 4 2333 2334 2377 3452
1 4 2333 3409 2334 3452
1 4 2333 2377 2376 3452
1 4 2333 2376 3451 3452
1 4 2333 3408 3409 3452
1 4 2333 3451 3408 3452
1 4 2334 2335 2378 3453
1 4 2334 3410 2335 3453
1 4 2334 2378 2377 3453
1 4 2334 2377 3452 3453
1 4 2334 3409 3410 3453
1 4 2334 3452 3409 3453
1 4 2335 2336 2379 3454
1 4 2335 3411 2336 3454
1 4 2335 2379 2378 3454
1 4 2335 2378 3453 3454
1 4 2335 3410 3411 3454
1 4 2335 3453 3410 3454
1 4 2336 2337 2380 3455
1 4 2336 3412 2337 3455
1 4 2336 2380 2379 3455
1 4 2336 2379 3454 3455
1 4 2336 3411 3412 3455
1 4 2336 3454 3411 3455
1 4 2337 2338 2381 3456
1 4 2337 3413 2338 3456
1 4 2337 2381 2380 3456
1 4 2337 2380 3455 3456
1 4 2337 3412 3413 3456
1 4 2337 3455 3412 3456
1 4 2338 2339 2382 3457
1 4 2338 3414 2339 3457
1 4 2338 2382 2381 3457
1 4 2338 2381 3456 3457
1 4 2338 3413 3414 3457
1 4 2338 3456 3413 3457
1 4 2339 2340 2383 3458
1 4 2339 3415 2340 3458
1 4 2339 2383 2382 3458
1 4 2339 2382 3457 3458
1 4 2339 3414 3415 3458
1 4 2339 3457 3414 3458
1 4 2340 2341 2384 3459
1 4 2340 3416 2341 3459
1 4 2340 2384 2383 3459
1 4 2340 2383 3458 3459
1 4 2340 3415 3416 3459
1 4 2340 3458 3415 3459
1 4 2341 2342 2385 3460
1 4 2341 3417 2342 3460
1 4 2341 2385 2384 3460
1 4 2341 2384 3459 3460
1 4 2341 3416 3417 3460
1 4 2341 3459 3416 3460
1 4 2342 2343 2386 3461
1 4 2342 3418 2343 3461
1 4 2342 2386 2385 3461
1 4 2342 2385 3460 3461
1 4 2342 3417 3418 3461
1 4 2342 3460 3417 3461
1 4 2343 2344 2387 3462
1 4 2343 3419 2344 3462
1 4 2343 2387 2386 3462
1 4 2343 2386 3461 3462
1 4 2343 3418 3419 3462
1 4 2343 3461 3418 3462
1 4 2344 2345 2388 3463
1 4 2344 3420 2345 3463
1 4 2344 2388 2387 3463
1 4 2344 2387 3462 3463
1 4 2344 3419 3420 3463
1 4 2344 3462 3419 3463
1 4 2345 2346 2389 3464
1 4 2345 3421 2346 3464
1 4 2345 2389 2388 3464
1 4 2345 2388 3463 3464
1 4 2345 3420 3421 3464
1 4 2345 3463 3420 3464
1 4 2346 2347 2390 3465
1 4 2346 3422 2347 3465
1 4 2346 2390 2389 3465
1 4 2346 2389 3464 3465
1 4 2346 3421 3422 3465
1 4 2346 3464 3421 3465
1 4 2347 2348 2391 3466
1 4 2347 3423 2348 3466
1 4 2347 2391 2390 3466
1 4 2347 2390 3465 3466
1 4 2347 3422 3423 3466
1 4 2347 3465 3422 3466
1 4 2348 2349 2392 3467
1 4 2348 3424 2349 3467
1 4 2348 2392 2391 3467
1 4 2348 2391 3466 3467
1 4 2348 3423 3424 3467
1 4 2348 3466 3423 3467
1 4 2349 2350 2393 3468
1 4 2349 3425 2350 3468
1 4 2349 2393 2392 3468
1 4 2349 2392 3467 3468
1 4 2349 3424 3425 3468
1 4 2349 3467 3424 3468
1 4 2350 2351 2394 3469
1 4 2350 3426 2351 3469
1 4 2350 2394 2393 3469
1 4 2350 2393 3468 3469
1 4 2350 3425 3426 3469
1 4 2350 3468 3425 3469
1 4 2351 2352 2395 3470
1 4 2351 3427 2352 3470
1 4 2351 2395 2394 3470
1 4 2351 2394 3469 3470
1 4 2351 3426 3427 3470
1 4 2351 3469 3426 3470
1 4 2352 2353 2396 3471
1 4 2352 3428 2353 3471
1 4 2352 2396 2395 3471
1 4 2352 2395 3470 3471
1 4 2352 3427 3428 3471
1 4 2352 3470 3427 3471
1 4 2353 2354 2397 3472
1 4 2353 3429 2354 3472
1 4 2353 2397 2396 3472
1 4 2353 2396 3471 3472
1 4 2353 3428 3429 3472
1 4 2353 3471 3428 3472
1 4 2354 2355 2398 3473
1 4 2354 3430 2355 3473
1 4 2354 2398 2397 3473
1 4 2354 2397 3472 3473
1 4 2354 3429 3430 3473
1 4 2354 3472 3429 3473
1 4 2355 2356 2399 3474
1 4 2355 3431 2356 3474
1 4 2355 2399 2398 3474
1 4 2355 2398 3473 3474
1 4 2355 3430 3431 3474
1 4 2355 3473 3430 3474
1 4 2356 2357 2400 3475
1 4 2356 3432 2357 3475
1 4 2356 2400 2399 3475
1 4 2356 2399 3474 3475
1 4 2356 3431 3432 3475
1 4 2356 3474 3431 3475
1 4 2357 2358 2401 3476
1 4 2357 3433 2358 3476
1 4 2357 2401 2400 3476
1 4 2357 2400 3475 3476
1 4 2357 3432 3433 3476
1 4 2357 3475 3432 3476
1 4 2358 2359 2402 3477
1 4 2358 3434 2359 3477
1 4 2358 2402 2401 3477
1 4 2358 2401 3476 3477
1 4 2358 3433 3434 3477
1 4 2358 3476 3433 3477
1 4 2359 2360 2403 3478
1 4 2359 3435 2360 3478
1 4 2359 2403 2402 3478
1 4 2359 2402 3477 3478
1 4 2359 3434 3435 3478
1 4 2359 3477 3434 3478
1 4 2360 2361 2404 3479
1 4 2360 3436 2361 3479
1 4 2360 2404 2403 3479
1 4 2360 2403 3478 3479
1 4 2360 3435 3436 3479
1 4 2360 3478 3435 3479
1 4 2361 2362 2405 3480
1 4 2361 3437 2362 3480
1 4 2361 2405 2404 3480
1 4 2361 2404 3479 3480
1 4 2361 3436 3437 3480
1 4 2361 3479 3436 3480
1 4 2362 2363 2406 3481
1 4 2362 3438 2363 3481
1 4 2362 2406 2405 3481
1 4 2362 2405 3480 3481
1 4 2362 3437 3438 3481
1 4 2362 3480 3437 3481
1 4 2363 2364 2407 3482
1 4 2363 3439 2364 3482
1 4 2363 2407 2406 3482
1 4 2363 2406 3481 3482
1 4 2363 3438 3439 3482
1 4 2363 3481 3438 3482
1 4 2365 2366 2409 3484
1 4 2365 3441 2366 3484
1 4 2365 2409 2408 3484
1 4 2365 2408 3483 3484
1 4 2365 3440 3441 3484
1 4 2365 3483 3440 3484
1 4 2366 2367 2410 3485
1 4 2366 3442 2367 3485
1 4 2366 2410 2409 3485
1 4 2366 2409 3484 3485
1 4 2366 3441 3442 3485
1 4 2366 3484 3441 3485
1 4 2367 2368 2411 3486
1 4 2367 3443 2368 3486
1 4 2367 2411 2410 3486
1 4 2367 2410 3485 3486
1 4 2367 3442 3443 3486
1 4 2367 3485 3442 3486
1 4 2368 2369 2412 3487
1 4 2368 3444 2369 3487
1 4 2368 2412 2411 3487
1 4 2368 2411 3486 3487
1 4 2368 3443 3444 3487
1 4 2368 3486 3443 3487
1 4 2369 2370 2413 3488
1 4 2369 3445 2370 3488
1 4 2369 2413 2412 3488
1 4 2369 2412 3487 3488
1 4 2369 3444 3445 3488
1 4 2369 3487 3444 3488
1 4 2370 2371 2414 3489
1 4 2370 3446 2371 3489
1 4 2370 2414 2413 3489
1 4 2370 2413 3488 3489
1 4 2370 3445 3446 3489
1 4 2370 3488 3445 3489
1 4 2371 2372 2415 3490
1 4 2371 3447 2372 3490
1 4 2371 2415 2414 3490
1 4 2371 2414 3489 3490
1 4 2371 3446 3447 3490
1 4 2371 3489 3446 3490
1 4 2372 2373 2416 3491
1 4 2372 3448 2373 3491
1 4 2372 2416 2415 3491
1 4 2372 2415 3490 3491
1 4 2372 3447 3448 3491
1 4 2372 3490 3447 3491
1 4 2373 2374 2417 3492
1 4 2373 3449 2374 3492
1 4 2373 2417 2416 3492
1 4 2373 2416 3491 3492
1 4 2373 3448 3449 3492
1 4 2373 3491 3448 3492
1 4 2374 2375 2418 3493
1 4 2374 3450 2375 3493
1 4 2374 2418 2417 3493
1 4 2374 2417 3492 3493
1 4 2374 3449 3450 3493
1 4 2374 3492 3449 3493
1 4 2375 2376 2419 3494
1 4 2375 3451 2376 3494
1 4 2375 2419 2418 3494
1 4 2375 2418 3493 3494
1 4 2375 3450 3451 3494
1 4 2375 3493 3450 3494
1 4 2376 2377 2420 3495
1 4 2376 3452 2377 3495
1 4 2376 2420 2419 3495
1 4 2376 2419 3494 3495
1 4 2376 3451 3452 3495
1 4 2376 3494 3451 3495
1 4 2377 2378 2421 3496
1 4 2377 3453 2378 3496
1 4 2377 2421 2420 3496
1 4 2377 2420 3495 3496
1 4 2377 3452 3453 3496
1 4 2377 3495 3452 3496
1 4 2378 2379 2422 3497
1 4 2378 3454 2379 3497
1 4 2378 2422 2421 3497
1 4 2378 2421 3496 3497
1 4 2378 3453 3454 3497
1 4 2378 3496 3453 3497
1 4 2379 2380 2423 3498
1 4 2379 3455 2380 3498
1 4 2379 2423 2422 3498
1 4 2379 2422 3497 3498
1 4 2379 3454 3455 3498
1 4 2379 3497 3454 3498
1 4 2380 2381 2424 3499
1 4 2380 3456 2381 3499
1 4 2380 2424 2423 3499
1 4 2380 2423 3498 3499
1 4 2380 3455 3456 3499
1 4 2380 3498 3455 3499
1 4 2381 2382 2425 3500
1 4 2381 3457 2382 3500
1 4 2381 2425 2424 3500
1 4 2381 2424 3499 3500
1 4 2381 3456 3457 3500
1 4 2381 3499 3456 3500
1 4 2382 2383 2426 3501
1 4 2382 3458 2383 3501
1 4 2382 2426 2425 3501
1 4 2382 2425 3500 3501
1 4 2382 3457 3458 3501
1 4 2382 3500 3457 3501
1 4 2383 2384 2427 3502
1 4 2383 3459 2384 3502
1 4 2383 2427 2426 3502
1 4 2383 2426 3501 3502
1 4 2383 3458 3459 3502
1 4 2383 3501 3458 3502
1 4 2384 2385 2428 3503
1 4 2384 3460 2385 3503
1 4 2384 2428 2427 3503
1 4 2384 2427 3502 3503
1 4 2384 3459 3460 3503
1 4 2384 3502 3459 3503
1 4 2385 2386 2429 3504
1 4 2385 3461 2386 3504
1 4 2385 2429 2428 3504
1 4 2385 2428 3503 3504
1 4 2385 3460 3461 3504
1 4 2385 3503 3460 3504
1 4 2386 2387 2430 3505
1 4 2386 3462 2387 3505
1 4 2386 2430 2429 3505
1 4 2386 2429 3504 3505
1 4 2386 3461 3462 3505
1 4 2386 3504 3461 3505
1 4 2387 2388 2431 3506
1 4 2387 3463 2388 3506
1 4 2387 2431 2430 3506
1 4 2387 2430 3505 3506
1 4 2387 3462 3463 3506
1 4 2387 3505 3462 3506
1 4 2388 2389 2432 3507
1 4 2388 3464 2389 3507
1 4 2388 2432 2431 3507
1 4 2388 2431 3506 3507
1 4 2388 3463 3464 3507
1 4 2388 3506 3463 3507
1 4 2389 2390 2433 3508
1 4 2389 3465 2390 3508
1 4 2389 2433 2432 3508
1 4 2389 2432 3507 3508
1 4 2389 3464 3465 3508
1 4 2389 3507 3464 3508
1 4 2390 2391 2434 3509
1 4 2390 3466 2391 3509
1 4 2390 2434 2433 3509
1 4 2390 2433 3508 3509
1 4 2390 3465 3466 3509
1 4 2390 3508 3465 3509
1 4 2391 2392 2435 3510
1 4 2391 3467 2392 3510
1 4 2391 2435 2434 3510
1 4 2391 2434 3509 3510
1 4 2391 3466 3467 3510
1 4 2391 3509 3466 3510
1 4 2392 2393 2436 3511
1 4 2392 3468 2393 3511
1 4 2392 2436 2435 3511
1 4 2392 2435 3510 3511
1 4 2392 3467 3468 3511
1 4 2392 3510 3467 3511
1 4 2393 2394 2437 3512
1 4 2393 3469 2394 3512
1 4 2393 2437 2436 3512
1 4 2393 2436 3511 3512
1 4 2393 3468 3469 3512
1 4 2393 3511 3468 3512
1 4 2394 2395 2438 3513
1 4 2394 3470 2395 3513
1 4 2394 2438 2437 3513
1 4 2394 2437 3512 3513
1 4 2394 3469 3470 3513
1 4 2394 3512 3469 3513
1 4 2395 2396 2439 3514
1 4 2395 3471 2396 3514
1 4 2395 2439 2438 3514
1 4 2395 2438 3513 3514
1 4 2395 3470 3471 3514
1 4 2395 3513 3470 3514
1 4 2396 2397 2440 3515
1 4 2396 3472 2397 3515
1 4 2396 2440 2439 3515
1 4 2396 2439 3514 3515
1 4 2396 3471 3472 3515
1 4 2396 3514 3471 3515
1 4 2397 2398 2441 3516
1 4 2397 3473 2398 3516
1 4 2397 2441 2440 3516
1 4 2397 2440 3515 3516
1 4 2397 3472 3473 3516
1 4 2397 3515 3472 3516
1 4 2398 2399 2442 3517
1 4 2398 3474 2399 3517
1 4 2398 2442 2441 3517
1 4 2398 2441 3516 3517
1 4 2398 3473 3474 3517
1 4 2398 3516 3473 3517
1 4 2399 2400 2443 3518
1 4 2399 3475 2400 3518
1 4 2399 2443 2442 3518
1 4 2399 2442 3517 3518
1 4 2399 3474 3475 3518
1 4 2399 3517 3474 3518
1 4 2400 2401 2444 3519
1 4 2400 3476 2401 3519
1 4 2400 2444 2443 3519
1 4 2400 2443 3518 3519
1 4 2400 3475 3476 3519
1 4 2400 3518 3475 3519
1 4 2401 2402 2445 3520
1 4 2401 3477 2402 3520
1 4 2401 2445 2444 3520
1 4 2401 2444 3519 3520
1 4 2401 3476 3477 3520
1 4 2401 3519 3476 3520
1 4 2402 2403 2446 3521
1 4 2402 3478 2403 3521
1 4 2402 2446 2445 3521
1 4 2402 2445 3520 3521
1 4 2402 3477 3478 3521
1 4 2402 3520 3477 3521
1 4 2403 2404 2447 3522
1 4 2403 3479 2404 3522
1 4 2403 2447 2446 3522
1 4 2403 2446 3521 3522
1 4 2403 3478 3479 3522
1 4 2403 3521 3478 3522
1 4 2404 2405 2448 3523
1 4 2404 3480 2405 3523
1 4 2404 2448 2447 3523
1 4 2404 2447 3522 3523
1 4 2404 3479 3480 3523
1 4 2404 3522 3479 3523
1 4 2405 2406 2449 3524
1 4 2405 3481 2406 3524
1 4 2405 2449 2448 3524
1 4 2405 2448 3523 3524
1 4 2405 3480 3481 3524
1 4 2405 3523 3480 3524
1 4 2406 2407 2450 3525
1 4 2406 3482 2407 3525
1 4 2406 2450 2449 3525
1 4 2406 2449 3524 3525
1 4 2406 3481 3482 3525
1 4 2406 3524 3481 3525
1 4 2408 2409 2452 3527
1 4 2408 3484 2409 3527
1 4 2408 2452 2451 3527
1 4 2408 2451 3526 3527
1 4 2408 3483 3484 3527
1 4 2408 3526 3483 3527
1 4 2409 2410 2453 3528
1 4 2409 3485 2410 3528
1 4 2409 2453 2452 3528
1 4 2409 2452 3527 3528
1 4 2409 3484 3485 3528
1 4 2409 3527 3484 3528
1 4 2410 2411 2454 3529
1 4 2410 3486 2411 3529
1 4 2410 2454 2453 3529
1 4 2410 2453 3528 3529
1 4 2410 3485 3486 3529
1 4 2410 3528 3485 3529
1 4 2411 2412 2455 3530
1 4 2411 3487 2412 3530
1 4 2411 2455 2454 3530
1 4 2411 2454 3529 3530
1 4 2411 3486 3487 3530
1 4 2411 3529 3486 3530
1 4 2412 2413 2456 3531
1 4 2412 3488 2413 3531
1 4 2412 2456 2455 3531
1 4 2412 2455 3530 3531
1 4 2412 3487 3488 3531
1 4 2412 3530 3487 3531
1 4 2413 2414 2457 3532
1 4 2413 3489 2414 3532
1 4 2413 2457 2456 3532
1 4 2413 2456 3531 3532
1 4 2413 3488 3489 3532
1 4 2413 3531 3488 3532
1 4 2414 2415 2458 3533
1 4 2414 3490 2415 3533
1 4 2414 2458 2457 3533
1 4 2414 2457 3532 3533
1 4 2414 3489 3490 3533
1 4 2414 3532 3489 3533
1 4 2415 2416 2459 3534
1 4 2415 3491 2416 3534
1 4 2415 2459 2458 3534
1 4 2415 2458 3533 3534
1 4 2415 3490 3491 3534
1 4 2415 3533 3490 3534
1 4 2416 2417 2460 3535
1 4 2416 3492 2417 3535
1 4 2416 2460 2459 3535
1 4 2416 2459 3534 3535
1 4 2416 3491 3492 3535
1 4 2416 3534 3491 3535
1 4 2417 2418 2461 3536
1 4 2417 3493 2418 3536
1 4 2417 2461 2460 3536
1 4 2417 2460 3535 3536
1 4 2417 3492 3493 3536
1 4 2417 3535 3492 3536
1 4 2418 2419 2462 3537
1 4 2418 3494 2419 3537
1 4 2418 2462 2461 3537
1 4 2418 2461 3536 3537
1 4 2418 3493 3494 3537
1 4 2418 3536 3493 3537
1 4 2419 2420 2463 3538
1 4 2419 3495 2420 3538
1 4 2419 2463 2462 3538
1 4 2419 2462 3537 3538
1 4 2419 3494 3495 3538
1 4 2419 3537 3494 3538
1 4 2420 2421 2464 3539
1 4 2420 3496 2421 3539
1 4 2420 2464 2463 3539
1 4 2420 2463 3538 3539
1 4 2420 3495 3496 3539
1 4 2420 3538 3495 3539
1 4 2421 2422 2465 3540
1 4 2421 3497 2422 3540
1 4 2421 2465 2464 3540
1 4 2421 2464 3539 3540
1 4 2421 3496 3497 3540
1 4 2421 3539 3496 3540
1 4 2422 2423 2466 3541
1 4 2422 3498 2423 3541
1 4 2422 2466 2465 3541
1 4 2422 2465 3540 3541
1 4 2422 3497 3498 3541
1 4 2422 3540 3497 3541
1 4 2423 2424 2467 3542
1 4 2423 3499 2424 3542
1 4 2423 2467 2466 3542
1 4 2423 2466 3541 3542
1 4 2423 3498 3499 3542
1 4 2423 3541 3498 3542
1 4 2424 2425 2468 3543
1 4 2424 3500 2425 3543
1 4 2424 2468 2467 3543
1 4 2424 2467 3542 3543
1 4 2424 3499 3500 3543
1 4 2424 3542 3499 3543
1 4 2425 2426 2469 3544
1 4 2425 3501 2426 3544
1 4 2425 2469 2468 3544
1 4 2425 2468 3543 3544
1 4 2425 3500 3501 3544
1 4 2425 3543 3500 3544
1 4 2426 2427 2470 3545
1 4 2426 3502 2427 3545
1 4 2426 2470 2469 3545
1 4 2426 2469 3544 3545
1 4 2426 3501 3502 3545
1 4 2426 3544 3501 3545
1 4 2427 2428 2471 3546
1 4 2427 3503 2428 3546
1 4 2427 2471 2470 3546
1 4 2427 2470 3545 3546
1 4 2427 3502 3503 3546
1 4 2427 3545 3502 3546
1 4 2428 2429 2472 3547
1 4 2428 3504 2429 3547
1 4 2428 2472 2471 3547
1 4 2428 2471 3546 3547
1 4 2428 3503 3504 3547
1 4 2428 3546 3503 3547
1 4 2429 2430 2473 3548
1 4 2429 3505 2430 3548
1 4 2429 2473 2472 3548
1 4 2429 2472 3547 3548
1 4 2429 3504 3505 3548
1 4 2429 3547 3504 3548
1 4 2430 2431 2474 3549
1 4 2430 3506 2431 3549
1 4 2430 2474 2473 3549
1 4 2430 2473 3548 3549
1 4 2430 3505 3506 3549
1 4 2430 3548 3505 3549
1 4 2431 2432 2475 3550
1 4 2431 3507 2432 3550
1 4 2431 2475 2474 3550
1 4 2431 2474 3549 3550
1 4 2431 3506 3507 3550
1 4 2431 3549 3506 3550
1 4 2432 2433 2476 3551
1 4 2432 3508 2433 3551
1 4 2432 2476 2475 3551
1 4 2432 2475 3550 3551
1 4 2432 3507 3508 3551
1 4 2432 3550 3507 3551
1 4 2433 2434 2477 3552
1 4 2433 3509 2434 3552
1 4 2433 2477 2476 3552
1 4 2433 2476 3551 3552
1 4 2433 3508 3509 3552
1 4 2433 3551 3508 3552
1 4 2434 2435 2478 3553
1 4 2434 3510 2435 3553
1 4 2434 2478 2477 3553
1 4 2434 2477 3552 3553
1 4 2434 3509 3510 3553
1 4 2434 3552 3509 3553
1 4 2435 2436 2479 3554
1 4 2435 3511 2436 3554
1 4 2435 2479 2478 3554
1 4 2435 2478 3553 3554
1 4 2435 3510 3511 3554
1 4 2435 3553 3510 3554
1 4 2436 2437 2480 3555
1 4 2436 3512 2437 3555
1 4 2436 2480 2479 3555
1 4 2436 2479 3554 3555
1 4 2436 3511 3512 3555
1 4 2436 3554 3511 3555
1 4 2437 2438 2481 3556
1 4 2437 3513 2438 3556
1 4 2437 2481 2480 3556
1 4 2437 2480 3555 3556
1 4 2437 3512 3513 3556
1 4 2437 3555 3512 3556
1 4 2438 2439 2482 3557
1 4 2438 3514 2439 3557
1 4 2438 2482 2481 3557
1 4 2438 2481 3556 3557
1 4 2438 3513 3514 3557
1 4 2438 3556 3513 3557
1 4 2439 2440 2483 3558
1 4 2439 3515 2440 3558
1 4 2439 2483 2482 3558
1 4 2439 2482 3557 3558
1 4 2439 3514 3515 3558
1 4 2439 3557 3514 3558
1 4 2440 2441 2484 3559
1 4 2440 3516 2441 3559
1 4 2440 2484 2483 3559
1 4 2440 2483 3558 3559
1 4 2440 3515 3516 3559
1 4 2440 3558 3515 3559
1 4 2441 2442 2485 3560
1 4 2441 3517 2442 3560
1 4 2441 2485 2484 3560
1 4 2441 2484 3559 3560
1 4 2441 3516 3517 3560
1 4 2441 3559 3516 3560
1 4 2442 2443 2486 3561
1 4 2442 3518 2443 3561
1 4 2442 2486 2485 3561
1 4 2442 2485 3560 3561
1 4 2442 3517 3518 3561
1 4 2442 3560 3517 3561
1 4 2443 2444 2487 3562
1 4 2443 3519 2444 3562
1 4 2443 2487 2486 3562
1 4 2443 2486 3561 3562
1 4 2443 3518 3519 3562
1 4 2443 3561 3518 3562
1 4 2444 2445 2488 3563
1 4 2444 3520 2445 3563
1 4 2444 2488 2487 3563
1 4 2444 2487 3562 3563
1 4 2444 3519 3520 3563
1 4 2444 3562 3519 3563
1 4 2445 2446 2489 3564
1 4 2445 3521 2446 3564
1 4 2445 2489 2488 3564
1 4 2445 2488 3563 3564
1 4 2445 3520 3521 3564
1 4 2445 3563 3520 3564
1 4 2446 2447 2490 3565
1 4 2446 3522 2447 3565
1 4 2446 2490 2489 3565
1 4 2446 2489 3564 3565
1 4 2446 3521 3522 3565
1 4 2446 3564 3521 3565
1 4 2447 2448 2491 3566
1 4 2447 3523 2448 3566
1 4 2447 2491 2490 3566
1 4 2447 2490 3565 3566
1 4 2447 3522 3523 3566
1 4 2447 3565 3522 3566
1 4 2448 2449 2492 3567
1 4 2448 3524 2449 3567
1 4 2448 2492 2491 3567
1 4 2448 2491 3566 3567
1 4 2448 3523 3524 3567
1 4 2448 3566 3523 3567
1 4 2449 2450 2493 3568
1 4 2449 3525 2450 3568
1 4 2449 2493 2492 3568
1 4 2449 2492 3567 3568
1 4 2449 3524 3525 3568
1 4 2449 3567 3524 3568
1 4 2451 2452 2495 3570
1 4 2451 3527 2452 3570
1 4 2451 2495 2494 3570
1 4 2451 2494 3569 3570
1 4 2451 3526 3527 3570
1 4 2451 3569 3526 3570
1 4 2452 2453 2496 3571
1 4 2452 3528 2453 3571
1 4 2452 2496 2495 3571
1 4 2452 2495 3570 3571
1 4 2452 3527 3528 3571
1 4 2452 3570 3527 3571
1 4 2453 2454 2497 3572
1 4 2453 3529 2454 3572
1 4 2453 2497 2496 3572
1 4 2453 2496 3571 3572
1 4 2453 3528 3529 3572
1 4 2453 3571 3528 3572
1 4 2454 2455 2498 3573
1 4 2454 3530 2455 3573
1 4 2454 2498 2497 3573
1 4 2454 2497 3572 3573
1 4 2454 3529 3530 3573
1 4 2454 3572 3529 3573
1 4 2455 2456 2499 3574
1 4 2455 3531 2456 3574
1 4 2455 2499 2498 3574
1 4 2455 2498 3573 3574
1 4 2455 3530 3531 3574
1 4 2455 3573 3530 3574
1 4 2456 2457 2500 3575
1 4 2456 3532 2457 3575
1 4 2456 2500 2499 3575
1 4 2456 2499 3574 3575
1 4 2456 3531 3532 3575
1 4 2456 3574 3531 3575
1 4 2457 2458 2501 3576
1 4 2457 3533 2458 3576
1 4 2457 2501 2500 3576
1 4 2457 2500 3575 3576
1 4 2457 3532 3533 3576
1 4 2457 3575 3532 3576
1 4 2458 2459 2502 3577
1 4 2458 3534 2459 3577
1 4 2458 2502 2501 3577
1 4 2458 2501 3576 3577
1 4 2458 3533 3534 3577
1 4 2458 3576 3533 3577
1 4 2459 2460 2503 3578
1 4 2459 3535 2460 3578
1 4 2459 2503 2502 3578
1 4 2459 2502 3577 3578
1 4 2459 3534 3535 3578
1 4 2459 3577 3534 3578
1 4 2460 2461 2504 3579
1 4 2460 3536 2461 3579
1 4 2460 2504 2503 3579
1 4 2460 2503 3578 3579
1 4 2460 3535 3536 3579
1 4 2460 3578 3535 3579
1 4 2461 2462 2505 3580
1 4 2461 3537 2462 3580
1 4 2461 2505 2504 3580
1 4 2461 2504 3579 3580
1 4 2461 3536 3537 3580
1 4 2461 3579 3536 3580
1 4 2462 2463 2506 3581
1 4 2462 3538 2463 3581
1 4 2462 2506 2505 3581
1 4 2462 2505 3580 3581
1 4 2462 3537 3538 3581
1 4 2462 3580 3537 3581
1 4 2463 2464 2507 3582
1 4 2463 3539 2464 3582
1 4 2463 2507 2506 3582
1 4 2463 2506 3581 3582
1 4 2463 3538 3539 3582
1 4 2463 3581 3538 3582
1 4 2464 2465 2508 3583
1 4 2464 3540 2465 3583
1 4 2464 2508 2507 3583
1 4 2464 2507 3582 3583
1 4 2464 3539 3540 3583
1 4 2464 3582 3539 3583
1 4 2465 2466 2509 3584
1 4 2465 3541 2466 3584
1 4 2465 2509 2508 3584
1 4 2465 2508 3583 3584
1 4 2465 3540 3541 3584
1 4 2465 3583 3540 3584
1 4 2466 2467 2510 3585
1 4 2466 3542 2467 3585
1 4 2466 2510 2509 3585
1 4 2466 2509 3584 3585
1 4 2466 3541 3542 3585
1 4 2466 3584 3541 3585
1 4 2467 2468 2511 3586
1 4 2467 3543 2468 3586
1 4 2467 2511 2510 3586
1 4 2467 2510 3585 3586
1 4 2467 3542 3543 3586
1 4 2467 3585 3542 3586
1 4 2468 2469 2512 3587
1 4 2468 3544 2469 3587
1 4 2468 2512 2511 3587
1 4 2468 2511 3586 3587
1 4 2468 3543 3544 3587
1 4 2468 3586 3543 3587
1 4 2469 2470 2513 3588
1 4 2469 3545 2470 3588
1 4 2469 2513 2512 3588
1 4 2469 2512 3587 3588
1 4 2469 3544 3545 3588
1 4 2469 3587 3544 3588
1 4 2470 2471 2514 3589
1 4 2470 3546 2471 3589
1 4 2470 2514 2513 3589
1 4 2470 2513 3588 3589
1 4 2470 3545 3546 3589
1 4 2470 3588 3545 3589
1 4 2471 2472 2515 3590
1 4 2471 3547 2472 3590
1 4 2471 2515 2514 3590
1 4 2471 2514 3589 3590
1 4 2471 3546 3547 3590
1 4 2471 3589 3546 3590
1 4 2472 2473 2516 3591
1 4 2472 3548 2473 3591
1 4 2472 2516 2515 3591
1 4 2472 2515 3590 3591
1 4 2472 3547 3548 3591
1 4 2472 3590 3547 3591
1 4 2473 2474 2517 3592
1 4 2473 3549 2474 3592
1 4 2473 2517 2516 3592
1 4 2473 2516 3591 3592
1 4 2473 3548 3549 3592
1 4 2473 3591 3548 3592
1 4 2474 2475 2518 3593
1 4 2474 3550 2475 3593
1 4 2474 2518 2517 3593
1 4 2474 2517 3592 3593
1 4 2474 3549 3550 3593
1 4 2474 3592 3549 3593
1 4 2475 2476 2519 3594
1 4 2475 3551 2476 3594
1 4 2475 2519 2518 3594
1 4 2475 2518 3593 3594
1 4 2475 3550 3551 3594
1 4 2475 3593 3550 3594
1 4 2476 2477 2520 3595
1 4 2476 3552 2477 3595
1 4 2476 2520 2519 3595
1 4 2476 2519 3594 3595
1 4 2476 3551 3552 3595
1 4 2476 3594 3551 3595
1 4 2477 2478 2521 3596
1 4 2477 3553 2478 3596
1 4 2477 2521 2520 3596
1 4 2477 2520 3595 3596
1 4 2477 3552 3553 3596
1 4 2477 3595 3552 3596
1 4 2478 2479 2522 3597
1 4 2478 3554 2479 3597
1 4 2478 2522 2521 3597
1 4 2478 2521 3596 3597
1 4 2478 3553 3554 3597
1 4 2478 3596 3553 3597
1 4 2479 2480 2523 3598
1 4 2479 3555 2480 3598
1 4 2479 2523 2522 3598
1 4 2479 2522 3597 3598
1 4 2479 3554 3555 3598
1 4 2479 3597 3554 3598
1 4 2480 2481 2524 3599
1 4 2480 3556 2481 3599
1 4 2480 2524 2523 3599
1 4 2480 2523 3598 3599
1 4 2480 3555 3556 3599
1 4 2480 3598 3555 3599
1 4 2481 2482 2525 3600
1 4 2481 3557 2482 3600
1 4 2481 2525 2524 3600
1 4 2481 2524 3599 3600
1 4 2481 3556 3557 3600
1 4 2481 3599 3556 3600
1 4 2482 2483 2526 3601
1 4 2482 3558 2483 3601
1 4 2482 2526 2525 3601
1 4 2482 2525 3600 3601
1 4 2482 3557 3558 3601
1 4 2482 3600 3557 3601
1 4 2483 2484 2527 3602
1 4 2483 3559 2484 3602
1 4 2483 2527 2526 3602
1 4 2483 2526 3601 3602
1 4 2483 3558 3559 3602
1 4 2483 3601 3558 3602
1 4 2484 2485 2528 3603
1 4 2484 3560 2485 3603
1 4 2484 2528 2527 3603
1 4 2484 2527 3602 3603
1 4 2484 3559 3560 3603
1 4 2484 3602 3559 3603
1 4 2485 2486 2529 3604
1 4 2485 3561 2486 3604
1 4 2485 2529 2528 3604
1 4 2485 2528 3603 3604
1 4 2485 3560 3561 3604
1 4 2485 3603 3560 3604
1 4 2486 2487 2530 3605
1 4 2486 3562 2487 3605
1 4 2486 2530 2529 3605
1 4 2486 2529 3604 3605
1 4 2486 3561 3562 3605
1 4 2486 3604 3561 3605
1 4 2487 2488 2531 3606
1 4 2487 3563 2488 3606
1 4 2487 2531 2530 3606
1 4 2487 2530 3605 3606
1 4 2487 3562 3563 3606
1 4 2487 3605 3562 3606
1 4 2488 2489 2532 3607
1 4 2488 3564 2489 3607
1 4 2488 2532 2531 3607
1 4 2488 2531 3606 3607
1 4 2488 3563 3564 3607
1 4 2488 3606 3563 3607
1 4 2489 2490 2533 3608
1 4 2489 3565 2490 3608
1 4 2489 2533 2532 3608
1 4 2489 2532 3607 3608
1 4 2489 3564 3565 3608
1 4 2489 3607 3564 3608
1 4 2490 2491 2534 3609
1 4 2490 3566 2491 3609
1 4 2490 2534 2533 3609
1 4 2490 2533 3608 3609
1 4 2490 3565 3566 3609
1 4 2490 3608 3565 3609
1 4 2491 2492 2535 3610
1 4 2491 3567 2492 3610
1 4 2491 2535 2534 3610
1 4 2491 2534 3609 3610
1 4 2491 3566 3567 3610
1 4 2491 3609 3566 3610
1 4 2492 2493 2536 3611
1 4 2492 3568 2493 3611
1 4 2492 2536 2535 3611
1 4 2492 2535 3610 3611
1 4 2492 3567 3568 3611
1 4 2492 3610 3567 3611
1 4 2494 2495 2538 3613
1 4 2494 3570 2495 3613
1 4 2494 2538 2537 3613
1 4 2494 2537 3612 3613
1 4 2494 3569 3570 3613
1 4 2494 3612 3569 3613
1 4 2495 2496 2539 3614
1 4 2495 3571 2496 3614
1 4 2495 2539 2538 3614
1 4 2495 2538 3613 3614
1 4 2495 3570 3571 3614
1 4 2495 3613 3570 3614
1 4 2496 2497 2540 3615
1 4 2496 3572 2497 3615
1 4 2496 2540 2539 3615
1 4 2496 2539 3614 3615
1 4 2496 3571 3572 3615
1 4 2496 3614 3571 3615
1 4 2497 2498 2541 3616
1 4 2497 3573 2498 3616
1 4 2497 2541 2540 3616
1 4 2497 2540 3615 3616
1 4 2497 3572 3573 3616
1 4 2497 3615 3572 3616
1 4 2498 2499 2542 3617
1 4 2498 3574 2499 3617
1 4 2498 2542 2541 3617
1 4 2498 2541 3616 3617
1 4 2498 3573 3574 3617
1 4 2498 3616 3573 3617
1 4 2499 2500 2543 3618
1 4 2499 3575 2500 3618
1 4 2499 2543 2542 3618
1 4 2499 2542 3617 3618
1 4 2499 3574 3575 3618
1 4 2499 3617 3574 3618
1 4 2500 2501 2544 3619
1 4 2500 3576 2501 3619
1 4 2500 2544 2543 3619
1 4 2500 2543 3618 3619
1 4 2500 3575 3576 3619
1 4 2500 3618 3575 3619
1 4 2501 2502 2545 3620
1 4 2501 3577 2502 3620
1 4 2501 2545 2544 3620
1 4 2501 2544 3619 3620
1 4 2501 3576 3577 3620
1 4 2501 3619 3576 3620
1 4 2502 2503 2546 3621
1 4 2502 3578 2503 3621
1 4 2502 2546 2545 3621
1 4 2502 2545 3620 3621
1 4 2502 3577 3578 3621
1 4 2502 3620 3577 3621
1 4 2503 2504 2547 3622
1 4 2503 3579 2504 3622
1 4 2503 2547 2546 3622
1 4 2503 2546 3621 3622
1 4 2503 3578 3579 3622
1 4 2503 3621 3578 3622
1 4 2504 2505 2548 3623
1 4 2504 3580 2505 3623
1 4 2504 2548 2547 3623
1 4 2504 2547 3622 3623
1 4 2504 3579 3580 3623
1 4 2504 3622 3579 3623
1 4 2505 2506 2549 3624
1 4 2505 3581 2506 3624
1 4 2505 2549 2548 3624
1 4 2505 2548 3623 3624
1 4 2505 3580 3581 3624
1 4 2505 3623 3580 3624
1 4 2506 2507 2550 3625
1 4 2506 3582 2507 3625
1 4 2506 2550 2549 3625
1 4 2506 2549 3624 3625
1 4 2506 3581 3582 3625
1 4 2506 3624 3581 3625
1 4 2507 2508 2551 3626
1 4 2507 3583 2508 3626
1 4 2507 2551 2550 3626
1 4 2507 2550 3625 3626
1 4 2507 3582 3583 3626
1 4 2507 3625 3582 3626
1 4 2508 2509 2552 3627
1 4 2508 3584 2509 3627
1 4 2508 2552 2551 3627
1 4 2508 2551 3626 3627
1 4 2508 3583 3584 3627
1 4 2508 3626 3583 3627
1 4 2509 2510 2553 3628
1 4 2509 3585 2510 3628
1 4 2509 2553 2552 3628
1 4 2509 2552 3627 3628
1 4 2509 3584 3585 3628
1 4 2509 3627 3584 3628
1 4 2510 2511 2554 3629
1 4 2510 3586 2511 3629
1 4 2510 2554 2553 3629
1 4 2510 2553 3628 3629
1 4 2510 3585 3586 3629
1 4 2510 3628 3585 3629
1 4 2511 2512 2555 3630
1 4 2511 3587 2512 3630
1 4 2511 2555 2554 3630
1 4 2511 2554 3629 3630
1 4 2511 3586 3587 3630
1 4 2511 3629 3586 3630
1 4 2512 2513 2556 3631
1 4 2512 3588 2513 3631
1 4 2512 2556 2555 3631
1 4 2512 2555 3630 3631
1 4 2512 3587 3588 3631
1 4 2512 3630 3587 3631
1 4 2513 2514 2557 3632
1 4 2513 3589 2514 3632
1 4 2513 2557 2556 3632
1 4 2513 2556 3631 3632
1 4 2513 3588 3589 3632
1 4 2513 3631 3588 3632
1 4 2514 2515 2558 3633
1 4 2514 3590 2515 3633
1 4 2514 2558 2557 3633
1 4 2514 2557 3632 3633
1 4 2514 3589 3590 3633
1 4 2514 3632 3589 3633
1 4 2515 2516 2559 3634
1 4 2515 3591 2516 3634
1 4 2515 2559 2558 3634
1 4 2515 2558 3633 3634
1 4 2515 3590 3591 3634
1 4 2515 3633 3590 3634
1 4 2516 2517 2560 3635
1 4 2516 3592 2517 3635
1 4 2516 2560 2559 3635
1 4 2516 2559 3634 3635
1 4 2516 3591 3592 3635
1 4 2516 3634 3591 3635
1 4 2517 2518 2561 3636
1 4 2517 3593 2518 3636
1 4 2517 2561 2560 3636
1 4 2517 2560 3635 3636
1 4 2517 3592 3593 3636
1 4 2517 3635 3592 3636
1 4 2518 2519 2562 3637
1 4 2518 3594 2519 3637
1 4 2518 2562 2561 3637
1 4 2518 2561 3636 3637
1 4 2518 3593 3594 3637
1 4 2518 3636 3593 3637
1 4 2519 2520 2563 3638
1 4 2519 3595 2520 3638
1 4 2519 2563 2562 3638
1 4 2519 2562 3637 3638
1 4 2519 3594 3595 3638
1 4 2519 3637 3594 3638
1 4 2520 2521 2564 3639
1 4 2520 3596 2521 3639
1 4 2520 2564 2563 3639
1 4 2520 2563 3638 3639
1 4 2520 3595 3596 3639
1 4 2520 3638 3595 3639
1 4 2521 2522 2565 3640
1 4 2521 3597 2522 3640
1 4 2521 2565 2564 3640
1 4 2521 2564 3639 3640
1 4 2521 3596 3597 3640
1 4 2521 3639 3596 3640
1 4 2522 2523 2566 3641
1 4 2522 3598 2523 3641
1 4 2522 2566 2565 3641
1 4 2522 2565 3640 3641
1 4 2522 3597 3598 3641
1 4 2522 3640 3597 3641
1 4 2523 2524 2567 3642
1 4 2523 3599 2524 3642
1 4 2523 2567 2566 3642
1 4 2523 2566 3641 3642
1 4 2523 3598 3599 3642
1 4 2523 3641 3598 3642
1 4 2524 2525 2568 3643
1 4 2524 3600 2525 3643
1 4 2524 2568 2567 3643
1 4 2524 2567 3642 3643
1 4 2524 3599 3600 3643
1 4 2524 3642 3599 3643
1 4 2525 2526 2569 3644
1 4 2525 3601 2526 3644
1 4 2525 2569 2568 3644
1 4 2525 2568 3643 3644
1 4 2525 3600 3601 3644
1 4 2525 3643 3600 3644
1 4 2526 2527 2570 3645
1 4 2526 3602 2527 3645
1 4 2526 2570 2569 3645
1 4 2526 2569 3644 3645
1 4 2526 3601 3602 3645
1 4 2526 3644 3601 3645
1 4 2527 2528 2571 3646
1 4 2527 3603 2528 3646
1 4 2527 2571 2570 3646
1 4 2527 2570 3645 3646
1 4 2527 3602 3603 3646
1 4 2527 3645 3602 3646
1 4 2528 2529 2572 3647
1 4 2528 3604 2529 3647
1 4 2528 2572 2571 3647
1 4 2528 2571 3646 3647
1 4 2528 3603 3604 3647
1 4 2528 3646 3603 3647
1 4 2529 2530 2573 3648
1 4 2529 3605 2530 3648
1 4 2529 2573 2572 3648
1 4 2529 2572 3647 3648
1 4 2529 3604 3605 3648
1 4 2529 3647 3604 3648
1 4 2530 2531 2574 3649
1 4 2530 3606 2531 3649
1 4 2530 2574 2573 3649
1 4 2530 2573 3648 3649
1 4 2530 3605 3606 3649
1 4 2530 3648 3605 3649
1 4 2531 2532 2575 3650
1 4 2531 3607 2532 3650
1 4 2531 2575 2574 3650
1 4 2531 2574 3649 3650
1 4 2531 3606 3607 3650
1 4 2531 3649 3606 3650
1 4 2532 2533 2576 3651
1 4 2532 3608 2533 3651
1 4 2532 2576 2575 3651
1 4 2532 2575 3650 3651
1 4 2532 3607 3608 3651
1 4 2532 3650 3607 3651
1 4 2533 2534 2577 3652
1 4 2533 3609 2534 3652
1 4 2533 2577 2576 3652
1 4 2533 2576 3651 3652
1 4 2533 3608 3609 3652
1 4 2533 3651 3608 3652
1 4 2534 2535 2578 3653
1 4 2534 3610 2535 3653
1 4 2534 2578 2577 3653
1 4 2534 2577 3652 3653
1 4 2534 3609 3610 3653
1 4 2534 3652 3609 3653
1 4 2535 2536 2579 3654
1 4 2535 3611 2536 3654
1 4 2535 2579 2578 3654
1 4 2535 2578 3653 3654
1 4 2535 3610 3611 3654
1 4 2535 3653 3610 3654
1 4 2537 2538 2581 3656
1 4 2537 3613 2538 3656
1 4 2537 2581 2580 3656
1 4 2537 2580 3655 3656
1 4 2537 3612 3613 3656
1 4 2537 3655 3612 3656
1 4 2538 2539 2582 3657
1 4 2538 3614 2539 3657
1 4 2538 2582 2581 3657
1 4 2538 2581 3656 3657
1 4 2538 3613 3614 3657
1 4 2538 3656 3613 3657
1 4 2539 2540 2583 3658
1 4 2539 3615 2540 3658
1 4 2539 2583 2582 3658
1 4 2539 2582 3657 3658
1 4 2539 3614 3615 3658
1 4 2539 3657 3614 3658
1 4 2540 2541 2584 3659
1 4 2540 3616 2541 3659
1 4 2540 2584 2583 3659
1 4 2540 2583 3658 3659
1 4 2540 3615 3616 3659
1 4 2540 3658 3615 3659
1 4 2541 2542 2585 3660
1 4 2541 3617 2542 3660
1 4 2541 2585 2584 3660
1 4 2541 2584 3659 3660
1 4 2541 3616 3617 3660
1 4 2541 3659 3616 3660
1 4 2542 2543 2586 3661
1 4 2542 3618 2543 3661
1 4 2542 2586 2585 3661
1 4 2542 2585 3660 3661
1 4 2542 3617 3618 3661
1 4 2542 3660 3617 3661
1 4 2543 2544 2587 3662
1 4 2543 3619 2544 3662
1 4 2543 2587 2586 3662
1 4 2543 2586 3661 3662
1 4 2543 3618 3619 3662
1 4 2543 3661 3618 3662
1 4 2544 2545 2588 3663
1 4 2544 3620 2545 3663
1 4 2544 2588 2587 3663
1 4 2544 2587 3662 3663
1 4 2544 3619 3620 3663
1 4 2544 3662 3619 3663
1 4 2545 2546 2589 3664
1 4 2545 3621 2546 3664
1 4 2545 2589 2588 3664
1 4 2545 2588 3663 3664
1 4 2545 3620 3621 3664
1 4 2545 3663 3620 3664
1 4 2546 2547 2590 3665
1 4 2546 3622 2547 3665
1 4 2546 2590 2589 3665
1 4 2546 2589 3664 3665
1 4 2546 3621 3622 3665
1 4 2546 3664 3621 3665
1 4 2547 2548 2591 3666
1 4 2547 3623 2548 3666
1 4 2547 2591 2590 3666
1 4 2547 2590 3665 3666
1 4 2547 3622 3623 3666
1 4 2547 3665 3622 3666
1 4 2548 2549 2592 3667
1 4 2548 3624 2549 3667
1 4 2548 2592 2591 3667
1 4 2548 2591 3666 3667
1 4 2548 3623 3624 3667
1 4 2548 3666 3623 3667
1 4 2549 2550 2593 3668
1 4 2549 3625 2550 3668
1 4 2549 2593 2592 3668
1 4 2549 2592 3667 3668
1 4 2549 3624 3625 3668
1 4 2549 3667 3624 3668
1 4 2550 2551 2594 3669
1 4 2550 3626 2551 3669
1 4 2550 2594 2593 3669
1 4 2550 2593 3668 3669
1 4 2550 3625 3626 3669
1 4 2550 3668 3625 3669
1 4 2551 2552 2595 3670
1 4 2551 3627 2552 3670
1 4 2551 2595 2594 3670
1 4 2551 2594 3669 3670
1 4 2551 3626 3627 3670
1 4 2551 3669 3626 3670
1 4 2552 2553 2596 3671
1 4 2552 3628 2553 3671
1 4 2552 2596 2595 3671
1 4 2552 2595 3670 3671
1 4 2552 3627 3628 3671
1 4 2552 3670 3627 3671
1 4 2553 2554 2597 3672
1 4 2553 3629 2554 3672
1 4 2553 2597 2596 3672
1 4 2553 2596 3671 3672
1 4 2553 3628 3629 3672
1 4 2553 3671 3628 3672
1 4 2554 2555 2598 3673
1 4 2554 3630 2555 3673
1 4 2554 2598 2597 3673
1 4 2554 2597 3672 3673
1 4 2554 3629 3630 3673
1 4 2554 3672 3629 3673
1 4 2555 2556 2599 3674
1 4 2555 3631 2556 3674
1 4 2555 2599 2598 3674
1 4 2555 2598 3673 3674
1 4 2555 3630 3631 3674
1 4 2555 3673 3630 3674
1 4 2556 2557 2600 3675
1 4 2556 3632 2557 3675
1 4 2556 2600 2599 3675
1 4 2556 2599 3674 3675
1 4 2556 3631 3632 3675
1 4 2556 3674 3631 3675
1 4 2557 2558 2601 3676
1 4 2557 3633 2558 3676
1 4 2557 2601 2600 3676
1 4 2557 2600 3675 3676
1 4 2557 3632 3633 3676
1 4 2557 3675 3632 3676
1 4 2558 2559 2602 3677
1 4 2558 3634 2559 3677
1 4 2558 2602 2601 3677
1 4 2558 2601 3676 3677
1 4 2558 3633 3634 3677
1 4 2558 3676 3633 3677
1 4 2559 2560 2603 3678
1 4 2559 3635 2560 3678
1 4 2559 2603 2602 3678
1 4 2559 2602 3677 3678
1 4 2559 3634 3635 3678
1 4 2559 3677 3634 3678
1 4 2560 2561 2604 3679
1 4 2560 3636 2561 3679
1 4 2560 2604 2603 3679
1 4 2560 2603 3678 3679
1 4 2560 3635 3636 3679
1 4 2560 3678 3635 3679
1 4 2561 2562 2605 3680
1 4 2561 3637 2562 3680
1 4 2561 2605 2604 3680
1 4 2561 2604 3679 3680
1 4 2561 3636 3637 3680
1 4 2561 3679 3636 3680
1 4 2562 2563 2606 3681
1 4 2562 3638 2563 3681
1 4 2562 2606 2605 3681
1 4 2562 2605 3680 3681
1 4 2562 3637 3638 3681
1 4 2562 3680 3637 3681
1 4 2563 2564 2607 3682
1 4 2563 3639 2564 3682
1 4 2563 2607 2606 3682
1 4 2563 2606 3681 3682
1 4 2563 3638 3639 3682
1 4 2563 3681 3638 3682
1 4 2564 2565 2608 3683
1 4 2564 3640 2565 3683
1 4 2564 2608 2607 3683
1 4 2564 2607 3682 3683
1 4 2564 3639 3640 3683
1 4 2564 3682 3639 3683
1 4 2565 2566 2609 3684
1 4 2565 3641 2566 3684
1 4 2565 2609 2608 3684
1 4 2565 2608 3683 3684
1 4 2565 3640 3641 3684
1 4 2565 3683 3640 3684
1 4 2566 2567 2610 3685
1 4 2566 3642 2567 3685
1 4 2566 2610 2609 3685
1 4 2566 2609 3684 3685
1 4 2566 3641 3642 3685
1 4 2566 3684 3641 3685
1 4 2567 2568 2611 3686
1 4 2567 3643 2568 3686
1 4 2567 2611 2610 3686
1 4 2567 2610 3685 3686
1 4 2567 3642 3643 3686
1 4 2567 3685 3642 3686
1 4 2568 2569 2612 3687
1 4 2568 3644 2569 3687
1 4 2568 2612 2611 3687
1 4 2568 2611 3686 3687
1 4 2568 3643 3644 3687
1 4 2568 3686 3643 3687
1 4 2569 2570 2613 3688
1 4 2569 3645 2570 3688
1 4 2569 2613 2612 3688
1 4 2569 2612 3687 3688
1 4 2569 3644 3645 3688
1 4 2569 3687 3644 3688
1 4 2570 2571 2614 3689
1 4 2570 3646 2571 3689
1 4 2570 2614 2613 3689
1 4 2570 2613 3688 3689
1 4 2570 3645 3646 3689
1 4 2570 3688 3645 3689
1 4 2571 2572 2615 3690
1 4 2571 3647 2572 3690
1 4 2571 2615 2614 3690
1 4 2571 2614 3689 3690
1 4 2571 3646 3647 3690
1 4 2571 3689 3646 3690
1 4 2572 2573 2616 3691
1 4 2572 3648 2573 3691
1 4 2572 2616 2615 3691
1 4 2572 2615 3690 3691
1 4 2572 3647 3648 3691
1 4 2572 3690 3647 3691
1 4 2573 2574 2617 3692
1 4 2573 3649 2574 3692
1 4 2573 2617 2616 3692
1 4 2573 2616 3691 3692
1 4 2573 3648 3649 3692
1 4 2573 3691 3648 3692
1 4 2574 2575 2618 3693
1 4 2574 3650 2575 3693
1 4 2574 2618 2617 3693
1 4 2574 2617 3692 3693
1 4 2574 3649 3650 3693
1 4 2574 3692 3649 3693
1 4 2575 2576 2619 3694
1 4 2575 3651 2576 3694
1 4 2575 2619 2618 3694
1 4 2575 2618 3693 3694
1 4 2575 3650 3651 3694
1 4 2575 3693 3650 3694
1 4 2576 2577 2620 3695
1 4 2576 3652 2577 3695
1 4 2576 2620 2619 3695
1 4 2576 2619 3694 3695
1 4 2576 3651 3652 3695
1 4 2576 3694 3651 3695
1 4 2577 2578 2621 3696
1 4 2577 3653 2578 3696
1 4 2577 2621 2620 3696
1 4 2577 2620 3695 3696
1 4 2577 3652 3653 3696
1 4 2577 3695 3652 3696
1 4 2578 2579 2622 3697
1 4 2578 3654 2579 3697
1 4 2578 2622 2621 3697
1 4 2578 2621 3696 3697
1 4 2578 3653 3654 3697
1 4 2578 3696 3653 3697
1 4 2580 2581 2624 3699
1 4 2580 3656 2581 3699
1 4 2580 2624 2623 3699
1 4 2580 2623 3698 3699
1 4 2580 3655 3656 3699
1 4 2580 3698 3655 3699
1 4 2581 2582 2625 3700
1 4 2581 3657 2582 3700
1 4 2581 2625 2624 3700
1 4 2581 2624 3699 3700
1 4 2581 3656 3657 3700
1 4 2581 3699 3656 3700
1 4 2582 2583 2626 3701
1 4 2582 3658 2583 3701
1 4 2582 2626 2625 3701
1 4 2582 2625 3700 3701
1 4 2582 3657 3658 3701
1 4 2582 3700 3657 3701
1 4 2583 2584 2627 3702
1 4 2583 3659 2584 3702
1 4 2583 2627 2626 3702
1 4 2583 2626 3701 3702
1 4 2583 3658 3659 3702
1 4 2583 3701 3658 3702
1 4 2584 2585 2628 3703
1 4 2584 3660 2585 3703
1 4 2584 2628 2627 3703
1 4 2584 2627 3702 3703
1 4 2584 3659 3660 3703
1 4 2584 3702 3659 3703
1 4 2585 2586 2629 3704
1 4 2585 3661 2586 3704
1 4 2585 2629 2628 3704
1 4 2585 2628 3703 3704
1 4 2585 3660 3661 3704
1 4 2585 3703 3660 3704
1 4 2586 2587 2630 3705
1 4 2586 3662 2587 3705
1 4 2586 2630 2629 3705
1 4 2586 2629 3704 3705
1 4 2586 3661 3662 3705
1 4 2586 3704 3661 3705
1 4 2587 2588 2631 3706
1 4 2587 3663 2588 3706
1 4 2587 2631 2630 3706
1 4 2587 2630 3705 3706
1 4 2587 3662 3663 3706
1 4 2587 3705 3662 3706
1 4 2588 2589 2632 3707
1 4 2588 3664 2589 3707
1 4 2588 2632 2631 3707
1 4 2588 2631 3706 3707
1 4 2588 3663 3664 3707
1 4 2588 3706 3663 3707
1 4 2589 2590 2633 3708
1 4 2589 3665 2590 3708
1 4 2589 2633 2632 3708
1 4 2589 2632 3707 3708
1 4 2589 3664 3665 3708
1 4 2589 3707 3664 3708
1 4 2590 2591 2634 3709
1 4 2590 3666 2591 3709
1 4 2590 2634 2633 3709
1 4 2590 2633 3708 3709
1 4 2590 3665 3666 3709
1 4 2590 3708 3665 3709
1 4 2591 2592 2635 3710
1 4 2591 3667 2592 3710
1 4 2591 2635 2634 3710
1 4 2591 2634 3709 3710
1 4 2591 3666 3667 3710
1 4 2591 3709 3666 3710
1 4 2592 2593 2636 3711
1 4 2592 3668 2593 3711
1 4 2592 2636 2635 3711
1 4 2592 2635 3710 3711
1 4 2592 3667 3668 3711
1 4 2592 3710 3667 3711
1 4 2593 2594 2637 3712
1 4 2593 3669 2594 3712
1 4 2593 2637 2636 3712
1 4 2593 2636 3711 3712
1 4 2593 3668 3669 3712
1 4 2593 3711 3668 3712
1 4 2594 2595 2638 3713
1 4 2594 3670 2595 3713
1 4 2594 2638 2637 3713
1 4 2594 2637 3712 3713
1 4 2594 3669 3670 3713
1 4 2594 3712 3669 3713
1 4 2595 2596 2639 3714
1 4 2595 3671 2596 3714
1 4 2595 2639 2638 3714
1 4 2595 2638 3713 3714
1 4 2595 3670 3671 3714
1 4 2595 3713 3670 3714
1 4 2596 2597 2640 3715
1 4 2596 3672 2597 3715
1 4 2596 2640 2639 3715
1 4 2596 2639 3714 3715
1 4 2596 3671 3672 3715
1 4 2596 3714 3671 3715
1 4 2597 2598 2641 3716
1 4 2597 3673 2598 3716
1 4 2597 2641 2640 3716
1 4 2597 2640 3715 3716
1 4 2597 3672 3673 3716
1 4 2597 3715 3672 3716
1 4 2598 2599 2642 3717
1 4 2598 3674 2599 3717
1 4 2598 2642 2641 3717
1 4 2598 2641 3716 3717
1 4 2598 3673 3674 3717
1 4 2598 3716 3673 3717
1 4 2599 2600 2643 3718
1 4 2599 3675 2600 3718
1 4 2599 2643 2642 3718
1 4 2599 2642 3717 3718
1 4 2599 3674 3675 3718
1 4 2599 3717 3674 3718
1 4 2600 2601 2644 3719
1 4 2600 3676 2601 3719
1 4 2600 2644 2643 3719
1 4 2600 2643 3718 3719
1 4 2600 3675 3676 3719
1 4 2600 3718 3675 3719
1 4 2601 2602 2645 3720
1 4 2601 3677 2602 3720
1 4 2601 2645 2644 3720
1 4 2601 2644 3719 3720
1 4 2601 3676 3677 3720
1 4 2601 3719 3676 3720
1 4 2602 2603 2646 3721
1 4 2602 3678 2603 3721
1 4 2602 2646 2645 3721
1 4 2602 2645 3720 3721
1 4 2602 3677 3678 3721
1 4 2602 3720 3677 3721
1 4 2603 2604 2647 3722
1 4 2603 3679 2604 3722
1 4 2603 2647 2646 3722
1 4 2603 2646 3721 3722
1 4 2603 3678 3679 3722
1 4 2603 3721 3678 3722
1 4 2604 2605 2648 3723
1 4 2604 3680 2605 3723
1 4 2604 2648 2647 3723
1 4 2604 2647 3722 3723
1 4 2604 3679 3680 3723
1 4 2604 3722 3679 3723
1 4 2605 2606 2649 3724
1 4 2605 3681 2606 3724
1 4 2605 2649 2648 3724
1 4 2605 2648 3723 3724
1 4 2605 3680 3681 3724
1 4 2605 3723 3680 3724
1 4 2606 2607 2650 3725
1 4 2606 3682 2607 3725
1 4 2606 2650 2649 3725
1 4 2606 2649 3724 3725
1 4 2606 3681 3682 3725
1 4 2606 3724 3681 3725
1 4 2607 2608 2651 3726
1 4 2607 3683 2608 3726
1 4 2607 2651 2650 3726
1 4 2607 2650 3725 3726
1 4 2607 3682 3683 3726
1 4 2607 3725 3682 3726
1 4 2608 2609 2652 3727
1 4 2608 3684 2609 3727
1 4 2608 2652 2651 3727
1 4 2608 2651 3726 3727
1 4 2608 3683 3684 3727
1 4 2608 3726 3683 3727
1 4 2609 2610 2653 3728
1 4 2609 3685 2610 3728
1 4 2609 2653 2652 3728
1 4 2609 2652 3727 3728
1 4 2609 3684 3685 3728
1 4 2609 3727 3684 3728
1 4 2610 2611 2654 3729
1 4 2610 3686 2611 3729
1 4 2610 2654 2653 3729
1 4 2610 2653 3728 3729
1 4 2610 3685 3686 3729
1 4 2610 3728 3685 3729
1 4 2611 2612 2655 3730
1 4 2611 3687 2612 3730
1 4 2611 2655 2654 3730
1 4 2611 2654 3729 3730
1 4 2611 3686 3687 3730
1 4 2611 3729 3686 3730
1 4 2612 2613 2656 3731
1 4 2612 3688 2613 3731
1 4 2612 2656 2655 3731
1 4 2612 2655 3730 3731
1 4 2612 3687 3688 3731
1 4 2612 3730 3687 3731
1 4 2613 2614 2657 3732
1 4 2613 3689 2614 3732
1 4 2613 2657 2656 3732
1 4 2613 2656 3731 3732
1 4 2613 3688 3689 3732
1 4 2613 3731 3688 3732
1 4 2614 2615 2658 3733
1 4 2614 3690 2615 3733
1 4 2614 2658 2657 3733
1 4 2614 2657 3732 3733
1 4 2614 3689 3690 3733
1 4 2614 3732 3689 3733
1 4 2615 2616 2659 3734
1 4 2615 3691 2616 3734
1 4 2615 2659 2658 3734
1 4 2615 2658 3733 3734
1 4 2615 3690 3691 3734
1 4 2615 3733 3690 3734
1 4 2616 2617 2660 3735
1 4 2616 3692 2617 3735
1 4 2616 2660 2659 3735
1 4 2616 2659 3734 3735
1 4 2616 3691 3692 3735
1 4 2616 3734 3691 3735
1 4 2617 2618 2661 3736
1 4 2617 3693 2618 3736
1 4 2617 2661 2660 3736
1 4 2617 2660 3735 3736
1 4 2617 3692 3693 3736
1 4 2617 3735 3692 3736
1 4 2618 2619 2662 3737
1 4 2618 3694 2619 3737
1 4 2618 2662 2661 3737
1 4 2618 2661 3736 3737
1 4 2618 3693 3694 3737
1 4 2618 3736 3693 3737
1 4 2619 2620 2663 3738
1 4 2619 3695 2620 3738
1 4 2619 2663 2662 3738
1 4 2619 2662 3737 3738
1 4 2619 3694 3695 3738
1 4 2619 3737 3694 3738
1 4 2620 2621 2664 3739
1 4 2620 3696 2621 3739
1 4 2620 2664 2663 3739
1 4 2620 2663 3738 3739
1 4 2620 3695 3696 3739
1 4 2620 3738 3695 3739
1 4 2621 2622 2665 3740
1 4 2621 3697 2622 3740
1 4 2621 2665 2664 3740
1 4 2621 2664 3739 3740
1 4 2621 3696 3697 3740
1 4 2621 3739 3696 3740
1 4 2623 2624 2667 3742
1 4 2623 3699 2624 3742
1 4 2623 2667 2666 3742
1 4 2623 2666 3741 3742
1 4 2623 3698 3699 3742
1 4 2623 3741 3698 3742
1 4 2624 2625 2668 3743
1 4 2624 3700 2625 3743
1 4 2624 2668 2667 3743
1 4 2624 2667 3742 3743
1 4 2624 3699 3700 3743
1 4 2624 3742 3699 3743
1 4 2625 2626 2669 3744
1 4 2625 3701 2626 3744
1 4 2625 2669 2668 3744
1 4 2625 2668 3743 3744
1 4 2625 3700 3701 3744
1 4 2625 3743 3700 3744
1 4 2626 2627 2670 3745
1 4 2626 3702 2627 3745
1 4 2626 2670 2669 3745
1 4 2626 2669 3744 3745
1 4 2626 3701 3702 3745
1 4 2626 3744 3701 3745
1 4 2627 2628 2671 3746
1 4 2627 3703 2628 3746
1 4 2627 2671 2670 3746
1 4 2627 2670 3745 3746
1 4 2627 3702 3703 3746
1 4 2627 3745 3702 3746
1 4 2628 2629 2672 3747
1 4 2628 3704 2629 3747
1 4 2628 2672 2671 3747
1 4 2628 2671 3746 3747
1 4 2628 3703 3704 3747
1 4 2628 3746 3703 3747
1 4 2629 2630 2673 3748
1 4 2629 3705 2630 3748
1 4 2629 2673 2672 3748
1 4 2629 2672 3747 3748
1 4 2629 3704 3705 3748
1 4 2629 3747 3704 3748
1 4 2630 2631 2674 3749
1 4 2630 3706 2631 3749
1 4 2630 2674 2673 3749
1 4 2630 2673 3748 3749
1 4 2630 3705 3706 3749
1 4 2630 3748 3705 3749
1 4 2631 2632 2675 3750
1 4 2631 3707 2632 3750
1 4 2631 2675 2674 3750
1 4 2631 2674 3749 3750
1 4 2631 3706 3707 3750
1 4 2631 3749 3706 3750
1 4 2632 2633 2676 3751
1 4 2632 3708 2633 3751
1 4 2632 2676 2675 3751
1 4 2632 2675 3750 3751
1 4 2632 3707 3708 3751
1 4 2632 3750 3707 3751
1 4 2633 2634 2677 3752
1 4 2633 3709 2634 3752
1 4 2633 2677 2676 3752
1 4 2633 2676 3751 3752
1 4 2633 3708 3709 3752
1 4 2633 3751 3708 3752
1 4 2634 2635 2678 3753
1 4 2634 3710 2635 3753
1 4 2634 2678 2677 3753
1 4 2634 2677 3752 3753
1 4 2634 3709 3710 3753
1 4 2634 3752 3709 3753
1 4 2635 2636 2679 3754
1 4 2635 3711 2636 3754
1 4 2635 2679 2678 3754
1 4 2635 2678 3753 3754
1 4 2635 3710 3711 3754
1 4 2635 3753 3710 3754
1 4 2636 2637 2680 3755
1 4 2636 3712 2637 3755
1 4 2636 2680 2679 3755
1 4 2636 2679 3754 3755
1 4 2636 3711 3712 3755
1 4 2636 3754 3711 3755
1 4 2637 2638 2681 3756
1 4 2637 3713 2638 3756
1 4 2637 2681 2680 3756
1 4 2637 2680 3755 3756
1 4 2637 3712 3713 3756
1 4 2637 3755 3712 3756
1 4 2638 2639 2682 3757
1 4 2638 3714 2639 3757
1 4 2638 2682 2681 3757
1 4 2638 2681 3756 3757
1 4 2638 3713 3714 3757
1 4 2638 3756 3713 3757
1 4 2639 2640 2683 3758
1 4 2639 3715 2640 3758
1 4 2639 2683 2682 3758
1 4 2639 2682 3757 3758
1 4 2639 3714 3715 3758
1 4 2639 3757 3714 3758
1 4 2640 2641 2684 3759
1 4 2640 3716 2641 3759
1 4 2640 2684 2683 3759
1 4 2640 2683 3758 3759
1 4 2640 3715 3716 3759
1 4 2640 3758 3715 3759
1 4 2641 2642 2685 3760
1 4 2641 3717 2642 3760
1 4 2641 2685 2684 3760
1 4 2641 2684 3759 3760
1 4 2641 3716 3717 3760
1 4 2641 3759 3716 3760
1 4 2642 2643 2686 3761
1 4 2642 3718 2643 3761
1 4 2642 2686 2685 3761
1 4 2642 2685 3760 3761
1 4 2642 3717 3718 3761
1 4 2642 3760 3717 3761
1 4 2643 2644 2687 3762
1 4 2643 3719 2644 3762
1 4 2643 2687 2686 3762
1 4 2643 2686 3761 3762
1 4 2643 3718 3719 3762
1 4 2643 3761 3718 3762
1 4 2644 2645 2688 3763
1 4 2644 3720 2645 3763
1 4 2644 2688 2687 3763
1 4 2644 2687 3762 3763
1 4 2644 3719 3720 3763
1 4 2644 3762 3719 3763
1 4 2645 2646 2689 3764
1 4 2645 3721 2646 3764
1 4 2645 2689 2688 3764
1 4 2645 2688 3763 3764
1 4 2645 3720 3721 3764
1 4 2645 3763 3720 3764
1 4 2646 2647 2690 3765
1 4 2646 3722 2647 3765
1 4 2646 2690 2689 3765
1 4 2646 2689 3764 3765
1 4 2646 3721 3722 3765
1 4 2646 3764 3721 3765
1 4 2647 2648 2691 3766
1 4 2647 3723 2648 3766
1 4 2647 2691 2690 3766
1 4 2647 2690 3765 3766
1 4 2647 3722 3723 3766
1 4 2647 3765 3722 3766
1 4 2648 2649 2692 3767
1 4 2648 3724 2649 3767
1 4 2648 2692 2691 3767
1 4 2648 2691 3766 3767
1 4 2648 3723 3724 3767
1 4 2648 3766 3723 3767
1 4 2649 2650 2693 3768
1 4 2649 3725 2650 3768
1 4 2649 2693 2692 3768
1 4 2649 2692 3767 3768
1 4 2649 3724 3725 3768
1 4 2649 3767 3724 3768
1 4 2650 2651 2694 3769
1 4 2650 3726 2651 3769
1 4 2650 2694 2693 3769
1 4 2650 2693 3768 3769
1 4 2650 3725 3726 3769
1 4 2650 3768 3725 3769
1 4 2651 2652 2695 3770
1 4 2651 3727 2652 3770
1 4 2651 2695 2694 3770
1 4 2651 2694 3769 3770
1 4 2651 3726 3727 3770
1 4 2651 3769 3726 3770
1 4 2652 2653 2696 3771
1 4 2652 3728 2653 3771
1 4 2652 2696 2695 3771
1 4 2652 2695 3770 3771
1 4 2652 3727 3728 3771
1 4 2652 3770 3727 3771
1 4 2653 2654 2697 3772
1 4 2653 3729 2654 3772
1 4 2653 2697 2696 3772
1 4 2653 2696 3771 3772
1 4 2653 3728 3729 3772
1 4 2653 3771 3728 3772
1 4 2654 2655 2698 3773
1 4 2654 3730 2655 3773
1 4 2654 2698 2697 3773
1 4 2654 2697 3772 3773
1 4 2654 3729 3730 3773
1 4 2654 3772 3729 3773
1 4 2655 2656 2699 3774
1 4 2655 3731 2656 3774
1 4 2655 2699 2698 3774
1 4 2655 2698 3773 3774
1 4 2655 3730 3731 3774
1 4 2655 3773 3730 3774
1 4 2656 2657 2700 3775
1 4 2656 3732 2657 3775
1 4 2656 2700 2699 3775
1 4 2656 2699 3774 3775
1 4 2656 3731 3732 3775
1 4 2656 3774 3731 3775
1 4 2657 2658 2701 3776
1 4 2657 3733 2658 3776
1 4 2657 2701 2700 3776
1 4 2657 2700 3775 3776
1 4 2657 3732 3733 3776
1 4 2657 3775 3732 3776
1 4 2658 2659 2702 3777
1 4 2658 3734 2659 3777
1 4 2658 2702 2701 3777
1 4 2658 2701 3776 3777
1 4 2658 3733 3734 3777
1 4 2658 3776 3733 3777
1 4 2659 2660 2703 3778
1 4 2659 3735 2660 3778
1 4 2659 2703 2702 3778
1 4 2659 2702 3777 3778
1 4 2659 3734 3735 3778
1 4 2659 3777 3734 3778
1 4 2660 2661 2704 3779
1 4 2660 3736 2661 3779
1 4 2660 2704 2703 3779
1 4 2660 2703 3778 3779
1 4 2660 3735 3736 3779
1 4 2660 3778 3735 3779
1 4 2661 2662 2705 3780
1 4 2661 3737 2662 3780
1 4 2661 2705 2704 3780
1 4 2661 2704 3779 3780
1 4 2661 3736 3737 3780
1 4 2661 3779 3736 3780
1 4 2662 2663 2706 3781
1 4 2662 3738 2663 3781
1 4 2662 2706 2705 3781
1 4 2662 2705 3780 3781
1 4 2662 3737 3738 3781
1 4 2662 3780 3737 3781
1 4 2663 2664 2707 3782
1 4 2663 3739 2664 3782
1 4 2663 2707 2706 3782
1 4 2663 2706 3781 3782
1 4 2663 3738 3739 3782
1 4 2663 3781 3738 3782
1 4 2664 2665 2708 3783
1 4 2664 3740 2665 3783
1 4 2664 2708 2707 3783
1 4 2664 2707 3782 3783
1 4 2664 3739 3740 3783
1 4 2664 3782 3739 3783
2 4 2666 2667 2710 3785
2 4 2666 3742 2667 3785
2 4 2666 2710 2709 3785
2 4 2666 2709 3784 3785
2 4 2666 3741 3742 3785
2 4 2666 3784 3741 3785
2 4 2667 2668 2711 3786
2 4 2667 3743 2668 3786
2 4 2667 2711 2710 3786
2 4 2667 2710 3785 3786
2 4 2667 3742 3743 3786
2 4 2667 3785 3742 3786
2 4 2668 2669 2712 3787
2 4 2668 3744 2669 3787
2 4 2668 2712 2711 3787
2 4 2668 2711 3786 3787
2 4 2668 3743 3744 3787
2 4 2668 3786 3743 3787
2 4 2669 2670 2713 3788
2 4 2669 3745 2670 3788
2 4 2669 2713 2712 3788
2 4 2669 2712 3787 3788
2 4 2669 3744 3745 3788
2 4 2669 3787 3744 3788
2 4 2670 2671 2714 3789
2 4 2670 3746 2671 3789
2 4 2670 2714 2713 3789
2 4 2670 2713 3788 3789
2 4 2670 3745 3746 3789
2 4 2670 3788 3745 3789
2 4 2671 2672 2715 3790
2 4 2671 3747 2672 3790
2 4 2671 2715 2714 3790
2 4 2671 2714 3789 3790
2 4 2671 3746 3747 3790
2 4 2671 3789 3746 3790
2 4 2672 2673 2716 3791
2 4 2672 3748 2673 3791
2 4 2672 2716 2715 3791
2 4 2672 2715 3790 3791
2 4 2672 3747 3748 3791
2 4 2672 3790 3747 3791
2 4 2673 2674 2717 3792
2 4 2673 3749 2674 3792
2 4 2673 2717 2716 3792
2 4 2673 2716 3791 3792
2 4 2673 3748 3749 3792
2 4 2673 3791 3748 3792
2 4 2674 2675 2718 3793
2 4 2674 3750 2675 3793
2 4 2674 2718 2717 3793
2 4 2674 2717 3792 3793
2 4 2674 3749 3750 3793
2 4 2674 3792 3749 3793
2 4 2675 2676 2719 3794
2 4 2675 3751 2676 3794
2 4 2675 2719 2718 3794
2 4 2675 2718 3793 3794
2 4 2675 3750 3751 3794
2 4 2675 3793 3750 3794
2 4 2676 2677 2720 3795
2 4 2676 3752 2677 3795
2 4 2676 2720 2719 3795
2 4 2676 2719 3794 3795
2 4 2676 3751 3752 3795
2 4 2676 3794 3751 3795
2 4 2677 2678 2721 3796
2 4 2677 3753 2678 3796
2 4 2677 2721 2720 3796
2 4 2677 2720 3795 3796
2 4 2677 3752 3753 3796
2 4 2677 3795 3752 3796
2 4 2678 2679 2722 3797
2 4 2678 3754 2679 3797
2 4 2678 2722 2721 3797
2 4 2678 2721 3796 3797
2 4 2678 3753 3754 3797
2 4 2678 3796 3753 3797
2 4 2679 2680 2723 3798
2 4 2679 3755 2680 3798
2 4 2679 2723 2722 3798
2 4 2679 2722 3797 3798
2 4 2679 3754 3755 3798
2 4 2679 3797 3754 3798
2 4 2680 2681 2724 3799
2 4 2680 3756 2681 3799
2 4 2680 2724 2723 3799
2 4 2680 2723 3798 3799
2 4 2680 3755 3756 3799
2 4 2680 3798 3755 3799
2 4 2681 2682 2725 3800
2 4 2681 3757 2682 3800
2 4 2681 2725 2724 3800
2 4 2681 2724 3799 3800
2 4 2681 3756 3757 3800
2 4 2681 3799 3756 3800
2 4 2682 2683 2726 3801
2 4 2682 3758 2683 3801
2 4 2682 2726 2725 3801
2 4 2682 2725 3800 3801
2 4 2682 3757 3758 3801
2 4 2682 3800 3757 3801
2 4 2683 2684 2727 3802
2 4 2683 3759 2684 3802
2 4 2683 2727 2726 3802
2 4 2683 2726 3801 3802
2 4 2683 3758 3759 3802
2 4 2683 3801 3758 3802
2 4 2684 2685 2728 3803
2 4 2684 3760 2685 3803
2 4 2684 2728 2727 3803
2 4 2684 2727 3802 3803
2 4 2684 3759 3760 3803
2 4 2684 3802 3759 3803
2 4 2685 2686 2729 3804
2 4 2685 3761 2686 3804
2 4 2685 2729 2728 3804
2 4 2685 2728 3803 3804
2 4 2685 3760 3761 3804
2 4 2685 3803 3760 3804
2 4 2686 2687 2730 3805
2 4 2686 3762 2687 3805
2 4 2686 2730 2729 3805
2 4 2686 2729 3804 3805
2 4 2686 3761 3762 3805
2 4 2686 3804 3761 3805
2 4 2687 2688 2731 3806
2 4 2687 3763 2688 3806
2 4 2687 2731 2730 3806
2 4 2687 2730 3805 3806
2 4 2687 3762 3763 3806
2 4 2687 3805 3762 3806
2 4 2688 2689 2732 3807
2 4 2688 3764 2689 3807
2 4 2688 2732 2731 3807
2 4 2688 2731 3806 3807
2 4 2688 3763 3764 3807
2 4 2688 3806 3763 3807
2 4 2689 2690 2733 3808
2 4 2689 3765 2690 3808
2 4 2689 2733 2732 3808
2 4 2689 2732 3807 3808
2 4 2689 3764 3765 3808
2 4 2689 3807 3764 3808
2 4 2690 2691 2734 3809
2 4 2690 3766 2691 3809
2 4 2690 2734 2733 3809
2 4 2690 2733 3808 3809
2 4 2690 3765 3766 3809
2 4 2690 3808 3765 3809
2 4 2691 2692 2735 3810
2 4 2691 3767 2692 3810
2 4 2691 2735 2734 3810
2 4 2691 2734 3809 3810
2 4 2691 3766 3767 3810
2 4 2691 3809 3766 3810
2 4 2692 2693 2736 3811
2 4 2692 3768 2693 3811
2 4 2692 2736 2735 3811
2 4 2692 2735 3810 3811
2 4 2692 3767 3768 3811
2 4 2692 3810 3767 3811
2 4 2693 2694 2737 3812
2 4 2693 3769 2694 3812
2 4 2693 2737 2736 3812
2 4 2693 2736 3811 3812
2 4 2693 3768 3769 3812
2 4 2693 3811 3768 3812
2 4 2694 2695 2738 3813
2 4 2694 3770 2695 3813
2 4 2694 2738 2737 3813
2 4 2694 2737 3812 3813
2 4 2694 3769 3770 3813
2 4 2694 3812 3769 3813
2 4 2695 2696 2739 3814
2 4 2695 3771 2696 3814
2 4 2695 2739 2738 3814
2 4 2695 2738 3813 3814
2 4 2695 3770 3771 3814
2 4 2695 3813 3770 3814
2 4 2696 2697 2740 3815
2 4 2696 3772 2697 3815
2 4 2696 2740 2739 3815
2 4 2696 2739 3814 3815
2 4 2696 3771 3772 3815
2 4 2696 3814 3771 3815
2 4 2697 2698 2741 3816
2 4 2697 3773 2698 3816
2 4 2697 2741 2740 3816
2 4 2697 2740 3815 3816
2 4 2697 3772 3773 3816
2 4 2697 3815 3772 3816
2 4 2698 2699 2742 3817
2 4 2698 3774 2699 3817
2 4 2698 2742 2741 3817
2 4 2698 2741 3816 3817
2 4 2698 3773 3774 3817
2 4 2698 3816 3773 3817
2 4 2699 2700 2743 3818
2 4 2699 3775 2700 3818
2 4 2699 2743 2742 3818
2 4 2699 2742 3817 3818
2 4 2699 3774 3775 3818
2 4 2699 3817 3774 3818
2 4 2700 2701 2744 3819
2 4 2700 3776 2701 3819
2 4 2700 2744 2743 3819
2 4 2700 2743 3818 3819
2 4 2700 3775 3776 3819
2 4 2700 3818 3775 3819
2 4 2701 2702 2745 3820
2 4 2701 3777 2702 3820
2 4 2701 2745 2744 3820
2 4 2701 2744 3819 3820
2 4 2701 3776 3777 3820
2 4 2701 3819 3776 3820
2 4 2702 2703 2746 3821
2 4 2702 3778 2703 3821
2 4 2702 2746 2745 3821
2 4 2702 2745 3820 3821
2 4 2702 3777 3778 3821
2 4 2702 3820 3777 3821
2 4 2703 2704 2747 3822
2 4 2703 3779 2704 3822
2 4 2703 2747 2746 3822
2 4 2703 2746 3821 3822
2 4 2703 3778 3779 3822
2 4 2703 3821 3778 3822
2 4 2704 2705 2748 3823
2 4 2704 3780 2705 3823
2 4 2704 2748 2747 3823
2 4 2704 2747 3822 3823
2 4 2704 3779 3780 3823
2 4 2704 3822 3779 3823
2 4 2705 2706 2749 3824
2 4 2705 3781 2706 3824
2 4 2705 2749 2748 3824
2 4 2705 2748 3823 3824
2 4 2705 3780 3781 3824
2 4 2705 3823 3780 3824
2 4 2706 2707 2750 3825
2 4 2706 3782 2707 3825
2 4 2706 2750 2749 3825
2 4 2706 2749 3824 3825
2 4 2706 3781 3782 3825
2 4 2706 3824 3781 3825
2 4 2707 2708 2751 3826
2 4 2707 3783 2708 3826
2 4 2707 2751 2750 3826
2 4 2707 2750 3825 3826
2 4 2707 3782 3783 3826
2 4 2707 3825 3782 3826
2 4 2709 2710 2753 3828
2 4 2709 3785 2710 3828
2 4 2709 2753 2752 3828
2 4 2709 2752 3827 3828
2 4 2709 3784 3785 3828
2 4 2709 3827 3784 3828
2 4 2710 2711 2754 3829
2 4 2710 3786 2711 3829
2 4 2710 2754 2753 3829
2 4 2710 2753 3828 3829
2 4 2710 3785 3786 3829
2 4 2710 3828 3785 3829
2 4 2711 2712 2755 3830
2 4 2711 3787 2712 3830
2 4 2711 2755 2754 3830
2 4 2711 2754 3829 3830
2 4 2711 3786 3787 3830
2 4 2711 3829 3786 3830
2 4 2712 2713 2756 3831
2 4 2712 3788 2713 3831
2 4 2712 2756 2755 3831
2 4 2712 2755 3830 3831
2 4 2712 3787 3788 3831
2 4 2712 3830 3787 3831
2 4 2713 2714 2757 3832
2 4 2713 3789 2714 3832
2 4 2713 2757 2756 3832
2 4 2713 2756 3831 3832
2 4 2713 3788 3789 3832
2 4 2713 3831 3788 3832
2 4 2714 2715 2758 3833
2 4 2714 3790 2715 3833
2 4 2714 2758 2757 3833
2 4 2714 2757 3832 3833
2 4 2714 3789 3790 3833
2 4 2714 3832 3789 3833
2 4 2715 2716 2759 3834
2 4 2715 3791 2716 3834
2 4 2715 2759 2758 3834
2 4 2715 2758 3833 3834
2 4 2715 3790 3791 3834
2 4 2715 3833 3790 3834
2 4 2716 2717 2760 3835
2 4 2716 3792 2717 3835
2 4 2716 2760 2759 3835
2 4 2716 2759 3834 3835
2 4 2716 3791 3792 3835
2 4 2716 3834 3791 3835
2 4 2717 2718 2761 3836
2 4 2717 3793 2718 3836
2 4 2717 2761 2760 3836
2 4 2717 2760 3835 3836
2 4 2717 3792 3793 3836
2 4 2717 3835 3792 3836
2 4 2718 2719 2762 3837
2 4 2718 3794 2719 3837
2 4 2718 2762 2761 3837
2 4 2718 2761 3836 3837
2 4 2718 3793 3794 3837
2 4 2718 3836 3793 3837
2 4 2719 2720 2763 3838
2 4 2719 3795 2720 3838
2 4 2719 2763 2762 3838
2 4 2719 2762 3837 3838
2 4 2719 3794 3795 3838
2 4 2719 3837 3794 3838
2 4 2720 2721 2764 3839
2 4 2720 3796 2721 3839
2 4 2720 2764 2763 3839
2 4 2720 2763 3838 3839
2 4 2720 3795 3796 3839
2 4 2720 3838 3795 3839
2 4 2721 2722 2765 3840
2 4 2721 3797 2722 3840
2 4 2721 2765 2764 3840
2 4 2721 2764 3839 3840
2 4 2721 3796 3797 3840
2 4 2721 3839 3796 3840
2 4 2722 2723 2766 3841
2 4 2722 3798 2723 3841
2 4 2722 2766 2765 3841
2 4 2722 2765 3840 3841
2 4 2722 3797 3798 3841
2 4 2722 3840 3797 3841
2 4 2723 2724 2767 3842
2 4 2723 3799 2724 3842
2 4 2723 2767 2766 3842
2 4 2723 2766 3841 3842
2 4 2723 3798 3799 3842
2 4 2723 3841 3798 3842
2 4 2724 2725 2768 3843
2 4 2724 3800 2725 3843
2 4 2724 2768 2767 3843
2 4 2724 2767 3842 3843
2 4 2724 3799 3800 3843
2 4 2724 3842 3799 3843
2 4 2725 2726 2769 3844
2 4 2725 3801 2726 3844
2 4 2725 2769 2768 3844
2 4 2725 2768 3843 3844
2 4 2725 3800 3801 3844
2 4 2725 3843 3800 3844
2 4 2726 2727 2770 3845
2 4 2726 3802 2727 3845
2 4 2726 2770 2769 3845
2 4 2726 2769 3844 3845
2 4 2726 3801 3802 3845
2 4 2726 3844 3801 3845
2 4 2727 2728 2771 3846
2 4 2727 3803 2728 3846
2 4 2727 2771 2770 3846
2 4 2727 2770 3845 3846
2 4 2727 3802 3803 3846
2 4 2727 3845 3802 3846
2 4 2728 2729 2772 3847
2 4 2728 3804 2729 3847
2 4 2728 2772 2771 3847
2 4 2728 2771 3846 3847
2 4 2728 3803 3804 3847
2 4 2728 3846 3803 3847
2 4 2729 2730 2773 3848
2 4 2729 3805 2730 3848
2 4 2729 2773 2772 3848
2 4 2729 2772 3847 3848
2 4 2729 3804 3805 3848
2 4 2729 3847 3804 3848
2 4 2730 2731 2774 3849
2 4 2730 3806 2731 3849
2 4 2730 2774 2773 3849
2 4 2730 2773 3848 3849
2 4 2730 3805 3806 3849
2 4 2730 3848 3805 3849
2 4 2731 2732 2775 3850
2 4 2731 3807 2732 3850
2 4 2731 2775 2774 3850
2 4 2731 2774 3849 3850
2 4 2731 3806 3807 3850
2 4 2731 3849 3806 3850
2 4 2732 2733 2776 3851
2 4 2732 3808 2733 3851
2 4 2732 2776 2775 3851
2 4 2732 2775 3850 3851
2 4 2732 3807 3808 3851
2 4 2732 3850 3807 3851
2 4 2733 2734 2777 3852
2 4 2733 3809 2734 3852
2 4 2733 2777 2776 3852
2 4 2733 2776 3851 3852
2 4 2733 3808 3809 3852
2 4 2733 3851 3808 3852
2 4 2734 2735 2778 3853
2 4 2734 3810 2735 3853
2 4 2734 2778 2777 3853
2 4 2734 2777 3852 3853
2 4 2734 3809 3810 3853
2 4 2734 3852 3809 3853
2 4 2735 2736 2779 3854
2 4 2735 3811 2736 3854
2 4 2735 2779 2778 3854
2 4 2735 2778 3853 3854
2 4 2735 3810 3811 3854
2 4 2735 3853 3810 3854
2 4 2736 2737 2780 3855
2 4 2736 3812 2737 3855
2 4 2736 2780 2779 3855
2 4 2736 2779 3854 3855
2 4 2736 3811 3812 3855
2 4 2736 3854 3811 3855
2 4 2737 2738 2781 3856
2 4 2737 3813 2738 3856
2 4 2737 2781 2780 3856
2 4 2737 2780 3855 3856
2 4 2737 3812 3813 3856
2 4 2737 3855 3812 3856
2 4 2738 2739 2782 3857
2 4 2738 3814 2739 3857
2 4 2738 2782 2781 3857
2 4 2738 2781 3856 3857
2 4 2738 3813 3814 3857
2 4 2738 3856 3813 3857
2 4 2739 2740 2783 3858
2 4 2739 3815 2740 3858
2 4 2739 2783 2782 3858
2 4 2739 2782 3857 3858
2 4 2739 3814 3815 3858
2 4 2739 3857 3814 3858
2 4 2740 2741 2784 3859
2 4 2740 3816 2741 3859
2 4 2740 2784 2783 3859
2 4 2740 2783 3858 3859
2 4 2740 3815 3816 3859
2 4 2740 3858 3815 3859
2 4 2741 2742 2785 3860
2 4 2741 3817 2742 3860
2 4 2741 2785 2784 3860
2 4 2741 2784 3859 3860
2 4 2741 3816 3817 3860
2 4 2741 3859 3816 3860
2 4 2742 2743 2786 3861
2 4 2742 3818 2743 3861
2 4 2742 2786 2785 3861
2 4 2742 2785 3860 3861
2 4 2742 3817 3818 3861
2 4 2742 3860 3817 3861
2 4 2743 2744 2787 3862
2 4 2743 3819 2744 3862
2 4 2743 2787 2786 3862
2 4 2743 2786 3861 3862
2 4 2743 3818 3819 3862
2 4 2743 3861 3818 3862
2 4 2744 2745 2788 3863
2 4 2744 3820 2745 3863
2 4 2744 2788 2787 3863
2 4 2744 2787 3862 3863
2 4 2744 3819 3820 3863
2 4 2744 3862 3819 3863
2 4 2745 2746 2789 3864
2 4 2745 3821 2746 3864
2 4 2745 2789 2788 3864
2 4 2745 2788 3863 3864
2 4 2745 3820 3821 3864
2 4 2745 3863 3820 3864
2 4 2746 2747 2790 3865
2 4 2746 3822 2747 3865
2 4 2746 2790 2789 3865
2 4 2746 2789 3864 3865
2 4 2746 3821 3822 3865
2 4 2746 3864 3821 3865
2 4 2747 2748 2791 3866
2 4 2747 3823 2748 3866
2 4 2747 2791 2790 3866
2 4 2747 2790 3865 3866
2 4 2747 3822 3823 3866
2 4 2747 3865 3822 3866
2 4 2748 2749 2792 3867
2 4 2748 3824 2749 3867
2 4 2748 2792 2791 3867
2 4 2748 2791 3866 3867
2 4 2748 3823 3824 3867
2 4 2748 3866 3823 3867
2 4 2749 2750 2793 3868
2 4 2749 3825 2750 3868
2 4 2749 2793 2792 3868
2 4 2749 2792 3867 3868
2 4 2749 3824 3825 3868
2 4 2749 3867 3824 3868
2 4 2750 2751 2794 3869
2 4 2750 3826 2751 3869
2 4 2750 2794 2793 3869
2 4 2750 2793 3868 3869
2 4 2750 3825 3826 3869
2 4 2750 3868 3825 3869
2 4 2752 2753 2796 3871
2 4 2752 3828 2753 3871
2 4 2752 2796 2795 3871
2 4 2752 2795 3870 3871
2 4 2752 3827 3828 3871
2 4 2752 3870 3827 3871
2 4 2753 2754 2797 3872
2 4 2753 3829 2754 3872
2 4 2753 2797 2796 3872
2 4 2753 2796 3871 3872
2 4 2753 3828 3829 3872
2 4 2753 3871 3828 3872
2 4 2754 2755 2798 3873
2 4 2754 3830 2755 3873
2 4 2754 2798 2797 3873
2 4 2754 2797 3872 3873
2 4 2754 3829 3830 3873
2 4 2754 3872 3829 3873
2 4 2755 2756 2799 3874
2 4 2755 3831 2756 3874
2 4 2755 2799 2798 3874
2 4 2755 2798 3873 3874
2 4 2755 3830 3831 3874
2 4 2755 3873 3830 3874
2 4 2756 2757 2800 3875
2 4 2756 3832 2757 3875
2 4 2756 2800 2799 3875
2 4 2756 2799 3874 3875
2 4 2756 3831 3832 3875
2 4 2756 3874 3831 3875
2 4 2757 2758 2801 3876
2 4 2757 3833 2758 3876
2 4 2757 2801 2800 3876
2 4 2757 2800 3875 3876
2 4 2757 3832 3833 3876
2 4 2757 3875 3832 3876
2 4 2758 2759 2802 3877
2 4 2758 3834 2759 3877
2 4 2758 2802 2801 3877
2 4 2758 2801 3876 3877
2 4 2758 3833 3834 3877
2 4 2758 3876 3833 3877
2 4 2759 2760 2803 3878
2 4 2759 3835 2760 3878
2 4 2759 2803 2802 3878
2 4 2759 2802 3877 3878
2 4 2759 3834 3835 3878
2 4 2759 3877 3834 3878
2 4 2760 2761 2804 3879
2 4 2760 3836 2761 3879
2 4 2760 2804 2803 3879
2 4 2760 2803 3878 3879
2 4 2760 3835 3836 3879
2 4 2760 3878 3835 3879
2 4 2761 2762 2805 3880
2 4 2761 3837 2762 3880
2 4 2761 2805 2804 3880
2 4 2761 2804 3879 3880
2 4 2761 3836 3837 3880
2 4 2761 3879 3836 3880
2 4 2762 2763 2806 3881
2 4 2762 3838 2763 3881
2 4 2762 2806 2805 3881
2 4 2762 2805 3880 3881
2 4 2762 3837 3838 3881
2 4 2762 3880 3837 3881
2 4 2763 2764 2807 3882
2 4 2763 3839 2764 3882
2 4 2763 2807 2806 3882
2 4 2763 2806 3881 3882
2 4 2763 3838 3839 3882
2 4 2763 3881 3838 3882
2 4 2764 2765 2808 3883
2 4 2764 3840 2765 3883
2 4 2764 2808 2807 3883
2 4 2764 2807 3882 3883
2 4 2764 3839 3840 3883
2 4 2764 3882 3839 3883
2 4 2765 2766 2809 3884
2 4 2765 3841 2766 3884
2 4 2765 2809 2808 3884
2 4 2765 2808 3883 3884
2 4 2765 3840 3841 3884
2 4 2765 3883 3840 3884
2 4 2766 2767 2810 3885
2 4 2766 3842 2767 3885
2 4 2766 2810 2809 3885
2 4 2766 2809 3884 3885
2 4 2766 3841 3842 3885
2 4 2766 3884 3841 3885
2 4 2767 2768 2811 3886
2 4 2767 3843 2768 3886
2 4 2767 2811 2810 3886
2 4 2767 2810 3885 3886
2 4 2767 3842 3843 3886
2 4 2767 3885 3842 3886
2 4 2768 2769 2812 3887
2 4 2768 3844 2769 3887
2 4 2768 2812 2811 3887
2 4 2768 2811 3886 3887
2 4 2768 3843 3844 3887
2 4 2768 3886 3843 3887
2 4 2769 2770 2813 3888
2 4 2769 3845 2770 3888
2 4 2769 2813 2812 3888
2 4 2769 2812 3887 3888
2 4 2769 3844 3845 3888
2 4 2769 3887 3844 3888
2 4 2770 2771 2814 3889
2 4 2770 3846 2771 3889
2 4 2770 2814 2813 3889
2 4 2770 2813 3888 3889
2 4 2770 3845 3846 3889
2 4 2770 3888 3845 3889
2 4 2771 2772 2815 3890
2 4 2771 3847 2772 3890
2 4 2771 2815 2814 3890
2 4 2771 2814 3889 3890
2 4 2771 3846 3847 3890
2 4 2771 3889 3846 3890
2 4 2772 2773 2816 3891
2 4 2772 3848 2773 3891
2 4 2772 2816 2815 3891
2 4 2772 2815 3890 3891
2 4 2772 3847 3848 3891
2 4 2772 3890 3847 3891
2 4 2773 2774 2817 3892
2 4 2773 3849 2774 3892
2 4 2773 2817 2816 3892
2 4 2773 2816 3891 3892
2 4 2773 3848 3849 3892
2 4 2773 3891 3848 3892
2 4 2774 2775 2818 3893
2 4 2774 3850 2775 3893
2 4 2774 2818 2817 3893
2 4 2774 2817 3892 3893
2 4 2774 3849 3850 3893
2 4 2774 3892 3849 3893
2 4 2775 2776 2819 3894
2 4 2775 3851 2776 3894
2 4 2775 2819 2818 3894
2 4 2775 2818 3893 3894
2 4 2775 3850 3851 3894
2 4 2775 3893 3850 3894
2 4 2776 2777 2820 3895
2 4 2776 3852 2777 3895
2 4 2776 2820 2819 3895
2 4 2776 2819 3894 3895
2 4 2776 3851 3852 3895
2 4 2776 3894 3851 3895
2 4 2777 2778 2821 3896
2 4 2777 3853 2778 3896
2 4 2777 2821 2820 3896
2 4 2777 2820 3895 3896
2 4 2777 3852 3853 3896
2 4 2777 3895 3852 3896
2 4 2778 2779 2822 3897
2 4 2778 3854 2779 3897
2 4 2778 2822 2821 3897
2 4 2778 2821 3896 3897
2 4 2778 3853 3854 3897
2 4 2778 3896 3853 3897
2 4 2779 2780 2823 3898
2 4 2779 3855 2780 3898
2 4 2779 2823 2822 3898
2 4 2779 2822 3897 3898
2 4 2779 3854 3855 3898
2 4 2779 3897 3854 3898
2 4 2780 2781 2824 3899
2 4 2780 3856 2781 3899
2 4 2780 2824 2823 3899
2 4 2780 2823 3898 3899
2 4 2780 3855 3856 3899
2 4 2780 3898 3855 3899
2 4 2781 2782 2825 3900
2 4 2781 3857 2782 3900
2 4 2781 2825 2824 3900
2 4 2781 2824 3899 3900
2 4 2781 3856 3857 3900
2 4 2781 3899 3856 3900
2 4 2782 2783 2826 3901
2 4 2782 3858 2783 3901
2 4 2782 2826 2825 3901
2 4 2782 2825 3900 3901
2 4 2782 3857 3858 3901
2 4 2782 3900 3857 3901
2 4 2783 2784 2827 3902
2 4 2783 3859 2784 3902
2 4 2783 2827 2826 3902
2 4 2783 2826 3901 3902
2 4 2783 3858 3859 3902
2 4 2783 3901 3858 3902
2 4 2784 2785 2828 3903
2 4 2784 3860 2785 3903
2 4 2784 2828 2827 3903
2 4 2784 2827 3902 3903
2 4 2784 3859 3860 3903
2 4 2784 3902 3859 3903
2 4 2785 2786 2829 3904
2 4 2785 3861 2786 3904
2 4 2785 2829 2828 3904
2 4 2785 2828 3903 3904
2 4 2785 3860 3861 3904
2 4 2785 3903 3860 3904
2 4 2786 2787 2830 3905
2 4 2786 3862 2787 3905
2 4 2786 2830 2829 3905
2 4 2786 2829 3904 3905
2 4 2786 3861 3862 3905
2 4 2786 3904 3861 3905
2 4 2787 2788 2831 3906
2 4 2787 3863 2788 3906
2 4 2787 2831 2830 3906
2 4 2787 2830 3905 3906
2 4 2787 3862 3863 3906
2 4 2787 3905 3862 3906
2 4 2788 2789 2832 3907
2 4 2788 3864 2789 3907
2 4 2788 2832 2831 3907
2 4 2788 2831 3906 3907
2 4 2788 3863 3864 3907
2 4 2788 3906 3863 3907
2 4 2789 2790 2833 3908
2 4 2789 3865 2790 3908
2 4 2789 2833 2832 3908
2 4 2789 2832 3907 3908
2 4 2789 3864 3865 3908
2 4 2789 3907 3864 3908
2 4 2790 2791 2834 3909
2 4 2790 3866 2791 3909
2 4 2790 2834 2833 3909
2 4 2790 2833 3908 3909
2 4 2790 3865 3866 3909
2 4 2790 3908 3865 3909
2 4 2791 2792 2835 3910
2 4 2791 3867 2792 3910
2 4 2791 2835 2834 3910
2 4 2791 2834 3909 3910
2 4 2791 3866 3867 3910
2 4 2791 3909 3866 3910
2 4 2792 2793 2836 3911
2 4 2792 3868 2793 3911
2 4 2792 2836 2835 3911
2 4 2792 2835 3910 3911
2 4 2792 3867 3868 3911
2 4 2792 3910 3867 3911
2 4 2793 2794 2837 3912
2 4 2793 3869 2794 3912
2 4 2793 2837 2836 3912
2 4 2793 2836 3911 3912
2 4 2793 3868 3869 3912
2 4 2793 3911 3868 3912
2 4 2795 2796 2839 3914
2 4 2795 3871 2796 3914
2 4 2795 2839 2838 3914
2 4 2795 2838 3913 3914
2 4 2795 3870 3871 3914
2 4 2795 3913 3870 3914
2 4 2796 2797 2840 3915
2 4 2796 3872 2797 3915
2 4 2796 2840 2839 3915
2 4 2796 2839 3914 3915
2 4 2796 3871 3872 3915
2 4 2796 3914 3871 3915
2 4 2797 2798 2841 3916
2 4 2797 3873 2798 3916
2 4 2797 2841 2840 3916
2 4 2797 2840 3915 3916
2 4 2797 3872 3873 3916
2 4 2797 3915 3872 3916
2 4 2798 2799 2842 3917
2 4 2798 3874 2799 3917
2 4 2798 2842 2841 3917
2 4 2798 2841 3916 3917
2 4 2798 3873 3874 3917
2 4 2798 3916 3873 3917
2 4 2799 2800 2843 3918
2 4 2799 3875 2800 3918
2 4 2799 2843 2842 3918
2 4 2799 2842 3917 3918
2 4 2799 3874 3875 3918
2 4 2799 3917 3874 3918
2 4 2800 2801 2844 3919
2 4 2800 3876 2801 3919
2 4 2800 2844 2843 3919
2 4 2800 2843 3918 3919
2 4 2800 3875 3876 3919
2 4 2800 3918 3875 3919
2 4 2801 2802 2845 3920
2 4 2801 3877 2802 3920
2 4 2801 2845 2844 3920
2 4 2801 2844 3919 3920
2 4 2801 3876 3877 3920
2 4 2801 3919 3876 3920
2 4 2802 2803 2846 3921
2 4 2802 3878 2803 3921
2 4 2802 2846 2845 3921
2 4 2802 2845 3920 3921
2 4 2802 3877 3878 3921
2 4 2802 3920 3877 3921
2 4 2803 2804 2847 3922
2 4 2803 3879 2804 3922
2 4 2803 2847 2846 3922
2 4 2803 2846 3921 3922
2 4 2803 3878 3879 3922
2 4 2803 3921 3878 3922
2 4 2804 2805 2848 3923
2 4 2804 3880 2805 3923
2 4 2804 2848 2847 3923
2 4 2804 2847 3922 3923
2 4 2804 3879 3880 3923
2 4 2804 3922 3879 3923
2 4 2805 2806 2849 3924
2 4 2805 3881 2806 3924
2 4 2805 2849 2848 3924
2 4 2805 2848 3923 3924
2 4 2805 3880 3881 3924
2 4 2805 3923 3880 3924
2 4 2806 2807 2850 3925
2 4 2806 3882 2807 3925
2 4 2806 2850 2849 3925
2 4 2806 2849 3924 3925
2 4 2806 3881 3882 3925
2 4 2806 3924 3881 3925
2 4 2807 2808 2851 3926
2 4 2807 3883 2808 3926
2 4 2807 2851 2850 3926
2 4 2807 2850 3925 3926
2 4 2807 3882 3883 3926
2 4 2807 3925 3882 3926
2 4 2808 2809 2852 3927
2 4 2808 3884 2809 3927
2 4 2808 2852 2851 3927
2 4 2808 2851 3926 3927
2 4 2808 3883 3884 3927
2 4 2808 3926 3883 3927
2 4 2809 2810 2853 3928
2 4 2809 3885 2810 3928
2 4 2809 2853 2852 3928
2 4 2809 2852 3927 3928
2 4 2809 3884 3885 3928
2 4 2809 3927 3884 3928
2 4 2810 2811 2854 3929
2 4 2810 3886 2811 3929
2 4 2810 2854 2853 3929
2 4 2810 2853 3928 3929
2 4 2810 3885 3886 3929
2 4 2810 3928 3885 3929
2 4 2811 2812 2855 3930
2 4 2811 3887 2812 3930
2 4 2811 2855 2854 3930
2 4 2811 2854 3929 3930
2 4 2811 3886 3887 3930
2 4 2811 3929 3886 3930
2 4 2812 2813 2856 3931
2 4 2812 3888 2813 3931
2 4 2812 2856 2855 3931
2 4 2812 2855 3930 3931
2 4 2812 3887 3888 3931
2 4 2812 3930 3887 3931
2 4 2813 2814 2857 3932
2 4 2813 3889 2814 3932
2 4 2813 2857 2856 3932
2 4 2813 2856 3931 3932
2 4 2813 3888 3889 3932
2 4 2813 3931 3888 3932
2 4 2814 2815 2858 3933
2 4 2814 3890 2815 3933
2 4 2814 2858 2857 3933
2 4 2814 2857 3932 3933
2 4 2814 3889 3890 3933
2 4 2814 3932 3889 3933
2 4 2815 2816 2859 3934
2 4 2815 3891 2816 3934
2 4 2815 2859 2858 3934
2 4 2815 2858 3933 3934
2 4 2815 3890 3891 3934
2 4 2815 3933 3890 3934
2 4 2816 2817 2860 3935
2 4 2816 3892 2817 3935
2 4 2816 2860 2859 3935
2 4 2816 2859 3934 3935
2 4 2816 3891 3892 3935
2 4 2816 3934 3891 3935
2 4 2817 2818 2861 3936
2 4 2817 3893 2818 3936
2 4 2817 2861 2860 3936
2 4 2817 2860 3935 3936
2 4 2817 3892 3893 3936
2 4 2817 3935 3892 3936
2 4 2818 2819 2862 3937
2 4 2818 3894 2819 3937
2 4 2818 2862 2861 3937
2 4 2818 2861 3936 3937
2 4 2818 3893 3894 3937
2 4 2818 3936 3893 3937
2 4 2819 2820 2863 3938
2 4 2819 3895 2820 3938
2 4 2819 2863 2862 3938
2 4 2819 2862 3937 3938
2 4 2819 3894 3895 3938
2 4 2819 3937 3894 3938
2 4 2820 2821 2864 3939
2 4 2820 3896 2821 3939
2 4 2820 2864 2863 3939
2 4 2820 2863 3938 3939
2 4 2820 3895 3896 3939
2 4 2820 3938 3895 3939
2 4 2821 2822 2865 3940
2 4 2821 3897 2822 3940
2 4 2821 2865 2864 3940
2 4 2821 2864 3939 3940
2 4 2821 3896 3897 3940
2 4 2821 3939 3896 3940
2 4 2822 2823 2866 3941
2 4 2822 3898 2823 3941
2 4 2822 2866 2865 3941
2 4 2822 2865 3940 3941
2 4 2822 3897 3898 3941
2 4 2822 3940 3897 3941
2 4 2823 2824 2867 3942
2 4 2823 3899 2824 3942
2 4 2823 2867 2866 3942
2 4 2823 2866 3941 3942
2 4 2823 3898 3899 3942
2 4 2823 3941 3898 3942
2 4 2824 2825 2868 3943
2 4 2824 3900 2825 3943
2 4 2824 2868 2867 3943
2 4 2824 2867 3942 3943
2 4 2824 3899 3900 3943
2 4 2824 3942 3899 3943
2 4 2825 2826 2869 3944
2 4 2825 3901 2826 3944
2 4 2825 2869 2868 3944
2 4 2825 2868 3943 3944
2 4 2825 3900 3901 3944
2 4 2825 3943 3900 3944
2 4 2826 2827 2870 3945
2 4 2826 3902 2827 3945
2 4 2826 2870 2869 3945
2 4 2826 2869 3944 3945
2 4 2826 3901 3902 3945
2 4 2826 3944 3901 3945
2 4 2827 2828 2871 3946
2 4 2827 3903 2828 3946
2 4 2827 2871 2870 3946
2 4 2827 2870 3945 3946
2 4 2827 3902 3903 3946
2 4 2827 3945 3902 3946
2 4 2828 2829 2872 3947
2 4 2828 3904 2829 3947
2 4 2828 2872 2871 3947
2 4 2828 2871 3946 3947
2 4 2828 3903 3904 3947
2 4 2828 3946 3903 3947
2 4 2829 2830 2873 3948
2 4 2829 3905 2830 3948
2 4 2829 2873 2872 3948
2 4 2829 2872 3947 3948
2 4 2829 3904 3905 3948
2 4 2829 3947 3904 3948
2 4 2830 2831 2874 3949
2 4 2830 3906 2831 3949
2 4 2830 2874 2873 3949
2 4 2830 2873 3948 3949
2 4 2830 3905 3906 3949
2 4 2830 3948 3905 3949
2 4 2831 2832 2875 3950
2 4 2831 3907 2832 3950
2 4 2831 2875 2874 3950
2 4 2831 2874 3949 3950
2 4 2831 3906 3907 3950
2 4 2831 3949 3906 3950
2 4 2832 2833 2876 3951
2 4 2832 3908 2833 3951
2 4 2832 2876 2875 3951
2 4 2832 2875 3950 3951
2 4 2832 3907 3908 3951
2 4 2832 3950 3907 3951
2 4 2833 2834 2877 3952
2 4 2833 3909 2834 3952
2 4 2833 2877 2876 3952
2 4 2833 2876 3951 3952
2 4 2833 3908 3909 3952
2 4 2833 3951 3908 3952
2 4 2834 2835 2878 3953
2 4 2834 3910 2835 3953
2 4 2834 2878 2877 3953
2 4 2834 2877 3952 3953
2 4 2834 3909 3910 3953
2 4 2834 3952 3909 3953
2 4 2835 2836 2879 3954
2 4 2835 3911 2836 3954
2 4 2835 2879 2878 3954
2 4 2835 2878 3953 3954
2 4 2835 3910 3911 3954
2 4 2835 3953 3910 3954
2 4 2836 2837 2880 3955
2 4 2836 3912 2837 3955
2 4 2836 2880 2879 3955
2 4 2836 2879 3954 3955
2 4 2836 3911 3912 3955
2 4 2836 3954 3911 3955
2 4 2838 2839 2882 3957
2 4 2838 3914 2839 3957
2 4 2838 2882 2881 3957
2 4 2838 2881 3956 3957
2 4 2838 3913 3914 3957
2 4 2838 3956 3913 3957
2 4 2839 2840 2883 3958
2 4 2839 3915 2840 3958
2 4 2839 2883 2882 3958
2 4 2839 2882 3957 3958
2 4 2839 3914 3915 3958
2 4 2839 3957 3914 3958
2 4 2840 2841 2884 3959
2 4 2840 3916 2841 3959
2 4 2840 2884 2883 3959
2 4 2840 2883 3958 3959
2 4 2840 3915 3916 3959
2 4 2840 3958 3915 3959
2 4 2841 2842 2885 3960
2 4 2841 3917 2842 3960
2 4 2841 2885 2884 3960
2 4 2841 2884 3959 3960
2 4 2841 3916 3917 3960
2 4 2841 3959 3916 3960
2 4 2842 2843 2886 3961
2 4 2842 3918 2843 3961
2 4 2842 2886 2885 3961
2 4 2842 2885 3960 3961
2 4 2842 3917 3918 3961
2 4 2842 3960 3917 3961
2 4 2843 2844 2887 3962
2 4 2843 3919 2844 3962
2 4 2843 2887 2886 3962
2 4 2843 2886 3961 3962
2 4 2843 3918 3919 3962
2 4 2843 3961 3918 3962
2 4 2844 2845 2888 3963
2 4 2844 3920 2845 3963
2 4 2844 2888 2887 3963
2 4 2844 2887 3962 3963
2 4 2844 3919 3920 3963
2 4 2844 3962 3919 3963
2 4 2845 2846 2889 3964
2 4 2845 3921 2846 3964
2 4 2845 2889 2888 3964
2 4 2845 2888 3963 3964
2 4 2845 3920 3921 3964
2 4 2845 3963 3920 3964
2 4 2846 2847 2890 3965
2 4 2846 3922 2847 3965
2 4 2846 2890 2889 3965
2 4 2846 2889 3964 3965
2 4 2846 3921 3922 3965
2 4 2846 3964 3921 3965
2 4 2847 2848 2891 3966
2 4 2847 3923 2848 3966
2 4 2847 2891 2890 3966
2 4 2847 2890 3965 3966
2 4 2847 3922 3923 3966
2 4 2847 3965 3922 3966
2 4 2848 2849 2892 3967
2 4 2848 3924 2849 3967
2 4 2848 2892 2891 3967
2 4 2848 2891 3966 3967
2 4 2848 3923 3924 3967
2 4 2848 3966 3923 3967
2 4 2849 2850 2893 3968
2 4 2849 3925 2850 3968
2 4 2849 2893 2892 3968
2 4 2849 2892 3967 3968
2 4 2849 3924 3925 3968
2 4 2849 3967 3924 3968
2 4 2850 2851 2894 3969
2 4 2850 3926 2851 3969
2 4 2850 2894 2893 3969
2 4 2850 2893 3968 3969
2 4 2850 3925 3926 3969
2 4 2850 3968 3925 3969
2 4 2851 2852 2895 3970
2 4 2851 3927 2852 3970
2 4 2851 2895 2894 3970
2 4 2851 2894 3969 3970
2 4 2851 3926 3927 3970
2 4 2851 3969 3926 3970
2 4 2852 2853 2896 3971
2 4 2852 3928 2853 3971
2 4 2852 2896 2895 3971
2 4 2852 2895 3970 3971
2 4 2852 3927 3928 3971
2 4 2852 3970 3927 3971
2 4 2853 2854 2897 3972
2 4 2853 3929 2854 3972
2 4 2853 2897 2896 3972
2 4 2853 2896 3971 3972
2 4 2853 3928 3929 3972
2 4 2853 3971 3928 3972
2 4 2854 2855 2898 3973
2 4 2854 3930 2855 3973
2 4 2854 2898 2897 3973
2 4 2854 2897 3972 3973
2 4 2854 3929 3930 3973
2 4 2854 3972 3929 3973
2 4 2855 2856 2899 3974
2 4 2855 3931 2856 3974
2 4 2855 2899 2898 3974
2 4 2855 2898 3973 3974
2 4 2855 3930 3931 3974
2 4 2855 3973 3930 3974
2 4 2856 2857 2900 3975
2 4 2856 3932 2857 3975
2 4 2856 2900 2899 3975
2 4 2856 2899 3974 3975
2 4 2856 3931 3932 3975
2 4 2856 3974 3931 3975
2 4 2857 2858 2901 3976
2 4 2857 3933 2858 3976
2 4 2857 2901 2900 3976
2 4 2857 2900 3975 3976
2 4 2857 3932 3933 3976
2 4 2857 3975 3932 3976
2 4 2858 2859 2902 3977
2 4 2858 3934 2859 3977
2 4 2858 2902 2901 3977
2 4 2858 2901 3976 3977
2 4 2858 3933 3934 3977
2 4 2858 3976 3933 3977
2 4 2859 2860 2903 3978
2 4 2859 3935 2860 3978
2 4 2859 2903 2902 3978
2 4 2859 2902 3977 3978
2 4 2859 3934 3935 3978
2 4 2859 3977 3934 3978
2 4 2860 2861 2904 3979
2 4 2860 3936 2861 3979
2 4 2860 2904 2903 3979
2 4 2860 2903 3978 3979
2 4 2860 3935 3936 3979
2 4 2860 3978 3935 3979
2 4 2861 2862 2905 3980
2 4 2861 3937 2862 3980
2 4 2861 2905 2904 3980
2 4 2861 2904 3979 3980
2 4 2861 3936 3937 3980
2 4 2861 3979 3936 3980
2 4 2862 2863 2906 3981
2 4 2862 3938 2863 3981
2 4 2862 2906 2905 3981
2 4 2862 2905 3980 3981
2 4 2862 3937 3938 3981
2 4 2862 3980 3937 3981
2 4 2863 2864 2907 3982
2 4 2863 3939 2864 3982
2 4 2863 2907 2906 3982
2 4 2863 2906 3981 3982
2 4 2863 3938 3939 3982
2 4 2863 3981 3938 3982
2 4 2864 2865 2908 3983
2 4 2864 3940 2865 3983
2 4 2864 2908 2907 3983
2 4 2864 2907 3982 3983
2 4 2864 3939 3940 3983
2 4 2864 3982 3939 3983
2 4 2865 2866 2909 3984
2 4 2865 3941 2866 3984
2 4 2865 2909 2908 3984
2 4 2865 2908 3983 3984
2 4 2865 3940 3941 3984
2 4 2865 3983 3940 3984
2 4 2866 2867 2910 3985
2 4 2866 3942 2867 3985
2 4 2866 2910 2909 3985
2 4 2866 2909 3984 3985
2 4 2866 3941 3942 3985
2 4 2866 3984 3941 3985
2 4 2867 2868 2911 3986
2 4 2867 3943 2868 3986
2 4 2867 2911 2910 3986
2 4 2867 2910 3985 3986
2 4 2867 3942 3943 3986
2 4 2867 3985 3942 3986
2 4 2868 2869 2912 3987
2 4 2868 3944 2869 3987
2 4 2868 2912 2911 3987
2 4 2868 2911 3986 3987
2 4 2868 3943 3944 3987
2 4 2868 3986 3943 3987
2 4 2869 2870 2913 3988
2 4 2869 3945 2870 3988
2 4 2869 2913 2912 3988
2 4 2869 2912 3987 3988
2 4 2869 3944 3945 3988
2 4 2869 3987 3944 3988
2 4 2870 2871 2914 3989
2 4 2870 3946 2871 3989
2 4 2870 2914 2913 3989
2 4 2870 2913 3988 3989
2 4 2870 3945 3946 3989
2 4 2870 3988 3945 3989
2 4 2871 2872 2915 3990
2 4 2871 3947 2872 3990
2 4 2871 2915 2914 3990
2 4 2871 2914 3989 3990
2 4 2871 3946 3947 3990
2 4 2871 3989 3946 3990
2 4 2872 2873 2916 3991
2 4 2872 3948 2873 3991
2 4 2872 2916 2915 3991
2 4 2872 2915 3990 3991
2 4 2872 3947 3948 3991
2 4 2872 3990 3947 3991
2 4 2873 2874 2917 3992
2 4 2873 3949 2874 3992
2 4 2873 2917 2916 3992
2 4 2873 2916 3991 3992
2 4 2873 3948 3949 3992
2 4 2873 3991 3948 3992
2 4 2874 2875 2918 3993
2 4 2874 3950 2875 3993
2 4 2874 2918 2917 3993
2 4 2874 2917 3992 3993
2 4 2874 3949 3950 3993
2 4 2874 3992 3949 3993
2 4 2875 2876 2919 3994
2 4 2875 3951 2876 3994
2 4 2875 2919 2918 3994
2 4 2875 2918 3993 3994
2 4 2875 3950 3951 3994
2 4 2875 3993 3950 3994
2 4 2876 2877 2920 3995
2 4 2876 3952 2877 3995
2 4 2876 2920 2919 3995
2 4 2876 2919 3994 3995
2 4 2876 3951 3952 3995
2 4 2876 3994 3951 3995
2 4 2877 2878 2921 3996
2 4 2877 3953 2878 3996
2 4 2877 2921 2920 3996
2 4 2877 2920 3995 3996
2 4 2877 3952 3953 3996
2 4 2877 3995 3952 3996
2 4 2878 2879 2922 3997
2 4 2878 3954 2879 3997
2 4 2878 2922 2921 3997
2 4 2878 2921 3996 3997
2 4 2878 3953 3954 3997
2 4 2878 3996 3953 3997
2 4 2879 2880 2923 3998
2 4 2879 3955 2880 3998
2 4 2879 2923 2922 3998
2 4 2879 2922 3997 3998
2 4 2879 3954 3955 3998
2 4 2879 3997 3954 3998
2 4 2881 2882 2925 4000
2 4 2881 3957 2882 4000
2 4 2881 2925 2924 4000
2 4 2881 2924 3999 4000
2 4 2881 3956 3957 4000
2 4 2881 3999 3956 4000
2 4 2882 2883 2926 4001
2 4 2882 3958 2883 4001
2 4 2882 2926 2925 4001
2 4 2882 2925 4000 4001
2 4 2882 3957 3958 4001
2 4 2882 4000 3957 4001
2 4 2883 2884 2927 4002
2 4 2883 3959 2884 4002
2 4 2883 2927 2926 4002
2 4 2883 2926 4001 4002
2 4 2883 3958 3959 4002
2 4 2883 4001 3958 4002
2 4 2884 2885 2928 4003
2 4 2884 3960 2885 4003
2 4 2884 2928 2927 4003
2 4 2884 2927 4002 4003
2 4 2884 3959 3960 4003
2 4 2884 4002 3959 4003
2 4 2885 2886 2929 4004
2 4 2885 3961 2886 4004
2 4 2885 2929 2928 4004
2 4 2885 2928 4003 4004
2 4 2885 3960 3961 4004
2 4 2885 4003 3960 4004
2 4 2886 2887 2930 4005
2 4 2886 3962 2887 4005
2 4 2886 2930 2929 4005
2 4 2886 2929 4004 4005
2 4 2886 3961 3962 4005
2 4 2886 4004 3961 4005
2 4 2887 2888 2931 4006
2 4 2887 3963 2888 4006
2 4 2887 2931 2930 4006
2 4 2887 2930 4005 4006
2 4 2887 3962 3963 4006
2 4 2887 4005 3962 4006
2 4 2888 2889 2932 4007
2 4 2888 3964 2889 4007
2 4 2888 2932 2931 4007
2 4 2888 2931 4006 4007
2 4 2888 3963 3964 4007
2 4 2888 4006 3963 4007
2 4 2889 2890 2933 4008
2 4 2889 3965 2890 4008
2 4 2889 2933 2932 4008
2 4 2889 2932 4007 4008
2 4 2889 3964 3965 4008
2 4 2889 4007 3964 4008
2 4 2890 2891 2934 4009
2 4 2890 3966 2891 4009
2 4 2890 2934 2933 4009
2 4 2890 2933 4008 4009
2 4 2890 3965 3966 4009
2 4 2890 4008 3965 4009
2 4 2891 2892 2935 4010
2 4 2891 3967 2892 4010
2 4 2891 2935 2934 4010
2 4 2891 2934 4009 4010
2 4 2891 3966 3967 4010
2 4 2891 4009 3966 4010
2 4 2892 2893 2936 4011
2 4 2892 3968 2893 4011
2 4 2892 2936 2935 4011
2 4 2892 2935 4010 4011
2 4 2892 3967 3968 4011
2 4 2892 4010 3967 4011
2 4 2893 2894 2937 4012
2 4 2893 3969 2894 4012
2 4 2893 2937 2936 4012
2 4 2893 2936 4011 4012
2 4 2893 3968 3969 4012
2 4 2893 4011 3968 4012
2 4 2894 2895 2938 4013
2 4 2894 3970 2895 4013
2 4 2894 2938 2937 4013
2 4 2894 2937 4012 4013
2 4 2894 3969 3970 4013
2 4 2894 4012 3969 4013
2 4 2895 2896 2939 4014
2 4 2895 3971 2896 4014
2 4 2895 2939 2938 4014
2 4 2895 2938 4013 4014
2 4 2895 3970 3971 4014
2 4 2895 4013 3970 4014
2 4 2896 2897 2940 4015
2 4 2896 3972 2897 4015
2 4 2896 2940 2939 4015
2 4 2896 2939 4014 4015
2 4 2896 3971 3972 4015
2 4 2896 4014 3971 4015
2 4 2897 2898 2941 4016
2 4 2897 3973 2898 4016
2 4 2897 2941 2940 4016
2 4 2897 2940 4015 4016
2 4 2897 3972 3973 4016
2 4 2897 4015 3972 4016
2 4 2898 2899 2942 4017
2 4 2898 3974 2899 4017
2 4 2898 2942 2941 4017
2 4 2898 2941 4016 4017
2 4 2898 3973 3974 4017
2 4 2898 4016 3973 4017
2 4 2899 2900 2943 4018
2 4 2899 3975 2900 4018
2 4 2899 2943 2942 4018
2 4 2899 2942 4017 4018
2 4 2899 3974 3975 4018
2 4 2899 4017 3974 4018
2 4 2900 2901 2944 4019
2 4 2900 3976 2901 4019
2 4 2900 2944 2943 4019
2 4 2900 2943 4018 4019
2 4 2900 3975 3976 4019
2 4 2900 4018 3975 4019
2 4 2901 2902 2945 4020
2 4 2901 3977 2902 4020
2 4 2901 2945 2944 4020
2 4 2901 2944 4019 4020
2 4 2901 3976 3977 4020
2 4 2901 4019 3976 4020
2 4 2902 2903 2946 4021
2 4 2902 3978 2903 4021
2 4 2902 2946 2945 4021
2 4 2902 2945 4020 4021
2 4 2902 3977 3978 4021
2 4 2902 4020 3977 4021
2 4 2903 2904 2947 4022
2 4 2903 3979 2904 4022
2 4 2903 2947 2946 4022
2 4 2903 2946 4021 4022
2 4 2903 3978 3979 4022
2 4 2903 4021 3978 4022
2 4 2904 2905 2948 4023
2 4 2904 3980 2905 4023
2 4 2904 2948 2947 4023
2 4 2904 2947 4022 4023
2 4 2904 3979 3980 4023
2 4 2904 4022 3979 4023
2 4 2905 2906 2949 4024
2 4 2905 3981 2906 4024
2 4 2905 2949 2948 4024
2 4 2905 2948 4023 4024
2 4 2905 3980 3981 4024
2 4 2905 4023 3980 4024
2 4 2906 2907 2950 4025
2 4 2906 3982 2907 4025
2 4 2906 2950 2949 4025
2 4 2906 2949 4024 4025
2 4 2906 3981 3982 4025
2 4 2906 4024 3981 4025
2 4 2907 2908 2951 4026
2 4 2907 3983 2908 4026
2 4 2907 2951 2950 4026
2 4 2907 2950 4025 4026
2 4 2907 3982 3983 4026
2 4 2907 4025 3982 4026
2 4 2908 2909 2952 4027
2 4 2908 3984 2909 4027
2 4 2908 2952 2951 4027
2 4 2908 2951 4026 4027
2 4 2908 3983 3984 4027
2 4 2908 4026 3983 4027
2 4 2909 2910 2953 4028
2 4 2909 3985 2910 4028
2 4 2909 2953 2952 4028
2 4 2909 2952 4027 4028
2 4 2909 3984 3985 4028
2 4 2909 4027 3984 4028
2 4 2910 2911 2954 4029
2 4 2910 3986 2911 4029
2 4 2910 2954 2953 4029
2 4 2910 2953 4028 4029
2 4 2910 3985 3986 4029
2 4 2910 4028 3985 4029
2 4 2911 2912 2955 4030
2 4 2911 3987 2912 4030
2 4 2911 2955 2954 4030
2 4 2911 2954 4029 4030
2 4 2911 3986 3987 4030
2 4 2911 4029 3986 4030
2 4 2912 2913 2956 4031
2 4 2912 3988 2913 4031
2 4 2912 2956 2955 4031
2 4 2912 2955 4030 4031
2 4 2912 3987 3988 4031
2 4 2912 4030 3987 4031
2 4 2913 2914 2957 4032
2 4 2913 3989 2914 4032
2 4 2913 2957 2956 4032
2 4 2913 2956 4031 4032
2 4 2913 3988 3989 4032
2 4 2913 4031 3988 4032
2 4 2914 2915 2958 4033
2 4 2914 3990 2915 4033
2 4 2914 2958 2957 4033
2 4 2914 2957 4032 4033
2 4 2914 3989 3990 4033
2 4 2914 4032 3989 4033
2 4 2915 2916 2959 4034
2 4 2915 3991 2916 4034
2 4 2915 2959 2958 4034
2 4 2915 2958 4033 4034
2 4 2915 3990 3991 4034
2 4 2915 4033 3990 4034
2 4 2916 2917 2960 4035
2 4 2916 3992 2917 4035
2 4 2916 2960 2959 4035
2 4 2916 2959 4034 4035
2 4 2916 3991 3992 4035
2 4 2916 4034 3991 4035
2 4 2917 2918 2961 4036
2 4 2917 3993 2918 4036
2 4 2917 2961 2960 4036
2 4 2917 2960 4035 4036
2 4 2917 3992 3993 4036
2 4 2917 4035 3992 4036
2 4 2918 2919 2962 4037
2 4 2918 3994 2919 4037
2 4 2918 2962 2961 4037
2 4 2918 2961 4036 4037
2 4 2918 3993 3994 4037
2 4 2918 4036 3993 4037
2 4 2919 2920 2963 4038
2 4 2919 3995 2920 4038
2 4 2919 2963 2962 4038
2 4 2919 2962 4037 4038
2 4 2919 3994 3995 4038
2 4 2919 4037 3994 4038
2 4 2920 2921 2964 4039
2 4 2920 3996 2921 4039
2 4 2920 2964 2963 4039
2 4 2920 2963 4038 4039
2 4 2920 3995 3996 4039
2 4 2920 4038 3995 4039
2 4 2921 2922 2965 4040
2 4 2921 3997 2922 4040
2 4 2921 2965 2964 4040
2 4 2921 2964 4039 4040
2 4 2921 3996 3997 4040
2 4 2921 4039 3996 4040
2 4 2922 2923 2966 4041
2 4 2922 3998 2923 4041
2 4 2922 2966 2965 4041
2 4 2922 2965 4040 4041
2 4 2922 3997 3998 4041
2 4 2922 4040 3997 4041
2 4 2924 2925 2968 4043
2 4 2924 4000 2925 4043
2 4 2924 2968 2967 4043
2 4 2924 2967 4042 4043
2 4 2924 3999 4000 4043
2 4 2924 4042 3999 4043
2 4 2925 2926 2969 4044
2 4 2925 4001 2926 4044
2 4 2925 2969 2968 4044
2 4 2925 2968 4043 4044
2 4 2925 4000 4001 4044
2 4 2925 4043 4000 4044
2 4 2926 2927 2970 4045
2 4 2926 4002 2927 4045
2 4 2926 2970 2969 4045
2 4 2926 2969 4044 4045
2 4 2926 4001 4002 4045
2 4 2926 4044 4001 4045
2 4 2927 2928 2971 4046
2 4 2927 4003 2928 4046
2 4 2927 2971 2970 4046
2 4 2927 2970 4045 4046
2 4 2927 4002 4003 4046
2 4 2927 4045 4002 4046
2 4 2928 2929 2972 4047
2 4 2928 4004 2929 4047
2 4 2928 2972 2971 4047
2 4 2928 2971 4046 4047
2 4 2928 4003 4004 4047
2 4 2928 4046 4003 4047
2 4 2929 2930 2973 4048
2 4 2929 4005 2930 4048
2 4 2929 2973 2972 4048
2 4 2929 2972 4047 4048
2 4 2929 4004 4005 4048
2 4 2929 4047 4004 4048
2 4 2930 2931 2974 4049
2 4 2930 4006 2931 4049
2 4 2930 2974 2973 4049
2 4 2930 2973 4048 4049
2 4 2930 4005 4006 4049
2 4 2930 4048 4005 4049
2 4 2931 2932 2975 4050
2 4 2931 4007 2932 4050
2 4 2931 2975 2974 4050
2 4 2931 2974 4049 4050
2 4 2931 4006 4007 4050
2 4 2931 4049 4006 4050
2 4 2932 2933 2976 4051
2 4 2932 4008 2933 4051
2 4 2932 2976 2975 4051
2 4 2932 2975 4050 4051
2 4 2932 4007 4008 4051
2 4 2932 4050 4007 4051
2 4 2933 2934 2977 4052
2 4 2933 4009 2934 4052
2 4 2933 2977 2976 4052
2 4 2933 2976 4051 4052
2 4 2933 4008 4009 4052
2 4 2933 4051 4008 4052
2 4 2934 2935 2978 4053
2 4 2934 4010 2935 4053
2 4 2934 2978 2977 4053
2 4 2934 2977 4052 4053
2 4 2934 4009 4010 4053
2 4 2934 4052 4009 4053
2 4 2935 2936 2979 4054
2 4 2935 4011 2936 4054
2 4 2935 2979 2978 4054
2 4 2935 2978 4053 4054
2 4 2935 4010 4011 4054
2 4 2935 4053 4010 4054
2 4 2936 2937 2980 4055
2 4 2936 4012 2937 4055
2 4 2936 2980 2979 4055
2 4 2936 2979 4054 4055
2 4 2936 4011 4012 4055
2 4 2936 4054 4011 4055
2 4 2937 2938 2981 4056
2 4 2937 4013 2938 4056
2 4 2937 2981 2980 4056
2 4 2937 2980 4055 4056
2 4 2937 4012 4013 4056
2 4 2937 4055 4012 4056
2 4 2938 2939 2982 4057
2 4 2938 4014 2939 4057
2 4 2938 2982 2981 4057
2 4 2938 2981 4056 4057
2 4 2938 4013 4014 4057
2 4 2938 4056 4013 4057
2 4 2939 2940 2983 4058
2 4 2939 4015 2940 4058
2 4 2939 2983 2982 4058
2 4 2939 2982 4057 4058
2 4 2939 4014 4015 4058
2 4 2939 4057 4014 4058
2 4 2940 2941 2984 4059
2 4 2940 4016 2941 4059
2 4 2940 2984 2983 4059
2 4 2940 2983 4058 4059
2 4 2940 4015 4016 4059
2 4 2940 4058 4015 4059
2 4 2941 2942 2985 4060
2 4 2941 4017 2942 4060
2 4 2941 2985 2984 4060
2 4 2941 2984 4059 4060
2 4 2941 4016 4017 4060
2 4 2941 4059 4016 4060
2 4 2942 2943 2986 4061
2 4 2942 4018 2943 4061
2 4 2942 2986 2985 4061
2 4 2942 2985 4060 4061
2 4 2942 4017 4018 4061
2 4 2942 4060 4017 4061
2 4 2943 2944 2987 4062
2 4 2943 4019 2944 4062
2 4 2943 2987 2986 4062
2 4 2943 2986 4061 4062
2 4 2943 4018 4019 4062
2 4 2943 4061 4018 4062
2 4 2944 2945 2988 4063
2 4 2944 4020 2945 4063
2 4 2944 2988 2987 4063
2 4 2944 2987 4062 4063
2 4 2944 4019 4020 4063
2 4 2944 4062 4019 4063
2 4 2945 2946 2989 4064
2 4 2945 4021 2946 4064
2 4 2945 2989 2988 4064
2 4 2945 2988 4063 4064
2 4 2945 4020 4021 4064
2 4 2945 4063 4020 4064
2 4 2946 2947 2990 4065
2 4 2946 4022 2947 4065
2 4 2946 2990 2989 4065
2 4 2946 2989 4064 4065
2 4 2946 4021 4022 4065
2 4 2946 4064 4021 4065
2 4 2947 2948 2991 4066
2 4 2947 4023 2948 4066
2 4 2947 2991 2990 4066
2 4 2947 2990 4065 4066
2 4 2947 4022 4023 4066
2 4 2947 4065 4022 4066
2 4 2948 2949 2992 4067
2 4 2948 4024 2949 4067
2 4 2948 2992 2991 4067
2 4 2948 2991 4066 4067
2 4 2948 4023 4024 4067
2 4 2948 4066 4023 4067
2 4 2949 2950 2993 4068
2 4 2949 4025 2950 4068
2 4 2949 2993 2992 4068
2 4 2949 2992 4067 4068
2 4 2949 4024 4025 4068
2 4 2949 4067 4024 4068
2 4 2950 2951 2994 4069
2 4 2950 4026 2951 4069
2 4 2950 2994 2993 4069
2 4 2950 2993 4068 4069
2 4 2950 4025 4026 4069
2 4 2950 4068 4025 4069
2 4 2951 2952 2995 4070
2 4 2951 4027 2952 4070
2 4 2951 2995 2994 4070
2 4 2951 2994 4069 4070
2 4 2951 4026 4027 4070
2 4 2951 4069 4026 4070
2 4 2952 2953 2996 4071
2 4 2952 4028 2953 4071
2 4 2952 2996 2995 4071
2 4 2952 2995 4070 4071
2 4 2952 4027 4028 4071
2 4 2952 4070 4027 4071
2 4 2953 2954 2997 4072
2 4 2953 4029 2954 4072
2 4 2953 2997 2996 4072
2 4 2953 2996 4071 4072
2 4 2953 4028 4029 4072
2 4 2953 4071 4028 4072
2 4 2954 2955 2998 4073
2 4 2954 4030 2955 4073
2 4 2954 2998 2997 4073
2 4 2954 2997 4072 4073
2 4 2954 4029 4030 4073
2 4 2954 4072 4029 4073
2 4 2955 2956 2999 4074
2 4 2955 4031 2956 4074
2 4 2955 2999 2998 4074
2 4 2955 2998 4073 4074
2 4 2955 4030 4031 4074
2 4 2955 4073 4030 4074
2 4 2956 2957 3000 4075
2 4 2956 4032 2957 4075
2 4 2956 3000 2999 4075
2 4 2956 2999 4074 4075
2 4 2956 4031 4032 4075
2 4 2956 4074 4031 4075
2 4 2957 2958 3001 4076
2 4 2957 4033 2958 4076
2 4 2957 3001 3000 4076
2 4 2957 3000 4075 4076
2 4 2957 4032 4033 4076
2 4 2957 4075 4032 4076
2 4 2958 2959 3002 4077
2 4 2958 4034 2959 4077
2 4 2958 3002 3001 4077
2 4 2958 3001 4076 4077
2 4 2958 4033 4034 4077
2 4 2958 4076 4033 4077
2 4 2959 2960 3003 4078
2 4 2959 4035 2960 4078
2 4 2959 3003 3002 4078
2 4 2959 3002 4077 4078
2 4 2959 4034 4035 4078
2 4 2959 4077 4034 4078
2 4 2960 2961 3004 4079
2 4 2960 4036 2961 4079
2 4 2960 3004 3003 4079
2 4 2960 3003 4078 4079
2 4 2960 4035 4036 4079
2 4 2960 4078 4035 4079
2 4 2961 2962 3005 4080
2 4 2961 4037 2962 4080
2 4 2961 3005 3004 4080
2 4 2961 3004 4079 4080
2 4 2961 4036 4037 4080
2 4 2961 4079 4036 4080
2 4 2962 2963 3006 4081
2 4 2962 4038 2963 4081
2 4 2962 3006 3005 4081
2 4 2962 3005 4080 4081
2 4 2962 4037 4038 4081
2 4 2962 4080 4037 4081
2 4 2963 2964 3007 4082
2 4 2963 4039 2964 4082
2 4 2963 3007 3006 4082
2 4 2963 3006 4081 4082
2 4 2963 4038 4039 4082
2 4 2963 4081 4038 4082
2 4 2964 2965 3008 4083
2 4 2964 4040 2965 4083
2 4 2964 3008 3007 4083
2 4 2964 3007 4082 4083
2 4 2964 4039 4040 4083
2 4 2964 4082 4039 4083
2 4 2965 2966 3009 4084
2 4 2965 4041 2966 4084
2 4 2965 3009 3008 4084
2 4 2965 3008 4083 4084
2 4 2965 4040 4041 4084
2 4 2965 4083 4040 4084
2 4 2967 2968 3011 4086
2 4 2967 4043 2968 4086
2 4 2967 3011 3010 4086
2 4 2967 3010 4085 4086
2 4 2967 4042 4043 4086
2 4 2967 4085 4042 4086
2 4 2968 2969 3012 4087
2 4 2968 4044 2969 4087
2 4 2968 3012 3011 4087
2 4 2968 3011 4086 4087
2 4 2968 4043 4044 4087
2 4 2968 4086 4043 4087
2 4 2969 2970 3013 4088
2 4 2969 4045 2970 4088
2 4 2969 3013 3012 4088
2 4 2969 3012 4087 4088
2 4 2969 4044 4045 4088
2 4 2969 4087 4044 4088
2 4 2970 2971 3014 4089
2 4 2970 4046 2971 4089
2 4 2970 3014 3013 4089
2 4 2970 3013 4088 4089
2 4 2970 4045 4046 4089
2 4 2970 4088 4045 4089
2 4 2971 2972 3015 4090
2 4 2971 4047 2972 4090
2 4 2971 3015 3014 4090
2 4 2971 3014 4089 4090
2 4 2971 4046 4047 4090
2 4 2971 4089 4046 4090
2 4 2972 2973 3016 4091
2 4 2972 4048 2973 4091
2 4 2972 3016 3015 4091
2 4 2972 3015 4090 4091
2 4 2972 4047 4048 4091
2 4 2972 4090 4047 4091
2 4 2973 2974 3017 4092
2 4 2973 4049 2974 4092
2 4 2973 3017 3016 4092
2 4 2973 3016 4091 4092
2 4 2973 4048 4049 4092
2 4 2973 4091 4048 4092
2 4 2974 2975 3018 4093
2 4 2974 4050 2975 4093
2 4 2974 3018 3017 4093
2 4 2974 3017 4092 4093
2 4 2974 4049 4050 4093
2 4 2974 4092 4049 4093
2 4 2975 2976 3019 4094
2 4 2975 4051 2976 4094
2 4 2975 3019 3018 4094
2 4 2975 3018 4093 4094
2 4 2975 4050 4051 4094
2 4 2975 4093 4050 4094
2 4 2976 2977 3020 4095
2 4 2976 4052 2977 4095
2 4 2976 3020 3019 4095
2 4 2976 3019 4094 4095
2 4 2976 4051 4052 4095
2 4 2976 4094 4051 4095
2 4 2977 2978 3021 4096
2 4 2977 4053 2978 4096
2 4 2977 3021 3020 4096
2 4 2977 3020 4095 4096
2 4 2977 4052 4053 4096
2 4 2977 4095 4052 4096
2 4 2978 2979 3022 4097
2 4 2978 4054 2979 4097
2 4 2978 3022 3021 4097
2 4 2978 3021 4096 4097
2 4 2978 4053 4054 4097
2 4 2978 4096 4053 4097
2 4 2979 2980 3023 4098
2 4 2979 4055 2980 4098
2 4 2979 3023 3022 4098
2 4 2979 3022 4097 4098
2 4 2979 4054 4055 4098
2 4 2979 4097 4054 4098
2 4 2980 2981 3024 4099
2 4 2980 4056 2981 4099
2 4 2980 3024 3023 4099
2 4 2980 3023 4098 4099
2 4 2980 4055 4056 4099
2 4 2980 4098 4055 4099
2 4 2981 2982 3025 4100
2 4 2981 4057 2982 4100
2 4 2981 3025 3024 4100
2 4 2981 3024 4099 4100
2 4 2981 4056 4057 4100
2 4 2981 4099 4056 4100
2 4 2982 2983 3026 4101
2 4 2982 4058 2983 4101
2 4 2982 3026 3025 4101
2 4 2982 3025 4100 4101
2 4 2982 4057 4058 4101
2 4 2982 4100 4057 4101
2 4 2983 2984 3027 4102
2 4 2983 4059 2984 4102
2 4 2983 3027 3026 4102
2 4 2983 3026 4101 4102
2 4 2983 4058 4059 4102
2 4 2983 4101 4058 4102
2 4 2984 2985 3028 4103
2 4 2984 4060 2985 4103
2 4 2984 3028 3027 4103
2 4 2984 3027 4102 4103
2 4 2984 4059 4060 4103
2 4 2984 4102 4059 4103
2 4 2985 2986 3029 4104
2 4 2985 4061 2986 4104
2 4 2985 3029 3028 4104
2 4 2985 3028 4103 4104
2 4 2985 4060 4061 4104
2 4 2985 4103 4060 4104
2 4 2986 2987 3030 4105
2 4 2986 4062 2987 4105
2 4 2986 3030 3029 4105
2 4 2986 3029 4104 4105
2 4 2986 4061 4062 4105
2 4 2986 4104 4061 4105
2 4 2987 2988 3031 4106
2 4 2987 4063 2988 4106
2 4 2987 3031 3030 4106
2 4 2987 3030 4105 4106
2 4 2987 4062 4063 4106
2 4 2987 4105 4062 4106
2 4 2988 2989 3032 4107
2 4 2988 4064 2989 4107
2 4 2988 3032 3031 4107
2 4 2988 3031 4106 4107
2 4 2988 4063 4064 4107
2 4 2988 4106 4063 4107
2 4 2989 2990 3033 4108
2 4 2989 4065 2990 4108
2 4 2989 3033 3032 4108
2 4 2989 3032 4107 4108
2 4 2989 4064 4065 4108
2 4 2989 4107 4064 4108
2 4 2990 2991 3034 4109
2 4 2990 4066 2991 4109
2 4 2990 3034 3033 4109
2 4 2990 3033 4108 4109
2 4 2990 4065 4066 4109
2 4 2990 4108 4065 4109
2 4 2991 2992 3035 4110
2 4 2991 4067 2992 4110
2 4 2991 3035 3034 4110
2 4 2991 3034 4109 4110
2 4 2991 4066 4067 4110
2 4 2991 4109 4066 4110
2 4 2992 2993 3036 4111
2 4 2992 4068 2993 4111
2 4 2992 3036 3035 4111
2 4 2992 3035 4110 4111
2 4 2992 4067 4068 4111
2 4 2992 4110 4067 4111
2 4 2993 2994 3037 4112
2 4 2993 4069 2994 4112
2 4 2993 3037 3036 4112
2 4 2993 3036 4111 4112
2 4 2993 4068 4069 4112
2 4 2993 4111 4068 4112
2 4 2994 2995 3038 4113
2 4 2994 4070 2995 4113
2 4 2994 3038 3037 4113
2 4 2994 3037 4112 4113
2 4 2994 4069 4070 4113
2 4 2994 4112 4069 4113
2 4 2995 2996 3039 4114
2 4 2995 4071 2996 4114
2 4 2995 3039 3038 4114
2 4 2995 3038 4113 4114
2 4 2995 4070 4071 4114
2 4 2995 4113 4070 4114
2 4 2996 2997 3040 4115
2 4 2996 4072 2997 4115
2 4 2996 3040 3039 4115
2 4 2996 3039 4114 4115
2 4 2996 4071 4072 4115
2 4 2996 4114 4071 4115
2 4 2997 2998 3041 4116
2 4 2997 4073 2998 4116
2 4 2997 3041 3040 4116
2 4 2997 3040 4115 4116
2 4 2997 4072 4073 4116
2 4 2997 4115 4072 4116
2 4 2998 2999 3042 4117
2 4 2998 4074 2999 4117
2 4 2998 3042 3041 4117
2 4 2998 3041 4116 4117
2 4 2998 4073 4074 4117
2 4 2998 4116 4073 4117
2 4 2999 3000 3043 4118
2 4 2999 4075 3000 4118
2 4 2999 3043 3042 4118
2 4 2999 3042 4117 4118
2 4 2999 4074 4075 4118
2 4 2999 4117 4074 4118
2 4 3000 3001 3044 4119
2 4 3000 4076 3001 4119
2 4 3000 3044 3043 4119
2 4 3000 3043 4118 4119
2 4 3000 4075 4076 4119
2 4 3000 4118 4075 4119
2 4 3001 3002 3045 4120
2 4 3001 4077 3002 4120
2 4 3001 3045 3044 4120
2 4 3001 3044 4119 4120
2 4 3001 4076 4077 4120
2 4 3001 4119 4076 4120
2 4 3002 3003 3046 4121
2 4 3002 4078 3003 4121
2 4 3002 3046 3045 4121
2 4 3002 3045 4120 4121
2 4 3002 4077 4078 4121
2 4 3002 4120 4077 4121
2 4 3003 3004 3047 4122
2 4 3003 4079 3004 4122
2 4 3003 3047 3046 4122
2 4 3003 3046 4121 4122
2 4 3003 4078 4079 4122
2 4 3003 4121 4078 4122
2 4 3004 3005 3048 4123
2 4 3004 4080 3005 4123
2 4 3004 3048 3047 4123
2 4 3004 3047 4122 4123
2 4 3004 4079 4080 4123
2 4 3004 4122 4079 4123
2 4 3005 3006 3049 4124
2 4 3005 4081 3006 4124
2 4 3005 3049 3048 4124
2 4 3005 3048 4123 4124
2 4 3005 4080 4081 4124
2 4 3005 4123 4080 4124
2 4 3006 3007 3050 4125
2 4 3006 4082 3007 4125
2 4 3006 3050 3049 4125
2 4 3006 3049 4124 4125
2 4 3006 4081 4082 4125
2 4 3006 4124 4081 4125
2 4 3007 3008 3051 4126
2 4 3007 4083 3008 4126
2 4 3007 3051 3050 4126
2 4 3007 3050 4125 4126
2 4 3007 4082 4083 4126
2 4 3007 4125 4082 4126
2 4 3008 3009 3052 4127
2 4 3008 4084 3009 4127
2 4 3008 3052 3051 4127
2 4 3008 3051 4126 4127
2 4 3008 4083 4084 4127
2 4 3008 4126 4083 4127
2 4 3010 3011 3054 4129
2 4 3010 4086 3011 4129
2 4 3010 3054 3053 4129
2 4 3010 3053 4128 4129
2 4 3010 4085 4086 4129
2 4 3010 4128 4085 4129
2 4 3011 3012 3055 4130
2 4 3011 4087 3012 4130
2 4 3011 3055 3054 4130
2 4 3011 3054 4129 4130
2 4 3011 4086 4087 4130
2 4 3011 4129 4086 4130
2 4 3012 3013 3056 4131
2 4 3012 4088 3013 4131
2 4 3012 3056 3055 4131
2 4 3012 3055 4130 4131
2 4 3012 4087 4088 4131
2 4 3012 4130 4087 4131
2 4 3013 3014 3057 4132
2 4 3013 4089 3014 4132
2 4 3013 3057 3056 4132
2 4 3013 3056 4131 4132
2 4 3013 4088 4089 4132
2 4 3013 4131 4088 4132
2 4 3014 3015 3058 4133
2 4 3014 4090 3015 4133
2 4 3014 3058 3057 4133
2 4 3014 3057 4132 4133
2 4 3014 4089 4090 4133
2 4 3014 4132 4089 4133
2 4 3015 3016 3059 4134
2 4 3015 4091 3016 4134
2 4 3015 3059 3058 4134
2 4 3015 3058 4133 4134
2 4 3015 4090 4091 4134
2 4 3015 4133 4090 4134
2 4 3016 3017 3060 4135
2 4 3016 4092 3017 4135
2 4 3016 3060 3059 4135
2 4 3016 3059 4134 4135
2 4 3016 4091 4092 4135
2 4 3016 4134 4091 4135
2 4 3017 3018 3061 4136
2 4 3017 4093 3018 4136
2 4 3017 3061 3060 4136
2 4 3017 3060 4135 4136
2 4 3017 4092 4093 4136
2 4 3017 4135 4092 4136
2 4 3018 3019 3062 4137
2 4 3018 4094 3019 4137
2 4 3018 3062 3061 4137
2 4 3018 3061 4136 4137
2 4 3018 4093 4094 4137
2 4 3018 4136 4093 4137
2 4 3019 3020 3063 4138
2 4 3019 4095 3020 4138
2 4 3019 3063 3062 4138
2 4 3019 3062 4137 4138
2 4 3019 4094 4095 4138
2 4 3019 4137 4094 4138
2 4 3020 3021 3064 4139
2 4 3020 4096 3021 4139
2 4 3020 3064 3063 4139
2 4 3020 3063 4138 4139
2 4 3020 4095 4096 4139
2 4 3020 4138 4095 4139
2 4 3021 3022 3065 4140
2 4 3021 4097 3022 4140
2 4 3021 3065 3064 4140
2 4 3021 3064 4139 4140
2 4 3021 4096 4097 4140
2 4 3021 4139 4096 4140
2 4 3022 3023 3066 4141
2 4 3022 4098 3023 4141
2 4 3022 3066 3065 4141
2 4 3022 3065 4140 4141
2 4 3022 4097 4098 4141
2 4 3022 4140 4097 4141
2 4 3023 3024 3067 4142
2 4 3023 4099 3024 4142
2 4 3023 3067 3066 4142
2 4 3023 3066 4141 4142
2 4 3023 4098 4099 4142
2 4 3023 4141 4098 4142
2 4 3024 3025 3068 4143
2 4 3024 4100 3025 4143
2 4 3024 3068 3067 4143
2 4 3024 3067 4142 4143
2 4 3024 4099 4100 4143
2 4 3024 4142 4099 4143
2 4 3025 3026 3069 4144
2 4 3025 4101 3026 4144
2 4 3025 3069 3068 4144
2 4 3025 3068 4143 4144
2 4 3025 4100 4101 4144
2 4 3025 4143 4100 4144
2 4 3026 3027 3070 4145
2 4 3026 4102 3027 4145
2 4 3026 3070 3069 4145
2 4 3026 3069 4144 4145
2 4 3026 4101 4102 4145
2 4 3026 4144 4101 4145
2 4 3027 3028 3071 4146
2 4 3027 4103 3028 4146
2 4 3027 3071 3070 4146
2 4 3027 3070 4145 4146
2 4 3027 4102 4103 4146
2 4 3027 4145 4102 4146
2 4 3028 3029 3072 4147
2 4 3028 4104 3029 4147
2 4 3028 3072 3071 4147
2 4 3028 3071 4146 4147
2 4 3028 4103 4104 4147
2 4 3028 4146 4103 4147
2 4 3029 3030 3073 4148
2 4 3029 4105 3030 4148
2 4 3029 3073 3072 4148
2 4 3029 3072 4147 4148
2 4 3029 4104 4105 4148
2 4 3029 4147 4104 4148
2 4 3030 3031 3074 4149
2 4 3030 4106 3031 4149
2 4 3030 3074 3073 4149
2 4 3030 3073 4148 4149
2 4 3030 4105 4106 4149
2 4 3030 4148 4105 4149
2 4 3031 3032 3075 4150
2 4 3031 4107 3032 4150
2 4 3031 3075 3074 4150
2 4 3031 3074 4149 4150
2 4 3031 4106 4107 4150
2 4 3031 4149 4106 4150
2 4 3032 3033 3076 4151
2 4 3032 4108 3033 4151
2 4 3032 3076 3075 4151
2 4 3032 3075 4150 4151
2 4 3032 4107 4108 4151
2 4 3032 4150 4107 4151
2 4 3033 3034 3077 4152
2 4 3033 4109 3034 4152
2 4 3033 3077 3076 4152
2 4 3033 3076 4151 4152
2 4 3033 4108 4109 4152
2 4 3033 4151 4108 4152
2 4 3034 3035 3078 4153
2 4 3034 4110 3035 4153
2 4 3034 3078 3077 4153
2 4 3034 3077 4152 4153
2 4 3034 4109 4110 4153
2 4 3034 4152 4109 4153
2 4 3035 3036 3079 4154
2 4 3035 4111 3036 4154
2 4 3035 3079 3078 4154
2 4 3035 3078 4153 4154
2 4 3035 4110 4111 4154
2 4 3035 4153 4110 4154
2 4 3036 3037 3080 4155
2 4 3036 4112 3037 4155
2 4 3036 3080 3079 4155
2 4 3036 3079 4154 4155
2 4 3036 4111 4112 4155
2 4 3036 4154 4111 4155
2 4 3037 3038 3081 4156
2 4 3037 4113 3038 4156
2 4 3037 3081 3080 4156
2 4 3037 3080 4155 4156
2 4 3037 4112 4113 4156
2 4 3037 4155 4112 4156
2 4 3038 3039 3082 4157
2 4 3038 4114 3039 4157
2 4 3038 3082 3081 4157
2 4 3038 3081 4156 4157
2 4 3038 4113 4114 4157
2 4 3038 4156 4113 4157
2 4 3039 3040 3083 4158
2 4 3039 4115 3040 4158
2 4 3039 3083 3082 4158
2 4 3039 3082 4157 4158
2 4 3039 4114 4115 4158
2 4 3039 4157 4114 4158
2 4 3040 3041 3084 4159
2 4 3040 4116 3041 4159
2 4 3040 3084 3083 4159
2 4 3040 3083 4158 4159
2 4 3040 4115 4116 4159
2 4 3040 4158 4115 4159
2 4 3041 3042 3085 4160
2 4 3041 4117 3042 4160
2 4 3041 3085 3084 4160
2 4 3041 3084 4159 4160
2 4 3041 4116 4117 4160
2 4 3041 4159 4116 4160
2 4 3042 3043 3086 4161
2 4 3042 4118 3043 4161
2 4 3042 3086 3085 4161
2 4 3042 3085 4160 4161
2 4 3042 4117 4118 4161
2 4 3042 4160 4117 4161
2 4 3043 3044 3087 4162
2 4 3043 4119 3044 4162
2 4 3043 3087 3086 4162
2 4 3043 3086 4161 4162
2 4 3043 4118 4119 4162
2 4 3043 4161 4118 4162
2 4 3044 3045 3088 4163
2 4 3044 4120 3045 4163
2 4 3044 3088 3087 4163
2 4 3044 3087 4162 4163
2 4 3044 4119 4120 4163
2 4 3044 4162 4119 4163
2 4 3045 3046 3089 4164
2 4 3045 4121 3046 4164
2 4 3045 3089 3088 4164
2 4 3045 3088 4163 4164
2 4 3045 4120 4121 4164
2 4 3045 4163 4120 4164
2 4 3046 3047 3090 4165
2 4 3046 4122 3047 4165
2 4 3046 3090 3089 4165
2 4 3046 3089 4164 4165
2 4 3046 4121 4122 4165
2 4 3046 4164 4121 4165
2 4 3047 3048 3091 4166
2 4 3047 4123 3048 4166
2 4 3047 3091 3090 4166
2 4 3047 3090 4165 4166
2 4 3047 4122 4123 4166
2 4 3047 4165 4122 4166
2 4 3048 3049 3092 4167
2 4 3048 4124 3049 4167
2 4 3048 3092 3091 4167
2 4 3048 3091 4166 4167
2 4 3048 4123 4124 4167
2 4 3048 4166 4123 4167
2 4 3049 3050 3093 4168
2 4 3049 4125 3050 4168
2 4 3049 3093 3092 4168
2 4 3049 3092 4167 4168
2 4 3049 4124 4125 4168
2 4 3049 4167 4124 4168
2 4 3050 3051 3094 4169
2 4 3050 4126 3051 4169
2 4 3050 3094 3093 4169
2 4 3050 3093 4168 4169
2 4 3050 4125 4126 4169
2 4 3050 4168 4125 4169
2 4 3051 3052 3095 4170
2 4 3051 4127 3052 4170
2 4 3051 3095 3094 4170
2 4 3051 3094 4169 4170
2 4 3051 4126 4127 4170
2 4 3051 4169 4126 4170
2 4 3053 3054 3097 4172
2 4 3053 4129 3054 4172
2 4 3053 3097 3096 4172
2 4 3053 3096 4171 4172
2 4 3053 4128 4129 4172
2 4 3053 4171 4128 4172
2 4 3054 3055 3098 4173
2 4 3054 4130 3055 4173
2 4 3054 3098 3097 4173
2 4 3054 3097 4172 4173
2 4 3054 4129 4130 4173
2 4 3054 4172 4129 4173
2 4 3055 3056 3099 4174
2 4 3055 4131 3056 4174
2 4 3055 3099 3098 4174
2 4 3055 3098 4173 4174
2 4 3055 4130 4131 4174
2 4 3055 4173 4130 4174
2 4 3056 3057 3100 4175
2 4 3056 4132 3057 4175
2 4 3056 3100 3099 4175
2 4 3056 3099 4174 4175
2 4 3056 4131 4132 4175
2 4 3056 4174 4131 4175
2 4 3057 3058 3101 4176
2 4 3057 4133 3058 4176
2 4 3057 3101 3100 4176
2 4 3057 3100 4175 4176
2 4 3057 4132 4133 4176
2 4 3057 4175 4132 4176
2 4 3058 3059 3102 4177
2 4 3058 4134 3059 4177
2 4 3058 3102 3101 4177
2 4 3058 3101 4176 4177
2 4 3058 4133 4134 4177
2 4 3058 4176 4133 4177
2 4 3059 3060 3103 4178
2 4 3059 4135 3060 4178
2 4 3059 3103 3102 4178
2 4 3059 3102 4177 4178
2 4 3059 4134 4135 4178
2 4 3059 4177 4134 4178
2 4 3060 3061 3104 4179
2 4 3060 4136 3061 4179
2 4 3060 3104 3103 4179
2 4 3060 3103 4178 4179
2 4 3060 4135 4136 4179
2 4 3060 4178 4135 4179
2 4 3061 3062 3105 4180
2 4 3061 4137 3062 4180
2 4 3061 3105 3104 4180
2 4 3061 3104 4179 4180
2 4 3061 4136 4137 4180
2 4 3061 4179 4136 4180
2 4 3062 3063 3106 4181
2 4 3062 4138 3063 4181
2 4 3062 3106 3105 4181
2 4 3062 3105 4180 4181
2 4 3062 4137 4138 4181
2 4 3062 4180 4137 4181
2 4 3063 3064 3107 4182
2 4 3063 4139 3064 4182
2 4 3063 3107 3106 4182
2 4 3063 3106 4181 4182
2 4 3063 4138 4139 4182
2 4 3063 4181 4138 4182
2 4 3064 3065 3108 4183
2 4 3064 4140 3065 4183
2 4 3064 3108 3107 4183
2 4 3064 3107 4182 4183
2 4 3064 4139 4140 4183
2 4 3064 4182 4139 4183
2 4 3065 3066 3109 4184
2 4 3065 4141 3066 4184
2 4 3065 3109 3108 4184
2 4 3065 3108 4183 4184
2 4 3065 4140 4141 4184
2 4 3065 4183 4140 4184
2 4 3066 3067 3110 4185
2 4 3066 4142 3067 4185
2 4 3066 3110 3109 4185
2 4 3066 3109 4184 4185
2 4 3066 4141 4142 4185
2 4 3066 4184 4141 4185
2 4 3067 3068 3111 4186
2 4 3067 4143 3068 4186
2 4 3067 3111 3110 4186
2 4 3067 3110 4185 4186
2 4 3067 4142 4143 4186
2 4 3067 4185 4142 4186
2 4 3068 3069 3112 4187
2 4 3068 4144 3069 4187
2 4 3068 3112 3111 4187
2 4 3068 3111 4186 4187
2 4 3068 4143 4144 4187
2 4 3068 4186 4143 4187
2 4 3069 3070 3113 4188
2 4 3069 4145 3070 4188
2 4 3069 3113 3112 4188
2 4 3069 3112 4187 4188
2 4 3069 4144 4145 4188
2 4 3069 4187 4144 4188
2 4 3070 3071 3114 4189
2 4 3070 4146 3071 4189
2 4 3070 3114 3113 4189
2 4 3070 3113 4188 4189
2 4 3070 4145 4146 4189
2 4 3070 4188 4145 4189
2 4 3071 3072 3115 4190
2 4 3071 4147 3072 4190
2 4 3071 3115 3114 4190
2 4 3071 3114 4189 4190
2 4 3071 4146 4147 4190
2 4 3071 4189 4146 4190
2 4 3072 3073 3116 4191
2 4 3072 4148 3073 4191
2 4 3072 3116 3115 4191
2 4 3072 3115 4190 4191
2 4 3072 4147 4148 4191
2 4 3072 4190 4147 4191
2 4 3073 3074 3117 4192
2 4 3073 4149 3074 4192
2 4 3073 3117 3116 4192
2 4 3073 3116 4191 4192
2 4 3073 4148 4149 4192
2 4 3073 4191 4148 4192
2 4 3074 3075 3118 4193
2 4 3074 4150 3075 4193
2 4 3074 3118 3117 4193
2 4 3074 3117 4192 4193
2 4 3074 4149 4150 4193
2 4 3074 4192 4149 4193
2 4 3075 3076 3119 4194
2 4 3075 4151 3076 4194
2 4 3075 3119 3118 4194
2 4 3075 3118 4193 4194
2 4 3075 4150 4151 4194
2 4 3075 4193 4150 4194
2 4 3076 3077 3120 4195
2 4 3076 4152 3077 4195
2 4 3076 3120 3119 4195
2 4 3076 3119 4194 4195
2 4 3076 4151 4152 4195
2 4 3076 4194 4151 4195
2 4 3077 3078 3121 4196
2 4 3077 4153 3078 4196
2 4 3077 3121 3120 4196
2 4 3077 3120 4195 4196
2 4 3077 4152 4153 4196
2 4 3077 4195 4152 4196
2 4 3078 3079 3122 4197
2 4 3078 4154 3079 4197
2 4 3078 3122 3121 4197
2 4 3078 3121 4196 4197
2 4 3078 4153 4154 4197
2 4 3078 4196 4153 4197
2 4 3079 3080 3123 4198
2 4 3079 4155 3080 4198
2 4 3079 3123 3122 4198
2 4 3079 3122 4197 4198
2 4 3079 4154 4155 4198
2 4 3079 4197 4154 4198
2 4 3080 3081 3124 4199
2 4 3080 4156 3081 4199
2 4 3080 3124 3123 4199
2 4 3080 3123 4198 4199
2 4 3080 4155 4156 4199
2 4 3080 4198 4155 4199
2 4 3081 3082 3125 4200
2 4 3081 4157 3082 4200
2 4 3081 3125 3124 4200
2 4 3081 3124 4199 4200
2 4 3081 4156 4157 4200
2 4 3081 4199 4156 4200
2 4 3082 3083 3126 4201
2 4 3082 4158 3083 4201
2 4 3082 3126 3125 4201
2 4 3082 3125 4200 4201
2 4 3082 4157 4158 4201
2 4 3082 4200 4157 4201
2 4 3083 3084 3127 4202
2 4 3083 4159 3084 4202
2 4 3083 3127 3126 4202
2 4 3083 3126 4201 4202
2 4 3083 4158 4159 4202
2 4 3083 4201 4158 4202
2 4 3084 3085 3128 4203
2 4 3084 4160 3085 4203
2 4 3084 3128 3127 4203
2 4 3084 3127 4202 4203
2 4 3084 4159 4160 4203
2 4 3084 4202 4159 4203
2 4 3085 3086 3129 4204
2 4 3085 4161 3086 4204
2 4 3085 3129 3128 4204
2 4 3085 3128 4203 4204
2 4 3085 4160 4161 4204
2 4 3085 4203 4160 4204
2 4 3086 3087 3130 4205
2 4 3086 4162 3087 4205
2 4 3086 3130 3129 4205
2 4 3086 3129 4204 4205
2 4 3086 4161 4162 4205
2 4 3086 4204 4161 4205
2 4 3087 3088 3131 4206
2 4 3087 4163 3088 4206
2 4 3087 3131 3130 4206
2 4 3087 3130 4205 4206
2 4 3087 4162 4163 4206
2 4 3087 4205 4162 4206
2 4 3088 3089 3132 4207
2 4 3088 4164 3089 4207
2 4 3088 3132 3131 4207
2 4 3088 3131 4206 4207
2 4 3088 4163 4164 4207
2 4 3088 4206 4163 4207
2 4 3089 3090 3133 4208
2 4 3089 4165 3090 4208
2 4 3089 3133 3132 4208
2 4 3089 3132 4207 4208
2 4 3089 4164 4165 4208
2 4 3089 4207 4164 4208
2 4 3090 3091 3134 4209
2 4 3090 4166 3091 4209
2 4 3090 3134 3133 4209
2 4 3090 3133 4208 4209
2 4 3090 4165 4166 4209
2 4 3090 4208 4165 4209
2 4 3091 3092 3135 4210
2 4 3091 4167 3092 4210
2 4 3091 3135 3134 4210
2 4 3091 3134 4209 4210
2 4 3091 4166 4167 4210
2 4 3091 4209 4166 4210
2 4 3092 3093 3136 4211
2 4 3092 4168 3093 4211
2 4 3092 3136 3135 4211
2 4 3092 3135 4210 4211
2 4 3092 4167 4168 4211
2 4 3092 4210 4167 4211
2 4 3093 3094 3137 4212
2 4 3093 4169 3094 4212
2 4 3093 3137 3136 4212
2 4 3093 3136 4211 4212
2 4 3093 4168 4169 4212
2 4 3093 4211 4168 4212
2 4 3094 3095 3138 4213
2 4 3094 4170 3095 4213
2 4 3094 3138 3137 4213
2 4 3094 3137 4212 4213
2 4 3094 4169 4170 4213
2 4 3094 4212 4169 4213
2 4 3096 3097 3140 4215
2 4 3096 4172 3097 4215
2 4 3096 3140 3139 4215
2 4 3096 3139 4214 4215
2 4 3096 4171 4172 4215
2 4 3096 4214 4171 4215
2 4 3097 3098 3141 4216
2 4 3097 4173 3098 4216
2 4 3097 3141 3140 4216
2 4 3097 3140 4215 4216
2 4 3097 4172 4173 4216
2 4 3097 4215 4172 4216
2 4 3098 3099 3142 4217
2 4 3098 4174 3099 4217
2 4 3098 3142 3141 4217
2 4 3098 3141 4216 4217
2 4 3098 4173 4174 4217
2 4 3098 4216 4173 4217
2 4 3099 3100 3143 4218
2 4 3099 4175 3100 4218
2 4 3099 3143 3142 4218
2 4 3099 3142 4217 4218
2 4 3099 4174 4175 4218
2 4 3099 4217 4174 4218
2 4 3100 3101 3144 4219
2 4 3100 4176 3101 4219
2 4 3100 3144 3143 4219
2 4 3100 3143 4218 4219
2 4 3100 4175 4176 4219
2 4 3100 4218 4175 4219
2 4 3101 3102 3145 4220
2 4 3101 4177 3102 4220
2 4 3101 3145 3144 4220
2 4 3101 3144 4219 4220
2 4 3101 4176 4177 4220
2 4 3101 4219 4176 4220
2 4 3102 3103 3146 4221
2 4 3102 4178 3103 4221
2 4 3102 3146 3145 4221
2 4 3102 3145 4220 4221
2 4 3102 4177 4178 4221
2 4 3102 4220 4177 4221
2 4 3103 3104 3147 4222
2 4 3103 4179 3104 4222
2 4 3103 3147 3146 4222
2 4 3103 3146 4221 4222
2 4 3103 4178 4179 4222
2 4 3103 4221 4178 4222
2 4 3104 3105 3148 4223
2 4 3104 4180 3105 4223
2 4 3104 3148 3147 4223
2 4 3104 3147 4222 4223
2 4 3104 4179 4180 4223
2 4 3104 4222 4179 4223
2 4 3105 3106 3149 4224
2 4 3105 4181 3106 4224
2 4 3105 3149 3148 4224
2 4 3105 3148 4223 4224
2 4 3105 4180 4181 4224
2 4 3105 4223 4180 4224
2 4 3106 3107 3150 4225
2 4 3106 4182 3107 4225
2 4 3106 3150 3149 4225
2 4 3106 3149 4224 4225
2 4 3106 4181 4182 4225
2 4 3106 4224 4181 4225
2 4 3107 3108 3151 4226
2 4 3107 4183 3108 4226
2 4 3107 3151 3150 4226
2 4 3107 3150 4225 4226
2 4 3107 4182 4183 4226
2 4 3107 4225 4182 4226
2 4 3108 3109 3152 4227
2 4 3108 4184 3109 4227
2 4 3108 3152 3151 4227
2 4 3108 3151 4226 4227
2 4 3108 4183 4184 4227
2 4 3108 4226 4183 4227
2 4 3109 3110 3153 4228
2 4 3109 4185 3110 4228
2 4 3109 3153 3152 4228
2 4 3109 3152 4227 4228
2 4 3109 4184 4185 4228
2 4 3109 4227 4184 4228
2 4 3110 3111 3154 4229
2 4 3110 4186 3111 4229
2 4 3110 3154 3153 4229
2 4 3110 3153 4228 4229
2 4 3110 4185 4186 4229
2 4 3110 4228 4185 4229
2 4 3111 3112 3155 4230
2 4 3111 4187 3112 4230
2 4 3111 3155 3154 4230
2 4 3111 3154 4229 4230
2 4 3111 4186 4187 4230
2 4 3111 4229 4186 4230
2 4 3112 3113 3156 4231
2 4 3112 4188 3113 4231
2 4 3112 3156 3155 4231
2 4 3112 3155 4230 4231
2 4 3112 4187 4188 4231
2 4 3112 4230 4187 4231
2 4 3113 3114 3157 4232
2 4 3113 4189 3114 4232
2 4 3113 3157 3156 4232
2 4 3113 3156 4231 4232
2 4 3113 4188 4189 4232
2 4 3113 4231 4188 4232
2 4 3114 3115 3158 4233
2 4 3114 4190 3115 4233
2 4 3114 3158 3157 4233
2 4 3114 3157 4232 4233
2 4 3114 4189 4190 4233
2 4 3114 4232 4189 4233
2 4 3115 3116 3159 4234
2 4 3115 4191 3116 4234
2 4 3115 3159 3158 4234
2 4 3115 3158 4233 4234
2 4 3115 4190 4191 4234
2 4 3115 4233 4190 4234
2 4 3116 3117 3160 4235
2 4 3116 4192 3117 4235
2 4 3116 3160 3159 4235
2 4 3116 3159 4234 4235
2 4 3116 4191 4192 4235
2 4 3116 4234 4191 4235
2 4 3117 3118 3161 4236
2 4 3117 4193 3118 4236
2 4 3117 3161 3160 4236
2 4 3117 3160 4235 4236
2 4 3117 4192 4193 4236
2 4 3117 4235 4192 4236
2 4 3118 3119 3162 4237
2 4 3118 4194 3119 4237
2 4 3118 3162 3161 4237
2 4 3118 3161 4236 4237
2 4 3118 4193 4194 4237
2 4 3118 4236 4193 4237
2 4 3119 3120 3163 4238
2 4 3119 4195 3120 4238
2 4 3119 3163 3162 4238
2 4 3119 3162 4237 4238
2 4 3119 4194 4195 4238
2 4 3119 4237 4194 4238
2 4 3120 3121 3164 4239
2 4 3120 4196 3121 4239
2 4 3120 3164 3163 4239
2 4 3120 3163 4238 4239
2 4 3120 4195 4196 4239
2 4 3120 4238 4195 4239
2 4 3121 3122 3165 4240
2 4 3121 4197 3122 4240
2 4 3121 3165 3164 4240
2 4 3121 3164 4239 4240
2 4 3121 4196 4197 4240
2 4 3121 4239 4196 4240
2 4 3122 3123 3166 4241
2 4 3122 4198 3123 4241
2 4 3122 3166 3165 4241
2 4 3122 3165 4240 4241
2 4 3122 4197 4198 4241
2 4 3122 4240 4197 4241
2 4 3123 3124 3167 4242
2 4 3123 4199 3124 4242
2 4 3123 3167 3166 4242
2 4 3123 3166 4241 4242
2 4 3123 4198 4199 4242
2 4 3123 4241 4198 4242
2 4 3124 3125 3168 4243
2 4 3124 4200 3125 4243
2 4 3124 3168 3167 4243
2 4 3124 3167 4242 4243
2 4 3124 4199 4200 4243
2 4 3124 4242 4199 4243
2 4 3125 3126 3169 4244
2 4 3125 4201 3126 4244
2 4 3125 3169 3168 4244
2 4 3125 3168 4243 4244
2 4 3125 4200 4201 4244
2 4 3125 4243 4200 4244
2 4 3126 3127 3170 4245
2 4 3126 4202 3127 4245
2 4 3126 3170 3169 4245
2 4 3126 3169 4244 4245
2 4 3126 4201 4202 4245
2 4 3126 4244 4201 4245
2 4 3127 3128 3171 4246
2 4 3127 4203 3128 4246
2 4 3127 3171 3170 4246
2 4 3127 3170 4245 4246
2 4 3127 4202 4203 4246
2 4 3127 4245 4202 4246
2 4 3128 3129 3172 4247
2 4 3128 4204 3129 4247
2 4 3128 3172 3171 4247
2 4 3128 3171 4246 4247
2 4 3128 4203 4204 4247
2 4 3128 4246 4203 4247
2 4 3129 3130 3173 4248
2 4 3129 4205 3130 4248
2 4 3129 3173 3172 4248
2 4 3129 3172 4247 4248
2 4 3129 4204 4205 4248
2 4 3129 4247 4204 4248
2 4 3130 3131 3174 4249
2 4 3130 4206 3131 4249
2 4 3130 3174 3173 4249
2 4 3130 3173 4248 4249
2 4 3130 4205 4206 4249
2 4 3130 4248 4205 4249
2 4 3131 3132 3175 4250
2 4 3131 4207 3132 4250
2 4 3131 3175 3174 4250
2 4 3131 3174 4249 4250
2 4 3131 4206 4207 4250
2 4 3131 4249 4206 4250
2 4 3132 3133 3176 4251
2 4 3132 4208 3133 4251
2 4 3132 3176 3175 4251
2 4 3132 3175 4250 4251
2 4 3132 4207 4208 4251
2 4 3132 4250 4207 4251
2 4 3133 3134 3177 4252
2 4 3133 4209 3134 4252
2 4 3133 3177 3176 4252
2 4 3133 3176 4251 4252
2 4 3133 4208 4209 4252
2 4 3133 4251 4208 4252
2 4 3134 3135 3178 4253
2 4 3134 4210 3135 4253
2 4 3134 3178 3177 4253
2 4 3134 3177 4252 4253
2 4 3134 4209 4210 4253
2 4 3134 4252 4209 4253
2 4 3135 3136 3179 4254
2 4 3135 4211 3136 4254
2 4 3135 3179 3178 4254
2 4 3135 3178 4253 4254
2 4 3135 4210 4211 4254
2 4 3135 4253 4210 4254
2 4 3136 3137 3180 4255
2 4 3136 4212 3137 4255
2 4 3136 3180 3179 4255
2 4 3136 3179 4254 4255
2 4 3136 4211 4212 4255
2 4 3136 4254 4211 4255
2 4 3137 3138 3181 4256
2 4 3137 4213 3138 4256
2 4 3137 3181 3180 4256
2 4 3137 3180 4255 4256
2 4 3137 4212 4213 4256
2 4 3137 4255 4212 4256
2 4 3139 3140 3183 4258
2 4 3139 4215 3140 4258
2 4 3139 3183 3182 4258
2 4 3139 3182 4257 4258
2 4 3139 4214 4215 4258
2 4 3139 4257 4214 4258
2 4 3140 3141 3184 4259
2 4 3140 4216 3141 4259
2 4 3140 3184 3183 4259
2 4 3140 3183 4258 4259
2 4 3140 4215 4216 4259
2 4 3140 4258 4215 4259
2 4 3141 3142 3185 4260
2 4 3141 4217 3142 4260
2 4 3141 3185 3184 4260
2 4 3141 3184 4259 4260
2 4 3141 4216 4217 4260
2 4 3141 4259 4216 4260
2 4 3142 3143 3186 4261
2 4 3142 4218 3143 4261
2 4 3142 3186 3185 4261
2 4 3142 3185 4260 4261
2 4 3142 4217 4218 4261
2 4 3142 4260 4217 4261
2 4 3143 3144 3187 4262
2 4 3143 4219 3144 4262
2 4 3143 3187 3186 4262
2 4 3143 3186 4261 4262
2 4 3143 4218 4219 4262
2 4 3143 4261 4218 4262
2 4 3144 3145 3188 4263
2 4 3144 4220 3145 4263
2 4 3144 3188 3187 4263
2 4 3144 3187 4262 4263
2 4 3144 4219 4220 4263
2 4 3144 4262 4219 4263
2 4 3145 3146 3189 4264
2 4 3145 4221 3146 4264
2 4 3145 3189 3188 4264
2 4 3145 3188 4263 4264
2 4 3145 4220 4221 4264
2 4 3145 4263 4220 4264
2 4 3146 3147 3190 4265
2 4 3146 4222 3147 4265
2 4 3146 3190 3189 4265
2 4 3146 3189 4264 4265
2 4 3146 4221 4222 4265
2 4 3146 4264 4221 4265
2 4 3147 3148 3191 4266
2 4 3147 4223 3148 4266
2 4 3147 3191 3190 4266
2 4 3147 3190 4265 4266
2 4 3147 4222 4223 4266
2 4 3147 4265 4222 4266
2 4 3148 3149 3192 4267
2 4 3148 4224 3149 4267
2 4 3148 3192 3191 4267
2 4 3148 3191 4266 4267
2 4 3148 4223 4224 4267
2 4 3148 4266 4223 4267
2 4 3149 3150 3193 4268
2 4 3149 4225 3150 4268
2 4 3149 3193 3192 4268
2 4 3149 3192 4267 4268
2 4 3149 4224 4225 4268
2 4 3149 4267 4224 4268
2 4 3150 3151 3194 4269
2 4 3150 4226 3151 4269
2 4 3150 3194 3193 4269
2 4 3150 3193 4268 4269
2 4 3150 4225 4226 4269
2 4 3150 4268 4225 4269
2 4 3151 3152 3195 4270
2 4 3151 4227 3152 4270
2 4 3151 3195 3194 4270
2 4 3151 3194 4269 4270
2 4 3151 4226 4227 4270
2 4 3151 4269 4226 4270
2 4 3152 3153 3196 4271
2 4 3152 4228 3153 4271
2 4 3152 3196 3195 4271
2 4 3152 3195 4270 4271
2 4 3152 4227 4228 4271
2 4 3152 4270 4227 4271
2 4 3153 3154 3197 4272
2 4 3153 4229 3154 4272
2 4 3153 3197 3196 4272
2 4 3153 3196 4271 4272
2 4 3153 4228 4229 4272
2 4 3153 4271 4228 4272
2 4 3154 3155 3198 4273
2 4 3154 4230 3155 4273
2 4 3154 3198 3197 4273
2 4 3154 3197 4272 4273
2 4 3154 4229 4230 4273
2 4 3154 4272 4229 4273
2 4 3155 3156 3199 4274
2 4 3155 4231 3156 4274
2 4 3155 3199 3198 4274
2 4 3155 3198 4273 4274
2 4 3155 4230 4231 4274
2 4 3155 4273 4230 4274
2 4 3156 3157 3200 4275
2 4 3156 4232 3157 4275
2 4 3156 3200 3199 4275
2 4 3156 3199 4274 4275
2 4 3156 4231 4232 4275
2 4 3156 4274 4231 4275
2 4 3157 3158 3201 4276
2 4 3157 4233 3158 4276
2 4 3157 3201 3200 4276
2 4 3157 3200 4275 4276
2 4 3157 4232 4233 4276
2 4 3157 4275 4232 4276
2 4 3158 3159 3202 4277
2 4 3158 4234 3159 4277
2 4 3158 3202 3201 4277
2 4 3158 3201 4276 4277
2 4 3158 4233 4234 4277
2 4 3158 4276 4233 4277
2 4 3159 3160 3203 4278
2 4 3159 4235 3160 4278
2 4 3159 3203 3202 4278
2 4 3159 3202 4277 4278
2 4 3159 4234 4235 4278
2 4 3159 4277 4234 4278
2 4 3160 3161 3204 4279
2 4 3160 4236 3161 4279
2 4 3160 3204 3203 4279
2 4 3160 3203 4278 4279
2 4 3160 4235 4236 4279
2 4 3160 4278 4235 4279
2 4 3161 3162 3205 4280
2 4 3161 4237 3162 4280
2 4 3161 3205 3204 4280
2 4 3161 3204 4279 4280
2 4 3161 4236 4237 4280
2 4 3161 4279 4236 4280
2 4 3162 3163 3206 4281
2 4 3162 4238 3163 4281
2 4 3162 3206 3205 4281
2 4 3162 3205 4280 4281
2 4 3162 4237 4238 4281
2 4 3162 4280 4237 4281
2 4 3163 3164 3207 4282
2 4 3163 4239 3164 4282
2 4 3163 3207 3206 4282
2 4 3163 3206 4281 4282
2 4 3163 4238 4239 4282
2 4 3163 4281 4238 4282
2 4 3164 3165 3208 4283
2 4 3164 4240 3165 4283
2 4 3164 3208 3207 4283
2 4 3164 3207 4282 4283
2 4 3164 4239 4240 4283
2 4 3164 4282 4239 4283
2 4 3165 3166 3209 4284
2 4 3165 4241 3166 4284
2 4 3165 3209 3208 4284
2 4 3165 3208 4283 4284
2 4 3165 4240 4241 4284
2 4 3165 4283 4240 4284
2 4 3166 3167 3210 4285
2 4 3166 4242 3167 4285
2 4 3166 3210 3209 4285
2 4 3166 3209 4284 4285
2 4 3166 4241 4242 4285
2 4 3166 4284 4241 4285
2 4 3167 3168 3211 4286
2 4 3167 4243 3168 4286
2 4 3167 3211 3210 4286
2 4 3167 3210 4285 4286
2 4 3167 4242 4243 4286
2 4 3167 4285 4242 4286
2 4 3168 3169 3212 4287
2 4 3168 4244 3169 4287
2 4 3168 3212 3211 4287
2 4 3168 3211 4286 4287
2 4 3168 4243 4244 4287
2 4 3168 4286 4243 4287
2 4 3169 3170 3213 4288
2 4 3169 4245 3170 4288
2 4 3169 3213 3212 4288
2 4 3169 3212 4287 4288
2 4 3169 4244 4245 4288
2 4 3169 4287 4244 4288
2 4 3170 3171 3214 4289
2 4 3170 4246 3171 4289
2 4 3170 3214 3213 4289
2 4 3170 3213 4288 4289
2 4 3170 4245 4246 4289
2 4 3170 4288 4245 4289
2 4 3171 3172 3215 4290
2 4 3171 4247 3172 4290
2 4 3171 3215 3214 4290
2 4 3171 3214 4289 4290
2 4 3171 4246 4247 4290
2 4 3171 4289 4246 4290
2 4 3172 3173 3216 4291
2 4 3172 4248 3173 4291
2 4 3172 3216 3215 4291
2 4 3172 3215 4290 4291
2 4 3172 4247 4248 4291
2 4 3172 4290 4247 4291
2 4 3173 3174 3217 4292
2 4 3173 4249 3174 4292
2 4 3173 3217 3216 4292
2 4 3173 3216 4291 4292
2 4 3173 4248 4249 4292
2 4 3173 4291 4248 4292
2 4 3174 3175 3218 4293
2 4 3174 4250 3175 4293
2 4 3174 3218 3217 4293
2 4 3174 3217 4292 4293
2 4 3174 4249 4250 4293
2 4 3174 4292 4249 4293
2 4 3175 3176 3219 4294
2 4 3175 4251 3176 4294
2 4 3175 3219 3218 4294
2 4 3175 3218 4293 4294
2 4 3175 4250 4251 4294
2 4 3175 4293 4250 4294
2 4 3176 3177 3220 4295
2 4 3176 4252 3177 4295
2 4 3176 3220 3219 4295
2 4 3176 3219 4294 4295
2 4 3176 4251 4252 4295
2 4 3176 4294 4251 4295
2 4 3177 3178 3221 4296
2 4 3177 4253 3178 4296
2 4 3177 3221 3220 4296
2 4 3177 3220 4295 4296
2 4 3177 4252 4253 4296
2 4 3177 4295 4252 4296
2 4 3178 3179 3222 4297
2 4 3178 4254 3179 4297
2 4 3178 3222 3221 4297
2 4 3178 3221 4296 4297
2 4 3178 4253 4254 4297
2 4 3178 4296 4253 4297
2 4 3179 3180 3223 4298
2 4 3179 4255 3180 4298
2 4 3179 3223 3222 4298
2 4 3179 3222 4297 4298
2 4 3179 4254 4255 4298
2 4 3179 4297 4254 4298
2 4 3180 3181 3224 4299
2 4 3180 4256 3181 4299
2 4 3180 3224 3223 4299
2 4 3180 3223 4298 4299
2 4 3180 4255 4256 4299
2 4 3180 4298 4255 4299

boundary
4992
20 2 0 1 44
12 2 0 1 1076
20 2 0 43 44
12 2 0 43 1118
12 2 0 1075 1076
12 2 0 1075 1118
20 2 1 2 45
12 2 1 2 1077
20 2 1 44 45
12 2 1 1076 1077
20 2 2 3 46
12 2 2 3 1078
20 2 2 45 46
12 2 2 1077 1078
20 2 3 4 47
12 2 3 4 1079
20 2 3 46 47
12 2 3 1078 1079
20 2 4 5 48
12 2 4 5 1080
20 2 4 47 48
12 2 4 1079 1080
20 2 5 6 49
12 2 5 6 1081
20 2 5 48 49
12 2 5 1080 1081
20 2 6 7 50
12 2 6 7 1082
20 2 6 49 50
12 2 6 1081 1082
20 2 7 8 51
12 2 7 8 1083
20 2 7 50 51
12 2 7 1082 1083
20 2 8 9 52
12 2 8 9 1084
20 2 8 51 52
12 2 8 1083 1084
20 2 9 10 53
12 2 9 10 1085
20 2 9 52 53
12 2 9 1084 1085
20 2 10 11 54
12 2 10 11 1086
20 2 10 53 54
12 2 10 1085 1086
20 2 11 12 55
12 2 11 12 1087
20 2 11 54 55
12 2 11 1086 1087
20 2 12 13 56
12 2 12 13 1088
20 2 12 55 56
12 2 12 1087 1088
20 2 13 14 57
12 2 13 14 1089
20 2 13 56 57
12 2 13 1088 1089
20 2 14 15 58
12 2 14 15 1090
20 2 14 57 58
12 2 14 1089 1090
20 2 15 16 59
12 2 15 16 1091
20 2 15 58 59
12 2 15 1090 1091
20 2 16 17 60
12 2 16 17 1092
20 2 16 59 60
12 2 16 1091 1092
20 2 17 18 61
12 2 17 18 1093
20 2 17 60 61
12 2 17 1092 1093
20 2 18 19 62
12 2 18 19 1094
20 2 18 61 62
12 2 18 1093 1094
20 2 19 20 63
12 2 19 20 1095
20 2 19 62 63
12 2 19 1094 1095
20 2 20 21 64
12 2 20 21 1096
20 2 20 63 64
12 2 20 1095 1096
20 2 21 22 65
12 2 21 22 1097
20 2 21 64 65
12 2 21 1096 1097
20 2 22 23 66
12 2 22 23 1098
20 2 22 65 66
12 2 22 1097 1098
20 2 23 24 67
12 2 23 24 1099
20 2 23 66 67
12 2 23 1098 1099
20 2 24 25 68
12 2 24 25 1100
20 2 24 67 68
12 2 24 1099 1100
20 2 25 26 69
12 2 25 26 1101
20 2 25 68 69
12 2 25 1100 1101
20 2 26 27 70
12 2 26 27 1102
20 2 26 69 70
12 2 26 1101 1102
20 2 27 28 71
12 2 27 28 1103
20 2 27 70 71
12 2 27 1102 1103
20 2 28 29 72
12 2 28 29 1104
20 2 28 71 72
12 2 28 1103 1104
20 2 29 30 73
12 2 29 30 1105
20 2 29 72 73
12 2 29 1104 1105
20 2 30 31 74
12 2 30 31 1106
20 2 30 73 74
12 2 30 1105 1106
20 2 31 32 75
12 2 31 32 1107
20 2 31 74 75
12 2 31 1106 1107
20 2 32 33 76
12 2 32 33 1108
20 2 32 75 76
12 2 32 1107 1108
20 2 33 34 77
12 2 33 34 1109
20 2 33 76 77
12 2 33 1108 1109
20 2 34 35 78
12 2 34 35 1110
20 2 34 77 78
12 2 34 1109 1110
20 2 35 36 79
12 2 35 36 1111
20 2 35 78 79
12 2 35 1110 1111
20 2 36 37 80
12 2 36 37 1112
20 2 36 79 80
12 2 36 1111 1112
20 2 37 38 81
12 2 37 38 1113
20 2 37 80 81
12 2 37 1112 1113
20 2 38 39 82
12 2 38 39 1114
20 2 38 81 82
12 2 38 1113 1114
20 2 39 40 83
12 2 39 40 1115
20 2 39 82 83
12 2 39 1114 1115
20 2 40 41 84
12 2 40 41 1116
20 2 40 83 84
12 2 40 1115 1116
12 2 42 85 1160
20 2 41 42 85
12 2 42 1117 1160
12 2 41 42 1117
20 2 41 84 85
12 2 41 1116 1117
20 2 43 44 87
20 2 43 86 87
12 2 43 86 1161
12 2 43 1118 1161
20 2 44 45 88
20 2 44 87 88
20 2 45 46 89
20 2 45 88 89
20 2 46 47 90
20 2 46 89 90
20 2 47 48 91
20 2 47 90 91
20 2 48 49 92
20 2 48 91 92
20 2 49 50 93
20 2 49 92 93
20 2 50 51 94
20 2 50 93 94
20 2 51 52 95
20 2 51 94 95
20 2 52 53 96
20 2 52 95 96
20 2 53 54 97
20 2 53 96 97
20 2 54 55 98
20 2 54 97 98
20 2 55 56 99
20 2 55 98 99
20 2 56 57 100
20 2 56 99 100
20 2 57 58 101
20 2 57 100 101
20 2 58 59 102
20 2 58 101 102
20 2 59 60 103
20 2 59 102 103
20 2 60 61 104
20 2 60 103 104
20 2 61 62 105
20 2 61 104 105
20 2 62 63 106
20 2 62 105 106
20 2 63 64 107
20 2 63 106 107
20 2 64 65 108
20 2 64 107 108
20 2 65 66 109
20 2 65 108 109
20 2 66 67 110
20 2 66 109 110
20 2 67 68 111
20 2 67 110 111
20 2 68 69 112
20 2 68 111 112
20 2 69 70 113
20 2 69 112 113
20 2 70 71 114
20 2 70 113 114
20 2 71 72 115
20 2 71 114 115
20 2 72 73 116
20 2 72 115 116
20 2 73 74 117
20 2 73 116 117
20 2 74 75 118
20 2 74 117 118
20 2 75 76 119
20 2 75 118 119
20 2 76 77 120
20 2 76 119 120
20 2 77 78 121
20 2 77 120 121
20 2 78 79 122
20 2 78 121 122
20 2 79 80 123
20 2 79 122 123
20 2 80 81 124
20 2 80 123 124
20 2 81 82 125
20 2 81 124 125
20 2 82 83 126
20 2 82 125 126
20 2 83 84 127
20 2 83 126 127
12 2 85 128 1203
20 2 84 85 128
12 2 85 1160 1203
20 2 84 127 128
20 2 86 87 130
20 2 86 129 130
12 2 86 129 1204
12 2 86 1161 1204
20 2 87 88 131
20 2 87 130 131
20 2 88 89 132
20 2 88 131 132
20 2 89 90 133
20 2 89 132 133
20 2 90 91 134
20 2 90 133 134
20 2 91 92 135
20 2 91 134 135
20 2 92 93 136
20 2 92 135 136
20 2 93 94 137
20 2 93 136 137
20 2 94 95 138
20 2 94 137 138
20 2 95 96 139
20 2 95 138 139
20 2 96 97 140
20 2 96 139 140
20 2 97 98 141
20 2 97 140 141
20 2 98 99 142
20 2 98 141 142
20 2 99 100 143
20 2 99 142 143
20 2 100 101 144
20 2 100 143 144
20 2 101 102 145
20 2 101 144 145
20 2 102 103 146
20 2 102 145 146
20 2 103 104 147
20 2 103 146 147
20 2 104 105 148
20 2 104 147 148
20 2 105 106 149
20 2 105 148 149
20 2 106 107 150
20 2 106 149 150
20 2 107 108 151
20 2 107 150 151
20 2 108 109 152
20 2 108 151 152
20 2 109 110 153
20 2 109 152 153
20 2 110 111 154
20 2 110 153 154
20 2 111 112 155
20 2 111 154 155
20 2 112 113 156
20 2 112 155 156
20 2 113 114 157
20 2 113 156 157
20 2 114 115 158
20 2 114 157 158
20 2 115 116 159
20 2 115 158 159
20 2 116 117 160
20 2 116 159 160
20 2 117 118 161
20 2 117 160 161
20 2 118 119 162
20 2 118 161 162
20 2 119 120 163
20 2 119 162 163
20 2 120 121 164
20 2 120 163 164
20 2 121 122 165
20 2 121 164 165
20 2 122 123 166
20 2 122 165 166
20 2 123 124 167
20 2 123 166 167
20 2 124 125 168
20 2 124 167 168
20 2 125 126 169
20 2 125 168 169
20 2 126 127 170
20 2 126 169 170
12 2 128 171 1246
20 2 127 128 171
12 2 128 1203 1246
20 2 127 170 171
20 2 129 130 173
20 2 129 172 173
12 2 129 172 1247
12 2 129 1204 1247
20 2 130 131 174
20 2 130 173 174
20 2 131 132 175
20 2 131 174 175
20 2 132 133 176
20 2 132 175 176
20 2 133 134 177
20 2 133 176 177
20 2 134 135 178
20 2 134 177 178
20 2 135 136 179
20 2 135 178 179
20 2 136 137 180
20 2 136 179 180
20 2 137 138 181
20 2 137 180 181
20 2 138 139 182
20 2 138 181 182
20 2 139 140 183
20 2 139 182 183
20 2 140 141 184
20 2 140 183 184
20 2 141 142 185
20 2 141 184 185
20 2 142 143 186
20 2 142 185 186
20 2 143 144 187
20 2 143 186 187
20 2 144 145 188
20 2 144 187 188
20 2 145 146 189
20 2 145 188 189
20 2 146 147 190
20 2 146 189 190
20 2 147 148 191
20 2 147 190 191
20 2 148 149 192
20 2 148 191 192
20 2 149 150 193
20 2 149 192 193
20 2 150 151 194
20 2 150 193 194
20 2 151 152 195
20 2 151 194 195
20 2 152 153 196
20 2 152 195 196
20 2 153 154 197
20 2 153 196 197
20 2 154 155 198
20 2 154 197 198
20 2 155 156 199
20 2 155 198 199
20 2 156 157 200
20 2 156 199 200
20 2 157 158 201
20 2 157 200 201
20 2 158 159 202
20 2 158 201 202
20 2 159 160 203
20 2 159 202 203
20 2 160 161 204
20 2 160 203 204
20 2 161 162 205
20 2 161 204 205
20 2 162 163 206
20 2 162 205 206
20 2 163 164 207
20 2 163 206 207
20 2 164 165 208
20 2 164 207 208
20 2 165 166 209
20 2 165 208 209
20 2 166 167 210
20 2 166 209 210
20 2 167 168 211
20 2 167 210 211
20 2 168 169 212
20 2 168 211 212
20 2 169 170 213
20 2 169 212 213
12 2 171 214 1289
20 2 170 171 214
12 2 171 1246 1289
20 2 170 213 214
20 2 172 173 216
20 2 172 215 216
12 2 172 215 1290
12 2 172 1247 1290
20 2 173 174 217
20 2 173 216 217
20 2 174 175 218
20 2 174 217 218
20 2 175 176 219
20 2 175 218 219
20 2 176 177 220
20 2 176 219 220
20 2 177 178 221
20 2 177 220 221
20 2 178 179 222
20 2 178 221 222
20 2 179 180 223
20 2 179 222 223
20 2 180 181 224
20 2 180 223 224
20 2 181 182 225
20 2 181 224 225
20 2 182 183 226
20 2 182 225 226
20 2 183 184 227
20 2 183 226 227
20 2 184 185 228
20 2 184 227 228
20 2 185 186 229
20 2 185 228 229
20 2 186 187 230
20 2 186 229 230
20 2 187 188 231
20 2 187 230 231
20 2 188 189 232
20 2 188 231 232
20 2 189 190 233
20 2 189 232 233
20 2 190 191 234
20 2 190 233 234
20 2 191 192 235
20 2 191 234 235
20 2 192 193 236
20 2 192 235 236
20 2 193 194 237
20 2 193 236 237
20 2 194 195 238
20 2 194 237 238
20 2 195 196 239
20 2 195 238 239
20 2 196 197 240
20 2 196 239 240
20 2 197 198 241
20 2 197 240 241
20 2 198 199 242
20 2 198 241 242
20 2 199 200 243
20 2 199 242 243
20 2 200 201 244
20 2 200 243 244
20 2 201 202 245
20 2 201 244 245
20 2 202 203 246
20 2 202 245 246
20 2 203 204 247
20 2 203 246 247
20 2 204 205 248
20 2 204 247 248
20 2 205 206 249
20 2 205 248 249
20 2 206 207 250
20 2 206 249 250
20 2 207 208 251
20 2 207 250 251
20 2 208 209 252
20 2 208 251 252
20 2 209 210 253
20 2 209 252 253
20 2 210 211 254
20 2 210 253 254
20 2 211 212 255
20 2 211 254 255
20 2 212 213 256
20 2 212 255 256
12 2 214 257 1332
20 2 213 214 257
12 2 214 1289 1332
20 2 213 256 257
20 2 215 216 259
20 2 215 258 259
12 2 215 258 1333
12 2 215 1290 1333
20 2 216 217 260
20 2 216 259 260
20 2 217 218 261
20 2 217 260 261
20 2 218 219 262
20 2 218 261 262
20 2 219 220 263
20 2 219 262 263
20 2 220 221 264
20 2 220 263 264
20 2 221 222 265
20 2 221 264 265
20 2 222 223 266
20 2 222 265 266
20 2 223 224 267
20 2 223 266 267
20 2 224 225 268
20 2 224 267 268
20 2 225 226 269
20 2 225 268 269
20 2 226 227 270
20 2 226 269 270
20 2 227 228 271
20 2 227 270 271
20 2 228 229 272
20 2 228 271 272
20 2 229 230 273
20 2 229 272 273
20 2 230 231 274
20 2 230 273 274
20 2 231 232 275
20 2 231 274 275
20 2 232 233 276
20 2 232 275 276
20 2 233 234 277
20 2 233 276 277
20 2 234 235 278
20 2 234 277 278
20 2 235 236 279
20 2 235 278 279
20 2 236 237 280
20 2 236 279 280
20 2 237 238 281
20 2 237 280 281
20 2 238 239 282
20 2 238 281 282
20 2 239 240 283
20 2 239 282 283
20 2 240 241 284
20 2 240 283 284
20 2 241 242 285
20 2 241 284 285
20 2 242 243 286
20 2 242 285 286
20 2 243 244 287
20 2 243 286 287
20 2 244 245 288
20 2 244 287 288
20 2 245 246 289
20 2 245 288 289
20 2 246 247 290
20 2 246 289 290
20 2 247 248 291
20 2 247 290 291
20 2 248 249 292
20 2 248 291 292
20 2 249 250 293
20 2 249 292 293
20 2 250 251 294
20 2 250 293 294
20 2 251 252 295
20 2 251 294 295
20 2 252 253 296
20 2 252 295 296
20 2 253 254 297
20 2 253 296 297
20 2 254 255 298
20 2 254 297 298
20 2 255 256 299
20 2 255 298 299
12 2 257 300 1375
20 2 256 257 300
12 2 257 1332 1375
20 2 256 299 300
20 2 258 259 302
20 2 258 301 302
12 2 258 301 1376
12 2 258 1333 1376
20 2 259 260 303
20 2 259 302 303
20 2 260 261 304
20 2 260 303 304
20 2 261 262 305
20 2 261 304 305
20 2 262 263 306
20 2 262 305 306
20 2 263 264 307
20 2 263 306 307
20 2 264 265 308
20 2 264 307 308
20 2 265 266 309
20 2 265 308 309
20 2 266 267 310
20 2 266 309 310
20 2 267 268 311
20 2 267 310 311
20 2 268 269 312
20 2 268 311 312
20 2 269 270 313
20 2 269 312 313
20 2 270 271 314
20 2 270 313 314
20 2 271 272 315
20 2 271 314 315
20 2 272 273 316
20 2 272 315 316
20 2 273 274 317
20 2 273 316 317
20 2 274 275 318
20 2 274 317 318
20 2 275 276 319
20 2 275 318 319
20 2 276 277 320
20 2 276 319 320
20 2 277 278 321
20 2 277 320 321
20 2 278 279 322
20 2 278 321 322
20 2 279 280 323
20 2 279 322 323
20 2 280 281 324
20 2 280 323 324
20 2 281 282 325
20 2 281 324 325
20 2 282 283 326
20 2 282 325 326
20 2 283 284 327
20 2 283 326 327
20 2 284 285 328
20 2 284 327 328
20 2 285 286 329
20 2 285 328 329
20 2 286 287 330
20 2 286 329 330
20 2 287 288 331
20 2 287 330 331
20 2 288 289 332
20 2 288 331 332
20 2 289 290 333
20 2 289 332 333
20 2 290 291 334
20 2 290 333 334
20 2 291 292 335
20 2 291 334 335
20 2 292 293 336
20 2 292 335 336
20 2 293 294 337
20 2 293 336 337
20 2 294 295 338
20 2 294 337 338
20 2 295 296 339
20 2 295 338 339
20 2 296 297 340
20 2 296 339 340
20 2 297 298 341
20 2 297 340 341
20 2 298 299 342
20 2 298 341 342
12 2 300 343 1418
20 2 299 300 343
12 2 300 1375 1418
20 2 299 342 343
20 2 301 302 345
20 2 301 344 345
12 2 301 344 1419
12 2 301 1376 1419
20 2 302 303 346
20 2 302 345 346
20 2 303 304 347
20 2 303 346 347
20 2 304 305 348
20 2 304 347 348
20 2 305 306 349
20 2 305 348 349
20 2 306 307 350
20 2 306 349 350
20 2 307 308 351
20 2 307 350 351
20 2 308 309 352
20 2 308 351 352
20 2 309 310 353
20 2 309 352 353
20 2 310 311 354
20 2 310 353 354
20 2 311 312 355
20 2 311 354 355
20 2 312 313 356
20 2 312 355 356
20 2 313 314 357
20 2 313 356 357
20 2 314 315 358
20 2 314 357 358
20 2 315 316 359
20 2 315 358 359
20 2 316 317 360
20 2 316 359 360
20 2 317 318 361
20 2 317 360 361
20 2 318 319 362
20 2 318 361 362
20 2 319 320 363
20 2 319 362 363
20 2 320 321 364
20 2 320 363 364
20 2 321 322 365
20 2 321 364 365
20 2 322 323 366
20 2 322 365 366
20 2 323 324 367
20 2 323 366 367
20 2 324 325 368
20 2 324 367 368
20 2 325 326 369
20 2 325 368 369
20 2 326 327 370
20 2 326 369 370
20 2 327 328 371
20 2 327 370 371
20 2 328 329 372
20 2 328 371 372
20 2 329 330 373
20 2 329 372 373
20 2 330 331 374
20 2 330 373 374
20 2 331 332 375
20 2 331 374 375
20 2 332 333 376
20 2 332 375 376
20 2 333 334 377
20 2 333 376 377
20 2 334 335 378
20 2 334 377 378
20 2 335 336 379
20 2 335 378 379
20 2 336 337 380
20 2 336 379 380
20 2 337 338 381
20 2 337 380 381
20 2 338 339 382
20 2 338 381 382
20 2 339 340 383
20 2 339 382 383
20 2 340 341 384
20 2 340 383 384
20 2 341 342 385
20 2 341 384 385
12 2 343 386 1461
20 2 342 343 386
12 2 343 1418 1461
20 2 342 385 386
20 2 344 345 388
20 2 344 387 388
12 2 344 387 1462
12 2 344 1419 1462
20 2 345 346 389
20 2 345 388 389
20 2 346 347 390
20 2 346 389 390
20 2 347 348 391
20 2 347 390 391
20 2 348 349 392
20 2 348 391 392
20 2 349 350 393
20 2 349 392 393
20 2 350 351 394
20 2 350 393 394
20 2 351 352 395
20 2 351 394 395
20 2 352 353 396
20 2 352 395 396
20 2 353 354 397
20 2 353 396 397
20 2 354 355 398
20 2 354 397 398
20 2 355 356 399
20 2 355 398 399
20 2 356 357 400
20 2 356 399 400
20 2 357 358 401
20 2 357 400 401
20 2 358 359 402
20 2 358 401 402
20 2 359 360 403
20 2 359 402 403
20 2 360 361 404
20 2 360 403 404
20 2 361 362 405
20 2 361 404 405
20 2 362 363 406
20 2 362 405 406
20 2 363 364 407
20 2 363 406 407
20 2 364 365 408
20 2 364 407 408
20 2 365 366 409
20 2 365 408 409
20 2 366 367 410
20 2 366 409 410
20 2 367 368 411
20 2 367 410 411
20 2 368 369 412
20 2 368 411 412
20 2 369 370 413
20 2 369 412 413
20 2 370 371 414
20 2 370 413 414
20 2 371 372 415
20 2 371 414 415
20 2 372 373 416
20 2 372 415 416
20 2 373 374 417
20 2 373 416 417
20 2 374 375 418
20 2 374 417 418
20 2 375 376 419
20 2 375 418 419
20 2 376 377 420
20 2 376 419 420
20 2 377 378 421
20 2 377 420 421
20 2 378 379 422
20 2 378 421 422
20 2 379 380 423
20 2 379 422 423
20 2 380 381 424
20 2 380 423 424
20 2 381 382 425
20 2 381 424 425
20 2 382 383 426
20 2 382 425 426
20 2 383 384 427
20 2 383 426 427
20 2 384 385 428
20 2 384 427 428
12 2 386 429 1504
20 2 385 386 429
12 2 386 1461 1504
20 2 385 428 429
20 2 387 388 431
20 2 387 430 431
12 2 387 430 1505
12 2 387 1462 1505
20 2 388 389 432
20 2 388 431 432
20 2 389 390 433
20 2 389 432 433
20 2 390 391 434
20 2 390 433 434
20 2 391 392 435
20 2 391 434 435
20 2 392 393 436
20 2 392 435 436
20 2 393 394 437
20 2 393 436 437
20 2 394 395 438
20 2 394 437 438
20 2 395 396 439
20 2 395 438 439
20 2 396 397 440
20 2 396 439 440
20 2 397 398 441
20 2 397 440 441
20 2 398 399 442
20 2 398 441 442
20 2 399 400 443
20 2 399 442 443
20 2 400 401 444
20 2 400 443 444
20 2 401 402 445
20 2 401 444 445
20 2 402 403 446
20 2 402 445 446
20 2 403 404 447
20 2 403 446 447
20 2 404 405 448
20 2 404 447 448
20 2 405 406 449
20 2 405 448 449
20 2 406 407 450
20 2 406 449 450
20 2 407 408 451
20 2 407 450 451
20 2 408 409 452
20 2 408 451 452
20 2 409 410 453
20 2 409 452 453
20 2 410 411 454
20 2 410 453 454
20 2 411 412 455
20 2 411 454 455
20 2 412 413 456
20 2 412 455 456
20 2 413 414 457
20 2 413 456 457
20 2 414 415 458
20 2 414 457 458
20 2 415 416 459
20 2 415 458 459
20 2 416 417 460
20 2 416 459 460
20 2 417 418 461
20 2 417 460 461
20 2 418 419 462
20 2 418 461 462
20 2 419 420 463
20 2 419 462 463
20 2 420 421 464
20 2 420 463 464
20 2 421 422 465
20 2 421 464 465
20 2 422 423 466
20 2 422 465 466
20 2 423 424 467
20 2 423 466 467
20 2 424 425 468
20 2 424 467 468
20 2 425 426 469
20 2 425 468 469
20 2 426 427 470
20 2 426 469 470
20 2 427 428 471
20 2 427 470 471
12 2 429 472 1547
20 2 428 429 472
12 2 429 1504 1547
20 2 428 471 472
20 2 430 431 474
20 2 430 473 474
12 2 430 473 1548
12 2 430 1505 1548
20 2 431 432 475
20 2 431 474 475
20 2 432 433 476
20 2 432 475 476
20 2 433 434 477
20 2 433 476 477
20 2 434 435 478
20 2 434 477 478
20 2 435 436 479
20 2 435 478 479
20 2 436 437 480
20 2 436 479 480
20 2 437 438 481
20 2 437 480 481
20 2 438 439 482
20 2 438 481 482
20 2 439 440 483
20 2 439 482 483
20 2 440 441 484
20 2 440 483 484
20 2 441 442 485
20 2 441 484 485
20 2 442 443 486
20 2 442 485 486
20 2 443 444 487
20 2 443 486 487
20 2 444 445 488
20 2 444 487 488
20 2 445 446 489
20 2 445 488 489
20 2 446 447 490
20 2 446 489 490
20 2 447 448 491
20 2 447 490 491
20 2 448 449 492
20 2 448 491 492
20 2 449 450 493
20 2 449 492 493
20 2 450 451 494
20 2 450 493 494
20 2 451 452 495
20 2 451 494 495
20 2 452 453 496
20 2 452 495 496
20 2 453 454 497
20 2 453 496 497
20 2 454 455 498
20 2 454 497 498
20 2 455 456 499
20 2 455 498 499
20 2 456 457 500
20 2 456 499 500
20 2 457 458 501
20 2 457 500 501
20 2 458 459 502
20 2 458 501 502
20 2 459 460 503
20 2 459 502 503
20 2 460 461 504
20 2 460 503 504
20 2 461 462 505
20 2 461 504 505
20 2 462 463 506
20 2 462 505 506
20 2 463 464 507
20 2 463 506 507
20 2 464 465 508
20 2 464 507 508
20 2 465 466 509
20 2 465 508 509
20 2 466 467 510
20 2 466 509 510
20 2 467 468 511
20 2 467 510 511
20 2 468 469 512
20 2 468 511 512
20 2 469 470 513
20 2 469 512 513
20 2 470 471 514
20 2 470 513 514
12 2 472 515 1590
20 2 471 472 515
12 2 472 1547 1590
20 2 471 514 515
20 2 473 474 517
20 2 473 516 517
12 2 473 516 1591
12 2 473 1548 1591
20 2 474 475 518
20 2 474 517 518
20 2 475 476 519
20 2 475 518 519
20 2 476 477 520
20 2 476 519 520
20 2 477 478 521
20 2 477 520 521
20 2 478 479 522
11 2 521 522 1597
20 2 478 521 522
11 2 521 1596 1597
20 2 479 480 523
11 2 522 523 1598
20 2 479 522 523
11 2 522 1597 1598
20 2 480 481 524
11 2 523 524 1599
20 2 480 523 524
11 2 523 1598 1599
20 2 481 482 525
11 2 524 525 1600
20 2 481 524 525
11 2 524 1599 1600
20 2 482 483 526
11 2 525 526 1601
20 2 482 525 526
11 2 525 1600 1601
20 2 483 484 527
11 2 526 527 1602
20 2 483 526 527
11 2 526 1601 1602
20 2 484 485 528
11 2 527 528 1603
20 2 484 527 528
11 2 527 1602 1603
20 2 485 486 529
11 2 528 529 1604
20 2 485 528 529
11 2 528 1603 1604
20 2 486 487 530
11 2 529 530 1605
20 2 486 529 530
11 2 529 1604 1605
20 2 487 488 531
11 2 530 531 1606
20 2 487 530 531
11 2 530 1605 1606
20 2 488 489 532
11 2 531 532 1607
20 2 488 531 532
11 2 531 1606 1607
20 2 489 490 533
11 2 532 533 1608
20 2 489 532 533
11 2 532 1607 1608
20 2 490 491 534
20 2 490 533 534
20 2 491 492 535
20 2 491 534 535
20 2 492 493 536
10 2 535 536 1611
20 2 492 535 536
10 2 535 1610 1611
20 2 493 494 537
10 2 536 537 1612
20 2 493 536 537
10 2 536 1611 1612
20 2 494 495 538
10 2 537 538 1613
20 2 494 537 538
10 2 537 1612 1613
20 2 495 496 539
10 2 538 539 1614
20 2 495 538 539
10 2 538 1613 1614
20 2 496 497 540
20 2 496 539 540
20 2 497 498 541
20 2 497 540 541
20 2 498 499 542
11 2 541 542 1617
20 2 498 541 542
11 2 541 1616 1617
20 2 499 500 543
11 2 542 543 1618
20 2 499 542 543
11 2 542 1617 1618
20 2 500 501 544
11 2 543 544 1619
20 2 500 543 544
11 2 543 1618 1619
20 2 501 502 545
11 2 544 545 1620
20 2 501 544 545
11 2 544 1619 1620
20 2 502 503 546
11 2 545 546 1621
20 2 502 545 546
11 2 545 1620 1621
20 2 503 504 547
11 2 546 547 1622
20 2 503 546 547
11 2 546 1621 1622
20 2 504 505 548
11 2 547 548 1623
20 2 504 547 548
11 2 547 1622 1623
20 2 505 506 549
11 2 548 549 1624
20 2 505 548 549
11 2 548 1623 1624
20 2 506 507 550
11 2 549 550 1625
20 2 506 549 550
11 2 549 1624 1625
20 2 507 508 551
11 2 550 551 1626
20 2 507 550 551
11 2 550 1625 1626
20 2 508 509 552
11 2 551 552 1627
20 2 508 551 552
11 2 551 1626 1627
20 2 509 510 553
11 2 552 553 1628
20 2 509 552 553
11 2 552 1627 1628
20 2 510 511 554
20 2 510 553 554
20 2 511 512 555
20 2 511 554 555
20 2 512 513 556
20 2 512 555 556
20 2 513 514 557
20 2 513 556 557
12 2 515 558 1633
20 2 514 515 558
12 2 515 1590 1633
20 2 514 557 558
20 2 516 517 560
20 2 516 559 560
12 2 516 559 1634
12 2 516 1591 1634
20 2 517 518 561
20 2 517 560 561
20 2 518 519 562
20 2 518 561 562
20 2 519 520 563
20 2 519 562 563
20 2 520 521 564
20 2 520 563 564
20 2 521 522 565
20 2 521 564 565
20 2 522 523 566
20 2 522 565 566
20 2 523 524 567
20 2 523 566 567
20 2 524 525 568
20 2 524 567 568
20 2 525 526 569
20 2 525 568 569
20 2 526 527 570
20 2 526 569 570
20 2 527 528 571
20 2 527 570 571
20 2 528 529 572
20 2 528 571 572
20 2 529 530 573
20 2 529 572 573
20 2 530 531 574
20 2 530 573 574
20 2 531 532 575
20 2 531 574 575
20 2 532 533 576
20 2 532 575 576
20 2 533 534 577
20 2 533 576 577
20 2 534 535 578
20 2 534 577 578
20 2 535 536 579
20 2 535 578 579
20 2 536 537 580
20 2 536 579 580
20 2 537 538 581
20 2 537 580 581
20 2 538 539 582
20 2 538 581 582
20 2 539 540 583
20 2 539 582 583
20 2 540 541 584
20 2 540 583 584
20 2 541 542 585
20 2 541 584 585
20 2 542 543 586
20 2 542 585 586
20 2 543 544 587
20 2 543 586 587
20 2 544 545 588
20 2 544 587 588
20 2 545 546 589
20 2 545 588 589
20 2 546 547 590
20 2 546 589 590
20 2 547 548 591
20 2 547 590 591
20 2 548 549 592
20 2 548 591 592
20 2 549 550 593
20 2 549 592 593
20 2 550 551 594
20 2 550 593 594
20 2 551 552 595
20 2 551 594 595
20 2 552 553 596
20 2 552 595 596
20 2 553 554 597
20 2 553 596 597
20 2 554 555 598
20 2 554 597 598
20 2 555 556 599
20 2 555 598 599
20 2 556 557 600
20 2 556 599 600
12 2 558 601 1676
20 2 557 558 601
12 2 558 1633 1676
20 2 557 600 601
20 2 559 560 603
20 2 559 602 603
12 2 559 602 1677
12 2 559 1634 1677
20 2 560 561 604
20 2 560 603 604
20 2 561 562 605
20 2 561 604 605
20 2 562 563 606
20 2 562 605 606
20 2 563 564 607
20 2 563 606 607
20 2 564 565 608
20 2 564 607 608
20 2 565 566 609
20 2 565 608 609
20 2 566 567 610
20 2 566 609 610
20 2 567 568 611
20 2 567 610 611
20 2 568 569 612
20 2 568 611 612
20 2 569 570 613
20 2 569 612 613
20 2 570 571 614
20 2 570 613 614
20 2 571 572 615
20 2 571 614 615
20 2 572 573 616
20 2 572 615 616
20 2 573 574 617
20 2 573 616 617
20 2 574 575 618
20 2 574 617 618
20 2 575 576 619
20 2 575 618 619
20 2 576 577 620
20 2 576 619 620
20 2 577 578 621
20 2 577 620 621
20 2 578 579 622
20 2 578 621 622
20 2 579 580 623
20 2 579 622 623
20 2 580 581 624
20 2 580 623 624
20 2 581 582 625
20 2 581 624 625
20 2 582 583 626
20 2 582 625 626
20 2 583 584 627
20 2 583 626 627
20 2 584 585 628
20 2 584 627 628
20 2 585 586 629
20 2 585 628 629
20 2 586 587 630
20 2 586 629 630
20 2 587 588 631
20 2 587 630 631
20 2 588 589 632
20 2 588 631 632
20 2 589 590 633
20 2 589 632 633
20 2 590 591 634
20 2 590 633 634
20 2 591 592 635
20 2 591 634 635
20 2 592 593 636
20 2 592 635 636
20 2 593 594 637
20 2 593 636 637
20 2 594 595 638
20 2 594 637 638
20 2 595 596 639
20 2 595 638 639
20 2 596 597 640
20 2 596 639 640
20 2 597 598 641
20 2 597 640 641
20 2 598 599 642
20 2 598 641 642
20 2 599 600 643
20 2 599 642 643
12 2 601 644 1719
20 2 600 601 644
12 2 601 1676 1719
20 2 600 643 644
20 2 602 603 646
20 2 602 645 646
12 2 602 645 1720
12 2 602 1677 1720
20 2 603 604 647
20 2 603 646 647
20 2 604 605 648
20 2 604 647 648
20 2 605 606 649
20 2 605 648 649
20 2 606 607 650
20 2 606 649 650
20 2 607 608 651
20 2 607 650 651
20 2 608 609 652
20 2 608 651 652
20 2 609 610 653
20 2 609 652 653
20 2 610 611 654
20 2 610 653 654
20 2 611 612 655
20 2 611 654 655
20 2 612 613 656
20 2 612 655 656
20 2 613 614 657
20 2 613 656 657
20 2 614 615 658
20 2 614 657 658
20 2 615 616 659
20 2 615 658 659
20 2 616 617 660
20 2 616 659 660
20 2 617 618 661
20 2 617 660 661
20 2 618 619 662
20 2 618 661 662
20 2 619 620 663
20 2 619 662 663
20 2 620 621 664
20 2 620 663 664
20 2 621 622 665
20 2 621 664 665
20 2 622 623 666
20 2 622 665 666
20 2 623 624 667
20 2 623 666 667
20 2 624 625 668
20 2 624 667 668
20 2 625 626 669
20 2 625 668 669
20 2 626 627 670
20 2 626 669 670
20 2 627 628 671
20 2 627 670 671
20 2 628 629 672
20 2 628 671 672
20 2 629 630 673
20 2 629 672 673
20 2 630 631 674
20 2 630 673 674
20 2 631 632 675
20 2 631 674 675
20 2 632 633 676
20 2 632 675 676
20 2 633 634 677
20 2 633 676 677
20 2 634 635 678
20 2 634 677 678
20 2 635 636 679
20 2 635 678 679
20 2 636 637 680
20 2 636 679 680
20 2 637 638 681
20 2 637 680 681
20 2 638 639 682
20 2 638 681 682
20 2 639 640 683
20 2 639 682 683
20 2 640 641 684
20 2 640 683 684
20 2 641 642 685
20 2 641 684 685
20 2 642 643 686
20 2 642 685 686
12 2 644 687 1762
20 2 643 644 687
12 2 644 1719 1762
20 2 643 686 687
20 2 645 646 689
20 2 645 688 689
12 2 645 688 1763
12 2 645 1720 1763
20 2 646 647 690
20 2 646 689 690
20 2 647 648 691
20 2 647 690 691
20 2 648 649 692
20 2 648 691 692
20 2 649 650 693
20 2 649 692 693
20 2 650 651 694
20 2 650 693 694
20 2 651 652 695
20 2 651 694 695
20 2 652 653 696
20 2 652 695 696
20 2 653 654 697
20 2 653 696 697
20 2 654 655 698
20 2 654 697 698
20 2 655 656 699
20 2 655 698 699
20 2 656 657 700
20 2 656 699 700
20 2 657 658 701
20 2 657 700 701
20 2 658 659 702
20 2 658 701 702
20 2 659 660 703
20 2 659 702 703
20 2 660 661 704
20 2 660 703 704
20 2 661 662 705
20 2 661 704 705
20 2 662 663 706
20 2 662 705 706
20 2 663 664 707
20 2 663 706 707
20 2 664 665 708
20 2 664 707 708
20 2 665 666 709
20 2 665 708 709
20 2 666 667 710
20 2 666 709 710
20 2 667 668 711
20 2 667 710 711
20 2 668 669 712
20 2 668 711 712
20 2 669 670 713
20 2 669 712 713
20 2 670 671 714
20 2 670 713 714
20 2 671 672 715
20 2 671 714 715
20 2 672 673 716
20 2 672 715 716
20 2 673 674 717
20 2 673 716 717
20 2 674 675 718
20 2 674 717 718
20 2 675 676 719
20 2 675 718 719
20 2 676 677 720
20 2 676 719 720
20 2 677 678 721
20 2 677 720 721
20 2 678 679 722
20 2 678 721 722
20 2 679 680 723
20 2 679 722 723
20 2 680 681 724
20 2 680 723 724
20 2 681 682 725
20 2 681 724 725
20 2 682 683 726
20 2 682 725 726
20 2 683 684 727
20 2 683 726 727
20 2 684 685 728
20 2 684 727 728
20 2 685 686 729
20 2 685 728 729
12 2 687 730 1805
20 2 686 687 730
12 2 687 1762 1805
20 2 686 729 730
20 2 688 689 732
20 2 688 731 732
12 2 688 731 1806
12 2 688 1763 1806
20 2 689 690 733
20 2 689 732 733
20 2 690 691 734
20 2 690 733 734
20 2 691 692 735
20 2 691 734 735
20 2 692 693 736
20 2 692 735 736
20 2 693 694 737
20 2 693 736 737
20 2 694 695 738
20 2 694 737 738
20 2 695 696 739
20 2 695 738 739
20 2 696 697 740
20 2 696 739 740
20 2 697 698 741
20 2 697 740 741
20 2 698 699 742
20 2 698 741 742
20 2 699 700 743
20 2 699 742 743
20 2 700 701 744
20 2 700 743 744
20 2 701 702 745
20 2 701 744 745
20 2 702 703 746
20 2 702 745 746
20 2 703 704 747
20 2 703 746 747
20 2 704 705 748
20 2 704 747 748
20 2 705 706 749
20 2 705 748 749
20 2 706 707 750
20 2 706 749 750
20 2 707 708 751
20 2 707 750 751
20 2 708 709 752
20 2 708 751 752
20 2 709 710 753
20 2 709 752 753
20 2 710 711 754
20 2 710 753 754
20 2 711 712 755
20 2 711 754 755
20 2 712 713 756
20 2 712 755 756
20 2 713 714 757
20 2 713 756 757
20 2 714 715 758
20 2 714 757 758
20 2 715 716 759
20 2 715 758 759
20 2 716 717 760
20 2 716 759 760
20 2 717 718 761
20 2 717 760 761
20 2 718 719 762
20 2 718 761 762
20 2 719 720 763
20 2 719 762 763
20 2 720 721 764
20 2 720 763 764
20 2 721 722 765
20 2 721 764 765
20 2 722 723 766
20 2 722 765 766
20 2 723 724 767
20 2 723 766 767
20 2 724 725 768
20 2 724 767 768
20 2 725 726 769
20 2 725 768 769
20 2 726 727 770
20 2 726 769 770
20 2 727 728 771
20 2 727 770 771
20 2 728 729 772
20 2 728 771 772
12 2 730 773 1848
20 2 729 730 773
12 2 730 1805 1848
20 2 729 772 773
20 2 731 732 775
20 2 731 774 775
12 2 731 774 1849
12 2 731 1806 1849
20 2 732 733 776
20 2 732 775 776
20 2 733 734 777
20 2 733 776 777
20 2 734 735 778
20 2 734 777 778
20 2 735 736 779
20 2 735 778 779
20 2 736 737 780
20 2 736 779 780
20 2 737 738 781
20 2 737 780 781
20 2 738 739 782
20 2 738 781 782
20 2 739 740 783
20 2 739 782 783
20 2 740 741 784
20 2 740 783 784
20 2 741 742 785
20 2 741 784 785
20 2 742 743 786
20 2 742 785 786
20 2 743 744 787
20 2 743 786 787
20 2 744 745 788
20 2 744 787 788
20 2 745 746 789
20 2 745 788 789
20 2 746 747 790
20 2 746 789 790
20 2 747 748 791
20 2 747 790 791
20 2 748 749 792
20 2 748 791 792
20 2 749 750 793
20 2 749 792 793
20 2 750 751 794
20 2 750 793 794
20 2 751 752 795
20 2 751 794 795
20 2 752 753 796
20 2 752 795 796
20 2 753 754 797
20 2 753 796 797
20 2 754 755 798
20 2 754 797 798
20 2 755 756 799
20 2 755 798 799
20 2 756 757 800
20 2 756 799 800
20 2 757 758 801
20 2 757 800 801
20 2 758 759 802
20 2 758 801 802
20 2 759 760 803
20 2 759 802 803
20 2 760 761 804
20 2 760 803 804
20 2 761 762 805
20 2 761 804 805
20 2 762 763 806
20 2 762 805 806
20 2 763 764 807
20 2 763 806 807
20 2 764 765 808
20 2 764 807 808
20 2 765 766 809
20 2 765 808 809
20 2 766 767 810
20 2 766 809 810
20 2 767 768 811
20 2 767 810 811
20 2 768 769 812
20 2 768 811 812
20 2 769 770 813
20 2 769 812 813
20 2 770 771 814
20 2 770 813 814
20 2 771 772 815
20 2 771 814 815
12 2 773 816 1891
20 2 772 773 816
12 2 773 1848 1891
20 2 772 815 816
20 2 774 775 818
20 2 774 817 818
12 2 774 817 1892
12 2 774 1849 1892
20 2 775 776 819
20 2 775 818 819
20 2 776 777 820
20 2 776 819 820
20 2 777 778 821
20 2 777 820 821
20 2 778 779 822
20 2 778 821 822
20 2 779 780 823
20 2 779 822 823
20 2 780 781 824
20 2 780 823 824
20 2 781 782 825
20 2 781 824 825
20 2 782 783 826
20 2 782 825 826
20 2 783 784 827
20 2 783 826 827
20 2 784 785 828
20 2 784 827 828
20 2 785 786 829
20 2 785 828 829
20 2 786 787 830
20 2 786 829 830
20 2 787 788 831
20 2 787 830 831
20 2 788 789 832
20 2 788 831 832
20 2 789 790 833
20 2 789 832 833
20 2 790 791 834
20 2 790 833 834
20 2 791 792 835
20 2 791 834 835
20 2 792 793 836
20 2 792 835 836
20 2 793 794 837
20 2 793 836 837
20 2 794 795 838
20 2 794 837 838
20 2 795 796 839
20 2 795 838 839
20 2 796 797 840
20 2 796 839 840
20 2 797 798 841
20 2 797 840 841
20 2 798 799 842
20 2 798 841 842
20 2 799 800 843
20 2 799 842 843
20 2 800 801 844
20 2 800 843 844
20 2 801 802 845
20 2 801 844 845
20 2 802 803 846
20 2 802 845 846
20 2 803 804 847
20 2 803 846 847
20 2 804 805 848
20 2 804 847 848
20 2 805 806 849
20 2 805 848 849
20 2 806 807 850
20 2 806 849 850
20 2 807 808 851
20 2 807 850 851
20 2 808 809 852
20 2 808 851 852
20 2 809 810 853
20 2 809 852 853
20 2 810 811 854
20 2 810 853 854
20 2 811 812 855
20 2 811 854 855
20 2 812 813 856
20 2 812 855 856
20 2 813 814 857
20 2 813 856 857
20 2 814 815 858
20 2 814 857 858
12 2 816 859 1934
20 2 815 816 859
12 2 816 1891 1934
20 2 815 858 859
20 2 817 818 861
20 2 817 860 861
12 2 817 860 1935
12 2 817 1892 1935
20 2 818 819 862
20 2 818 861 862
20 2 819 820 863
20 2 819 862 863
20 2 820 821 864
20 2 820 863 864
20 2 821 822 865
20 2 821 864 865
20 2 822 823 866
20 2 822 865 866
20 2 823 824 867
20 2 823 866 867
20 2 824 825 868
20 2 824 867 868
20 2 825 826 869
20 2 825 868 869
20 2 826 827 870
20 2 826 869 870
20 2 827 828 871
20 2 827 870 871
20 2 828 829 872
20 2 828 871 872
20 2 829 830 873
20 2 829 872 873
20 2 830 831 874
20 2 830 873 874
20 2 831 832 875
20 2 831 874 875
20 2 832 833 876
20 2 832 875 876
20 2 833 834 877
20 2 833 876 877
20 2 834 835 878
20 2 834 877 878
20 2 835 836 879
20 2 835 878 879
20 2 836 837 880
20 2 836 879 880
20 2 837 838 881
20 2 837 880 881
20 2 838 839 882
20 2 838 881 882
20 2 839 840 883
20 2 839 882 883
20 2 840 841 884
20 2 840 883 884
20 2 841 842 885
20 2 841 884 885
20 2 842 843 886
20 2 842 885 886
20 2 843 844 887
20 2 843 886 887
20 2 844 845 888
20 2 844 887 888
20 2 845 846 889
20 2 845 888 889
20 2 846 847 890
20 2 846 889 890
20 2 847 848 891
20 2 847 890 891
20 2 848 849 892
20 2 848 891 892
20 2 849 850 893
20 2 849 892 893
20 2 850 851 894
20 2 850 893 894
20 2 851 852 895
20 2 851 894 895
20 2 852 853 896
20 2 852 895 896
20 2 853 854 897
20 2 853 896 897
20 2 854 855 898
20 2 854 897 898
20 2 855 856 899
20 2 855 898 899
20 2 856 857 900
20 2 856 899 900
20 2 857 858 901
20 2 857 900 901
12 2 859 902 1977
20 2 858 859 902
12 2 859 1934 1977
20 2 858 901 902
20 2 860 861 904
20 2 860 903 904
12 2 860 903 1978
12 2 860 1935 1978
20 2 861 862 905
20 2 861 904 905
20 2 862 863 906
20 2 862 905 906
20 2 863 864 907
20 2 863 906 907
20 2 864 865 908
20 2 864 907 908
20 2 865 866 909
20 2 865 908 909
20 2 866 867 910
20 2 866 909 910
20 2 867 868 911
20 2 867 910 911
20 2 868 869 912
20 2 868 911 912
20 2 869 870 913
20 2 869 912 913
20 2 870 871 914
20 2 870 913 914
20 2 871 872 915
20 2 871 914 915
20 2 872 873 916
20 2 872 915 916
20 2 873 874 917
20 2 873 916 917
20 2 874 875 918
20 2 874 917 918
20 2 875 876 919
20 2 875 918 919
20 2 876 877 920
20 2 876 919 920
20 2 877 878 921
20 2 877 920 921
20 2 878 879 922
20 2 878 921 922
20 2 879 880 923
20 2 879 922 923
20 2 880 881 924
20 2 880 923 924
20 2 881 882 925
20 2 881 924 925
20 2 882 883 926
20 2 882 925 926
20 2 883 884 927
20 2 883 926 927
20 2 884 885 928
20 2 884 927 928
20 2 885 886 929
20 2 885 928 929
20 2 886 887 930
20 2 886 929 930
20 2 887 888 931
20 2 887 930 931
20 2 888 889 932
20 2 888 931 932
20 2 889 890 933
20 2 889 932 933
20 2 890 891 934
20 2 890 933 934
20 2 891 892 935
20 2 891 934 935
20 2 892 893 936
20 2 892 935 936
20 2 893 894 937
20 2 893 936 937
20 2 894 895 938
20 2 894 937 938
20 2 895 896 939
20 2 895 938 939
20 2 896 897 940
20 2 896 939 940
20 2 897 898 941
20 2 897 940 941
20 2 898 899 942
20 2 898 941 942
20 2 899 900 943
20 2 899 942 943
20 2 900 901 944
20 2 900 943 944
12 2 902 945 2020
20 2 901 902 945
12 2 902 1977 2020
20 2 901 944 945
20 2 903 904 947
20 2 903 946 947
12 2 903 946 2021
12 2 903 1978 2021
20 2 904 905 948
20 2 904 947 948
20 2 905 906 949
20 2 905 948 949
20 2 906 907 950
20 2 906 949 950
20 2 907 908 951
20 2 907 950 951
20 2 908 909 952
20 2 908 951 952
20 2 909 910 953
20 2 909 952 953
20 2 910 911 954
20 2 910 953 954
20 2 911 912 955
20 2 911 954 955
20 2 912 913 956
20 2 912 955 956
20 2 913 914 957
20 2 913 956 957
20 2 914 915 958
20 2 914 957 958
20 2 915 916 959
20 2 915 958 959
20 2 916 917 960
20 2 916 959 960
20 2 917 918 961
20 2 917 960 961
20 2 918 919 962
20 2 918 961 962
20 2 919 920 963
20 2 919 962 963
20 2 920 921 964
20 2 920 963 964
20 2 921 922 965
20 2 921 964 965
20 2 922 923 966
20 2 922 965 966
20 2 923 924 967
20 2 923 966 967
20 2 924 925 968
20 2 924 967 968
20 2 925 926 969
20 2 925 968 969
20 2 926 927 970
20 2 926 969 970
20 2 927 928 971
20 2 927 970 971
20 2 928 929 972
20 2 928 971 972
20 2 929 930 973
20 2 929 972 973
20 2 930 931 974
20 2 930 973 974
20 2 931 932 975
20 2 931 974 975
20 2 932 933 976
20 2 932 975 976
20 2 933 934 977
20 2 933 976 977
20 2 934 935 978
20 2 934 977 978
20 2 935 936 979
20 2 935 978 979
20 2 936 937 980
20 2 936 979 980
20 2 937 938 981
20 2 937 980 981
20 2 938 939 982
20 2 938 981 982
20 2 939 940 983
20 2 939 982 983
20 2 940 941 984
20 2 940 983 984
20 2 941 942 985
20 2 941 984 985
20 2 942 943 986
20 2 942 985 986
20 2 943 944 987
20 2 943 986 987
12 2 945 988 2063
20 2 944 945 988
12 2 945 2020 2063
20 2 944 987 988
20 2 946 947 990
20 2 946 989 990
12 2 946 989 2064
12 2 946 2021 2064
20 2 947 948 991
20 2 947 990 991
20 2 948 949 992
20 2 948 991 992
20 2 949 950 993
20 2 949 992 993
20 2 950 951 994
20 2 950 993 994
20 2 951 952 995
20 2 951 994 995
20 2 952 953 996
20 2 952 995 996
20 2 953 954 997
20 2 953 996 997
20 2 954 955 998
20 2 954 997 998
20 2 955 956 999
20 2 955 998 999
20 2 956 957 1000
20 2 956 999 1000
20 2 957 958 1001
20 2 957 1000 1001
20 2 958 959 1002
20 2 958 1001 1002
20 2 959 960 1003
20 2 959 1002 1003
20 2 960 961 1004
20 2 960 1003 1004
20 2 961 962 1005
20 2 961 1004 1005
20 2 962 963 1006
20 2 962 1005 1006
20 2 963 964 1007
20 2 963 1006 1007
20 2 964 965 1008
20 2 964 1007 1008
20 2 965 966 1009
20 2 965 1008 1009
20 2 966 967 1010
20 2 966 1009 1010
20 2 967 968 1011
20 2 967 1010 1011
20 2 968 969 1012
20 2 968 1011 1012
20 2 969 970 1013
20 2 969 1012 1013
20 2 970 971 1014
20 2 970 1013 1014
20 2 971 972 1015
20 2 971 1014 1015
20 2 972 973 1016
20 2 972 1015 1016
20 2 973 974 1017
20 2 973 1016 1017
20 2 974 975 1018
20 2 974 1017 1018
20 2 975 976 1019
20 2 975 1018 1019
20 2 976 977 1020
20 2 976 1019 1020
20 2 977 978 1021
20 2 977 1020 1021
20 2 978 979 1022
20 2 978 1021 1022
20 2 979 980 1023
20 2 979 1022 1023
20 2 980 981 1024
20 2 980 1023 1024
20 2 981 982 1025
20 2 981 1024 1025
20 2 982 983 1026
20 2 982 1025 1026
20 2 983 984 1027
20 2 983 1026 1027
20 2 984 985 1028
20 2 984 1027 1028
20 2 985 986 1029
20 2 985 1028 1029
20 2 986 987 1030
20 2 986 1029 1030
12 2 988 1031 2106
20 2 987 988 1031
12 2 988 2063 2106
20 2 987 1030 1031
20 2 989 990 1033
12 2 1032 1033 2108
20 2 989 1032 1033
12 2 1032 2107 2108
12 2 989 1032 2107
12 2 989 2064 2107
20 2 990 991 1034
12 2 1033 1034 2109
20 2 990 1033 1034
12 2 1033 2108 2109
20 2 991 992 1035
12 2 1034 1035 2110
20 2 991 1034 1035
12 2 1034 2109 2110
20 2 992 993 1036
12 2 1035 1036 2111
20 2 992 1035 1036
12 2 1035 2110 2111
20 2 993 994 1037
12 2 1036 1037 2112
20 2 993 1036 1037
12 2 1036 2111 2112
20 2 994 995 1038
12 2 1037 1038 2113
20 2 994 1037 1038
12 2 1037 2112 2113
20 2 995 996 1039
12 2 1038 1039 2114
20 2 995 1038 1039
12 2 1038 2113 2114
20 2 996 997 1040
12 2 1039 1040 2115
20 2 996 1039 1040
12 2 1039 2114 2115
20 2 997 998 1041
12 2 1040 1041 2116
20 2 997 1040 1041
12 2 1040 2115 2116
20 2 998 999 1042
12 2 1041 1042 2117
20 2 998 1041 1042
12 2 1041 2116 2117
20 2 999 1000 1043
12 2 1042 1043 2118
20 2 999 1042 1043
12 2 1042 2117 2118
20 2 1000 1001 1044
12 2 1043 1044 2119
20 2 1000 1043 1044
12 2 1043 2118 2119
20 2 1001 1002 1045
12 2 1044 1045 2120
20 2 1001 1044 1045
12 2 1044 2119 2120
20 2 1002 1003 1046
12 2 1045 1046 2121
20 2 1002 1045 1046
12 2 1045 2120 2121
20 2 1003 1004 1047
12 2 1046 1047 2122
20 2 1003 1046 1047
12 2 1046 2121 2122
20 2 1004 1005 1048
12 2 1047 1048 2123
20 2 1004 1047 1048
12 2 1047 2122 2123
20 2 1005 1006 1049
12 2 1048 1049 2124
20 2 1005 1048 1049
12 2 1048 2123 2124
20 2 1006 1007 1050
12 2 1049 1050 2125
20 2 1006 1049 1050
12 2 1049 2124 2125
20 2 1007 1008 1051
12 2 1050 1051 2126
20 2 1007 1050 1051
12 2 1050 2125 2126
20 2 1008 1009 1052
12 2 1051 1052 2127
20 2 1008 1051 1052
12 2 1051 2126 2127
20 2 1009 1010 1053
12 2 1052 1053 2128
20 2 1009 1052 1053
12 2 1052 2127 2128
20 2 1010 1011 1054
12 2 1053 1054 2129
20 2 1010 1053 1054
12 2 1053 2128 2129
20 2 1011 1012 1055
12 2 1054 1055 2130
20 2 1011 1054 1055
12 2 1054 2129 2130
20 2 1012 1013 1056
12 2 1055 1056 2131
20 2 1012 1055 1056
12 2 1055 2130 2131
20 2 1013 1014 1057
12 2 1056 1057 2132
20 2 1013 1056 1057
12 2 1056 2131 2132
20 2 1014 1015 1058
12 2 1057 1058 2133
20 2 1014 1057 1058
12 2 1057 2132 2133
20 2 1015 1016 1059
12 2 1058 1059 2134
20 2 1015 1058 1059
12 2 1058 2133 2134
20 2 1016 1017 1060
12 2 1059 1060 2135
20 2 1016 1059 1060
12 2 1059 2134 2135
20 2 1017 1018 1061
12 2 1060 1061 2136
20 2 1017 1060 1061
12 2 1060 2135 2136
20 2 1018 1019 1062
12 2 1061 1062 2137
20 2 1018 1061 1062
12 2 1061 2136 2137
20 2 1019 1020 1063
12 2 1062 1063 2138
20 2 1019 1062 1063
12 2 1062 2137 2138
20 2 1020 1021 1064
12 2 1063 1064 2139
20 2 1020 1063 1064
12 2 1063 2138 2139
20 2 1021 1022 1065
12 2 1064 1065 2140
20 2 1021 1064 1065
12 2 1064 2139 2140
20 2 1022 1023 1066
12 2 1065 1066 2141
20 2 1022 1065 1066
12 2 1065 2140 2141
20 2 1023 1024 1067
12 2 1066 1067 2142
20 2 1023 1066 1067
12 2 1066 2141 2142
20 2 1024 1025 1068
12 2 1067 1068 2143
20 2 1024 1067 1068
12 2 1067 2142 2143
20 2 1025 1026 1069
12 2 1068 1069 2144
20 2 1025 1068 1069
12 2 1068 2143 2144
20 2 1026 1027 1070
12 2 1069 1070 2145
20 2 1026 1069 1070
12 2 1069 2144 2145
20 2 1027 1028 1071
12 2 1070 1071 2146
20 2 1027 1070 1071
12 2 1070 2145 2146
20 2 1028 1029 1072
12 2 1071 1072 2147
20 2 1028 1071 1072
12 2 1071 2146 2147
20 2 1029 1030 1073
12 2 1072 1073 2148
20 2 1029 1072 1073
12 2 1072 2147 2148
12 2 1031 1074 2149
20 2 1030 1031 1074
12 2 1031 2106 2149
12 2 1073 1074 2149
20 2 1030 1073 1074
12 2 1073 2148 2149
12 2 1075 1076 2151
12 2 1075 1118 2193
12 2 1075 2150 2151
12 2 1075 2150 2193
12 2 1076 1077 2152
12 2 1076 2151 2152
12 2 1077 1078 2153
12 2 1077 2152 2153
12 2 1078 1079 2154
12 2 1078 2153 2154
12 2 1079 1080 2155
12 2 1079 2154 2155
12 2 1080 1081 2156
12 2 1080 2155 2156
12 2 1081 1082 2157
12 2 1081 2156 2157
12 2 1082 1083 2158
12 2 1082 2157 2158
12 2 1083 1084 2159
12 2 1083 2158 2159
12 2 1084 1085 2160
12 2 1084 2159 2160
12 2 1085 1086 2161
12 2 1085 2160 2161
12 2 1086 1087 2162
12 2 1086 2161 2162
12 2 1087 1088 2163
12 2 1087 2162 2163
12 2 1088 1089 2164
12 2 1088 2163 2164
12 2 1089 1090 2165
12 2 1089 2164 2165
12 2 1090 1091 2166
12 2 1090 2165 2166
12 2 1091 1092 2167
12 2 1091 2166 2167
12 2 1092 1093 2168
12 2 1092 2167 2168
12 2 1093 1094 2169
12 2 1093 2168 2169
12 2 1094 1095 2170
12 2 1094 2169 2170
12 2 1095 1096 2171
12 2 1095 2170 2171
12 2 1096 1097 2172
12 2 1096 2171 2172
12 2 1097 1098 2173
12 2 1097 2172 2173
12 2 1098 1099 2174
12 2 1098 2173 2174
12 2 1099 1100 2175
12 2 1099 2174 2175
12 2 1100 1101 2176
12 2 1100 2175 2176
12 2 1101 1102 2177
12 2 1101 2176 2177
12 2 1102 1103 2178
12 2 1102 2177 2178
12 2 1103 1104 2179
12 2 1103 2178 2179
12 2 1104 1105 2180
12 2 1104 2179 2180
12 2 1105 1106 2181
12 2 1105 2180 2181
12 2 1106 1107 2182
12 2 1106 2181 2182
12 2 1107 1108 2183
12 2 1107 2182 2183
12 2 1108 1109 2184
12 2 1108 2183 2184
12 2 1109 1110 2185
12 2 1109 2184 2185
12 2 1110 1111 2186
12 2 1110 2185 2186
12 2 1111 1112 2187
12 2 1111 2186 2187
12 2 1112 1113 2188
12 2 1112 2187 2188
12 2 1113 1114 2189
12 2 1113 2188 2189
12 2 1114 1115 2190
12 2 1114 2189 2190
12 2 1115 1116 2191
12 2 1115 2190 2191
12 2 1117 1160 2235
12 2 1117 2192 2235
12 2 1116 1117 2192
12 2 1116 2191 2192
12 2 1118 1161 2236
12 2 1118 2193 2236
12 2 1160 1203 2278
12 2 1160 2235 2278
12 2 1161 1204 2279
12 2 1161 2236 2279
12 2 1203 1246 2321
12 2 1203 2278 2321
12 2 1204 1247 2322
12 2 1204 2279 2322
12 2 1246 1289 2364
12 2 1246 2321 2364
12 2 1247 1290 2365
12 2 1247 2322 2365
12 2 1289 1332 2407
12 2 1289 2364 2407
12 2 1290 1333 2408
12 2 1290 2365 2408
12 2 1332 1375 2450
12 2 1332 2407 2450
12 2 1333 1376 2451
12 2 1333 2408 2451
12 2 1375 1418 2493
12 2 1375 2450 2493
12 2 1376 1419 2494
12 2 1376 2451 2494
12 2 1418 1461 2536
12 2 1418 2493 2536
12 2 1419 1462 2537
12 2 1419 2494 2537
12 2 1461 1504 2579
12 2 1461 2536 2579
12 2 1462 1505 2580
12 2 1462 2537 2580
12 2 1504 1547 2622
12 2 1504 2579 2622
12 2 1505 1548 2623
12 2 1505 2580 2623
12 2 1547 1590 2665
12 2 1547 2622 2665
12 2 1548 1591 2666
12 2 1548 2623 2666
11 2 1596 1597 2672
11 2 1596 2671 2672
11 2 1597 1598 2673
11 2 1597 2672 2673
11 2 1598 1599 2674
11 2 1598 2673 2674
11 2 1599 1600 2675
11 2 1599 2674 2675
11 2 1600 1601 2676
11 2 1600 2675 2676
11 2 1601 1602 2677
11 2 1601 2676 2677
11 2 1602 1603 2678
11 2 1602 2677 2678
11 2 1603 1604 2679
11 2 1603 2678 2679
11 2 1604 1605 2680
11 2 1604 2679 2680
11 2 1605 1606 2681
11 2 1605 2680 2681
11 2 1606 1607 2682
11 2 1606 2681 2682
11 2 1607 1608 2683
11 2 1607 2682 2683
10 2 1610 1611 2686
10 2 1610 2685 2686
10 2 1611 1612 2687
10 2 1611 2686 2687
10 2 1612 1613 2688
10 2 1612 2687 2688
10 2 1613 1614 2689
10 2 1613 2688 2689
11 2 1616 1617 2692
11 2 1616 2691 2692
11 2 1617 1618 2693
11 2 1617 2692 2693
11 2 1618 1619 2694
11 2 1618 2693 2694
11 2 1619 1620 2695
11 2 1619 2694 2695
11 2 1620 1621 2696
11 2 1620 2695 2696
11 2 1621 1622 2697
11 2 1621 2696 2697
11 2 1622 1623 2698
11 2 1622 2697 2698
11 2 1623 1624 2699
11 2 1623 2698 2699
11 2 1624 1625 2700
11 2 1624 2699 2700
11 2 1625 1626 2701
11 2 1625 2700 2701
11 2 1626 1627 2702
11 2 1626 2701 2702
11 2 1627 1628 2703
11 2 1627 2702 2703
12 2 1590 1633 2708
12 2 1590 2665 2708
12 2 1591 1634 2709
12 2 1591 2666 2709
12 2 1633 1676 2751
12 2 1633 2708 2751
12 2 1634 1677 2752
12 2 1634 2709 2752
12 2 1676 1719 2794
12 2 1676 2751 2794
12 2 1677 1720 2795
12 2 1677 2752 2795
12 2 1719 1762 2837
12 2 1719 2794 2837
12 2 1720 1763 2838
12 2 1720 2795 2838
12 2 1762 1805 2880
12 2 1762 2837 2880
12 2 1763 1806 2881
12 2 1763 2838 2881
12 2 1805 1848 2923
12 2 1805 2880 2923
12 2 1806 1849 2924
12 2 1806 2881 2924
12 2 1848 1891 2966
12 2 1848 2923 2966
12 2 1849 1892 2967
12 2 1849 2924 2967
12 2 1891 1934 3009
12 2 1891 2966 3009
12 2 1892 1935 3010
12 2 1892 2967 3010
12 2 1934 1977 3052
12 2 1934 3009 3052
12 2 1935 1978 3053
12 2 1935 3010 3053
12 2 1977 2020 3095
12 2 1977 3052 3095
12 2 1978 2021 3096
12 2 1978 3053 3096
12 2 2020 2063 3138
12 2 2020 3095 3138
12 2 2021 2064 3139
12 2 2021 3096 3139
12 2 2063 2106 3181
12 2 2063 3138 3181
12 2 2107 2108 3183
12 2 2107 3182 3183
12 2 2064 2107 3182
12 2 2064 3139 3182
12 2 2108 2109 3184
12 2 2108 3183 3184
12 2 2109 2110 3185
12 2 2109 3184 3185
12 2 2110 2111 3186
12 2 2110 3185 3186
12 2 2111 2112 3187
12 2 2111 3186 3187
12 2 2112 2113 3188
12 2 2112 3187 3188
12 2 2113 2114 3189
12 2 2113 3188 3189
12 2 2114 2115 3190
12 2 2114 3189 3190
12 2 2115 2116 3191
12 2 2115 3190 3191
12 2 2116 2117 3192
12 2 2116 3191 3192
12 2 2117 2118 3193
12 2 2117 3192 3193
12 2 2118 2119 3194
12 2 2118 3193 3194
12 2 2119 2120 3195
12 2 2119 3194 3195
12 2 2120 2121 3196
12 2 2120 3195 3196
12 2 2121 2122 3197
12 2 2121 3196 3197
12 2 2122 2123 3198
12 2 2122 3197 3198
12 2 2123 2124 3199
12 2 2123 3198 3199
12 2 2124 2125 3200
12 2 2124 3199 3200
12 2 2125 2126 3201
12 2 2125 3200 3201
12 2 2126 2127 3202
12 2 2126 3201 3202
12 2 2127 2128 3203
12 2 2127 3202 3203
12 2 2128 2129 3204
12 2 2128 3203 3204
12 2 2129 2130 3205
12 2 2129 3204 3205
12 2 2130 2131 3206
12 2 2130 3205 3206
12 2 2131 2132 3207
12 2 2131 3206 3207
12 2 2132 2133 3208
12 2 2132 3207 3208
12 2 2133 2134 3209
12 2 2133 3208 3209
12 2 2134 2135 3210
12 2 2134 3209 3210
12 2 2135 2136 3211
12 2 2135 3210 3211
12 2 2136 2137 3212
12 2 2136 3211 3212
12 2 2137 2138 3213
12 2 2137 3212 3213
12 2 2138 2139 3214
12 2 2138 3213 3214
12 2 2139 2140 3215
12 2 2139 3214 3215
12 2 2140 2141 3216
12 2 2140 3215 3216
12 2 2141 2142 3217
12 2 2141 3216 3217
12 2 2142 2143 3218
12 2 2142 3217 3218
12 2 2143 2144 3219
12 2 2143 3218 3219
12 2 2144 2145 3220
12 2 2144 3219 3220
12 2 2145 2146 3221
12 2 2145 3220 3221
12 2 2146 2147 3222
12 2 2146 3221 3222
12 2 2147 2148 3223
12 2 2147 3222 3223
12 2 2106 2149 3224
12 2 2106 3181 3224
12 2 2148 2149 3224
12 2 2148 3223 3224
12 2 2150 2151 3226
12 2 2150 2193 3268
21 2 3225 3226 3269
12 2 2150 3225 3226
21 2 3225 3268 3269
12 2 2150 3225 3268
12 2 2151 2152 3227
21 2 3226 3227 3270
12 2 2151 3226 3227
21 2 3226 3269 3270
12 2 2152 2153 3228
21 2 3227 3228 3271
12 2 2152 3227 3228
21 2 3227 3270 3271
12 2 2153 2154 3229
21 2 3228 3229 3272
12 2 2153 3228 3229
21 2 3228 3271 3272
12 2 2154 2155 3230
21 2 3229 3230 3273
12 2 2154 3229 3230
21 2 3229 3272 3273
12 2 2155 2156 3231
21 2 3230 3231 3274
12 2 2155 3230 3231
21 2 3230 3273 3274
12 2 2156 2157 3232
21 2 3231 3232 3275
12 2 2156 3231 3232
21 2 3231 3274 3275
12 2 2157 2158 3233
21 2 3232 3233 3276
12 2 2157 3232 3233
21 2 3232 3275 3276
12 2 2158 2159 3234
21 2 3233 3234 3277
12 2 2158 3233 3234
21 2 3233 3276 3277
12 2 2159 2160 3235
21 2 3234 3235 3278
12 2 2159 3234 3235
21 2 3234 3277 3278
12 2 2160 2161 3236
21 2 3235 3236 3279
12 2 2160 3235 3236
21 2 3235 3278 3279
12 2 2161 2162 3237
21 2 3236 3237 3280
12 2 2161 3236 3237
21 2 3236 3279 3280
12 2 2162 2163 3238
21 2 3237 3238 3281
12 2 2162 3237 3238
21 2 3237 3280 3281
12 2 2163 2164 3239
21 2 3238 3239 3282
12 2 2163 3238 3239
21 2 3238 3281 3282
12 2 2164 2165 3240
21 2 3239 3240 3283
12 2 2164 3239 3240
21 2 3239 3282 3283
12 2 2165 2166 3241
21 2 3240 3241 3284
12 2 2165 3240 3241
21 2 3240 3283 3284
12 2 2166 2167 3242
21 2 3241 3242 3285
12 2 2166 3241 3242
21 2 3241 3284 3285
12 2 2167 2168 3243
21 2 3242 3243 3286
12 2 2167 3242 3243
21 2 3242 3285 3286
12 2 2168 2169 3244
21 2 3243 3244 3287
12 2 2168 3243 3244
21 2 3243 3286 3287
12 2 2169 2170 3245
21 2 3244 3245 3288
12 2 2169 3244 3245
21 2 3244 3287 3288
12 2 2170 2171 3246
21 2 3245 3246 3289
12 2 2170 3245 3246
21 2 3245 3288 3289
12 2 2171 2172 3247
21 2 3246 3247 3290
12 2 2171 3246 3247
21 2 3246 3289 3290
12 2 2172 2173 3248
21 2 3247 3248 3291
12 2 2172 3247 3248
21 2 3247 3290 3291
12 2 2173 2174 3249
21 2 3248 3249 3292
12 2 2173 3248 3249
21 2 3248 3291 3292
12 2 2174 2175 3250
21 2 3249 3250 3293
12 2 2174 3249 3250
21 2 3249 3292 3293
12 2 2175 2176 3251
21 2 3250 3251 3294
12 2 2175 3250 3251
21 2 3250 3293 3294
12 2 2176 2177 3252
21 2 3251 3252 3295
12 2 2176 3251 3252
21 2 3251 3294 3295
12 2 2177 2178 3253
21 2 3252 3253 3296
12 2 2177 3252 3253
21 2 3252 3295 3296
12 2 2178 2179 3254
21 2 3253 3254 3297
12 2 2178 3253 3254
21 2 3253 3296 3297
12 2 2179 2180 3255
21 2 3254 3255 3298
12 2 2179 3254 3255
21 2 3254 3297 3298
12 2 2180 2181 3256
21 2 3255 3256 3299
12 2 2180 3255 3256
21 2 3255 3298 3299
12 2 2181 2182 3257
21 2 3256 3257 3300
12 2 2181 3256 3257
21 2 3256 3299 3300
12 2 2182 2183 3258
21 2 3257 3258 3301
12 2 2182 3257 3258
21 2 3257 3300 3301
12 2 2183 2184 3259
21 2 3258 3259 3302
12 2 2183 3258 3259
21 2 3258 3301 3302
12 2 2184 2185 3260
21 2 3259 3260 3303
12 2 2184 3259 3260
21 2 3259 3302 3303
12 2 2185 2186 3261
21 2 3260 3261 3304
12 2 2185 3260 3261
21 2 3260 3303 3304
12 2 2186 2187 3262
21 2 3261 3262 3305
12 2 2186 3261 3262
21 2 3261 3304 3305
12 2 2187 2188 3263
21 2 3262 3263 3306
12 2 2187 3262 3263
21 2 3262 3305 3306
12 2 2188 2189 3264
21 2 3263 3264 3307
12 2 2188 3263 3264
21 2 3263 3306 3307
12 2 2189 2190 3265
21 2 3264 3265 3308
12 2 2189 3264 3265
21 2 3264 3307 3308
12 2 2190 2191 3266
21 2 3265 3266 3309
12 2 2190 3265 3266
21 2 3265 3308 3309
12 2 2192 2235 3310
12 2 2192 3267 3310
12 2 2191 2192 3267
21 2 3266 3267 3310
12 2 2191 3266 3267
21 2 3266 3309 3310
12 2 2193 2236 3311
21 2 3268 3269 3312
21 2 3268 3311 3312
12 2 2193 3268 3311
21 2 3269 3270 3313
21 2 3269 3312 3313
21 2 3270 3271 3314
21 2 3270 3313 3314
21 2 3271 3272 3315
21 2 3271 3314 3315
21 2 3272 3273 3316
21 2 3272 3315 3316
21 2 3273 3274 3317
21 2 3273 3316 3317
21 2 3274 3275 3318
21 2 3274 3317 3318
21 2 3275 3276 3319
21 2 3275 3318 3319
21 2 3276 3277 3320
21 2 3276 3319 3320
21 2 3277 3278 3321
21 2 3277 3320 3321
21 2 3278 3279 3322
21 2 3278 3321 3322
21 2 3279 3280 3323
21 2 3279 3322 3323
21 2 3280 3281 3324
21 2 3280 3323 3324
21 2 3281 3282 3325
21 2 3281 3324 3325
21 2 3282 3283 3326
21 2 3282 3325 3326
21 2 3283 3284 3327
21 2 3283 3326 3327
21 2 3284 3285 3328
21 2 3284 3327 3328
21 2 3285 3286 3329
21 2 3285 3328 3329
21 2 3286 3287 3330
21 2 3286 3329 3330
21 2 3287 3288 3331
21 2 3287 3330 3331
21 2 3288 3289 3332
21 2 3288 3331 3332
21 2 3289 3290 3333
21 2 3289 3332 3333
21 2 3290 3291 3334
21 2 3290 3333 3334
21 2 3291 3292 3335
21 2 3291 3334 3335
21 2 3292 3293 3336
21 2 3292 3335 3336
21 2 3293 3294 3337
21 2 3293 3336 3337
21 2 3294 3295 3338
21 2 3294 3337 3338
21 2 3295 3296 3339
21 2 3295 3338 3339
21 2 3296 3297 3340
21 2 3296 3339 3340
21 2 3297 3298 3341
21 2 3297 3340 3341
21 2 3298 3299 3342
21 2 3298 3341 3342
21 2 3299 3300 3343
21 2 3299 3342 3343
21 2 3300 3301 3344
21 2 3300 3343 3344
21 2 3301 3302 3345
21 2 3301 3344 3345
21 2 3302 3303 3346
21 2 3302 3345 3346
21 2 3303 3304 3347
21 2 3303 3346 3347
21 2 3304 3305 3348
21 2 3304 3347 3348
21 2 3305 3306 3349
21 2 3305 3348 3349
21 2 3306 3307 3350
21 2 3306 3349 3350
21 2 3307 3308 3351
21 2 3307 3350 3351
21 2 3308 3309 3352
21 2 3308 3351 3352
12 2 2235 2278 3353
12 2 2235 3310 3353
21 2 3309 3310 3353
21 2 3309 3352 3353
12 2 2236 2279 3354
21 2 3311 3312 3355
21 2 3311 3354 3355
12 2 2236 3311 3354
21 2 3312 3313 3356
21 2 3312 3355 3356
21 2 3313 3314 3357
21 2 3313 3356 3357
21 2 3314 3315 3358
21 2 3314 3357 3358
21 2 3315 3316 3359
21 2 3315 3358 3359
21 2 3316 3317 3360
21 2 3316 3359 3360
21 2 3317 3318 3361
21 2 3317 3360 3361
21 2 3318 3319 3362
21 2 3318 3361 3362
21 2 3319 3320 3363
21 2 3319 3362 3363
21 2 3320 3321 3364
21 2 3320 3363 3364
21 2 3321 3322 3365
21 2 3321 3364 3365
21 2 3322 3323 3366
21 2 3322 3365 3366
21 2 3323 3324 3367
21 2 3323 3366 3367
21 2 3324 3325 3368
21 2 3324 3367 3368
21 2 3325 3326 3369
21 2 3325 3368 3369
21 2 3326 3327 3370
21 2 3326 3369 3370
21 2 3327 3328 3371
21 2 3327 3370 3371
21 2 3328 3329 3372
21 2 3328 3371 3372
21 2 3329 3330 3373
21 2 3329 3372 3373
21 2 3330 3331 3374
21 2 3330 3373 3374
21 2 3331 3332 3375
21 2 3331 3374 3375
21 2 3332 3333 3376
21 2 3332 3375 3376
21 2 3333 3334 3377
21 2 3333 3376 3377
21 2 3334 3335 3378
21 2 3334 3377 3378
21 2 3335 3336 3379
21 2 3335 3378 3379
21 2 3336 3337 3380
21 2 3336 3379 3380
21 2 3337 3338 3381
21 2 3337 3380 3381
21 2 3338 3339 3382
21 2 3338 3381 3382
21 2 3339 3340 3383
21 2 3339 3382 3383
21 2 3340 3341 3384
21 2 3340 3383 3384
21 2 3341 3342 3385
21 2 3341 3384 3385
21 2 3342 3343 3386
21 2 3342 3385 3386
21 2 3343 3344 3387
21 2 3343 3386 3387
21 2 3344 3345 3388
21 2 3344 3387 3388
21 2 3345 3346 3389
21 2 3345 3388 3389
21 2 3346 3347 3390
21 2 3346 3389 3390
21 2 3347 3348 3391
21 2 3347 3390 3391
21 2 3348 3349 3392
21 2 3348 3391 3392
21 2 3349 3350 3393
21 2 3349 3392 3393
21 2 3350 3351 3394
21 2 3350 3393 3394
21 2 3351 3352 3395
21 2 3351 3394 3395
12 2 2278 2321 3396
12 2 2278 3353 3396
21 2 3352 3353 3396
21 2 3352 3395 3396
12 2 2279 2322 3397
21 2 3354 3355 3398
21 2 3354 3397 3398
12 2 2279 3354 3397
21 2 3355 3356 3399
21 2 3355 3398 3399
21 2 3356 3357 3400
21 2 3356 3399 3400
21 2 3357 3358 3401
21 2 3357 3400 3401
21 2 3358 3359 3402
21 2 3358 3401 3402
21 2 3359 3360 3403
21 2 3359 3402 3403
21 2 3360 3361 3404
21 2 3360 3403 3404
21 2 3361 3362 3405
21 2 3361 3404 3405
21 2 3362 3363 3406
21 2 3362 3405 3406
21 2 3363 3364 3407
21 2 3363 3406 3407
21 2 3364 3365 3408
21 2 3364 3407 3408
21 2 3365 3366 3409
21 2 3365 3408 3409
21 2 3366 3367 3410
21 2 3366 3409 3410
21 2 3367 3368 3411
21 2 3367 3410 3411
21 2 3368 3369 3412
21 2 3368 3411 3412
21 2 3369 3370 3413
21 2 3369 3412 3413
21 2 3370 3371 3414
21 2 3370 3413 3414
21 2 3371 3372 3415
21 2 3371 3414 3415
21 2 3372 3373 3416
21 2 3372 3415 3416
21 2 3373 3374 3417
21 2 3373 3416 3417
21 2 3374 3375 3418
21 2 3374 3417 3418
21 2 3375 3376 3419
21 2 3375 3418 3419
21 2 3376 3377 3420
21 2 3376 3419 3420
21 2 3377 3378 3421
21 2 3377 3420 3421
21 2 3378 3379 3422
21 2 3378 3421 3422
21 2 3379 3380 3423
21 2 3379 3422 3423
21 2 3380 3381 3424
21 2 3380 3423 3424
21 2 3381 3382 3425
21 2 3381 3424 3425
21 2 3382 3383 3426
21 2 3382 3425 3426
21 2 3383 3384 3427
21 2 3383 3426 3427
21 2 3384 3385 3428
21 2 3384 3427 3428
21 2 3385 3386 3429
21 2 3385 3428 3429
21 2 3386 3387 3430
21 2 3386 3429 3430
21 2 3387 3388 3431
21 2 3387 3430 3431
21 2 3388 3389 3432
21 2 3388 3431 3432
21 2 3389 3390 3433
21 2 3389 3432 3433
21 2 3390 3391 3434
21 2 3390 3433 3434
21 2 3391 3392 3435
21 2 3391 3434 3435
21 2 3392 3393 3436
21 2 3392 3435 3436
21 2 3393 3394 3437
21 2 3393 3436 3437
21 2 3394 3395 3438
21 2 3394 3437 3438
12 2 2321 2364 3439
12 2 2321 3396 3439
21 2 3395 3396 3439
21 2 3395 3438 3439
12 2 2322 2365 3440
21 2 3397 3398 3441
21 2 3397 3440 3441
12 2 2322 3397 3440
21 2 3398 3399 3442
21 2 3398 3441 3442
21 2 3399 3400 3443
21 2 3399 3442 3443
21 2 3400 3401 3444
21 2 3400 3443 3444
21 2 3401 3402 3445
21 2 3401 3444 3445
21 2 3402 3403 3446
21 2 3402 3445 3446
21 2 3403 3404 3447
21 2 3403 3446 3447
21 2 3404 3405 3448
21 2 3404 3447 3448
21 2 3405 3406 3449
21 2 3405 3448 3449
21 2 3406 3407 3450
21 2 3406 3449 3450
21 2 3407 3408 3451
21 2 3407 3450 3451
21 2 3408 3409 3452
21 2 3408 3451 3452
21 2 3409 3410 3453
21 2 3409 3452 3453
21 2 3410 3411 3454
21 2 3410 3453 3454
21 2 3411 3412 3455
21 2 3411 3454 3455
21 2 3412 3413 3456
21 2 3412 3455 3456
21 2 3413 3414 3457
21 2 3413 3456 3457
21 2 3414 3415 3458
21 2 3414 3457 3458
21 2 3415 3416 3459
21 2 3415 3458 3459
21 2 3416 3417 3460
21 2 3416 3459 3460
21 2 3417 3418 3461
21 2 3417 3460 3461
21 2 3418 3419 3462
21 2 3418 3461 3462
21 2 3419 3420 3463
21 2 3419 3462 3463
21 2 3420 3421 3464
21 2 3420 3463 3464
21 2 3421 3422 3465
21 2 3421 3464 3465
21 2 3422 3423 3466
21 2 3422 3465 3466
21 2 3423 3424 3467
21 2 3423 3466 3467
21 2 3424 3425 3468
21 2 3424 3467 3468
21 2 3425 3426 3469
21 2 3425 3468 3469
21 2 3426 3427 3470
21 2 3426 3469 3470
21 2 3427 3428 3471
21 2 3427 3470 3471
21 2 3428 3429 3472
21 2 3428 3471 3472
21 2 3429 3430 3473
21 2 3429 3472 3473
21 2 3430 3431 3474
21 2 3430 3473 3474
21 2 3431 3432 3475
21 2 3431 3474 3475
21 2 3432 3433 3476
21 2 3432 3475 3476
21 2 3433 3434 3477
21 2 3433 3476 3477
21 2 3434 3435 3478
21 2 3434 3477 3478
21 2 3435 3436 3479
21 2 3435 3478 3479
21 2 3436 3437 3480
21 2 3436 3479 3480
21 2 3437 3438 3481
21 2 3437 3480 3481
12 2 2364 2407 3482
12 2 2364 3439 3482
21 2 3438 3439 3482
21 2 3438 3481 3482
12 2 2365 2408 3483
21 2 3440 3441 3484
21 2 3440 3483 3484
12 2 2365 3440 3483
21 2 3441 3442 3485
21 2 3441 3484 3485
21 2 3442 3443 3486
21 2 3442 3485 3486
21 2 3443 3444 3487
21 2 3443 3486 3487
21 2 3444 3445 3488
21 2 3444 3487 3488
21 2 3445 3446 3489
21 2 3445 3488 3489
21 2 3446 3447 3490
21 2 3446 3489 3490
21 2 3447 3448 3491
21 2 3447 3490 3491
21 2 3448 3449 3492
21 2 3448 3491 3492
21 2 3449 3450 3493
21 2 3449 3492 3493
21 2 3450 3451 3494
21 2 3450 3493 3494
21 2 3451 3452 3495
21 2 3451 3494 3495
21 2 3452 3453 3496
21 2 3452 3495 3496
21 2 3453 3454 3497
21 2 3453 3496 3497
21 2 3454 3455 3498
21 2 3454 3497 3498
21 2 3455 3456 3499
21 2 3455 3498 3499
21 2 3456 3457 3500
21 2 3456 3499 3500
21 2 3457 3458 3501
21 2 3457 3500 3501
21 2 3458 3459 3502
21 2 3458 3501 3502
21 2 3459 3460 3503
21 2 3459 3502 3503
21 2 3460 3461 3504
21 2 3460 3503 3504
21 2 3461 3462 3505
21 2 3461 3504 3505
21 2 3462 3463 3506
21 2 3462 3505 3506
21 2 3463 3464 3507
21 2 3463 3506 3507
21 2 3464 3465 3508
21 2 3464 3507 3508
21 2 3465 3466 3509
21 2 3465 3508 3509
21 2 3466 3467 3510
21 2 3466 3509 3510
21 2 3467 3468 3511
21 2 3467 3510 3511
21 2 3468 3469 3512
21 2 3468 3511 3512
21 2 3469 3470 3513
21 2 3469 3512 3513
21 2 3470 3471 3514
21 2 3470 3513 3514
21 2 3471 3472 3515
21 2 3471 3514 3515
21 2 3472 3473 3516
21 2 3472 3515 3516
21 2 3473 3474 3517
21 2 3473 3516 3517
21 2 3474 3475 3518
21 2 3474 3517 3518
21 2 3475 3476 3519
21 2 3475 3518 3519
21 2 3476 3477 3520
21 2 3476 3519 3520
21 2 3477 3478 3521
21 2 3477 3520 3521
21 2 3478 3479 3522
21 2 3478 3521 3522
21 2 3479 3480 3523
21 2 3479 3522 3523
21 2 3480 3481 3524
21 2 3480 3523 3524
12 2 2407 2450 3525
12 2 2407 3482 3525
21 2 3481 3482 3525
21 2 3481 3524 3525
12 2 2408 2451 3526
21 2 3483 3484 3527
21 2 3483 3526 3527
12 2 2408 3483 3526
21 2 3484 3485 3528
21 2 3484 3527 3528
21 2 3485 3486 3529
21 2 3485 3528 3529
21 2 3486 3487 3530
21 2 3486 3529 3530
21 2 3487 3488 3531
21 2 3487 3530 3531
21 2 3488 3489 3532
21 2 3488 3531 3532
21 2 3489 3490 3533
21 2 3489 3532 3533
21 2 3490 3491 3534
21 2 3490 3533 3534
21 2 3491 3492 3535
21 2 3491 3534 3535
21 2 3492 3493 3536
21 2 3492 3535 3536
21 2 3493 3494 3537
21 2 3493 3536 3537
21 2 3494 3495 3538
21 2 3494 3537 3538
21 2 3495 3496 3539
21 2 3495 3538 3539
21 2 3496 3497 3540
21 2 3496 3539 3540
21 2 3497 3498 3541
21 2 3497 3540 3541
21 2 3498 3499 3542
21 2 3498 3541 3542
21 2 3499 3500 3543
21 2 3499 3542 3543
21 2 3500 3501 3544
21 2 3500 3543 3544
21 2 3501 3502 3545
21 2 3501 3544 3545
21 2 3502 3503 3546
21 2 3502 3545 3546
21 2 3503 3504 3547
21 2 3503 3546 3547
21 2 3504 3505 3548
21 2 3504 3547 3548
21 2 3505 3506 3549
21 2 3505 3548 3549
21 2 3506 3507 3550
21 2 3506 3549 3550
21 2 3507 3508 3551
21 2 3507 3550 3551
21 2 3508 3509 3552
21 2 3508 3551 3552
21 2 3509 3510 3553
21 2 3509 3552 3553
21 2 3510 3511 3554
21 2 3510 3553 3554
21 2 3511 3512 3555
21 2 3511 3554 3555
21 2 3512 3513 3556
21 2 3512 3555 3556
21 2 3513 3514 3557
21 2 3513 3556 3557
21 2 3514 3515 3558
21 2 3514 3557 3558
21 2 3515 3516 3559
21 2 3515 3558 3559
21 2 3516 3517 3560
21 2 3516 3559 3560
21 2 3517 3518 3561
21 2 3517 3560 3561
21 2 3518 3519 3562
21 2 3518 3561 3562
21 2 3519 3520 3563
21 2 3519 3562 3563
21 2 3520 3521 3564
21 2 3520 3563 3564
21 2 3521 3522 3565
21 2 3521 3564 3565
21 2 3522 3523 3566
21 2 3522 3565 3566
21 2 3523 3524 3567
21 2 3523 3566 3567
12 2 2450 2493 3568
12 2 2450 3525 3568
21 2 3524 3525 3568
21 2 3524 3567 3568
12 2 2451 2494 3569
21 2 3526 3527 3570
21 2 3526 3569 3570
12 2 2451 3526 3569
21 2 3527 3528 3571
21 2 3527 3570 3571
21 2 3528 3529 3572
21 2 3528 3571 3572
21 2 3529 3530 3573
21 2 3529 3572 3573
21 2 3530 3531 3574
21 2 3530 3573 3574
21 2 3531 3532 3575
21 2 3531 3574 3575
21 2 3532 3533 3576
21 2 3532 3575 3576
21 2 3533 3534 3577
21 2 3533 3576 3577
21 2 3534 3535 3578
21 2 3534 3577 3578
21 2 3535 3536 3579
21 2 3535 3578 3579
21 2 3536 3537 3580
21 2 3536 3579 3580
21 2 3537 3538 3581
21 2 3537 3580 3581
21 2 3538 3539 3582
21 2 3538 3581 3582
21 2 3539 3540 3583
21 2 3539 3582 3583
21 2 3540 3541 3584
21 2 3540 3583 3584
21 2 3541 3542 3585
21 2 3541 3584 3585
21 2 3542 3543 3586
21 2 3542 3585 3586
21 2 3543 3544 3587
21 2 3543 3586 3587
21 2 3544 3545 3588
21 2 3544 3587 3588
21 2 3545 3546 3589
21 2 3545 3588 3589
21 2 3546 3547 3590
21 2 3546 3589 3590
21 2 3547 3548 3591
21 2 3547 3590 3591
21 2 3548 3549 3592
21 2 3548 3591 3592
21 2 3549 3550 3593
21 2 3549 3592 3593
21 2 3550 3551 3594
21 2 3550 3593 3594
21 2 3551 3552 3595
21 2 3551 3594 3595
21 2 3552 3553 3596
21 2 3552 3595 3596
21 2 3553 3554 3597
21 2 3553 3596 3597
21 2 3554 3555 3598
21 2 3554 3597 3598
21 2 3555 3556 3599
21 2 3555 3598 3599
21 2 3556 3557 3600
21 2 3556 3599 3600
21 2 3557 3558 3601
21 2 3557 3600 3601
21 2 3558 3559 3602
21 2 3558 3601 3602
21 2 3559 3560 3603
21 2 3559 3602 3603
21 2 3560 3561 3604
21 2 3560 3603 3604
21 2 3561 3562 3605
21 2 3561 3604 3605
21 2 3562 3563 3606
21 2 3562 3605 3606
21 2 3563 3564 3607
21 2 3563 3606 3607
21 2 3564 3565 3608
21 2 3564 3607 3608
21 2 3565 3566 3609
21 2 3565 3608 3609
21 2 3566 3567 3610
21 2 3566 3609 3610
12 2 2493 2536 3611
12 2 2493 3568 3611
21 2 3567 3568 3611
21 2 3567 3610 3611
12 2 2494 2537 3612
21 2 3569 3570 3613
21 2 3569 3612 3613
12 2 2494 3569 3612
21 2 3570 3571 3614
21 2 3570 3613 3614
21 2 3571 3572 3615
21 2 3571 3614 3615
21 2 3572 3573 3616
21 2 3572 3615 3616
21 2 3573 3574 3617
21 2 3573 3616 3617
21 2 3574 3575 3618
21 2 3574 3617 3618
21 2 3575 3576 3619
21 2 3575 3618 3619
21 2 3576 3577 3620
21 2 3576 3619 3620
21 2 3577 3578 3621
21 2 3577 3620 3621
21 2 3578 3579 3622
21 2 3578 3621 3622
21 2 3579 3580 3623
21 2 3579 3622 3623
21 2 3580 3581 3624
21 2 3580 3623 3624
21 2 3581 3582 3625
21 2 3581 3624 3625
21 2 3582 3583 3626
21 2 3582 3625 3626
21 2 3583 3584 3627
21 2 3583 3626 3627
21 2 3584 3585 3628
21 2 3584 3627 3628
21 2 3585 3586 3629
21 2 3585 3628 3629
21 2 3586 3587 3630
21 2 3586 3629 3630
21 2 3587 3588 3631
21 2 3587 3630 3631
21 2 3588 3589 3632
21 2 3588 3631 3632
21 2 3589 3590 3633
21 2 3589 3632 3633
21 2 3590 3591 3634
21 2 3590 3633 3634
21 2 3591 3592 3635
21 2 3591 3634 3635
21 2 3592 3593 3636
21 2 3592 3635 3636
21 2 3593 3594 3637
21 2 3593 3636 3637
21 2 3594 3595 3638
21 2 3594 3637 3638
21 2 3595 3596 3639
21 2 3595 3638 3639
21 2 3596 3597 3640
21 2 3596 3639 3640
21 2 3597 3598 3641
21 2 3597 3640 3641
21 2 3598 3599 3642
21 2 3598 3641 3642
21 2 3599 3600 3643
21 2 3599 3642 3643
21 2 3600 3601 3644
21 2 3600 3643 3644
21 2 3601 3602 3645
21 2 3601 3644 3645
21 2 3602 3603 3646
21 2 3602 3645 3646
21 2 3603 3604 3647
21 2 3603 3646 3647
21 2 3604 3605 3648
21 2 3604 3647 3648
21 2 3605 3606 3649
21 2 3605 3648 3649
21 2 3606 3607 3650
21 2 3606 3649 3650
21 2 3607 3608 3651
21 2 3607 3650 3651
21 2 3608 3609 3652
21 2 3608 3651 3652
21 2 3609 3610 3653
21 2 3609 3652 3653
12 2 2536 2579 3654
12 2 2536 3611 3654
21 2 3610 3611 3654
21 2 3610 3653 3654
12 2 2537 2580 3655
21 2 3612 3613 3656
21 2 3612 3655 3656
12 2 2537 3612 3655
21 2 3613 3614 3657
21 2 3613 3656 3657
21 2 3614 3615 3658
21 2 3614 3657 3658
21 2 3615 3616 3659
21 2 3615 3658 3659
21 2 3616 3617 3660
21 2 3616 3659 3660
21 2 3617 3618 3661
21 2 3617 3660 3661
21 2 3618 3619 3662
21 2 3618 3661 3662
21 2 3619 3620 3663
21 2 3619 3662 3663
21 2 3620 3621 3664
21 2 3620 3663 3664
21 2 3621 3622 3665
21 2 3621 3664 3665
21 2 3622 3623 3666
21 2 3622 3665 3666
21 2 3623 3624 3667
21 2 3623 3666 3667
21 2 3624 3625 3668
21 2 3624 3667 3668
21 2 3625 3626 3669
21 2 3625 3668 3669
21 2 3626 3627 3670
21 2 3626 3669 3670
21 2 3627 3628 3671
21 2 3627 3670 3671
21 2 3628 3629 3672
21 2 3628 3671 3672
21 2 3629 3630 3673
21 2 3629 3672 3673
21 2 3630 3631 3674
21 2 3630 3673 3674
21 2 3631 3632 3675
21 2 3631 3674 3675
21 2 3632 3633 3676
21 2 3632 3675 3676
21 2 3633 3634 3677
21 2 3633 3676 3677
21 2 3634 3635 3678
21 2 3634 3677 3678
21 2 3635 3636 3679
21 2 3635 3678 3679
21 2 3636 3637 3680
21 2 3636 3679 3680
21 2 3637 3638 3681
21 2 3637 3680 3681
21 2 3638 3639 3682
21 2 3638 3681 3682
21 2 3639 3640 3683
21 2 3639 3682 3683
21 2 3640 3641 3684
21 2 3640 3683 3684
21 2 3641 3642 3685
21 2 3641 3684 3685
21 2 3642 3643 3686
21 2 3642 3685 3686
21 2 3643 3644 3687
21 2 3643 3686 3687
21 2 3644 3645 3688
21 2 3644 3687 3688
21 2 3645 3646 3689
21 2 3645 3688 3689
21 2 3646 3647 3690
21 2 3646 3689 3690
21 2 3647 3648 3691
21 2 3647 3690 3691
21 2 3648 3649 3692
21 2 3648 3691 3692
21 2 3649 3650 3693
21 2 3649 3692 3693
21 2 3650 3651 3694
21 2 3650 3693 3694
21 2 3651 3652 3695
21 2 3651 3694 3695
21 2 3652 3653 3696
21 2 3652 3695 3696
12 2 2579 2622 3697
12 2 2579 3654 3697
21 2 3653 3654 3697
21 2 3653 3696 3697
12 2 2580 2623 3698
21 2 3655 3656 3699
21 2 3655 3698 3699
12 2 2580 3655 3698
21 2 3656 3657 3700
21 2 3656 3699 3700
21 2 3657 3658 3701
21 2 3657 3700 3701
21 2 3658 3659 3702
21 2 3658 3701 3702
21 2 3659 3660 3703
21 2 3659 3702 3703
21 2 3660 3661 3704
21 2 3660 3703 3704
21 2 3661 3662 3705
21 2 3661 3704 3705
21 2 3662 3663 3706
21 2 3662 3705 3706
21 2 3663 3664 3707
21 2 3663 3706 3707
21 2 3664 3665 3708
21 2 3664 3707 3708
21 2 3665 3666 3709
21 2 3665 3708 3709
21 2 3666 3667 3710
21 2 3666 3709 3710
21 2 3667 3668 3711
21 2 3667 3710 3711
21 2 3668 3669 3712
21 2 3668 3711 3712
21 2 3669 3670 3713
21 2 3669 3712 3713
21 2 3670 3671 3714
21 2 3670 3713 3714
21 2 3671 3672 3715
21 2 3671 3714 3715
21 2 3672 3673 3716
21 2 3672 3715 3716
21 2 3673 3674 3717
21 2 3673 3716 3717
21 2 3674 3675 3718
21 2 3674 3717 3718
21 2 3675 3676 3719
21 2 3675 3718 3719
21 2 3676 3677 3720
21 2 3676 3719 3720
21 2 3677 3678 3721
21 2 3677 3720 3721
21 2 3678 3679 3722
21 2 3678 3721 3722
21 2 3679 3680 3723
21 2 3679 3722 3723
21 2 3680 3681 3724
21 2 3680 3723 3724
21 2 3681 3682 3725
21 2 3681 3724 3725
21 2 3682 3683 3726
21 2 3682 3725 3726
21 2 3683 3684 3727
21 2 3683 3726 3727
21 2 3684 3685 3728
21 2 3684 3727 3728
21 2 3685 3686 3729
21 2 3685 3728 3729
21 2 3686 3687 3730
21 2 3686 3729 3730
21 2 3687 3688 3731
21 2 3687 3730 3731
21 2 3688 3689 3732
21 2 3688 3731 3732
21 2 3689 3690 3733
21 2 3689 3732 3733
21 2 3690 3691 3734
21 2 3690 3733 3734
21 2 3691 3692 3735
21 2 3691 3734 3735
21 2 3692 3693 3736
21 2 3692 3735 3736
21 2 3693 3694 3737
21 2 3693 3736 3737
21 2 3694 3695 3738
21 2 3694 3737 3738
21 2 3695 3696 3739
21 2 3695 3738 3739
12 2 2622 2665 3740
12 2 2622 3697 3740
21 2 3696 3697 3740
21 2 3696 3739 3740
12 2 2623 2666 3741
21 2 3698 3699 3742
21 2 3698 3741 3742
12 2 2623 3698 3741
21 2 3699 3700 3743
21 2 3699 3742 3743
21 2 3700 3701 3744
21 2 3700 3743 3744
21 2 3701 3702 3745
21 2 3701 3744 3745
21 2 3702 3703 3746
21 2 3702 3745 3746
11 2 2671 2672 3747
11 2 2671 3746 3747
21 2 3703 3704 3747
21 2 3703 3746 3747
11 2 2672 2673 3748
11 2 2672 3747 3748
21 2 3704 3705 3748
21 2 3704 3747 3748
11 2 2673 2674 3749
11 2 2673 3748 3749
21 2 3705 3706 3749
21 2 3705 3748 3749
11 2 2674 2675 3750
11 2 2674 3749 3750
21 2 3706 3707 3750
21 2 3706 3749 3750
11 2 2675 2676 3751
11 2 2675 3750 3751
21 2 3707 3708 3751
21 2 3707 3750 3751
11 2 2676 2677 3752
11 2 2676 3751 3752
21 2 3708 3709 3752
21 2 3708 3751 3752
11 2 2677 2678 3753
11 2 2677 3752 3753
21 2 3709 3710 3753
21 2 3709 3752 3753
11 2 2678 2679 3754
11 2 2678 3753 3754
21 2 3710 3711 3754
21 2 3710 3753 3754
11 2 2679 2680 3755
11 2 2679 3754 3755
21 2 3711 3712 3755
21 2 3711 3754 3755
11 2 2680 2681 3756
11 2 2680 3755 3756
21 2 3712 3713 3756
21 2 3712 3755 3756
11 2 2681 2682 3757
11 2 2681 3756 3757
21 2 3713 3714 3757
21 2 3713 3756 3757
11 2 2682 2683 3758
11 2 2682 3757 3758
21 2 3714 3715 3758
21 2 3714 3757 3758
21 2 3715 3716 3759
21 2 3715 3758 3759
21 2 3716 3717 3760
21 2 3716 3759 3760
10 2 2685 2686 3761
10 2 2685 3760 3761
21 2 3717 3718 3761
21 2 3717 3760 3761
10 2 2686 2687 3762
10 2 2686 3761 3762
21 2 3718 3719 3762
21 2 3718 3761 3762
10 2 2687 2688 3763
10 2 2687 3762 3763
21 2 3719 3720 3763
21 2 3719 3762 3763
10 2 2688 2689 3764
10 2 2688 3763 3764
21 2 3720 3721 3764
21 2 3720 3763 3764
21 2 3721 3722 3765
21 2 3721 3764 3765
21 2 3722 3723 3766
21 2 3722 3765 3766
11 2 2691 2692 3767
11 2 2691 3766 3767
21 2 3723 3724 3767
21 2 3723 3766 3767
11 2 2692 2693 3768
11 2 2692 3767 3768
21 2 3724 3725 3768
21 2 3724 3767 3768
11 2 2693 2694 3769
11 2 2693 3768 3769
21 2 3725 3726 3769
21 2 3725 3768 3769
11 2 2694 2695 3770
11 2 2694 3769 3770
21 2 3726 3727 3770
21 2 3726 3769 3770
11 2 2695 2696 3771
11 2 2695 3770 3771
21 2 3727 3728 3771
21 2 3727 3770 3771
11 2 2696 2697 3772
11 2 2696 3771 3772
21 2 3728 3729 3772
21 2 3728 3771 3772
11 2 2697 2698 3773
11 2 2697 3772 3773
21 2 3729 3730 3773
21 2 3729 3772 3773
11 2 2698 2699 3774
11 2 2698 3773 3774
21 2 3730 3731 3774
21 2 3730 3773 3774
11 2 2699 2700 3775
11 2 2699 3774 3775
21 2 3731 3732 3775
21 2 3731 3774 3775
11 2 2700 2701 3776
11 2 2700 3775 3776
21 2 3732 3733 3776
21 2 3732 3775 3776
11 2 2701 2702 3777
11 2 2701 3776 3777
21 2 3733 3734 3777
21 2 3733 3776 3777
11 2 2702 2703 3778
11 2 2702 3777 3778
21 2 3734 3735 3778
21 2 3734 3777 3778
21 2 3735 3736 3779
21 2 3735 3778 3779
21 2 3736 3737 3780
21 2 3736 3779 3780
21 2 3737 3738 3781
21 2 3737 3780 3781
21 2 3738 3739 3782
21 2 3738 3781 3782
12 2 2665 2708 3783
12 2 2665 3740 3783
21 2 3739 3740 3783
21 2 3739 3782 3783
12 2 2666 2709 3784
21 2 3741 3742 3785
21 2 3741 3784 3785
12 2 2666 3741 3784
21 2 3742 3743 3786
21 2 3742 3785 3786
21 2 3743 3744 3787
21 2 3743 3786 3787
21 2 3744 3745 3788
21 2 3744 3787 3788
21 2 3745 3746 3789
21 2 3745 3788 3789
21 2 3746 3747 3790
21 2 3746 3789 3790
21 2 3747 3748 3791
21 2 3747 3790 3791
21 2 3748 3749 3792
21 2 3748 3791 3792
21 2 3749 3750 3793
21 2 3749 3792 3793
21 2 3750 3751 3794
21 2 3750 3793 3794
21 2 3751 3752 3795
21 2 3751 3794 3795
21 2 3752 3753 3796
21 2 3752 3795 3796
21 2 3753 3754 3797
21 2 3753 3796 3797
21 2 3754 3755 3798
21 2 3754 3797 3798
21 2 3755 3756 3799
21 2 3755 3798 3799
21 2 3756 3757 3800
21 2 3756 3799 3800
21 2 3757 3758 3801
21 2 3757 3800 3801
21 2 3758 3759 3802
21 2 3758 3801 3802
21 2 3759 3760 3803
21 2 3759 3802 3803
21 2 3760 3761 3804
21 2 3760 3803 3804
21 2 3761 3762 3805
21 2 3761 3804 3805
21 2 3762 3763 3806
21 2 3762 3805 3806
21 2 3763 3764 3807
21 2 3763 3806 3807
21 2 3764 3765 3808
21 2 3764 3807 3808
21 2 3765 3766 3809
21 2 3765 3808 3809
21 2 3766 3767 3810
21 2 3766 3809 3810
21 2 3767 3768 3811
21 2 3767 3810 3811
21 2 3768 3769 3812
21 2 3768 3811 3812
21 2 3769 3770 3813
21 2 3769 3812 3813
21 2 3770 3771 3814
21 2 3770 3813 3814
21 2 3771 3772 3815
21 2 3771 3814 3815
21 2 3772 3773 3816
21 2 3772 3815 3816
21 2 3773 3774 3817
21 2 3773 3816 3817
21 2 3774 3775 3818
21 2 3774 3817 3818
21 2 3775 3776 3819
21 2 3775 3818 3819
21 2 3776 3777 3820
21 2 3776 3819 3820
21 2 3777 3778 3821
21 2 3777 3820 3821
21 2 3778 3779 3822
21 2 3778 3821 3822
21 2 3779 3780 3823
21 2 3779 3822 3823
21 2 3780 3781 3824
21 2 3780 3823 3824
21 2 3781 3782 3825
21 2 3781 3824 3825
12 2 2708 2751 3826
12 2 2708 3783 3826
21 2 3782 3783 3826
21 2 3782 3825 3826
12 2 2709 2752 3827
21 2 3784 3785 3828
21 2 3784 3827 3828
12 2 2709 3784 3827
21 2 3785 3786 3829
21 2 3785 3828 3829
21 2 3786 3787 3830
21 2 3786 3829 3830
21 2 3787 3788 3831
21 2 3787 3830 3831
21 2 3788 3789 3832
21 2 3788 3831 3832
21 2 3789 3790 3833
21 2 3789 3832 3833
21 2 3790 3791 3834
21 2 3790 3833 3834
21 2 3791 3792 3835
21 2 3791 3834 3835
21 2 3792 3793 3836
21 2 3792 3835 3836
21 2 3793 3794 3837
21 2 3793 3836 3837
21 2 3794 3795 3838
21 2 3794 3837 3838
21 2 3795 3796 3839
21 2 3795 3838 3839
21 2 3796 3797 3840
21 2 3796 3839 3840
21 2 3797 3798 3841
21 2 3797 3840 3841
21 2 3798 3799 3842
21 2 3798 3841 3842
21 2 3799 3800 3843
21 2 3799 3842 3843
21 2 3800 3801 3844
21 2 3800 3843 3844
21 2 3801 3802 3845
21 2 3801 3844 3845
21 2 3802 3803 3846
21 2 3802 3845 3846
21 2 3803 3804 3847
21 2 3803 3846 3847
21 2 3804 3805 3848
21 2 3804 3847 3848
21 2 3805 3806 3849
21 2 3805 3848 3849
21 2 3806 3807 3850
21 2 3806 3849 3850
21 2 3807 3808 3851
21 2 3807 3850 3851
21 2 3808 3809 3852
21 2 3808 3851 3852
21 2 3809 3810 3853
21 2 3809 3852 3853
21 2 3810 3811 3854
21 2 3810 3853 3854
21 2 3811 3812 3855
21 2 3811 3854 3855
21 2 3812 3813 3856
21 2 3812 3855 3856
21 2 3813 3814 3857
21 2 3813 3856 3857
21 2 3814 3815 3858
21 2 3814 3857 3858
21 2 3815 3816 3859
21 2 3815 3858 3859
21 2 3816 3817 3860
21 2 3816 3859 3860
21 2 3817 3818 3861
21 2 3817 3860 3861
21 2 3818 3819 3862
21 2 3818 3861 3862
21 2 3819 3820 3863
21 2 3819 3862 3863
21 2 3820 3821 3864
21 2 3820 3863 3864
21 2 3821 3822 3865
21 2 3821 3864 3865
21 2 3822 3823 3866
21 2 3822 3865 3866
21 2 3823 3824 3867
21 2 3823 3866 3867
21 2 3824 3825 3868
21 2 3824 3867 3868
12 2 2751 2794 3869
12 2 2751 3826 3869
21 2 3825 3826 3869
21 2 3825 3868 3869
12 2 2752 2795 3870
21 2 3827 3828 3871
21 2 3827 3870 3871
12 2 2752 3827 3870
21 2 3828 3829 3872
21 2 3828 3871 3872
21 2 3829 3830 3873
21 2 3829 3872 3873
21 2 3830 3831 3874
21 2 3830 3873 3874
21 2 3831 3832 3875
21 2 3831 3874 3875
21 2 3832 3833 3876
21 2 3832 3875 3876
21 2 3833 3834 3877
21 2 3833 3876 3877
21 2 3834 3835 3878
21 2 3834 3877 3878
21 2 3835 3836 3879
21 2 3835 3878 3879
21 2 3836 3837 3880
21 2 3836 3879 3880
21 2 3837 3838 3881
21 2 3837 3880 3881
21 2 3838 3839 3882
21 2 3838 3881 3882
21 2 3839 3840 3883
21 2 3839 3882 3883
21 2 3840 3841 3884
21 2 3840 3883 3884
21 2 3841 3842 3885
21 2 3841 3884 3885
21 2 3842 3843 3886
21 2 3842 3885 3886
21 2 3843 3844 3887
21 2 3843 3886 3887
21 2 3844 3845 3888
21 2 3844 3887 3888
21 2 3845 3846 3889
21 2 3845 3888 3889
21 2 3846 3847 3890
21 2 3846 3889 3890
21 2 3847 3848 3891
21 2 3847 3890 3891
21 2 3848 3849 3892
21 2 3848 3891 3892
21 2 3849 3850 3893
21 2 3849 3892 3893
21 2 3850 3851 3894
21 2 3850 3893 3894
21 2 3851 3852 3895
21 2 3851 3894 3895
21 2 3852 3853 3896
21 2 3852 3895 3896
21 2 3853 3854 3897
21 2 3853 3896 3897
21 2 3854 3855 3898
21 2 3854 3897 3898
21 2 3855 3856 3899
21 2 3855 3898 3899
21 2 3856 3857 3900
21 2 3856 3899 3900
21 2 3857 3858 3901
21 2 3857 3900 3901
21 2 3858 3859 3902
21 2 3858 3901 3902
21 2 3859 3860 3903
21 2 3859 3902 3903
21 2 3860 3861 3904
21 2 3860 3903 3904
21 2 3861 3862 3905
21 2 3861 3904 3905
21 2 3862 3863 3906
21 2 3862 3905 3906
21 2 3863 3864 3907
21 2 3863 3906 3907
21 2 3864 3865 3908
21 2 3864 3907 3908
21 2 3865 3866 3909
21 2 3865 3908 3909
21 2 3866 3867 3910
21 2 3866 3909 3910
21 2 3867 3868 3911
21 2 3867 3910 3911
12 2 2794 2837 3912
12 2 2794 3869 3912
21 2 3868 3869 3912
21 2 3868 3911 3912
12 2 2795 2838 3913
21 2 3870 3871 3914
21 2 3870 3913 3914
12 2 2795 3870 3913
21 2 3871 3872 3915
21 2 3871 3914 3915
21 2 3872 3873 3916
21 2 3872 3915 3916
21 2 3873 3874 3917
21 2 3873 3916 3917
21 2 3874 3875 3918
21 2 3874 3917 3918
21 2 3875 3876 3919
21 2 3875 3918 3919
21 2 3876 3877 3920
21 2 3876 3919 3920
21 2 3877 3878 3921
21 2 3877 3920 3921
21 2 3878 3879 3922
21 2 3878 3921 3922
21 2 3879 3880 3923
21 2 3879 3922 3923
21 2 3880 3881 3924
21 2 3880 3923 3924
21 2 3881 3882 3925
21 2 3881 3924 3925
21 2 3882 3883 3926
21 2 3882 3925 3926
21 2 3883 3884 3927
21 2 3883 3926 3927
21 2 3884 3885 3928
21 2 3884 3927 3928
21 2 3885 3886 3929
21 2 3885 3928 3929
21 2 3886 3887 3930
21 2 3886 3929 3930
21 2 3887 3888 3931
21 2 3887 3930 3931
21 2 3888 3889 3932
21 2 3888 3931 3932
21 2 3889 3890 3933
21 2 3889 3932 3933
21 2 3890 3891 3934
21 2 3890 3933 3934
21 2 3891 3892 3935
21 2 3891 3934 3935
21 2 3892 3893 3936
21 2 3892 3935 3936
21 2 3893 3894 3937
21 2 3893 3936 3937
21 2 3894 3895 3938
21 2 3894 3937 3938
21 2 3895 3896 3939
21 2 3895 3938 3939
21 2 3896 3897 3940
21 2 3896 3939 3940
21 2 3897 3898 3941
21 2 3897 3940 3941
21 2 3898 3899 3942
21 2 3898 3941 3942
21 2 3899 3900 3943
21 2 3899 3942 3943
21 2 3900 3901 3944
21 2 3900 3943 3944
21 2 3901 3902 3945
21 2 3901 3944 3945
21 2 3902 3903 3946
21 2 3902 3945 3946
21 2 3903 3904 3947
21 2 3903 3946 3947
21 2 3904 3905 3948
21 2 3904 3947 3948
21 2 3905 3906 3949
21 2 3905 3948 3949
21 2 3906 3907 3950
21 2 3906 3949 3950
21 2 3907 3908 3951
21 2 3907 3950 3951
21 2 3908 3909 3952
21 2 3908 3951 3952
21 2 3909 3910 3953
21 2 3909 3952 3953
21 2 3910 3911 3954
21 2 3910 3953 3954
12 2 2837 2880 3955
12 2 2837 3912 3955
21 2 3911 3912 3955
21 2 3911 3954 3955
12 2 2838 2881 3956
21 2 3913 3914 3957
21 2 3913 3956 3957
12 2 2838 3913 3956
21 2 3914 3915 3958
21 2 3914 3957 3958
21 2 3915 3916 3959
21 2 3915 3958 3959
21 2 3916 3917 3960
21 2 3916 3959 3960
21 2 3917 3918 3961
21 2 3917 3960 3961
21 2 3918 3919 3962
21 2 3918 3961 3962
21 2 3919 3920 3963
21 2 3919 3962 3963
21 2 3920 3921 3964
21 2 3920 3963 3964
21 2 3921 3922 3965
21 2 3921 3964 3965
21 2 3922 3923 3966
21 2 3922 3965 3966
21 2 3923 3924 3967
21 2 3923 3966 3967
21 2 3924 3925 3968
21 2 3924 3967 3968
21 2 3925 3926 3969
21 2 3925 3968 3969
21 2 3926 3927 3970
21 2 3926 3969 3970
21 2 3927 3928 3971
21 2 3927 3970 3971
21 2 3928 3929 3972
21 2 3928 3971 3972
21 2 3929 3930 3973
21 2 3929 3972 3973
21 2 3930 3931 3974
21 2 3930 3973 3974
21 2 3931 3932 3975
21 2 3931 3974 3975
21 2 3932 3933 3976
21 2 3932 3975 3976
21 2 3933 3934 3977
21 2 3933 3976 3977
21 2 3934 3935 3978
21 2 3934 3977 3978
21 2 3935 3936 3979
21 2 3935 3978 3979
21 2 3936 3937 3980
21 2 3936 3979 3980
21 2 3937 3938 3981
21 2 3937 3980 3981
21 2 3938 3939 3982
21 2 3938 3981 3982
21 2 3939 3940 3983
21 2 3939 3982 3983
21 2 3940 3941 3984
21 2 3940 3983 3984
21 2 3941 3942 3985
21 2 3941 3984 3985
21 2 3942 3943 3986
21 2 3942 3985 3986
21 2 3943 3944 3987
21 2 3943 3986 3987
21 2 3944 3945 3988
21 2 3944 3987 3988
21 2 3945 3946 3989
21 2 3945 3988 3989
21 2 3946 3947 3990
21 2 3946 3989 3990
21 2 3947 3948 3991
21 2 3947 3990 3991
21 2 3948 3949 3992
21 2 3948 3991 3992
21 2 3949 3950 3993
21 2 3949 3992 3993
21 2 3950 3951 3994
21 2 3950 3993 3994
21 2 3951 3952 3995
21 2 3951 3994 3995
21 2 3952 3953 3996
21 2 3952 3995 3996
21 2 3953 3954 3997
21 2 3953 3996 3997
12 2 2880 2923 3998
12 2 2880 3955 3998
21 2 3954 3955 3998
21 2 3954 3997 3998
12 2 2881 2924 3999
21 2 3956 3957 4000
21 2 3956 3999 4000
12 2 2881 3956 3999
21 2 3957 3958 4001
21 2 3957 4000 4001
21 2 3958 3959 4002
21 2 3958 4001 4002
21 2 3959 3960 4003
21 2 3959 4002 4003
21 2 3960 3961 4004
21 2 3960 4003 4004
21 2 3961 3962 4005
21 2 3961 4004 4005
21 2 3962 3963 4006
21 2 3962 4005 4006
21 2 3963 3964 4007
21 2 3963 4006 4007
21 2 3964 3965 4008
21 2 3964 4007 4008
21 2 3965 3966 4009
21 2 3965 4008 4009
21 2 3966 3967 4010
21 2 3966 4009 4010
21 2 3967 3968 4011
21 2 3967 4010 4011
21 2 3968 3969 4012
21 2 3968 4011 4012
21 2 3969 3970 4013
21 2 3969 4012 4013
21 2 3970 3971 4014
21 2 3970 4013 4014
21 2 3971 3972 4015
21 2 3971 4014 4015
21 2 3972 3973 4016
21 2 3972 4015 4016
21 2 3973 3974 4017
21 2 3973 4016 4017
21 2 3974 3975 4018
21 2 3974 4017 4018
21 2 3975 3976 4019
21 2 3975 4018 4019
21 2 3976 3977 4020
21 2 3976 4019 4020
21 2 3977 3978 4021
21 2 3977 4020 4021
21 2 3978 3979 4022
21 2 3978 4021 4022
21 2 3979 3980 4023
21 2 3979 4022 4023
21 2 3980 3981 4024
21 2 3980 4023 4024
21 2 3981 3982 4025
21 2 3981 4024 4025
21 2 3982 3983 4026
21 2 3982 4025 4026
21 2 3983 3984 4027
21 2 3983 4026 4027
21 2 3984 3985 4028
21 2 3984 4027 4028
21 2 3985 3986 4029
21 2 3985 4028 4029
21 2 3986 3987 4030
21 2 3986 4029 4030
21 2 3987 3988 4031
21 2 3987 4030 4031
21 2 3988 3989 4032
21 2 3988 4031 4032
21 2 3989 3990 4033
21 2 3989 4032 4033
21 2 3990 3991 4034
21 2 3990 4033 4034
21 2 3991 3992 4035
21 2 3991 4034 4035
21 2 3992 3993 4036
21 2 3992 4035 4036
21 2 3993 3994 4037
21 2 3993 4036 4037
21 2 3994 3995 4038
21 2 3994 4037 4038
21 2 3995 3996 4039
21 2 3995 4038 4039
21 2 3996 3997 4040
21 2 3996 4039 4040
12 2 2923 2966 4041
12 2 2923 3998 4041
21 2 3997 3998 4041
21 2 3997 4040 4041
12 2 2924 2967 4042
21 2 3999 4000 4043
21 2 3999 4042 4043
12 2 2924 3999 4042
21 2 4000 4001 4044
21 2 4000 4043 4044
21 2 4001 4002 4045
21 2 4001 4044 4045
21 2 4002 4003 4046
21 2 4002 4045 4046
21 2 4003 4004 4047
21 2 4003 4046 4047
21 2 4004 4005 4048
21 2 4004 4047 4048
21 2 4005 4006 4049
21 2 4005 4048 4049
21 2 4006 4007 4050
21 2 4006 4049 4050
21 2 4007 4008 4051
21 2 4007 4050 4051
21 2 4008 4009 4052
21 2 4008 4051 4052
21 2 4009 4010 4053
21 2 4009 4052 4053
21 2 4010 4011 4054
21 2 4010 4053 4054
21 2 4011 4012 4055
21 2 4011 4054 4055
21 2 4012 4013 4056
21 2 4012 4055 4056
21 2 4013 4014 4057
21 2 4013 4056 4057
21 2 4014 4015 4058
21 2 4014 4057 4058
21 2 4015 4016 4059
21 2 4015 4058 4059
21 2 4016 4017 4060
21 2 4016 4059 4060
21 2 4017 4018 4061
21 2 4017 4060 4061
21 2 4018 4019 4062
21 2 4018 4061 4062
21 2 4019 4020 4063
21 2 4019 4062 4063
21 2 4020 4021 4064
21 2 4020 4063 4064
21 2 4021 4022 4065
21 2 4021 4064 4065
21 2 4022 4023 4066
21 2 4022 4065 4066
21 2 4023 4024 4067
21 2 4023 4066 4067
21 2 4024 4025 4068
21 2 4024 4067 4068
21 2 4025 4026 4069
21 2 4025 4068 4069
21 2 4026 4027 4070
21 2 4026 4069 4070
21 2 4027 4028 4071
21 2 4027 4070 4071
21 2 4028 4029 4072
21 2 4028 4071 4072
21 2 4029 4030 4073
21 2 4029 4072 4073
21 2 4030 4031 4074
21 2 4030 4073 4074
21 2 4031 4032 4075
21 2 4031 4074 4075
21 2 4032 4033 4076
21 2 4032 4075 4076
21 2 4033 4034 4077
21 2 4033 4076 4077
21 2 4034 4035 4078
21 2 4034 4077 4078
21 2 4035 4036 4079
21 2 4035 4078 4079
21 2 4036 4037 4080
21 2 4036 4079 4080
21 2 4037 4038 4081
21 2 4037 4080 4081
21 2 4038 4039 4082
21 2 4038 4081 4082
21 2 4039 4040 4083
21 2 4039 4082 4083
12 2 2966 3009 4084
12 2 2966 4041 4084
21 2 4040 4041 4084
21 2 4040 4083 4084
12 2 2967 3010 4085
21 2 4042 4043 4086
21 2 4042 4085 4086
12 2 2967 4042 4085
21 2 4043 4044 4087
21 2 4043 4086 4087
21 2 4044 4045 4088
21 2 4044 4087 4088
21 2 4045 4046 4089
21 2 4045 4088 4089
21 2 4046 4047 4090
21 2 4046 4089 4090
21 2 4047 4048 4091
21 2 4047 4090 4091
21 2 4048 4049 4092
21 2 4048 4091 4092
21 2 4049 4050 4093
21 2 4049 4092 4093
21 2 4050 4051 4094
21 2 4050 4093 4094
21 2 4051 4052 4095
21 2 4051 4094 4095
21 2 4052 4053 4096
21 2 4052 4095 4096
21 2 4053 4054 4097
21 2 4053 4096 4097
21 2 4054 4055 4098
21 2 4054 4097 4098
21 2 4055 4056 4099
21 2 4055 4098 4099
21 2 4056 4057 4100
21 2 4056 4099 4100
21 2 4057 4058 4101
21 2 4057 4100 4101
21 2 4058 4059 4102
21 2 4058 4101 4102
21 2 4059 4060 4103
21 2 4059 4102 4103
21 2 4060 4061 4104
21 2 4060 4103 4104
21 2 4061 4062 4105
21 2 4061 4104 4105
21 2 4062 4063 4106
21 2 4062 4105 4106
21 2 4063 4064 4107
21 2 4063 4106 4107
21 2 4064 4065 4108
21 2 4064 4107 4108
21 2 4065 4066 4109
21 2 4065 4108 4109
21 2 4066 4067 4110
21 2 4066 4109 4110
21 2 4067 4068 4111
21 2 4067 4110 4111
21 2 4068 4069 4112
21 2 4068 4111 4112
21 2 4069 4070 4113
21 2 4069 4112 4113
21 2 4070 4071 4114
21 2 4070 4113 4114
21 2 4071 4072 4115
21 2 4071 4114 4115
21 2 4072 4073 4116
21 2 4072 4115 4116
21 2 4073 4074 4117
21 2 4073 4116 4117
21 2 4074 4075 4118
21 2 4074 4117 4118
21 2 4075 4076 4119
21 2 4075 4118 4119
21 2 4076 4077 4120
21 2 4076 4119 4120
21 2 4077 4078 4121
21 2 4077 4120 4121
21 2 4078 4079 4122
21 2 4078 4121 4122
21 2 4079 4080 4123
21 2 4079 4122 4123
21 2 4080 4081 4124
21 2 4080 4123 4124
21 2 4081 4082 4125
21 2 4081 4124 4125
21 2 4082 4083 4126
21 2 4082 4125 4126
12 2 3009 3052 4127
12 2 3009 4084 4127
21 2 4083 4084 4127
21 2 4083 4126 4127
12 2 3010 3053 4128
21 2 4085 4086 4129
21 2 4085 4128 4129
12 2 3010 4085 4128
21 2 4086 4087 4130
21 2 4086 4129 4130
21 2 4087 4088 4131
21 2 4087 4130 4131
21 2 4088 4089 4132
21 2 4088 4131 4132
21 2 4089 4090 4133
21 2 4089 4132 4133
21 2 4090 4091 4134
21 2 4090 4133 4134
21 2 4091 4092 4135
21 2 4091 4134 4135
21 2 4092 4093 4136
21 2 4092 4135 4136
21 2 4093 4094 4137
21 2 4093 4136 4137
21 2 4094 4095 4138
21 2 4094 4137 4138
21 2 4095 4096 4139
21 2 4095 4138 4139
21 2 4096 4097 4140
21 2 4096 4139 4140
21 2 4097 4098 4141
21 2 4097 4140 4141
21 2 4098 4099 4142
21 2 4098 4141 4142
21 2 4099 4100 4143
21 2 4099 4142 4143
21 2 4100 4101 4144
21 2 4100 4143 4144
21 2 4101 4102 4145
21 2 4101 4144 4145
21 2 4102 4103 4146
21 2 4102 4145 4146
21 2 4103 4104 4147
21 2 4103 4146 4147
21 2 4104 4105 4148
21 2 4104 4147 4148
21 2 4105 4106 4149
21 2 4105 4148 4149
21 2 4106 4107 4150
21 2 4106 4149 4150
21 2 4107 4108 4151
21 2 4107 4150 4151
21 2 4108 4109 4152
21 2 4108 4151 4152
21 2 4109 4110 4153
21 2 4109 4152 4153
21 2 4110 4111 4154
21 2 4110 4153 4154
21 2 4111 4112 4155
21 2 4111 4154 4155
21 2 4112 4113 4156
21 2 4112 4155 4156
21 2 4113 4114 4157
21 2 4113 4156 4157
21 2 4114 4115 4158
21 2 4114 4157 4158
21 2 4115 4116 4159
21 2 4115 4158 4159
21 2 4116 4117 4160
21 2 4116 4159 4160
21 2 4117 4118 4161
21 2 4117 4160 4161
21 2 4118 4119 4162
21 2 4118 4161 4162
21 2 4119 4120 4163
21 2 4119 4162 4163
21 2 4120 4121 4164
21 2 4120 4163 4164
21 2 4121 4122 4165
21 2 4121 4164 4165
21 2 4122 4123 4166
21 2 4122 4165 4166
21 2 4123 4124 4167
21 2 4123 4166 4167
21 2 4124 4125 4168
21 2 4124 4167 4168
21 2 4125 4126 4169
21 2 4125 4168 4169
12 2 3052 3095 4170
12 2 3052 4127 4170
21 2 4126 4127 4170
21 2 4126 4169 4170
12 2 3053 3096 4171
21 2 4128 4129 4172
21 2 4128 4171 4172
12 2 3053 4128 4171
21 2 4129 4130 4173
21 2 4129 4172 4173
21 2 4130 4131 4174
21 2 4130 4173 4174
21 2 4131 4132 4175
21 2 4131 4174 4175
21 2 4132 4133 4176
21 2 4132 4175 4176
21 2 4133 4134 4177
21 2 4133 4176 4177
21 2 4134 4135 4178
21 2 4134 4177 4178
21 2 4135 4136 4179
21 2 4135 4178 4179
21 2 4136 4137 4180
21 2 4136 4179 4180
21 2 4137 4138 4181
21 2 4137 4180 4181
21 2 4138 4139 4182
21 2 4138 4181 4182
21 2 4139 4140 4183
21 2 4139 4182 4183
21 2 4140 4141 4184
21 2 4140 4183 4184
21 2 4141 4142 4185
21 2 4141 4184 4185
21 2 4142 4143 4186
21 2 4142 4185 4186
21 2 4143 4144 4187
21 2 4143 4186 4187
21 2 4144 4145 4188
21 2 4144 4187 4188
21 2 4145 4146 4189
21 2 4145 4188 4189
21 2 4146 4147 4190
21 2 4146 4189 4190
21 2 4147 4148 4191
21 2 4147 4190 4191
21 2 4148 4149 4192
21 2 4148 4191 4192
21 2 4149 4150 4193
21 2 4149 4192 4193
21 2 4150 4151 4194
21 2 4150 4193 4194
21 2 4151 4152 4195
21 2 4151 4194 4195
21 2 4152 4153 4196
21 2 4152 4195 4196
21 2 4153 4154 4197
21 2 4153 4196 4197
21 2 4154 4155 4198
21 2 4154 4197 4198
21 2 4155 4156 4199
21 2 4155 4198 4199
21 2 4156 4157 4200
21 2 4156 4199 4200
21 2 4157 4158 4201
21 2 4157 4200 4201
21 2 4158 4159 4202
21 2 4158 4201 4202
21 2 4159 4160 4203
21 2 4159 4202 4203
21 2 4160 4161 4204
21 2 4160 4203 4204
21 2 4161 4162 4205
21 2 4161 4204 4205
21 2 4162 4163 4206
21 2 4162 4205 4206
21 2 4163 4164 4207
21 2 4163 4206 4207
21 2 4164 4165 4208
21 2 4164 4207 4208
21 2 4165 4166 4209
21 2 4165 4208 4209
21 2 4166 4167 4210
21 2 4166 4209 4210
21 2 4167 4168 4211
21 2 4167 4210 4211
21 2 4168 4169 4212
21 2 4168 4211 4212
12 2 3095 3138 4213
12 2 3095 4170 4213
21 2 4169 4170 4213
21 2 4169 4212 4213
12 2 3096 3139 4214
21 2 4171 4172 4215
21 2 4171 4214 4215
12 2 3096 4171 4214
21 2 4172 4173 4216
21 2 4172 4215 4216
21 2 4173 4174 4217
21 2 4173 4216 4217
21 2 4174 4175 4218
21 2 4174 4217 4218
21 2 4175 4176 4219
21 2 4175 4218 4219
21 2 4176 4177 4220
21 2 4176 4219 4220
21 2 4177 4178 4221
21 2 4177 4220 4221
21 2 4178 4179 4222
21 2 4178 4221 4222
21 2 4179 4180 4223
21 2 4179 4222 4223
21 2 4180 4181 4224
21 2 4180 4223 4224
21 2 4181 4182 4225
21 2 4181 4224 4225
21 2 4182 4183 4226
21 2 4182 4225 4226
21 2 4183 4184 4227
21 2 4183 4226 4227
21 2 4184 4185 4228
21 2 4184 4227 4228
21 2 4185 4186 4229
21 2 4185 4228 4229
21 2 4186 4187 4230
21 2 4186 4229 4230
21 2 4187 4188 4231
21 2 4187 4230 4231
21 2 4188 4189 4232
21 2 4188 4231 4232
21 2 4189 4190 4233
21 2 4189 4232 4233
21 2 4190 4191 4234
21 2 4190 4233 4234
21 2 4191 4192 4235
21 2 4191 4234 4235
21 2 4192 4193 4236
21 2 4192 4235 4236
21 2 4193 4194 4237
21 2 4193 4236 4237
21 2 4194 4195 4238
21 2 4194 4237 4238
21 2 4195 4196 4239
21 2 4195 4238 4239
21 2 4196 4197 4240
21 2 4196 4239 4240
21 2 4197 4198 4241
21 2 4197 4240 4241
21 2 4198 4199 4242
21 2 4198 4241 4242
21 2 4199 4200 4243
21 2 4199 4242 4243
21 2 4200 4201 4244
21 2 4200 4243 4244
21 2 4201 4202 4245
21 2 4201 4244 4245
21 2 4202 4203 4246
21 2 4202 4245 4246
21 2 4203 4204 4247
21 2 4203 4246 4247
21 2 4204 4205 4248
21 2 4204 4247 4248
21 2 4205 4206 4249
21 2 4205 4248 4249
21 2 4206 4207 4250
21 2 4206 4249 4250
21 2 4207 4208 4251
21 2 4207 4250 4251
21 2 4208 4209 4252
21 2 4208 4251 4252
21 2 4209 4210 4253
21 2 4209 4252 4253
21 2 4210 4211 4254
21 2 4210 4253 4254
21 2 4211 4212 4255
21 2 4211 4254 4255
12 2 3138 3181 4256
12 2 3138 4213 4256
21 2 4212 4213 4256
21 2 4212 4255 4256
12 2 3182 3183 4258
12 2 3182 4257 4258
12 2 3139 3182 4257
21 2 4214 4215 4258
21 2 4214 4257 4258
12 2 3139 4214 4257
12 2 3183 3184 4259
12 2 3183 4258 4259
21 2 4215 4216 4259
21 2 4215 4258 4259
12 2 3184 3185 4260
12 2 3184 4259 4260
21 2 4216 4217 4260
21 2 4216 4259 4260
12 2 3185 3186 4261
12 2 3185 4260 4261
21 2 4217 4218 4261
21 2 4217 4260 4261
12 2 3186 3187 4262
12 2 3186 4261 4262
21 2 4218 4219 4262
21 2 4218 4261 4262
12 2 3187 3188 4263
12 2 3187 4262 4263
21 2 4219 4220 4263
21 2 4219 4262 4263
12 2 3188 3189 4264
12 2 3188 4263 4264
21 2 4220 4221 4264
21 2 4220 4263 4264
12 2 3189 3190 4265
12 2 3189 4264 4265
21 2 4221 4222 4265
21 2 4221 4264 4265
12 2 3190 3191 4266
12 2 3190 4265 4266
21 2 4222 4223 4266
21 2 4222 4265 4266
12 2 3191 3192 4267
12 2 3191 4266 4267
21 2 4223 4224 4267
21 2 4223 4266 4267
12 2 3192 3193 4268
12 2 3192 4267 4268
21 2 4224 4225 4268
21 2 4224 4267 4268
12 2 3193 3194 4269
12 2 3193 4268 4269
21 2 4225 4226 4269
21 2 4225 4268 4269
12 2 3194 3195 4270
12 2 3194 4269 4270
21 2 4226 4227 4270
21 2 4226 4269 4270
12 2 3195 3196 4271
12 2 3195 4270 4271
21 2 4227 4228 4271
21 2 4227 4270 4271
12 2 3196 3197 4272
12 2 3196 4271 4272
21 2 4228 4229 4272
21 2 4228 4271 4272
12 2 3197 3198 4273
12 2 3197 4272 4273
21 2 4229 4230 4273
21 2 4229 4272 4273
12 2 3198 3199 4274
12 2 3198 4273 4274
21 2 4230 4231 4274
21 2 4230 4273 4274
12 2 3199 3200 4275
12 2 3199 4274 4275
21 2 4231 4232 4275
21 2 4231 4274 4275
12 2 3200 3201 4276
12 2 3200 4275 4276
21 2 4232 4233 4276
21 2 4232 4275 4276
12 2 3201 3202 4277
12 2 3201 4276 4277
21 2 4233 4234 4277
21 2 4233 4276 4277
12 2 3202 3203 4278
12 2 3202 4277 4278
21 2 4234 4235 4278
21 2 4234 4277 4278
12 2 3203 3204 4279
12 2 3203 4278 4279
21 2 4235 4236 4279
21 2 4235 4278 4279
12 2 3204 3205 4280
12 2 3204 4279 4280
21 2 4236 4237 4280
21 2 4236 4279 4280
12 2 3205 3206 4281
12 2 3205 4280 4281
21 2 4237 4238 4281
21 2 4237 4280 4281
12 2 3206 3207 4282
12 2 3206 4281 4282
21 2 4238 4239 4282
21 2 4238 4281 4282
12 2 3207 3208 4283
12 2 3207 4282 4283
21 2 4239 4240 4283
21 2 4239 4282 4283
12 2 3208 3209 4284
12 2 3208 4283 4284
21 2 4240 4241 4284
21 2 4240 4283 4284
12 2 3209 3210 4285
12 2 3209 4284 4285
21 2 4241 4242 4285
21 2 4241 4284 4285
12 2 3210 3211 4286
12 2 3210 4285 4286
21 2 4242 4243 4286
21 2 4242 4285 4286
12 2 3211 3212 4287
12 2 3211 4286 4287
21 2 4243 4244 4287
21 2 4243 4286 4287
12 2 3212 3213 4288
12 2 3212 4287 4288
21 2 4244 4245 4288
21 2 4244 4287 4288
12 2 3213 3214 4289
12 2 3213 4288 4289
21 2 4245 4246 4289
21 2 4245 4288 4289
12 2 3214 3215 4290
12 2 3214 4289 4290
21 2 4246 4247 4290
21 2 4246 4289 4290
12 2 3215 3216 4291
12 2 3215 4290 4291
21 2 4247 4248 4291
21 2 4247 4290 4291
12 2 3216 3217 4292
12 2 3216 4291 4292
21 2 4248 4249 4292
21 2 4248 4291 4292
12 2 3217 3218 4293
12 2 3217 4292 4293
21 2 4249 4250 4293
21 2 4249 4292 4293
12 2 3218 3219 4294
12 2 3218 4293 4294
21 2 4250 4251 4294
21 2 4250 4293 4294
12 2 3219 3220 4295
12 2 3219 4294 4295
21 2 4251 4252 4295
21 2 4251 4294 4295
12 2 3220 3221 4296
12 2 3220 4295 4296
21 2 4252 4253 4296
21 2 4252 4295 4296
12 2 3221 3222 4297
12 2 3221 4296 4297
21 2 4253 4254 4297
21 2 4253 4296 4297
12 2 3222 3223 4298
12 2 3222 4297 4298
21 2 4254 4255 4298
21 2 4254 4297 4298
12 2 3181 3224 4299
12 2 3181 4256 4299
12 2 3223 3224 4299
12 2 3223 4298 4299
21 2 4255 4256 4299
21 2 4255 4298 4299

vertices
4300
3
-320 -320 0
-214.76629567224651 -320 0
-178.40503279590888 -320 0
-165.8411736558345 -320 0
-161.5 -320 0
-160 -320 0
-157.41036279796919 -320 0
-149.81793068761735 -320 0
-137.74011537017762 -320 0
-121.99999999999999 -320 0
-103.67024742779158 -320 0
-83.999999999999986 -320 0
-64.32975257220842 -320 0
-45.999999999999993 -320 0
-30.259884629822384 -320 0
-18.182069312382659 -320 0
-10.589637202030808 -320 0
-8 -320 0
-6.5 -320 0
-5 -320 0
-2.5 -320 0
0 -320 0
2.5 -320 0
5 -320 0
6.5 -320 0
8 -320 0
10.589637202030808 -320 0
18.182069312382659 -320 0
30.259884629822384 -320 0
45.999999999999993 -320 0
64.32975257220842 -320 0
83.999999999999986 -320 0
103.67024742779158 -320 0
121.99999999999999 -320 0
137.74011537017762 -320 0
149.81793068761735 -320 0
157.41036279796919 -320 0
160 -320 0
161.5 -320 0
165.8411736558345 -320 0
178.40503279590888 -320 0
214.76629567224651 -320 0
320 -320 0
-320 -216.79794182040541 0
-214.76629567224651 -216.79794182040541 0
-178.40503279590888 -216.79794182040541 0
-165.8411736558345 -216.79794182040541 0
-161.5 -216.79794182040541 0
-160 -216.79794182040541 0
-157.41036279796919 -216.79794182040541 0
-149.81793068761735 -216.79794182040541 0
-137.74011537017762 -216.79794182040541 0
-121.99999999999999 -216.79794182040541 0
-103.67024742779158 -216.79794182040541 0
-83.999999999999986 -216.79794182040541 0
-64.32975257220842 -216.79794182040541 0
-45.999999999999993 -216.79794182040541 0
-30.259884629822384 -216.79794182040541 0
-18.182069312382659 -216.79794182040541 0
-10.589637202030808 -216.79794182040541 0
-8 -216.79794182040541 0
-6.5 -216.79794182040541 0
-5 -216.79794182040541 0
-2.5 -216.79794182040541 0
0 -216.79794182040541 0
2.5 -216.79794182040541 0
5 -216.79794182040541 0
6.5 -216.79794182040541 0
8 -216.79794182040541 0
10.589637202030808 -216.79794182040541 0
18.182069312382659 -216.79794182040541 0
30.259884629822384 -216.79794182040541 0
45.999999999999993 -216.79794182040541 0
64.32975257220842 -216.79794182040541 0
83.999999999999986 -216.79794182040541 0
103.67024742779158 -216.79794182040541 0
121.99999999999999 -216.79794182040541 0
137.74011537017762 -216.79794182040541 0
149.81793068761735 -216.79794182040541 0
157.41036279796919 -216.79794182040541 0
160 -216.79794182040541 0
161.5 -216.79794182040541 0
165.8411736558345 -216.79794182040541 0
178.40503279590888 -216.79794182040541 0
214.76629567224651 -216.79794182040541 0
320 -216.79794182040541 0
-320 -146.54992359445299 0
-214.76629567224651 -146.54992359445299 0
-178.40503279590888 -146.54992359445299 0
-165.8411736558345 -146.54992359445299 0
-161.5 -146.54992359445299 0
-160 -146.54992359445299 0
-157.41036279796919 -146.54992359445299 0
-149.81793068761735 -146.54992359445299 0
-137.74011537017762 -146.54992359445299 0
-121.99999999999999 -146.54992359445299 0
-103.67024742779158 -146.54992359445299 0
-83.999999999999986 -146.54992359445299 0
-64.32975257220842 -146.54992359445299 0
-45.999999999999993 -146.54992359445299 0
-30.259884629822384 -146.54992359445299 0
-18.182069312382659 -146.54992359445299 0
-10.589637202030808 -146.54992359445299 0
-8 -146.54992359445299 0
-6.5 -146.54992359445299 0
-5 -146.54992359445299 0
-2.5 -146.54992359445299 0
0 -146.54992359445299 0
2.5 -146.54992359445299 0
5 -146.54992359445299 0
6.5 -146.54992359445299 0
8 -146.54992359445299 0
10.589637202030808 -146.54992359445299 0
18.182069312382659 -146.54992359445299 0
30.259884629822384 -146.54992359445299 0
45.999999999999993 -146.54992359445299 0
64.32975257220842 -146.54992359445299 0
83.999999999999986 -146.54992359445299 0
103.67024742779158 -146.54992359445299 0
121.99999999999999 -146.54992359445299 0
137.74011537017762 -146.54992359445299 0
149.81793068761735 -146.54992359445299 0
157.41036279796919 -146.54992359445299 0
160 -146.54992359445299 0
161.5 -146.54992359445299 0
165.8411736558345 -146.54992359445299 0
178.40503279590888 -146.54992359445299 0
214.76629567224651 -146.54992359445299 0
320 -146.54992359445299 0
-320 -98.73320218676443 0
-214.76629567224651 -98.73320218676443 0
-178.40503279590888 -98.73320218676443 0
-165.8411736558345 -98.73320218676443 0
-161.5 -98.73320218676443 0
-160 -98.73320218676443 0
-157.41036279796919 -98.73320218676443 0
-149.81793068761735 -98.73320218676443 0
-137.74011537017762 -98.73320218676443 0
-121.99999999999999 -98.73320218676443 0
-103.67024742779158 -98.73320218676443 0
-83.999999999999986 -98.73320218676443 0
-64.32975257220842 -98.73320218676443 0
-45.999999999999993 -98.73320218676443 0
-30.259884629822384 -98.73320218676443 0
-18.182069312382659 -98.73320218676443 0
-10.589637202030808 -98.73320218676443 0
-8 -98.73320218676443 0
-6.5 -98.73320218676443 0
-5 -98.73320218676443 0
-2.5 -98.73320218676443 0
0 -98.73320218676443 0
2.5 -98.73320218676443 0
5 -98.73320218676443 0
6.5 -98.73320218676443 0
8 -98.73320218676443 0
10.589637202030808 -98.73320218676443 0
18.182069312382659 -98.73320218676443 0
30.259884629822384 -98.73320218676443 0
45.999999999999993 -98.73320218676443 0
64.32975257220842 -98.73320218676443 0
83.999999999999986 -98.73320218676443 0
103.67024742779158 -98.73320218676443 0
121.99999999999999 -98.73320218676443 0
137.74011537017762 -98.73320218676443 0
149.81793068761735 -98.73320218676443 0
157.41036279796919 -98.73320218676443 0
160 -98.73320218676443 0
161.5 -98.73320218676443 0
165.8411736558345 -98.73320218676443 0
178.40503279590888 -98.73320218676443 0
214.76629567224651 -98.73320218676443 0
320 -98.73320218676443 0
-320 -66.185111807528642 0
-214.76629567224651 -66.185111807528642 0
-178.40503279590888 -66.185111807528642 0
-165.8411736558345 -66.185111807528642 0
-161.5 -66.185111807528642 0
-160 -66.185111807528642 0
-157.41036279796919 -66.185111807528642 0
-149.81793068761735 -66.185111807528642 0
-137.74011537017762 -66.185111807528642 0
-121.99999999999999 -66.185111807528642 0
-103.67024742779158 -66.185111807528642 0
-83.999999999999986 -66.185111807528642 0
-64.32975257220842 -66.185111807528642 0
-45.999999999999993 -66.185111807528642 0
-30.259884629822384 -66.185111807528642 0
-18.182069312382659 -66.185111807528642 0
-10.589637202030808 -66.185111807528642 0
-8 -66.185111807528642 0
-6.5 -66.185111807528642 0
-5 -66.185111807528642 0
-2.5 -66.185111807528642 0
0 -66.185111807528642 0
2.5 -66.185111807528642 0
5 -66.185111807528642 0
6.5 -66.185111807528642 0
8 -66.185111807528642 0
10.589637202030808 -66.185111807528642 0
18.182069312382659 -66.185111807528642 0
30.259884629822384 -66.185111807528642 0
45.999999999999993 -66.185111807528642 0
64.32975257220842 -66.185111807528642 0
83.999999999999986 -66.185111807528642 0
103.67024742779158 -66.185111807528642 0
121.99999999999999 -66.185111807528642 0
137.74011537017762 -66.185111807528642 0
149.81793068761735 -66.185111807528642 0
157.41036279796919 -66.185111807528642 0
160 -66.185111807528642 0
161.5 -66.185111807528642 0
165.8411736558345 -66.185111807528642 0
178.40503279590888 -66.185111807528642 0
214.76629567224651 -66.185111807528642 0
320 -66.185111807528642 0
-320 -44.030138481303027 0
-214.76629567224651 -44.030138481303027 0
-178.40503279590888 -44.030138481303027 0
-165.8411736558345 -44.030138481303027 0
-161.5 -44.030138481303027 0
-160 -44.030138481303027 0
-157.41036279796919 -44.030138481303027 0
-149.81793068761735 -44.030138481303027 0
-137.74011537017762 -44.030138481303027 0
-121.99999999999999 -44.030138481303027 0
-103.67024742779158 -44.030138481303027 0
-83.999999999999986 -44.030138481303027 0
-64.32975257220842 -44.030138481303027 0
-45.999999999999993 -44.030138481303027 0
-30.259884629822384 -44.030138481303027 0
-18.182069312382659 -44.030138481303027 0
-10.589637202030808 -44.030138481303027 0
-8 -44.030138481303027 0
-6.5 -44.030138481303027 0
-5 -44.030138481303027 0
-2.5 -44.030138481303027 0
0 -44.030138481303027 0
2.5 -44.030138481303027 0
5 -44.030138481303027 0
6.5 -44.030138481303027 0
8 -44.030138481303027 0
10.589637202030808 -44.030138481303027 0
18.182069312382659 -44.030138481303027 0
30.259884629822384 -44.030138481303027 0
45.999999999999993 -44.030138481303027 0
64.32975257220842 -44.030138481303027 0
83.999999999999986 -44.030138481303027 0
103.67024742779158 -44.030138481303027 0
121.99999999999999 -44.030138481303027 0
137.74011537017762 -44.030138481303027 0
149.81793068761735 -44.030138481303027 0
157.41036279796919 -44.030138481303027 0
160 -44.030138481303027 0
161.5 -44.030138481303027 0
165.8411736558345 -44.030138481303027 0
178.40503279590888 -44.030138481303027 0
214.76629567224651 -44.030138481303027 0
320 -44.030138481303027 0
-320 -28.949596508895819 0
-214.76629567224651 -28.949596508895819 0
-178.40503279590888 -28.949596508895819 0
-165.8411736558345 -28.949596508895819 0
-161.5 -28.949596508895819 0
-160 -28.949596508895819 0
-157.41036279796919 -28.949596508895819 0
-149.81793068761735 -28.949596508895819 0
-137.74011537017762 -28.949596508895819 0
-121.99999999999999 -28.949596508895819 0
-103.67024742779158 -28.949596508895819 0
-83.999999999999986 -28.949596508895819 0
-64.32975257220842 -28.949596508895819 0
-45.999999999999993 -28.949596508895819 0
-30.259884629822384 -28.949596508895819 0
-18.182069312382659 -28.949596508895819 0
-10.589637202030808 -28.949596508895819 0
-8 -28.949596508895819 0
-6.5 -28.949596508895819 0
-5 -28.949596508895819 0
-2.5 -28.949596508895819 0
0 -28.949596508895819 0
2.5 -28.949596508895819 0
5 -28.949596508895819 0
6.5 -28.949596508895819 0
8 -28.949596508895819 0
10.589637202030808 -28.949596508895819 0
18.182069312382659 -28.949596508895819 0
30.259884629822384 -28.949596508895819 0
45.999999999999993 -28.949596508895819 0
64.32975257220842 -28.949596508895819 0
83.999999999999986 -28.949596508895819 0
103.67024742779158 -28.949596508895819 0
121.99999999999999 -28.949596508895819 0
137.74011537017762 -28.949596508895819 0
149.81793068761735 -28.949596508895819 0
157.41036279796919 -28.949596508895819 0
160 -28.949596508895819 0
161.5 -28.949596508895819 0
165.8411736558345 -28.949596508895819 0
178.40503279590888 -28.949596508895819 0
214.76629567224651 -28.949596508895819 0
320 -28.949596508895819 0
-320 -18.684508718772996 0
-214.76629567224651 -18.684508718772996 0
-178.40503279590888 -18.684508718772996 0
-165.8411736558345 -18.684508718772996 0
-161.5 -18.684508718772996 0
-160 -18.684508718772996 0
-157.41036279796919 -18.684508718772996 0
-149.81793068761735 -18.684508718772996 0
-137.74011537017762 -18.684508718772996 0
-121.99999999999999 -18.684508718772996 0
-103.67024742779158 -18.684508718772996 0
-83.999999999999986 -18.684508718772996 0
-64.32975257220842 -18.684508718772996 0
-45.999999999999993 -18.684508718772996 0
-30.259884629822384 -18.684508718772996 0
-18.182069312382659 -18.684508718772996 0
-10.589637202030808 -18.684508718772996 0
-8 -18.684508718772996 0
-6.5 -18.684508718772996 0
-5 -18.684508718772996 0
-2.5 -18.684508718772996 0
0 -18.684508718772996 0
2.5 -18.684508718772996 0
5 -18.684508718772996 0
6.5 -18.684508718772996 0
8 -18.684508718772996 0
10.589637202030808 -18.684508718772996 0
18.182069312382659 -18.684508718772996 0
30.259884629822384 -18.684508718772996 0
45.999999999999993 -18.684508718772996 0
64.32975257220842 -18.684508718772996 0
83.999999999999986 -18.684508718772996 0
103.67024742779158 -18.684508718772996 0
121.99999999999999 -18.684508718772996 0
137.74011537017762 -18.684508718772996 0
149.81793068761735 -18.684508718772996 0
157.41036279796919 -18.684508718772996 0
160 -18.684508718772996 0
161.5 -18.684508718772996 0
165.8411736558345 -18.684508718772996 0
178.40503279590888 -18.684508718772996 0
214.76629567224651 -18.684508718772996 0
320 -18.684508718772996 0
-320 -11.69722487103547 0
-214.76629567224651 -11.69722487103547 0
-178.40503279590888 -11.69722487103547 0
-165.8411736558345 -11.69722487103547 0
-161.5 -11.69722487103547 0
-160 -11.69722487103547 0
-157.41036279796919 -11.69722487103547 0
-149.81793068761735 -11.69722487103547 0
-137.74011537017762 -11.69722487103547 0
-121.99999999999999 -11.69722487103547 0
-103.67024742779158 -11.69722487103547 0
-83.999999999999986 -11.69722487103547 0
-64.32975257220842 -11.69722487103547 0
-45.999999999999993 -11.69722487103547 0
-30.259884629822384 -11.69722487103547 0
-18.182069312382659 -11.69722487103547 0
-10.589637202030808 -11.69722487103547 0
-8 -11.69722487103547 0
-6.5 -11.69722487103547 0
-5 -11.69722487103547 0
-2.5 -11.69722487103547 0
0 -11.69722487103547 0
2.5 -11.69722487103547 0
5 -11.69722487103547 0
6.5 -11.69722487103547 0
8 -11.69722487103547 0
10.589637202030808 -11.69722487103547 0
18.182069312382659 -11.69722487103547 0
30.259884629822384 -11.69722487103547 0
45.999999999999993 -11.69722487103547 0
64.32975257220842 -11.69722487103547 0
83.999999999999986 -11.69722487103547 0
103.67024742779158 -11.69722487103547 0
121.99999999999999 -11.69722487103547 0
137.74011537017762 -11.69722487103547 0
149.81793068761735 -11.69722487103547 0
157.41036279796919 -11.69722487103547 0
160 -11.69722487103547 0
161.5 -11.69722487103547 0
165.8411736558345 -11.69722487103547 0
178.40503279590888 -11.69722487103547 0
214.76629567224651 -11.69722487103547 0
320 -11.69722487103547 0
-320 -6.9410906258095402 0
-214.76629567224651 -6.9410906258095402 0
-178.40503279590888 -6.9410906258095402 0
-165.8411736558345 -6.9410906258095402 0
-161.5 -6.9410906258095402 0
-160 -6.9410906258095402 0
-157.41036279796919 -6.9410906258095402 0
-149.81793068761735 -6.9410906258095402 0
-137.74011537017762 -6.9410906258095402 0
-121.99999999999999 -6.9410906258095402 0
-103.67024742779158 -6.9410906258095402 0
-83.999999999999986 -6.9410906258095402 0
-64.32975257220842 -6.9410906258095402 0
-45.999999999999993 -6.9410906258095402 0
-30.259884629822384 -6.9410906258095402 0
-18.182069312382659 -6.9410906258095402 0
-10.589637202030808 -6.9410906258095402 0
-8 -6.9410906258095402 0
-6.5 -6.9410906258095402 0
-5 -6.9410906258095402 0
-2.5 -6.9410906258095402 0
0 -6.9410906258095402 0
2.5 -6.9410906258095402 0
5 -6.9410906258095402 0
6.5 -6.9410906258095402 0
8 -6.9410906258095402 0
10.589637202030808 -6.9410906258095402 0
18.182069312382659 -6.9410906258095402 0
30.259884629822384 -6.9410906258095402 0
45.999999999999993 -6.9410906258095402 0
64.32975257220842 -6.9410906258095402 0
83.999999999999986 -6.9410906258095402 0
103.67024742779158 -6.9410906258095402 0
121.99999999999999 -6.9410906258095402 0
137.74011537017762 -6.9410906258095402 0
149.81793068761735 -6.9410906258095402 0
157.41036279796919 -6.9410906258095402 0
160 -6.9410906258095402 0
161.5 -6.9410906258095402 0
165.8411736558345 -6.9410906258095402 0
178.40503279590888 -6.9410906258095402 0
214.76629567224651 -6.9410906258095402 0
320 -6.9410906258095402 0
-320 -3.7036648318172993 0
-214.76629567224651 -3.7036648318172993 0
-178.40503279590888 -3.7036648318172993 0
-165.8411736558345 -3.7036648318172993 0
-161.5 -3.7036648318172993 0
-160 -3.7036648318172993 0
-157.41036279796919 -3.7036648318172993 0
-149.81793068761735 -3.7036648318172993 0
-137.74011537017762 -3.7036648318172993 0
-121.99999999999999 -3.7036648318172993 0
-103.67024742779158 -3.7036648318172993 0
-83.999999999999986 -3.7036648318172993 0
-64.32975257220842 -3.7036648318172993 0
-45.999999999999993 -3.7036648318172993 0
-30.259884629822384 -3.7036648318172993 0
-18.182069312382659 -3.7036648318172993 0
-10.589637202030808 -3.7036648318172993 0
-8 -3.7036648318172993 0
-6.5 -3.7036648318172993 0
-5 -3.7036648318172993 0
-2.5 -3.7036648318172993 0
0 -3.7036648318172993 0
2.5 -3.7036648318172993 0
5 -3.7036648318172993 0
6.5 -3.7036648318172993 0
8 -3.7036648318172993 0
10.589637202030808 -3.7036648318172993 0
18.182069312382659 -3.7036648318172993 0
30.259884629822384 -3.7036648318172993 0
45.999999999999993 -3.7036648318172993 0
64.32975257220842 -3.7036648318172993 0
83.999999999999986 -3.7036648318172993 0
103.67024742779158 -3.7036648318172993 0
121.99999999999999 -3.7036648318172993 0
137.74011537017762 -3.7036648318172993 0
149.81793068761735 -3.7036648318172993 0
157.41036279796919 -3.7036648318172993 0
160 -3.7036648318172993 0
161.5 -3.7036648318172993 0
165.8411736558345 -3.7036648318172993 0
178.40503279590888 -3.7036648318172993 0
214.76629567224651 -3.7036648318172993 0
320 -3.7036648318172993 0
-320 -1.5000000000000007 0
-214.76629567224651 -1.5000000000000007 0
-178.40503279590888 -1.5000000000000007 0
-165.8411736558345 -1.5000000000000007 0
-161.5 -1.5000000000000007 0
-160 -1.5000000000000007 0
-157.41036279796919 -1.5000000000000007 0
-149.81793068761735 -1.5000000000000007 0
-137.74011537017762 -1.5000000000000007 0
-121.99999999999999 -1.5000000000000007 0
-103.67024742779158 -1.5000000000000007 0
-83.999999999999986 -1.5000000000000007 0
-64.32975257220842 -1.5000000000000007 0
-45.999999999999993 -1.5000000000000007 0
-30.259884629822384 -1.5000000000000007 0
-18.182069312382659 -1.5000000000000007 0
-10.589637202030808 -1.5000000000000007 0
-8 -1.5000000000000007 0
-6.5 -1.5000000000000007 0
-5 -1.5000000000000007 0
-2.5 -1.5000000000000007 0
0 -1.5000000000000007 0
2.5 -1.5000000000000007 0
5 -1.5000000000000007 0
6.5 -1.5000000000000007 0
8 -1.5000000000000007 0
10.589637202030808 -1.5000000000000007 0
18.182069312382659 -1.5000000000000007 0
30.259884629822384 -1.5000000000000007 0
45.999999999999993 -1.5000000000000007 0
64.32975257220842 -1.5000000000000007 0
83.999999999999986 -1.5000000000000007 0
103.67024742779158 -1.5000000000000007 0
121.99999999999999 -1.5000000000000007 0
137.74011537017762 -1.5000000000000007 0
149.81793068761735 -1.5000000000000007 0
157.41036279796919 -1.5000000000000007 0
160 -1.5000000000000007 0
161.5 -1.5000000000000007 0
165.8411736558345 -1.5000000000000007 0
178.40503279590888 -1.5000000000000007 0
214.76629567224651 -1.5000000000000007 0
320 -1.5000000000000007 0
-320 0 0
-214.76629567224651 0 0
-178.40503279590888 0 0
-165.8411736558345 0 0
-161.5 0 0
-160 0 0
-157.41036279796919 0 0
-149.81793068761735 0 0
-137.74011537017762 0 0
-121.99999999999999 0 0
-103.67024742779158 0 0
-83.999999999999986 0 0
-64.32975257220842 0 0
-45.999999999999993 0 0
-30.259884629822384 0 0
-18.182069312382659 0 0
-10.589637202030808 0 0
-8 0 0
-6.5 0 0
-5 0 0
-2.5 0 0
0 0 0
2.5 0 0
5 0 0
6.5 0 0
8 0 0
10.589637202030808 0 0
18.182069312382659 0 0
30.259884629822384 0 0
45.999999999999993 0 0
64.32975257220842 0 0
83.999999999999986 0 0
103.67024742779158 0 0
121.99999999999999 0 0
137.74011537017762 0 0
149.81793068761735 0 0
157.41036279796919 0 0
160 0 0
161.5 0 0
165.8411736558345 0 0
178.40503279590888 0 0
214.76629567224651 0 0
320 0 0
-320 1.5000000000000007 0
-214.76629567224651 1.5000000000000007 0
-178.40503279590888 1.5000000000000007 0
-165.8411736558345 1.5000000000000007 0
-161.5 1.5000000000000007 0
-160 1.5000000000000007 0
-157.41036279796919 1.5000000000000007 0
-149.81793068761735 1.5000000000000007 0
-137.74011537017762 1.5000000000000007 0
-121.99999999999999 1.5000000000000007 0
-103.67024742779158 1.5000000000000007 0
-83.999999999999986 1.5000000000000007 0
-64.32975257220842 1.5000000000000007 0
-45.999999999999993 1.5000000000000007 0
-30.259884629822384 1.5000000000000007 0
-18.182069312382659 1.5000000000000007 0
-10.589637202030808 1.5000000000000007 0
-8 1.5000000000000007 0
-6.5 1.5000000000000007 0
-5 1.5000000000000007 0
-2.5 1.5000000000000007 0
0 1.5000000000000007 0
2.5 1.5000000000000007 0
5 1.5000000000000007 0
6.5 1.5000000000000007 0
8 1.5000000000000007 0
10.589637202030808 1.5000000000000007 0
18.182069312382659 1.5000000000000007 0
30.259884629822384 1.5000000000000007 0
45.999999999999993 1.5000000000000007 0
64.32975257220842 1.5000000000000007 0
83.999999999999986 1.5000000000000007 0
103.67024742779158 1.5000000000000007 0
121.99999999999999 1.5000000000000007 0
137.74011537017762 1.5000000000000007 0
149.81793068761735 1.5000000000000007 0
157.41036279796919 1.5000000000000007 0
160 1.5000000000000007 0
161.5 1.5000000000000007 0
165.8411736558345 1.5000000000000007 0
178.40503279590888 1.5000000000000007 0
214.76629567224651 1.5000000000000007 0
320 1.5000000000000007 0
-320 3.7036648318172993 0
-214.76629567224651 3.7036648318172993 0
-178.40503279590888 3.7036648318172993 0
-165.8411736558345 3.7036648318172993 0
-161.5 3.7036648318172993 0
-160 3.7036648318172993 0
-157.41036279796919 3.7036648318172993 0
-149.81793068761735 3.7036648318172993 0
-137.74011537017762 3.7036648318172993 0
-121.99999999999999 3.7036648318172993 0
-103.67024742779158 3.7036648318172993 0
-83.999999999999986 3.7036648318172993 0
-64.32975257220842 3.7036648318172993 0
-45.999999999999993 3.7036648318172993 0
-30.259884629822384 3.7036648318172993 0
-18.182069312382659 3.7036648318172993 0
-10.589637202030808 3.7036648318172993 0
-8 3.7036648318172993 0
-6.5 3.7036648318172993 0
-5 3.7036648318172993 0
-2.5 3.7036648318172993 0
0 3.7036648318172993 0
2.5 3.7036648318172993 0
5 3.7036648318172993 0
6.5 3.7036648318172993 0
8 3.7036648318172993 0
10.589637202030808 3.7036648318172993 0
18.182069312382659 3.7036648318172993 0
30.259884629822384 3.7036648318172993 0
45.999999999999993 3.7036648318172993 0
64.32975257220842 3.7036648318172993 0
83.999999999999986 3.7036648318172993 0
103.67024742779158 3.7036648318172993 0
121.99999999999999 3.7036648318172993 0
137.74011537017762 3.7036648318172993 0
149.81793068761735 3.7036648318172993 0
157.41036279796919 3.7036648318172993 0
160 3.7036648318172993 0
161.5 3.7036648318172993 0
165.8411736558345 3.7036648318172993 0
178.40503279590888 3.7036648318172993 0
214.76629567224651 3.7036648318172993 0
320 3.7036648318172993 0
-320 6.9410906258095402 0
-214.76629567224651 6.9410906258095402 0
-178.40503279590888 6.9410906258095402 0
-165.8411736558345 6.9410906258095402 0
-161.5 6.9410906258095402 0
-160 6.9410906258095402 0
-157.41036279796919 6.9410906258095402 0
-149.81793068761735 6.9410906258095402 0
-137.74011537017762 6.9410906258095402 0
-121.99999999999999 6.9410906258095402 0
-103.67024742779158 6.9410906258095402 0
-83.999999999999986 6.9410906258095402 0
-64.32975257220842 6.9410906258095402 0
-45.999999999999993 6.9410906258095402 0
-30.259884629822384 6.9410906258095402 0
-18.182069312382659 6.9410906258095402 0
-10.589637202030808 6.9410906258095402 0
-8 6.9410906258095402 0
-6.5 6.9410906258095402 0
-5 6.9410906258095402 0
-2.5 6.9410906258095402 0
0 6.9410906258095402 0
2.5 6.9410906258095402 0
5 6.9410906258095402 0
6.5 6.9410906258095402 0
8 6.9410906258095402 0
10.589637202030808 6.9410906258095402 0
18.182069312382659 6.9410906258095402 0
30.259884629822384 6.9410906258095402 0
45.999999999999993 6.9410906258095402 0
64.32975257220842 6.9410906258095402 0
83.999999999999986 6.9410906258095402 0
103.67024742779158 6.9410906258095402 0
121.99999999999999 6.9410906258095402 0
137.74011537017762 6.9410906258095402 0
149.81793068761735 6.9410906258095402 0
157.41036279796919 6.9410906258095402 0
160 6.9410906258095402 0
161.5 6.9410906258095402 0
165.8411736558345 6.9410906258095402 0
178.40503279590888 6.9410906258095402 0
214.76629567224651 6.9410906258095402 0
320 6.9410906258095402 0
-320 11.69722487103547 0
-214.76629567224651 11.69722487103547 0
-178.40503279590888 11.69722487103547 0
-165.8411736558345 11.69722487103547 0
-161.5 11.69722487103547 0
-160 11.69722487103547 0
-157.41036279796919 11.69722487103547 0
-149.81793068761735 11.69722487103547 0
-137.74011537017762 11.69722487103547 0
-121.99999999999999 11.69722487103547 0
-103.67024742779158 11.69722487103547 0
-83.999999999999986 11.69722487103547 0
-64.32975257220842 11.69722487103547 0
-45.999999999999993 11.69722487103547 0
-30.259884629822384 11.69722487103547 0
-18.182069312382659 11.69722487103547 0
-10.589637202030808 11.69722487103547 0
-8 11.69722487103547 0
-6.5 11.69722487103547 0
-5 11.69722487103547 0
-2.5 11.69722487103547 0
0 11.69722487103547 0
2.5 11.69722487103547 0
5 11.69722487103547 0
6.5 11.69722487103547 0
8 11.69722487103547 0
10.589637202030808 11.69722487103547 0
18.182069312382659 11.69722487103547 0
30.259884629822384 11.69722487103547 0
45.999999999999993 11.69722487103547 0
64.32975257220842 11.69722487103547 0
83.999999999999986 11.69722487103547 0
103.67024742779158 11.69722487103547 0
121.99999999999999 11.69722487103547 0
137.74011537017762 11.69722487103547 0
149.81793068761735 11.69722487103547 0
157.41036279796919 11.69722487103547 0
160 11.69722487103547 0
161.5 11.69722487103547 0
165.8411736558345 11.69722487103547 0
178.40503279590888 11.69722487103547 0
214.76629567224651 11.69722487103547 0
320 11.69722487103547 0
-320 18.684508718772996 0
-214.76629567224651 18.684508718772996 0
-178.40503279590888 18.684508718772996 0
-165.8411736558345 18.684508718772996 0
-161.5 18.684508718772996 0
-160 18.684508718772996 0
-157.41036279796919 18.684508718772996 0
-149.81793068761735 18.684508718772996 0
-137.74011537017762 18.684508718772996 0
-121.99999999999999 18.684508718772996 0
-103.67024742779158 18.684508718772996 0
-83.999999999999986 18.684508718772996 0
-64.32975257220842 18.684508718772996 0
-45.999999999999993 18.684508718772996 0
-30.259884629822384 18.684508718772996 0
-18.182069312382659 18.684508718772996 0
-10.589637202030808 18.684508718772996 0
-8 18.684508718772996 0
-6.5 18.684508718772996 0
-5 18.684508718772996 0
-2.5 18.684508718772996 0
0 18.684508718772996 0
2.5 18.684508718772996 0
5 18.684508718772996 0
6.5 18.684508718772996 0
8 18.684508718772996 0
10.589637202030808 18.684508718772996 0
18.182069312382659 18.684508718772996 0
30.259884629822384 18.684508718772996 0
45.999999999999993 18.684508718772996 0
64.32975257220842 18.684508718772996 0
83.999999999999986 18.684508718772996 0
103.67024742779158 18.684508718772996 0
121.99999999999999 18.684508718772996 0
137.74011537017762 18.684508718772996 0
149.81793068761735 18.684508718772996 0
157.41036279796919 18.684508718772996 0
160 18.684508718772996 0
161.5 18.684508718772996 0
165.8411736558345 18.684508718772996 0
178.40503279590888 18.684508718772996 0
214.76629567224651 18.684508718772996 0
320 18.684508718772996 0
-320 28.949596508895819 0
-214.76629567224651 28.949596508895819 0
-178.40503279590888 28.949596508895819 0
-165.8411736558345 28.949596508895819 0
-161.5 28.949596508895819 0
-160 28.949596508895819 0
-157.41036279796919 28.949596508895819 0
-149.81793068761735 28.949596508895819 0
-137.74011537017762 28.949596508895819 0
-121.99999999999999 28.949596508895819 0
-103.67024742779158 28.949596508895819 0
-83.999999999999986 28.949596508895819 0
-64.32975257220842 28.949596508895819 0
-45.999999999999993 28.949596508895819 0
-30.259884629822384 28.949596508895819 0
-18.182069312382659 28.949596508895819 0
-10.589637202030808 28.949596508895819 0
-8 28.949596508895819 0
-6.5 28.949596508895819 0
-5 28.949596508895819 0
-2.5 28.949596508895819 0
0 28.949596508895819 0
2.5 28.949596508895819 0
5 28.949596508895819 0
6.5 28.949596508895819 0
8 28.949596508895819 0
10.589637202030808 28.949596508895819 0
18.182069312382659 28.949596508895819 0
30.259884629822384 28.949596508895819 0
45.999999999999993 28.949596508895819 0
64.32975257220842 28.949596508895819 0
83.999999999999986 28.949596508895819 0
103.67024742779158 28.949596508895819 0
121.99999999999999 28.949596508895819 0
137.74011537017762 28.949596508895819 0
149.81793068761735 28.949596508895819 0
157.41036279796919 28.949596508895819 0
160 28.949596508895819 0
161.5 28.949596508895819 0
165.8411736558345 28.949596508895819 0
178.40503279590888 28.949596508895819 0
214.76629567224651 28.949596508895819 0
320 28.949596508895819 0
-320 44.030138481303027 0
-214.76629567224651 44.030138481303027 0
-178.40503279590888 44.030138481303027 0
-165.8411736558345 44.030138481303027 0
-161.5 44.030138481303027 0
-160 44.030138481303027 0
-157.41036279796919 44.030138481303027 0
-149.81793068761735 44.030138481303027 0
-137.74011537017762 44.030138481303027 0
-121.99999999999999 44.030138481303027 0
-103.67024742779158 44.030138481303027 0
-83.999999999999986 44.030138481303027 0
-64.32975257220842 44.030138481303027 0
-45.999999999999993 44.030138481303027 0
-30.259884629822384 44.030138481303027 0
-18.182069312382659 44.030138481303027 0
-10.589637202030808 44.030138481303027 0
-8 44.030138481303027 0
-6.5 44.030138481303027 0
-5 44.030138481303027 0
-2.5 44.030138481303027 0
0 44.030138481303027 0
2.5 44.030138481303027 0
5 44.030138481303027 0
6.5 44.030138481303027 0
8 44.030138481303027 0
10.589637202030808 44.030138481303027 0
18.182069312382659 44.030138481303027 0
30.259884629822384 44.030138481303027 0
45.999999999999993 44.030138481303027 0
64.32975257220842 44.030138481303027 0
83.999999999999986 44.030138481303027 0
103.67024742779158 44.030138481303027 0
121.99999999999999 44.030138481303027 0
137.74011537017762 44.030138481303027 0
149.81793068761735 44.030138481303027 0
157.41036279796919 44.030138481303027 0
160 44.030138481303027 0
161.5 44.030138481303027 0
165.8411736558345 44.030138481303027 0
178.40503279590888 44.030138481303027 0
214.76629567224651 44.030138481303027 0
320 44.030138481303027 0
-320 66.185111807528642 0
-214.76629567224651 66.185111807528642 0
-178.40503279590888 66.185111807528642 0
-165.8411736558345 66.185111807528642 0
-161.5 66.185111807528642 0
-160 66.185111807528642 0
-157.41036279796919 66.185111807528642 0
-149.81793068761735 66.185111807528642 0
-137.74011537017762 66.185111807528642 0
-121.99999999999999 66.185111807528642 0
-103.67024742779158 66.185111807528642 0
-83.999999999999986 66.185111807528642 0
-64.32975257220842 66.185111807528642 0
-45.999999999999993 66.185111807528642 0
-30.259884629822384 66.185111807528642 0
-18.182069312382659 66.185111807528642 0
-10.589637202030808 66.185111807528642 0
-8 66.185111807528642 0
-6.5 66.185111807528642 0
-5 66.185111807528642 0
-2.5 66.185111807528642 0
0 66.185111807528642 0
2.5 66.185111807528642 0
5 66.185111807528642 0
6.5 66.185111807528642 0
8 66.185111807528642 0
10.589637202030808 66.185111807528642 0
18.182069312382659 66.185111807528642 0
30.259884629822384 66.185111807528642 0
45.999999999999993 66.185111807528642 0
64.32975257220842 66.185111807528642 0
83.999999999999986 66.185111807528642 0
103.67024742779158 66.185111807528642 0
121.99999999999999 66.185111807528642 0
137.74011537017762 66.185111807528642 0
149.81793068761735 66.185111807528642 0
157.41036279796919 66.185111807528642 0
160 66.185111807528642 0
161.5 66.185111807528642 0
165.8411736558345 66.185111807528642 0
178.40503279590888 66.185111807528642 0
214.76629567224651 66.185111807528642 0
320 66.185111807528642 0
-320 98.73320218676443 0
-214.76629567224651 98.73320218676443 0
-178.40503279590888 98.73320218676443 0
-165.8411736558345 98.73320218676443 0
-161.5 98.73320218676443 0
-160 98.73320218676443 0
-157.41036279796919 98.73320218676443 0
-149.81793068761735 98.73320218676443 0
-137.74011537017762 98.73320218676443 0
-121.99999999999999 98.73320218676443 0
-103.67024742779158 98.73320218676443 0
-83.999999999999986 98.73320218676443 0
-64.32975257220842 98.73320218676443 0
-45.999999999999993 98.73320218676443 0
-30.259884629822384 98.73320218676443 0
-18.182069312382659 98.73320218676443 0
-10.589637202030808 98.73320218676443 0
-8 98.73320218676443 0
-6.5 98.73320218676443 0
-5 98.73320218676443 0
-2.5 98.73320218676443 0
0 98.73320218676443 0
2.5 98.73320218676443 0
5 98.73320218676443 0
6.5 98.73320218676443 0
8 98.73320218676443 0
10.589637202030808 98.73320218676443 0
18.182069312382659 98.73320218676443 0
30.259884629822384 98.73320218676443 0
45.999999999999993 98.73320218676443 0
64.32975257220842 98.73320218676443 0
83.999999999999986 98.73320218676443 0
103.67024742779158 98.73320218676443 0
121.99999999999999 98.73320218676443 0
137.74011537017762 98.73320218676443 0
149.81793068761735 98.73320218676443 0
157.41036279796919 98.73320218676443 0
160 98.73320218676443 0
161.5 98.73320218676443 0
165.8411736558345 98.73320218676443 0
178.40503279590888 98.73320218676443 0
214.76629567224651 98.73320218676443 0
320 98.73320218676443 0
-320 146.54992359445299 0
-214.76629567224651 146.54992359445299 0
-178.40503279590888 146.54992359445299 0
-165.8411736558345 146.54992359445299 0
-161.5 146.54992359445299 0
-160 146.54992359445299 0
-157.41036279796919 146.54992359445299 0
-149.81793068761735 146.54992359445299 0
-137.74011537017762 146.54992359445299 0
-121.99999999999999 146.54992359445299 0
-103.67024742779158 146.54992359445299 0
-83.999999999999986 146.54992359445299 0
-64.32975257220842 146.54992359445299 0
-45.999999999999993 146.54992359445299 0
-30.259884629822384 146.54992359445299 0
-18.182069312382659 146.54992359445299 0
-10.589637202030808 146.54992359445299 0
-8 146.54992359445299 0
-6.5 146.54992359445299 0
-5 146.54992359445299 0
-2.5 146.54992359445299 0
0 146.54992359445299 0
2.5 146.54992359445299 0
5 146.54992359445299 0
6.5 146.54992359445299 0
8 146.54992359445299 0
10.589637202030808 146.54992359445299 0
18.182069312382659 146.54992359445299 0
30.259884629822384 146.54992359445299 0
45.999999999999993 146.54992359445299 0
64.32975257220842 146.54992359445299 0
83.999999999999986 146.54992359445299 0
103.67024742779158 146.54992359445299 0
121.99999999999999 146.54992359445299 0
137.74011537017762 146.54992359445299 0
149.81793068761735 146.54992359445299 0
157.41036279796919 146.54992359445299 0
160 146.54992359445299 0
161.5 146.54992359445299 0
165.8411736558345 146.54992359445299 0
178.40503279590888 146.54992359445299 0
214.76629567224651 146.54992359445299 0
320 146.54992359445299 0
-320 216.79794182040541 0
-214.76629567224651 216.79794182040541 0
-178.40503279590888 216.79794182040541 0
-165.8411736558345 216.79794182040541 0
-161.5 216.79794182040541 0
-160 216.79794182040541 0
-157.41036279796919 216.79794182040541 0
-149.81793068761735 216.79794182040541 0
-137.74011537017762 216.79794182040541 0
-121.99999999999999 216.79794182040541 0
-103.67024742779158 216.79794182040541 0
-83.999999999999986 216.79794182040541 0
-64.32975257220842 216.79794182040541 0
-45.999999999999993 216.79794182040541 0
-30.259884629822384 216.79794182040541 0
-18.182069312382659 216.79794182040541 0
-10.589637202030808 216.79794182040541 0
-8 216.79794182040541 0
-6.5 216.79794182040541 0
-5 216.79794182040541 0
-2.5 216.79794182040541 0
0 216.79794182040541 0
2.5 216.79794182040541 0
5 216.79794182040541 0
6.5 216.79794182040541 0
8 216.79794182040541 0
10.589637202030808 216.79794182040541 0
18.182069312382659 216.79794182040541 0
30.259884629822384 216.79794182040541 0
45.999999999999993 216.79794182040541 0
64.32975257220842 216.79794182040541 0
83.999999999999986 216.79794182040541 0
103.67024742779158 216.79794182040541 0
121.99999999999999 216.79794182040541 0
137.74011537017762 216.79794182040541 0
149.81793068761735 216.79794182040541 0
157.41036279796919 216.79794182040541 0
160 216.79794182040541 0
161.5 216.79794182040541 0
165.8411736558345 216.79794182040541 0
178.40503279590888 216.79794182040541 0
214.76629567224651 216.79794182040541 0
320 216.79794182040541 0
-320 320 0
-214.76629567224651 320 0
-178.40503279590888 320 0
-165.8411736558345 320 0
-161.5 320 0
-160 320 0
-157.41036279796919 320 0
-149.81793068761735 320 0
-137.74011537017762 320 0
-121.99999999999999 320 0
-103.67024742779158 320 0
-83.999999999999986 320 0
-64.32975257220842 320 0
-45.999999999999993 320 0
-30.259884629822384 320 0
-18.182069312382659 320 0
-10.589637202030808 320 0
-8 320 0
-6.5 320 0
-5 320 0
-2.5 320 0
0 320 0
2.5 320 0
5 320 0
6.5 320 0
8 320 0
10.589637202030808 320 0
18.182069312382659 320 0
30.259884629822384 320 0
45.999999999999993 320 0
64.32975257220842 320 0
83.999999999999986 320 0
103.67024742779158 320 0
121.99999999999999 320 0
137.74011537017762 320 0
149.81793068761735 320 0
157.41036279796919 320 0
160 320 0
161.5 320 0
165.8411736558345 320 0
178.40503279590888 320 0
214.76629567224651 320 0
320 320 0
-320 -320 3.3333333333333335
-214.76629567224651 -320 3.3333333333333335
-178.40503279590888 -320 3.3333333333333335
-165.8411736558345 -320 3.3333333333333335
-161.5 -320 3.3333333333333335
-160 -320 3.3333333333333335
-157.41036279796919 -320 3.3333333333333335
-149.81793068761735 -320 3.3333333333333335
-137.74011537017762 -320 3.3333333333333335
-121.99999999999999 -320 3.3333333333333335
-103.67024742779158 -320 3.3333333333333335
-83.999999999999986 -320 3.3333333333333335
-64.32975257220842 -320 3.3333333333333335
-45.999999999999993 -320 3.3333333333333335
-30.259884629822384 -320 3.3333333333333335
-18.182069312382659 -320 3.3333333333333335
-10.589637202030808 -320 3.3333333333333335
-8 -320 3.3333333333333335
-6.5 -320 3.3333333333333335
-5 -320 3.3333333333333335
-2.5 -320 3.3333333333333335
0 -320 3.3333333333333335
2.5 -320 3.3333333333333335
5 -320 3.3333333333333335
6.5 -320 3.3333333333333335
8 -320 3.3333333333333335
10.589637202030808 -320 3.3333333333333335
18.182069312382659 -320 3.3333333333333335
30.259884629822384 -320 3.3333333333333335
45.999999999999993 -320 3.3333333333333335
64.32975257220842 -320 3.3333333333333335
83.999999999999986 -320 3.3333333333333335
103.67024742779158 -320 3.3333333333333335
121.99999999999999 -320 3.3333333333333335
137.74011537017762 -320 3.3333333333333335
149.81793068761735 -320 3.3333333333333335
157.41036279796919 -320 3.3333333333333335
160 -320 3.3333333333333335
161.5 -320 3.3333333333333335
165.8411736558345 -320 3.3333333333333335
178.40503279590888 -320 3.3333333333333335
214.76629567224651 -320 3.3333333333333335
320 -320 3.3333333333333335
-320 -216.79794182040541 3.3333333333333335
-214.76629567224651 -216.79794182040541 3.3333333333333335
-178.40503279590888 -216.79794182040541 3.3333333333333335
-165.8411736558345 -216.79794182040541 3.3333333333333335
-161.5 -216.79794182040541 3.3333333333333335
-160 -216.79794182040541 3.3333333333333335
-157.41036279796919 -216.79794182040541 3.3333333333333335
-149.81793068761735 -216.79794182040541 3.3333333333333335
-137.74011537017762 -216.79794182040541 3.3333333333333335
-121.99999999999999 -216.79794182040541 3.3333333333333335
-103.67024742779158 -216.79794182040541 3.3333333333333335
-83.999999999999986 -216.79794182040541 3.3333333333333335
-64.32975257220842 -216.79794182040541 3.3333333333333335
-45.999999999999993 -216.79794182040541 3.3333333333333335
-30.259884629822384 -216.79794182040541 3.3333333333333335
-18.182069312382659 -216.79794182040541 3.3333333333333335
-10.589637202030808 -216.79794182040541 3.3333333333333335
-8 -216.79794182040541 3.3333333333333335
-6.5 -216.79794182040541 3.3333333333333335
-5 -216.79794182040541 3.3333333333333335
-2.5 -216.79794182040541 3.3333333333333335
0 -216.79794182040541 3.3333333333333335
2.5 -216.79794182040541 3.3333333333333335
5 -216.79794182040541 3.3333333333333335
6.5 -216.79794182040541 3.3333333333333335
8 -216.79794182040541 3.3333333333333335
10.589637202030808 -216.79794182040541 3.3333333333333335
18.182069312382659 -216.79794182040541 3.3333333333333335
30.259884629822384 -216.79794182040541 3.3333333333333335
45.999999999999993 -216.79794182040541 3.3333333333333335
64.32975257220842 -216.79794182040541 3.3333333333333335
83.999999999999986 -216.79794182040541 3.3333333333333335
103.67024742779158 -216.79794182040541 3.3333333333333335
121.99999999999999 -216.79794182040541 3.3333333333333335
137.74011537017762 -216.79794182040541 3.3333333333333335
149.81793068761735 -216.79794182040541 3.3333333333333335
157.41036279796919 -216.79794182040541 3.3333333333333335
160 -216.79794182040541 3.3333333333333335
161.5 -216.79794182040541 3.3333333333333335
165.8411736558345 -216.79794182040541 3.3333333333333335
178.40503279590888 -216.79794182040541 3.3333333333333335
214.76629567224651 -216.79794182040541 3.3333333333333335
320 -216.79794182040541 3.3333333333333335
-320 -146.54992359445299 3.3333333333333335
-214.76629567224651 -146.54992359445299 3.3333333333333335
-178.40503279590888 -146.54992359445299 3.3333333333333335
-165.8411736558345 -146.54992359445299 3.3333333333333335
-161.5 -146.54992359445299 3.3333333333333335
-160 -146.54992359445299 3.3333333333333335
-157.41036279796919 -146.54992359445299 3.3333333333333335
-149.81793068761735 -146.54992359445299 3.3333333333333335
-137.74011537017762 -146.54992359445299 3.3333333333333335
-121.99999999999999 -146.54992359445299 3.3333333333333335
-103.67024742779158 -146.54992359445299 3.3333333333333335
-83.999999999999986 -146.54992359445299 3.3333333333333335
-64.32975257220842 -146.54992359445299 3.3333333333333335
-45.999999999999993 -146.54992359445299 3.3333333333333335
-30.259884629822384 -146.54992359445299 3.3333333333333335
-18.182069312382659 -146.54992359445299 3.3333333333333335
-10.589637202030808 -146.54992359445299 3.3333333333333335
-8 -146.54992359445299 3.3333333333333335
-6.5 -146.54992359445299 3.3333333333333335
-5 -146.54992359445299 3.3333333333333335
-2.5 -146.54992359445299 3.3333333333333335
0 -146.54992359445299 3.3333333333333335
2.5 -146.54992359445299 3.3333333333333335
5 -146.54992359445299 3.3333333333333335
6.5 -146.54992359445299 3.3333333333333335
8 -146.54992359445299 3.3333333333333335
10.589637202030808 -146.54992359445299 3.3333333333333335
18.182069312382659 -146.54992359445299 3.3333333333333335
30.259884629822384 -146.54992359445299 3.3333333333333335
45.999999999999993 -146.54992359445299 3.3333333333333335
64.32975257220842 -146.54992359445299 3.3333333333333335
83.999999999999986 -146.54992359445299 3.3333333333333335
103.67024742779158 -146.54992359445299 3.3333333333333335
121.99999999999999 -146.54992359445299 3.3333333333333335
137.74011537017762 -146.54992359445299 3.3333333333333335
149.81793068761735 -146.54992359445299 3.3333333333333335
157.41036279796919 -146.54992359445299 3.3333333333333335
160 -146.54992359445299 3.3333333333333335
161.5 -146.54992359445299 3.3333333333333335
165.8411736558345 -146.54992359445299 3.3333333333333335
178.40503279590888 -146.54992359445299 3.3333333333333335
214.76629567224651 -146.54992359445299 3.3333333333333335
320 -146.54992359445299 3.3333333333333335
-320 -98.73320218676443 3.3333333333333335
-214.76629567224651 -98.73320218676443 3.3333333333333335
-178.40503279590888 -98.73320218676443 3.3333333333333335
-165.8411736558345 -98.73320218676443 3.3333333333333335
-161.5 -98.73320218676443 3.3333333333333335
-160 -98.73320218676443 3.3333333333333335
-157.41036279796919 -98.73320218676443 3.3333333333333335
-149.81793068761735 -98.73320218676443 3.3333333333333335
-137.74011537017762 -98.73320218676443 3.3333333333333335
-121.99999999999999 -98.73320218676443 3.3333333333333335
-103.67024742779158 -98.73320218676443 3.3333333333333335
-83.999999999999986 -98.73320218676443 3.3333333333333335
-64.32975257220842 -98.73320218676443 3.3333333333333335
-45.999999999999993 -98.73320218676443 3.3333333333333335
-30.259884629822384 -98.73320218676443 3.3333333333333335
-18.182069312382659 -98.73320218676443 3.3333333333333335
-10.589637202030808 -98.73320218676443 3.3333333333333335
-8 -98.73320218676443 3.3333333333333335
-6.5 -98.73320218676443 3.3333333333333335
-5 -98.73320218676443 3.3333333333333335
-2.5 -98.73320218676443 3.3333333333333335
0 -98.73320218676443 3.3333333333333335
2.5 -98.73320218676443 3.3333333333333335
5 -98.73320218676443 3.3333333333333335
6.5 -98.73320218676443 3.3333333333333335
8 -98.73320218676443 3.3333333333333335
10.589637202030808 -98.73320218676443 3.3333333333333335
18.182069312382659 -98.73320218676443 3.3333333333333335
30.259884629822384 -98.73320218676443 3.3333333333333335
45.999999999999993 -98.73320218676443 3.3333333333333335
64.32975257220842 -98.73320218676443 3.3333333333333335
83.999999999999986 -98.73320218676443 3.3333333333333335
103.67024742779158 -98.73320218676443 3.3333333333333335
121.99999999999999 -98.73320218676443 3.3333333333333335
137.74011537017762 -98.73320218676443 3.3333333333333335
149.81793068761735 -98.73320218676443 3.3333333333333335
157.41036279796919 -98.73320218676443 3.3333333333333335
160 -98.73320218676443 3.3333333333333335
161.5 -98.73320218676443 3.3333333333333335
165.8411736558345 -98.73320218676443 3.3333333333333335
178.40503279590888 -98.73320218676443 3.3333333333333335
214.76629567224651 -98.73320218676443 3.3333333333333335
320 -98.73320218676443 3.3333333333333335
-320 -66.185111807528642 3.3333333333333335
-214.76629567224651 -66.185111807528642 3.3333333333333335
-178.40503279590888 -66.185111807528642 3.3333333333333335
-165.8411736558345 -66.185111807528642 3.3333333333333335
-161.5 -66.185111807528642 3.3333333333333335
-160 -66.185111807528642 3.3333333333333335
-157.41036279796919 -66.185111807528642 3.3333333333333335
-149.81793068761735 -66.185111807528642 3.3333333333333335
-137.74011537017762 -66.185111807528642 3.3333333333333335
-121.99999999999999 -66.185111807528642 3.3333333333333335
-103.67024742779158 -66.185111807528642 3.3333333333333335
-83.999999999999986 -66.185111807528642 3.3333333333333335
-64.32975257220842 -66.185111807528642 3.3333333333333335
-45.999999999999993 -66.185111807528642 3.3333333333333335
-30.259884629822384 -66.185111807528642 3.3333333333333335
-18.182069312382659 -66.185111807528642 3.3333333333333335
-10.589637202030808 -66.185111807528642 3.3333333333333335
-8 -66.185111807528642 3.3333333333333335
-6.5 -66.185111807528642 3.3333333333333335
-5 -66.185111807528642 3.3333333333333335
-2.5 -66.185111807528642 3.3333333333333335
0 -66.185111807528642 3.3333333333333335
2.5 -66.185111807528642 3.3333333333333335
5 -66.185111807528642 3.3333333333333335
6.5 -66.185111807528642 3.3333333333333335
8 -66.185111807528642 3.3333333333333335
10.589637202030808 -66.185111807528642 3.3333333333333335
18.182069312382659 -66.185111807528642 3.3333333333333335
30.259884629822384 -66.185111807528642 3.3333333333333335
45.999999999999993 -66.185111807528642 3.3333333333333335
64.32975257220842 -66.185111807528642 3.3333333333333335
83.999999999999986 -66.185111807528642 3.3333333333333335
103.67024742779158 -66.185111807528642 3.3333333333333335
121.99999999999999 -66.185111807528642 3.3333333333333335
137.74011537017762 -66.185111807528642 3.3333333333333335
149.81793068761735 -66.185111807528642 3.3333333333333335
157.41036279796919 -66.185111807528642 3.3333333333333335
160 -66.185111807528642 3.3333333333333335
161.5 -66.185111807528642 3.3333333333333335
165.8411736558345 -66.185111807528642 3.3333333333333335
178.40503279590888 -66.185111807528642 3.3333333333333335
214.76629567224651 -66.185111807528642 3.3333333333333335
320 -66.185111807528642 3.3333333333333335
-320 -44.030138481303027 3.3333333333333335
-214.76629567224651 -44.030138481303027 3.3333333333333335
-178.40503279590888 -44.030138481303027 3.3333333333333335
-165.8411736558345 -44.030138481303027 3.3333333333333335
-161.5 -44.030138481303027 3.3333333333333335
-160 -44.030138481303027 3.3333333333333335
-157.41036279796919 -44.030138481303027 3.3333333333333335
-149.81793068761735 -44.030138481303027 3.3333333333333335
-137.74011537017762 -44.030138481303027 3.3333333333333335
-121.99999999999999 -44.030138481303027 3.3333333333333335
-103.67024742779158 -44.030138481303027 3.3333333333333335
-83.999999999999986 -44.030138481303027 3.3333333333333335
-64.32975257220842 -44.030138481303027 3.3333333333333335
-45.999999999999993 -44.030138481303027 3.3333333333333335
-30.259884629822384 -44.030138481303027 3.3333333333333335
-18.182069312382659 -44.030138481303027 3.3333333333333335
-10.589637202030808 -44.030138481303027 3.3333333333333335
-8 -44.030138481303027 3.3333333333333335
-6.5 -44.030138481303027 3.3333333333333335
-5 -44.030138481303027 3.3333333333333335
-2.5 -44.030138481303027 3.3333333333333335
0 -44.030138481303027 3.3333333333333335
2.5 -44.030138481303027 3.3333333333333335
5 -44.030138481303027 3.3333333333333335
6.5 -44.030138481303027 3.3333333333333335
8 -44.030138481303027 3.3333333333333335
10.589637202030808 -44.030138481303027 3.3333333333333335
18.182069312382659 -44.030138481303027 3.3333333333333335
30.259884629822384 -44.030138481303027 3.3333333333333335
45.999999999999993 -44.030138481303027 3.3333333333333335
64.32975257220842 -44.030138481303027 3.3333333333333335
83.999999999999986 -44.030138481303027 3.3333333333333335
103.67024742779158 -44.030138481303027 3.3333333333333335
121.99999999999999 -44.030138481303027 3.3333333333333335
137.74011537017762 -44.030138481303027 3.3333333333333335
149.81793068761735 -44.030138481303027 3.3333333333333335
157.41036279796919 -44.030138481303027 3.3333333333333335
160 -44.030138481303027 3.3333333333333335
161.5 -44.030138481303027 3.3333333333333335
165.8411736558345 -44.030138481303027 3.3333333333333335
178.40503279590888 -44.030138481303027 3.3333333333333335
214.76629567224651 -44.030138481303027 3.3333333333333335
320 -44.030138481303027 3.3333333333333335
-320 -28.949596508895819 3.3333333333333335
-214.76629567224651 -28.949596508895819 3.3333333333333335
-178.40503279590888 -28.949596508895819 3.3333333333333335
-165.8411736558345 -28.949596508895819 3.3333333333333335
-161.5 -28.949596508895819 3.3333333333333335
-160 -28.949596508895819 3.3333333333333335
-157.41036279796919 -28.949596508895819 3.3333333333333335
-149.81793068761735 -28.949596508895819 3.3333333333333335
-137.74011537017762 -28.949596508895819 3.3333333333333335
-121.99999999999999 -28.949596508895819 3.3333333333333335
-103.67024742779158 -28.949596508895819 3.3333333333333335
-83.999999999999986 -28.949596508895819 3.3333333333333335
-64.32975257220842 -28.949596508895819 3.3333333333333335
-45.999999999999993 -28.949596508895819 3.3333333333333335
-30.259884629822384 -28.949596508895819 3.3333333333333335
-18.182069312382659 -28.949596508895819 3.3333333333333335
-10.589637202030808 -28.949596508895819 3.3333333333333335
-8 -28.949596508895819 3.3333333333333335
-6.5 -28.949596508895819 3.3333333333333335
-5 -28.949596508895819 3.3333333333333335
-2.5 -28.949596508895819 3.3333333333333335
0 -28.949596508895819 3.3333333333333335
2.5 -28.949596508895819 3.3333333333333335
5 -28.949596508895819 3.3333333333333335
6.5 -28.949596508895819 3.3333333333333335
8 -28.949596508895819 3.3333333333333335
10.589637202030808 -28.949596508895819 3.3333333333333335
18.182069312382659 -28.949596508895819 3.3333333333333335
30.259884629822384 -28.949596508895819 3.3333333333333335
45.999999999999993 -28.949596508895819 3.3333333333333335
64.32975257220842 -28.949596508895819 3.3333333333333335
83.999999999999986 -28.949596508895819 3.3333333333333335
103.67024742779158 -28.949596508895819 3.3333333333333335
121.99999999999999 -28.949596508895819 3.3333333333333335
137.74011537017762 -28.949596508895819 3.3333333333333335
149.81793068761735 -28.949596508895819 3.3333333333333335
157.41036279796919 -28.949596508895819 3.3333333333333335
160 -28.949596508895819 3.3333333333333335
161.5 -28.949596508895819 3.3333333333333335
165.8411736558345 -28.949596508895819 3.3333333333333335
178.40503279590888 -28.949596508895819 3.3333333333333335
214.76629567224651 -28.949596508895819 3.3333333333333335
320 -28.949596508895819 3.3333333333333335
-320 -18.684508718772996 3.3333333333333335
-214.76629567224651 -18.684508718772996 3.3333333333333335
-178.40503279590888 -18.684508718772996 3.3333333333333335
-165.8411736558345 -18.684508718772996 3.3333333333333335
-161.5 -18.684508718772996 3.3333333333333335
-160 -18.684508718772996 3.3333333333333335
-157.41036279796919 -18.684508718772996 3.3333333333333335
-149.81793068761735 -18.684508718772996 3.3333333333333335
-137.74011537017762 -18.684508718772996 3.3333333333333335
-121.99999999999999 -18.684508718772996 3.3333333333333335
-103.67024742779158 -18.684508718772996 3.3333333333333335
-83.999999999999986 -18.684508718772996 3.3333333333333335
-64.32975257220842 -18.684508718772996 3.3333333333333335
-45.999999999999993 -18.684508718772996 3.3333333333333335
-30.259884629822384 -18.684508718772996 3.3333333333333335
-18.182069312382659 -18.684508718772996 3.3333333333333335
-10.589637202030808 -18.684508718772996 3.3333333333333335
-8 -18.684508718772996 3.3333333333333335
-6.5 -18.684508718772996 3.3333333333333335
-5 -18.684508718772996 3.3333333333333335
-2.5 -18.684508718772996 3.3333333333333335
0 -18.684508718772996 3.3333333333333335
2.5 -18.684508718772996 3.3333333333333335
5 -18.684508718772996 3.3333333333333335
6.5 -18.684508718772996 3.3333333333333335
8 -18.684508718772996 3.3333333333333335
10.589637202030808 -18.684508718772996 3.3333333333333335
18.182069312382659 -18.684508718772996 3.3333333333333335
30.259884629822384 -18.684508718772996 3.3333333333333335
45.999999999999993 -18.684508718772996 3.3333333333333335
64.32975257220842 -18.684508718772996 3.3333333333333335
83.999999999999986 -18.684508718772996 3.3333333333333335
103.67024742779158 -18.684508718772996 3.3333333333333335
121.99999999999999 -18.684508718772996 3.3333333333333335
137.74011537017762 -18.684508718772996 3.3333333333333335
149.81793068761735 -18.684508718772996 3.3333333333333335
157.41036279796919 -18.684508718772996 3.3333333333333335
160 -18.684508718772996 3.3333333333333335
161.5 -18.684508718772996 3.3333333333333335
165.8411736558345 -18.684508718772996 3.3333333333333335
178.40503279590888 -18.684508718772996 3.3333333333333335
214.76629567224651 -18.684508718772996 3.3333333333333335
320 -18.684508718772996 3.3333333333333335
-320 -11.69722487103547 3.3333333333333335
-214.76629567224651 -11.69722487103547 3.3333333333333335
-178.40503279590888 -11.69722487103547 3.3333333333333335
-165.8411736558345 -11.69722487103547 3.3333333333333335
-161.5 -11.69722487103547 3.3333333333333335
-160 -11.69722487103547 3.3333333333333335
-157.41036279796919 -11.69722487103547 3.3333333333333335
-149.81793068761735 -11.69722487103547 3.3333333333333335
-137.74011537017762 -11.69722487103547 3.3333333333333335
-121.99999999999999 -11.69722487103547 3.3333333333333335
-103.67024742779158 -11.69722487103547 3.3333333333333335
-83.999999999999986 -11.69722487103547 3.3333333333333335
-64.32975257220842 -11.69722487103547 3.3333333333333335
-45.999999999999993 -11.69722487103547 3.3333333333333335
-30.259884629822384 -11.69722487103547 3.3333333333333335
-18.182069312382659 -11.69722487103547 3.3333333333333335
-10.589637202030808 -11.69722487103547 3.3333333333333335
-8 -11.69722487103547 3.3333333333333335
-6.5 -11.69722487103547 3.3333333333333335
-5 -11.69722487103547 3.3333333333333335
-2.5 -11.69722487103547 3.3333333333333335
0 -11.69722487103547 3.3333333333333335
2.5 -11.69722487103547 3.3333333333333335
5 -11.69722487103547 3.3333333333333335
6.5 -11.69722487103547 3.3333333333333335
8 -11.69722487103547 3.3333333333333335
10.589637202030808 -11.69722487103547 3.3333333333333335
18.182069312382659 -11.69722487103547 3.3333333333333335
30.259884629822384 -11.69722487103547 3.3333333333333335
45.999999999999993 -11.69722487103547 3.3333333333333335
64.32975257220842 -11.69722487103547 3.3333333333333335
83.999999999999986 -11.69722487103547 3.3333333333333335
103.67024742779158 -11.69722487103547 3.3333333333333335
121.99999999999999 -11.69722487103547 3.3333333333333335
137.74011537017762 -11.69722487103547 3.3333333333333335
149.81793068761735 -11.69722487103547 3.3333333333333335
157.41036279796919 -11.69722487103547 3.3333333333333335
160 -11.69722487103547 3.3333333333333335
161.5 -11.69722487103547 3.3333333333333335
165.8411736558345 -11.69722487103547 3.3333333333333335
178.40503279590888 -11.69722487103547 3.3333333333333335
214.76629567224651 -11.69722487103547 3.3333333333333335
320 -11.69722487103547 3.3333333333333335
-320 -6.9410906258095402 3.3333333333333335
-214.76629567224651 -6.9410906258095402 3.3333333333333335
-178.40503279590888 -6.9410906258095402 3.3333333333333335
-165.8411736558345 -6.9410906258095402 3.3333333333333335
-161.5 -6.9410906258095402 3.3333333333333335
-160 -6.9410906258095402 3.3333333333333335
-157.41036279796919 -6.9410906258095402 3.3333333333333335
-149.81793068761735 -6.9410906258095402 3.3333333333333335
-137.74011537017762 -6.9410906258095402 3.3333333333333335
-121.99999999999999 -6.9410906258095402 3.3333333333333335
-103.67024742779158 -6.9410906258095402 3.3333333333333335
-83.999999999999986 -6.9410906258095402 3.3333333333333335
-64.32975257220842 -6.9410906258095402 3.3333333333333335
-45.999999999999993 -6.9410906258095402 3.3333333333333335
-30.259884629822384 -6.9410906258095402 3.3333333333333335
-18.182069312382659 -6.9410906258095402 3.3333333333333335
-10.589637202030808 -6.9410906258095402 3.3333333333333335
-8 -6.9410906258095402 3.3333333333333335
-6.5 -6.9410906258095402 3.3333333333333335
-5 -6.9410906258095402 3.3333333333333335
-2.5 -6.9410906258095402 3.3333333333333335
0 -6.9410906258095402 3.3333333333333335
2.5 -6.9410906258095402 3.3333333333333335
5 -6.9410906258095402 3.3333333333333335
6.5 -6.9410906258095402 3.3333333333333335
8 -6.9410906258095402 3.3333333333333335
10.589637202030808 -6.9410906258095402 3.3333333333333335
18.182069312382659 -6.9410906258095402 3.3333333333333335
30.259884629822384 -6.9410906258095402 3.3333333333333335
45.999999999999993 -6.9410906258095402 3.3333333333333335
64.32975257220842 -6.9410906258095402 3.3333333333333335
83.999999999999986 -6.9410906258095402 3.3333333333333335
103.67024742779158 -6.9410906258095402 3.3333333333333335
121.99999999999999 -6.9410906258095402 3.3333333333333335
137.74011537017762 -6.9410906258095402 3.3333333333333335
149.81793068761735 -6.9410906258095402 3.3333333333333335
157.41036279796919 -6.9410906258095402 3.3333333333333335
160 -6.9410906258095402 3.3333333333333335
161.5 -6.9410906258095402 3.3333333333333335
165.8411736558345 -6.9410906258095402 3.3333333333333335
178.40503279590888 -6.9410906258095402 3.3333333333333335
214.76629567224651 -6.9410906258095402 3.3333333333333335
320 -6.9410906258095402 3.3333333333333335
-320 -3.7036648318172993 3.3333333333333335
-214.76629567224651 -3.7036648318172993 3.3333333333333335
-178.40503279590888 -3.7036648318172993 3.3333333333333335
-165.8411736558345 -3.7036648318172993 3.3333333333333335
-161.5 -3.7036648318172993 3.3333333333333335
-160 -3.7036648318172993 3.3333333333333335
-157.41036279796919 -3.7036648318172993 3.3333333333333335
-149.81793068761735 -3.7036648318172993 3.3333333333333335
-137.74011537017762 -3.7036648318172993 3.3333333333333335
-121.99999999999999 -3.7036648318172993 3.3333333333333335
-103.67024742779158 -3.7036648318172993 3.3333333333333335
-83.999999999999986 -3.7036648318172993 3.3333333333333335
-64.32975257220842 -3.7036648318172993 3.3333333333333335
-45.999999999999993 -3.7036648318172993 3.3333333333333335
-30.259884629822384 -3.7036648318172993 3.3333333333333335
-18.182069312382659 -3.7036648318172993 3.3333333333333335
-10.589637202030808 -3.7036648318172993 3.3333333333333335
-8 -3.7036648318172993 3.3333333333333335
-6.5 -3.7036648318172993 3.3333333333333335
-5 -3.7036648318172993 3.3333333333333335
-2.5 -3.7036648318172993 3.3333333333333335
0 -3.7036648318172993 3.3333333333333335
2.5 -3.7036648318172993 3.3333333333333335
5 -3.7036648318172993 3.3333333333333335
6.5 -3.7036648318172993 3.3333333333333335
8 -3.7036648318172993 3.3333333333333335
10.589637202030808 -3.7036648318172993 3.3333333333333335
18.182069312382659 -3.7036648318172993 3.3333333333333335
30.259884629822384 -3.7036648318172993 3.3333333333333335
45.999999999999993 -3.7036648318172993 3.3333333333333335
64.32975257220842 -3.7036648318172993 3.3333333333333335
83.999999999999986 -3.7036648318172993 3.3333333333333335
103.67024742779158 -3.7036648318172993 3.3333333333333335
121.99999999999999 -3.7036648318172993 3.3333333333333335
137.74011537017762 -3.7036648318172993 3.3333333333333335
149.81793068761735 -3.7036648318172993 3.3333333333333335
157.41036279796919 -3.7036648318172993 3.3333333333333335
160 -3.7036648318172993 3.3333333333333335
161.5 -3.7036648318172993 3.3333333333333335
165.8411736558345 -3.7036648318172993 3.3333333333333335
178.40503279590888 -3.7036648318172993 3.3333333333333335
214.76629567224651 -3.7036648318172993 3.3333333333333335
320 -3.7036648318172993 3.3333333333333335
-320 -1.5000000000000007 3.3333333333333335
-214.76629567224651 -1.5000000000000007 3.3333333333333335
-178.40503279590888 -1.5000000000000007 3.3333333333333335
-165.8411736558345 -1.5000000000000007 3.3333333333333335
-161.5 -1.5000000000000007 3.3333333333333335
-160 -1.5000000000000007 3.3333333333333335
-157.41036279796919 -1.5000000000000007 3.3333333333333335
-149.81793068761735 -1.5000000000000007 3.3333333333333335
-137.74011537017762 -1.5000000000000007 3.3333333333333335
-121.99999999999999 -1.5000000000000007 3.3333333333333335
-103.67024742779158 -1.5000000000000007 3.3333333333333335
-83.999999999999986 -1.5000000000000007 3.3333333333333335
-64.32975257220842 -1.5000000000000007 3.3333333333333335
-45.999999999999993 -1.5000000000000007 3.3333333333333335
-30.259884629822384 -1.5000000000000007 3.3333333333333335
-18.182069312382659 -1.5000000000000007 3.3333333333333335
-10.589637202030808 -1.5000000000000007 3.3333333333333335
-8 -1.5000000000000007 3.3333333333333335
-6.5 -1.5000000000000007 3.3333333333333335
-5 -1.5000000000000007 3.3333333333333335
-2.5 -1.5000000000000007 3.3333333333333335
0 -1.5000000000000007 3.3333333333333335
2.5 -1.5000000000000007 3.3333333333333335
5 -1.5000000000000007 3.3333333333333335
6.5 -1.5000000000000007 3.3333333333333335
8 -1.5000000000000007 3.3333333333333335
10.589637202030808 -1.5000000000000007 3.3333333333333335
18.182069312382659 -1.5000000000000007 3.3333333333333335
30.259884629822384 -1.5000000000000007 3.3333333333333335
45.999999999999993 -1.5000000000000007 3.3333333333333335
64.32975257220842 -1.5000000000000007 3.3333333333333335
83.999999999999986 -1.5000000000000007 3.3333333333333335
103.67024742779158 -1.5000000000000007 3.3333333333333335
121.99999999999999 -1.5000000000000007 3.3333333333333335
137.74011537017762 -1.5000000000000007 3.3333333333333335
149.81793068761735 -1.5000000000000007 3.3333333333333335
157.41036279796919 -1.5000000000000007 3.3333333333333335
160 -1.5000000000000007 3.3333333333333335
161.5 -1.5000000000000007 3.3333333333333335
165.8411736558345 -1.5000000000000007 3.3333333333333335
178.40503279590888 -1.5000000000000007 3.3333333333333335
214.76629567224651 -1.5000000000000007 3.3333333333333335
320 -1.5000000000000007 3.3333333333333335
-320 0 3.3333333333333335
-214.76629567224651 0 3.3333333333333335
-178.40503279590888 0 3.3333333333333335
-165.8411736558345 0 3.3333333333333335
-161.5 0 3.3333333333333335
-160 0 3.3333333333333335
-157.41036279796919 0 3.3333333333333335
-149.81793068761735 0 3.3333333333333335
-137.74011537017762 0 3.3333333333333335
-121.99999999999999 0 3.3333333333333335
-103.67024742779158 0 3.3333333333333335
-83.999999999999986 0 3.3333333333333335
-64.32975257220842 0 3.3333333333333335
-45.999999999999993 0 3.3333333333333335
-30.259884629822384 0 3.3333333333333335
-18.182069312382659 0 3.3333333333333335
-10.589637202030808 0 3.3333333333333335
-8 0 3.3333333333333335
-6.5 0 3.3333333333333335
-5 0 3.3333333333333335
-2.5 0 3.3333333333333335
0 0 3.3333333333333335
2.5 0 3.3333333333333335
5 0 3.3333333333333335
6.5 0 3.3333333333333335
8 0 3.3333333333333335
10.589637202030808 0 3.3333333333333335
18.182069312382659 0 3.3333333333333335
30.259884629822384 0 3.3333333333333335
45.999999999999993 0 3.3333333333333335
64.32975257220842 0 3.3333333333333335
83.999999999999986 0 3.3333333333333335
103.67024742779158 0 3.3333333333333335
121.99999999999999 0 3.3333333333333335
137.74011537017762 0 3.3333333333333335
149.81793068761735 0 3.3333333333333335
157.41036279796919 0 3.3333333333333335
160 0 3.3333333333333335
161.5 0 3.3333333333333335
165.8411736558345 0 3.3333333333333335
178.40503279590888 0 3.3333333333333335
214.76629567224651 0 3.3333333333333335
320 0 3.3333333333333335
-320 1.5000000000000007 3.3333333333333335
-214.76629567224651 1.5000000000000007 3.3333333333333335
-178.40503279590888 1.5000000000000007 3.3333333333333335
-165.8411736558345 1.5000000000000007 3.3333333333333335
-161.5 1.5000000000000007 3.3333333333333335
-160 1.5000000000000007 3.3333333333333335
-157.41036279796919 1.5000000000000007 3.3333333333333335
-149.81793068761735 1.5000000000000007 3.3333333333333335
-137.74011537017762 1.5000000000000007 3.3333333333333335
-121.99999999999999 1.5000000000000007 3.3333333333333335
-103.67024742779158 1.5000000000000007 3.3333333333333335
-83.999999999999986 1.5000000000000007 3.3333333333333335
-64.32975257220842 1.5000000000000007 3.3333333333333335
-45.999999999999993 1.5000000000000007 3.3333333333333335
-30.259884629822384 1.5000000000000007 3.3333333333333335
-18.182069312382659 1.5000000000000007 3.3333333333333335
-10.589637202030808 1.5000000000000007 3.3333333333333335
-8 1.5000000000000007 3.3333333333333335
-6.5 1.5000000000000007 3.3333333333333335
-5 1.5000000000000007 3.3333333333333335
-2.5 1.5000000000000007 3.3333333333333335
0 1.5000000000000007 3.3333333333333335
2.5 1.5000000000000007 3.3333333333333335
5 1.5000000000000007 3.3333333333333335
6.5 1.5000000000000007 3.3333333333333335
8 1.5000000000000007 3.3333333333333335
10.589637202030808 1.5000000000000007 3.3333333333333335
18.182069312382659 1.5000000000000007 3.3333333333333335
30.259884629822384 1.5000000000000007 3.3333333333333335
45.999999999999993 1.5000000000000007 3.3333333333333335
64.32975257220842 1.5000000000000007 3.3333333333333335
83.999999999999986 1.5000000000000007 3.3333333333333335
103.67024742779158 1.5000000000000007 3.3333333333333335
121.99999999999999 1.5000000000000007 3.3333333333333335
137.74011537017762 1.5000000000000007 3.3333333333333335
149.81793068761735 1.5000000000000007 3.3333333333333335
157.41036279796919 1.5000000000000007 3.3333333333333335
160 1.5000000000000007 3.3333333333333335
161.5 1.5000000000000007 3.3333333333333335
165.8411736558345 1.5000000000000007 3.3333333333333335
178.40503279590888 1.5000000000000007 3.3333333333333335
214.76629567224651 1.5000000000000007 3.3333333333333335
320 1.5000000000000007 3.3333333333333335
-320 3.7036648318172993 3.3333333333333335
-214.76629567224651 3.7036648318172993 3.3333333333333335
-178.40503279590888 3.7036648318172993 3.3333333333333335
-165.8411736558345 3.7036648318172993 3.3333333333333335
-161.5 3.7036648318172993 3.3333333333333335
-160 3.7036648318172993 3.3333333333333335
-157.41036279796919 3.7036648318172993 3.3333333333333335
-149.81793068761735 3.7036648318172993 3.3333333333333335
-137.74011537017762 3.7036648318172993 3.3333333333333335
-121.99999999999999 3.7036648318172993 3.3333333333333335
-103.67024742779158 3.7036648318172993 3.3333333333333335
-83.999999999999986 3.7036648318172993 3.3333333333333335
-64.32975257220842 3.7036648318172993 3.3333333333333335
-45.999999999999993 3.7036648318172993 3.3333333333333335
-30.259884629822384 3.7036648318172993 3.3333333333333335
-18.182069312382659 3.7036648318172993 3.3333333333333335
-10.589637202030808 3.7036648318172993 3.3333333333333335
-8 3.7036648318172993 3.3333333333333335
-6.5 3.7036648318172993 3.3333333333333335
-5 3.7036648318172993 3.3333333333333335
-2.5 3.7036648318172993 3.3333333333333335
0 3.7036648318172993 3.3333333333333335
2.5 3.7036648318172993 3.3333333333333335
5 3.7036648318172993 3.3333333333333335
6.5 3.7036648318172993 3.3333333333333335
8 3.7036648318172993 3.3333333333333335
10.589637202030808 3.7036648318172993 3.3333333333333335
18.182069312382659 3.7036648318172993 3.3333333333333335
30.259884629822384 3.7036648318172993 3.3333333333333335
45.999999999999993 3.7036648318172993 3.3333333333333335
64.32975257220842 3.7036648318172993 3.3333333333333335
83.999999999999986 3.7036648318172993 3.3333333333333335
103.67024742779158 3.7036648318172993 3.3333333333333335
121.99999999999999 3.7036648318172993 3.3333333333333335
137.74011537017762 3.7036648318172993 3.3333333333333335
149.81793068761735 3.7036648318172993 3.3333333333333335
157.41036279796919 3.7036648318172993 3.3333333333333335
160 3.7036648318172993 3.3333333333333335
161.5 3.7036648318172993 3.3333333333333335
165.8411736558345 3.7036648318172993 3.3333333333333335
178.40503279590888 3.7036648318172993 3.3333333333333335
214.76629567224651 3.7036648318172993 3.3333333333333335
320 3.7036648318172993 3.3333333333333335
-320 6.9410906258095402 3.3333333333333335
-214.76629567224651 6.9410906258095402 3.3333333333333335
-178.40503279590888 6.9410906258095402 3.3333333333333335
-165.8411736558345 6.9410906258095402 3.3333333333333335
-161.5 6.9410906258095402 3.3333333333333335
-160 6.9410906258095402 3.3333333333333335
-157.41036279796919 6.9410906258095402 3.3333333333333335
-149.81793068761735 6.9410906258095402 3.3333333333333335
-137.74011537017762 6.9410906258095402 3.3333333333333335
-121.99999999999999 6.9410906258095402 3.3333333333333335
-103.67024742779158 6.9410906258095402 3.3333333333333335
-83.999999999999986 6.9410906258095402 3.3333333333333335
-64.32975257220842 6.9410906258095402 3.3333333333333335
-45.999999999999993 6.9410906258095402 3.3333333333333335
-30.259884629822384 6.9410906258095402 3.3333333333333335
-18.182069312382659 6.9410906258095402 3.3333333333333335
-10.589637202030808 6.9410906258095402 3.3333333333333335
-8 6.9410906258095402 3.3333333333333335
-6.5 6.9410906258095402 3.3333333333333335
-5 6.9410906258095402 3.3333333333333335
-2.5 6.9410906258095402 3.3333333333333335
0 6.9410906258095402 3.3333333333333335
2.5 6.9410906258095402 3.3333333333333335
5 6.9410906258095402 3.3333333333333335
6.5 6.9410906258095402 3.3333333333333335
8 6.9410906258095402 3.3333333333333335
10.589637202030808 6.9410906258095402 3.3333333333333335
18.182069312382659 6.9410906258095402 3.3333333333333335
30.259884629822384 6.9410906258095402 3.3333333333333335
45.999999999999993 6.9410906258095402 3.3333333333333335
64.32975257220842 6.9410906258095402 3.3333333333333335
83.999999999999986 6.9410906258095402 3.3333333333333335
103.67024742779158 6.9410906258095402 3.3333333333333335
121.99999999999999 6.9410906258095402 3.3333333333333335
137.74011537017762 6.9410906258095402 3.3333333333333335
149.81793068761735 6.9410906258095402 3.3333333333333335
157.41036279796919 6.9410906258095402 3.3333333333333335
160 6.9410906258095402 3.3333333333333335
161.5 6.9410906258095402 3.3333333333333335
165.8411736558345 6.9410906258095402 3.3333333333333335
178.40503279590888 6.9410906258095402 3.3333333333333335
214.76629567224651 6.9410906258095402 3.3333333333333335
320 6.9410906258095402 3.3333333333333335
-320 11.69722487103547 3.3333333333333335
-214.76629567224651 11.69722487103547 3.3333333333333335
-178.40503279590888 11.69722487103547 3.3333333333333335
-165.8411736558345 11.69722487103547 3.3333333333333335
-161.5 11.69722487103547 3.3333333333333335
-160 11.69722487103547 3.3333333333333335
-157.41036279796919 11.69722487103547 3.3333333333333335
-149.81793068761735 11.69722487103547 3.3333333333333335
-137.74011537017762 11.69722487103547 3.3333333333333335
-121.99999999999999 11.69722487103547 3.3333333333333335
-103.67024742779158 11.69722487103547 3.3333333333333335
-83.999999999999986 11.69722487103547 3.3333333333333335
-64.32975257220842 11.69722487103547 3.3333333333333335
-45.999999999999993 11.69722487103547 3.3333333333333335
-30.259884629822384 11.69722487103547 3.3333333333333335
-18.182069312382659 11.69722487103547 3.3333333333333335
-10.589637202030808 11.69722487103547 3.3333333333333335
-8 11.69722487103547 3.3333333333333335
-6.5 11.69722487103547 3.3333333333333335
-5 11.69722487103547 3.3333333333333335
-2.5 11.69722487103547 3.3333333333333335
0 11.69722487103547 3.3333333333333335
2.5 11.69722487103547 3.3333333333333335
5 11.69722487103547 3.3333333333333335
6.5 11.69722487103547 3.3333333333333335
8 11.69722487103547 3.3333333333333335
10.589637202030808 11.69722487103547 3.3333333333333335
18.182069312382659 11.69722487103547 3.3333333333333335
30.259884629822384 11.69722487103547 3.3333333333333335
45.999999999999993 11.69722487103547 3.3333333333333335
64.32975257220842 11.69722487103547 3.3333333333333335
83.999999999999986 11.69722487103547 3.3333333333333335
103.67024742779158 11.69722487103547 3.3333333333333335
121.99999999999999 11.69722487103547 3.3333333333333335
137.74011537017762 11.69722487103547 3.3333333333333335
149.81793068761735 11.69722487103547 3.3333333333333335
157.41036279796919 11.69722487103547 3.3333333333333335
160 11.69722487103547 3.3333333333333335
161.5 11.69722487103547 3.3333333333333335
165.8411736558345 11.69722487103547 3.3333333333333335
178.40503279590888 11.69722487103547 3.3333333333333335
214.76629567224651 11.69722487103547 3.3333333333333335
320 11.69722487103547 3.3333333333333335
-320 18.684508718772996 3.3333333333333335
-214.76629567224651 18.684508718772996 3.3333333333333335
-178.40503279590888 18.684508718772996 3.3333333333333335
-165.8411736558345 18.684508718772996 3.3333333333333335
-161.5 18.684508718772996 3.3333333333333335
-160 18.684508718772996 3.3333333333333335
-157.41036279796919 18.684508718772996 3.3333333333333335
-149.81793068761735 18.684508718772996 3.3333333333333335
-137.74011537017762 18.684508718772996 3.3333333333333335
-121.99999999999999 18.684508718772996 3.3333333333333335
-103.67024742779158 18.684508718772996 3.3333333333333335
-83.999999999999986 18.684508718772996 3.3333333333333335
-64.32975257220842 18.684508718772996 3.3333333333333335
-45.999999999999993 18.684508718772996 3.3333333333333335
-30.259884629822384 18.684508718772996 3.3333333333333335
-18.182069312382659 18.684508718772996 3.3333333333333335
-10.589637202030808 18.684508718772996 3.3333333333333335
-8 18.684508718772996 3.3333333333333335
-6.5 18.684508718772996 3.3333333333333335
-5 18.684508718772996 3.3333333333333335
-2.5 18.684508718772996 3.3333333333333335
0 18.684508718772996 3.3333333333333335
2.5 18.684508718772996 3.3333333333333335
5 18.684508718772996 3.3333333333333335
6.5 18.684508718772996 3.3333333333333335
8 18.684508718772996 3.3333333333333335
10.589637202030808 18.684508718772996 3.3333333333333335
18.182069312382659 18.684508718772996 3.3333333333333335
30.259884629822384 18.684508718772996 3.3333333333333335
45.999999999999993 18.684508718772996 3.3333333333333335
64.32975257220842 18.684508718772996 3.3333333333333335
83.999999999999986 18.684508718772996 3.3333333333333335
103.67024742779158 18.684508718772996 3.3333333333333335
121.99999999999999 18.684508718772996 3.3333333333333335
137.74011537017762 18.684508718772996 3.3333333333333335
149.81793068761735 18.684508718772996 3.3333333333333335
157.41036279796919 18.684508718772996 3.3333333333333335
160 18.684508718772996 3.3333333333333335
161.5 18.684508718772996 3.3333333333333335
165.8411736558345 18.684508718772996 3.3333333333333335
178.40503279590888 18.684508718772996 3.3333333333333335
214.76629567224651 18.684508718772996 3.3333333333333335
320 18.684508718772996 3.3333333333333335
-320 28.949596508895819 3.3333333333333335
-214.76629567224651 28.949596508895819 3.3333333333333335
-178.40503279590888 28.949596508895819 3.3333333333333335
-165.8411736558345 28.949596508895819 3.3333333333333335
-161.5 28.949596508895819 3.3333333333333335
-160 28.949596508895819 3.3333333333333335
-157.41036279796919 28.949596508895819 3.3333333333333335
-149.81793068761735 28.949596508895819 3.3333333333333335
-137.74011537017762 28.949596508895819 3.3333333333333335
-121.99999999999999 28.949596508895819 3.3333333333333335
-103.67024742779158 28.949596508895819 3.3333333333333335
-83.999999999999986 28.949596508895819 3.3333333333333335
-64.32975257220842 28.949596508895819 3.3333333333333335
-45.999999999999993 28.949596508895819 3.3333333333333335
-30.259884629822384 28.949596508895819 3.3333333333333335
-18.182069312382659 28.949596508895819 3.3333333333333335
-10.589637202030808 28.949596508895819 3.3333333333333335
-8 28.949596508895819 3.3333333333333335
-6.5 28.949596508895819 3.3333333333333335
-5 28.949596508895819 3.3333333333333335
-2.5 28.949596508895819 3.3333333333333335
0 28.949596508895819 3.3333333333333335
2.5 28.949596508895819 3.3333333333333335
5 28.949596508895819 3.3333333333333335
6.5 28.949596508895819 3.3333333333333335
8 28.949596508895819 3.3333333333333335
10.589637202030808 28.949596508895819 3.3333333333333335
18.182069312382659 28.949596508895819 3.3333333333333335
30.259884629822384 28.949596508895819 3.3333333333333335
45.999999999999993 28.949596508895819 3.3333333333333335
64.32975257220842 28.949596508895819 3.3333333333333335
83.999999999999986 28.949596508895819 3.3333333333333335
103.67024742779158 28.949596508895819 3.3333333333333335
121.99999999999999 28.949596508895819 3.3333333333333335
137.74011537017762 28.949596508895819 3.3333333333333335
149.81793068761735 28.949596508895819 3.3333333333333335
157.41036279796919 28.949596508895819 3.3333333333333335
160 28.949596508895819 3.3333333333333335
161.5 28.949596508895819 3.3333333333333335
165.8411736558345 28.949596508895819 3.3333333333333335
178.40503279590888 28.949596508895819 3.3333333333333335
214.76629567224651 28.949596508895819 3.3333333333333335
320 28.949596508895819 3.3333333333333335
-320 44.030138481303027 3.3333333333333335
-214.76629567224651 44.030138481303027 3.3333333333333335
-178.40503279590888 44.030138481303027 3.3333333333333335
-165.8411736558345 44.030138481303027 3.3333333333333335
-161.5 44.030138481303027 3.3333333333333335
-160 44.030138481303027 3.3333333333333335
-157.41036279796919 44.030138481303027 3.3333333333333335
-149.81793068761735 44.030138481303027 3.3333333333333335
-137.74011537017762 44.030138481303027 3.3333333333333335
-121.99999999999999 44.030138481303027 3.3333333333333335
-103.67024742779158 44.030138481303027 3.3333333333333335
-83.999999999999986 44.030138481303027 3.3333333333333335
-64.32975257220842 44.030138481303027 3.3333333333333335
-45.999999999999993 44.030138481303027 3.3333333333333335
-30.259884629822384 44.030138481303027 3.3333333333333335
-18.182069312382659 44.030138481303027 3.3333333333333335
-10.589637202030808 44.030138481303027 3.3333333333333335
-8 44.030138481303027 3.3333333333333335
-6.5 44.030138481303027 3.3333333333333335
-5 44.030138481303027 3.3333333333333335
-2.5 44.030138481303027 3.3333333333333335
0 44.030138481303027 3.3333333333333335
2.5 44.030138481303027 3.3333333333333335
5 44.030138481303027 3.3333333333333335
6.5 44.030138481303027 3.3333333333333335
8 44.030138481303027 3.3333333333333335
10.589637202030808 44.030138481303027 3.3333333333333335
18.182069312382659 44.030138481303027 3.3333333333333335
30.259884629822384 44.030138481303027 3.3333333333333335
45.999999999999993 44.030138481303027 3.3333333333333335
64.32975257220842 44.030138481303027 3.3333333333333335
83.999999999999986 44.030138481303027 3.3333333333333335
103.67024742779158 44.030138481303027 3.3333333333333335
121.99999999999999 44.030138481303027 3.3333333333333335
137.74011537017762 44.030138481303027 3.3333333333333335
149.81793068761735 44.030138481303027 3.3333333333333335
157.41036279796919 44.030138481303027 3.3333333333333335
160 44.030138481303027 3.3333333333333335
161.5 44.030138481303027 3.3333333333333335
165.8411736558345 44.030138481303027 3.3333333333333335
178.40503279590888 44.030138481303027 3.3333333333333335
214.76629567224651 44.030138481303027 3.3333333333333335
320 44.030138481303027 3.3333333333333335
-320 66.185111807528642 3.3333333333333335
-214.76629567224651 66.185111807528642 3.3333333333333335
-178.40503279590888 66.185111807528642 3.3333333333333335
-165.8411736558345 66.185111807528642 3.3333333333333335
-161.5 66.185111807528642 3.3333333333333335
-160 66.185111807528642 3.3333333333333335
-157.41036279796919 66.185111807528642 3.3333333333333335
-149.81793068761735 66.185111807528642 3.3333333333333335
-137.74011537017762 66.185111807528642 3.3333333333333335
-121.99999999999999 66.185111807528642 3.3333333333333335
-103.67024742779158 66.185111807528642 3.3333333333333335
-83.999999999999986 66.185111807528642 3.3333333333333335
-64.32975257220842 66.185111807528642 3.3333333333333335
-45.999999999999993 66.185111807528642 3.3333333333333335
-30.259884629822384 66.185111807528642 3.3333333333333335
-18.182069312382659 66.185111807528642 3.3333333333333335
-10.589637202030808 66.185111807528642 3.3333333333333335
-8 66.185111807528642 3.3333333333333335
-6.5 66.185111807528642 3.3333333333333335
-5 66.185111807528642 3.3333333333333335
-2.5 66.185111807528642 3.3333333333333335
0 66.185111807528642 3.3333333333333335
2.5 66.185111807528642 3.3333333333333335
5 66.185111807528642 3.3333333333333335
6.5 66.185111807528642 3.3333333333333335
8 66.185111807528642 3.3333333333333335
10.589637202030808 66.185111807528642 3.3333333333333335
18.182069312382659 66.185111807528642 3.3333333333333335
30.259884629822384 66.185111807528642 3.3333333333333335
45.999999999999993 66.185111807528642 3.3333333333333335
64.32975257220842 66.185111807528642 3.3333333333333335
83.999999999999986 66.185111807528642 3.3333333333333335
103.67024742779158 66.185111807528642 3.3333333333333335
121.99999999999999 66.185111807528642 3.3333333333333335
137.74011537017762 66.185111807528642 3.3333333333333335
149.81793068761735 66.185111807528642 3.3333333333333335
157.41036279796919 66.185111807528642 3.3333333333333335
160 66.185111807528642 3.3333333333333335
161.5 66.185111807528642 3.3333333333333335
165.8411736558345 66.185111807528642 3.3333333333333335
178.40503279590888 66.185111807528642 3.3333333333333335
214.76629567224651 66.185111807528642 3.3333333333333335
320 66.185111807528642 3.3333333333333335
-320 98.73320218676443 3.3333333333333335
-214.76629567224651 98.73320218676443 3.3333333333333335
-178.40503279590888 98.73320218676443 3.3333333333333335
-165.8411736558345 98.73320218676443 3.3333333333333335
-161.5 98.73320218676443 3.3333333333333335
-160 98.73320218676443 3.3333333333333335
-157.41036279796919 98.73320218676443 3.3333333333333335
-149.81793068761735 98.73320218676443 3.3333333333333335
-137.74011537017762 98.73320218676443 3.3333333333333335
-121.99999999999999 98.73320218676443 3.3333333333333335
-103.67024742779158 98.73320218676443 3.3333333333333335
-83.999999999999986 98.73320218676443 3.3333333333333335
-64.32975257220842 98.73320218676443 3.3333333333333335
-45.999999999999993 98.73320218676443 3.3333333333333335
-30.259884629822384 98.73320218676443 3.3333333333333335
-18.182069312382659 98.73320218676443 3.3333333333333335
-10.589637202030808 98.73320218676443 3.3333333333333335
-8 98.73320218676443 3.3333333333333335
-6.5 98.73320218676443 3.3333333333333335
-5 98.73320218676443 3.3333333333333335
-2.5 98.73320218676443 3.3333333333333335
0 98.73320218676443 3.3333333333333335
2.5 98.73320218676443 3.3333333333333335
5 98.73320218676443 3.3333333333333335
6.5 98.73320218676443 3.3333333333333335
8 98.73320218676443 3.3333333333333335
10.589637202030808 98.73320218676443 3.3333333333333335
18.182069312382659 98.73320218676443 3.3333333333333335
30.259884629822384 98.73320218676443 3.3333333333333335
45.999999999999993 98.73320218676443 3.3333333333333335
64.32975257220842 98.73320218676443 3.3333333333333335
83.999999999999986 98.73320218676443 3.3333333333333335
103.67024742779158 98.73320218676443 3.3333333333333335
121.99999999999999 98.73320218676443 3.3333333333333335
137.74011537017762 98.73320218676443 3.3333333333333335
149.81793068761735 98.73320218676443 3.3333333333333335
157.41036279796919 98.73320218676443 3.3333333333333335
160 98.73320218676443 3.3333333333333335
161.5 98.73320218676443 3.3333333333333335
165.8411736558345 98.73320218676443 3.3333333333333335
178.40503279590888 98.73320218676443 3.3333333333333335
214.76629567224651 98.73320218676443 3.3333333333333335
320 98.73320218676443 3.3333333333333335
-320 146.54992359445299 3.3333333333333335
-214.76629567224651 146.54992359445299 3.3333333333333335
-178.40503279590888 146.54992359445299 3.3333333333333335
-165.8411736558345 146.54992359445299 3.3333333333333335
-161.5 146.54992359445299 3.3333333333333335
-160 146.54992359445299 3.3333333333333335
-157.41036279796919 146.54992359445299 3.3333333333333335
-149.81793068761735 146.54992359445299 3.3333333333333335
-137.74011537017762 146.54992359445299 3.3333333333333335
-121.99999999999999 146.54992359445299 3.3333333333333335
-103.67024742779158 146.54992359445299 3.3333333333333335
-83.999999999999986 146.54992359445299 3.3333333333333335
-64.32975257220842 146.54992359445299 3.3333333333333335
-45.999999999999993 146.54992359445299 3.3333333333333335
-30.259884629822384 146.54992359445299 3.3333333333333335
-18.182069312382659 146.54992359445299 3.3333333333333335
-10.589637202030808 146.54992359445299 3.3333333333333335
-8 146.54992359445299 3.3333333333333335
-6.5 146.54992359445299 3.3333333333333335
-5 146.54992359445299 3.3333333333333335
-2.5 146.54992359445299 3.3333333333333335
0 146.54992359445299 3.3333333333333335
2.5 146.54992359445299 3.3333333333333335
5 146.54992359445299 3.3333333333333335
6.5 146.54992359445299 3.3333333333333335
8 146.54992359445299 3.3333333333333335
10.589637202030808 146.54992359445299 3.3333333333333335
18.182069312382659 146.54992359445299 3.3333333333333335
30.259884629822384 146.54992359445299 3.3333333333333335
45.999999999999993 146.54992359445299 3.3333333333333335
64.32975257220842 146.54992359445299 3.3333333333333335
83.999999999999986 146.54992359445299 3.3333333333333335
103.67024742779158 146.54992359445299 3.3333333333333335
121.99999999999999 146.54992359445299 3.3333333333333335
137.74011537017762 146.54992359445299 3.3333333333333335
149.81793068761735 146.54992359445299 3.3333333333333335
157.41036279796919 146.54992359445299 3.3333333333333335
160 146.54992359445299 3.3333333333333335
161.5 146.54992359445299 3.3333333333333335
165.8411736558345 146.54992359445299 3.3333333333333335
178.40503279590888 146.54992359445299 3.3333333333333335
214.76629567224651 146.54992359445299 3.3333333333333335
320 146.54992359445299 3.3333333333333335
-320 216.79794182040541 3.3333333333333335
-214.76629567224651 216.79794182040541 3.3333333333333335
-178.40503279590888 216.79794182040541 3.3333333333333335
-165.8411736558345 216.79794182040541 3.3333333333333335
-161.5 216.79794182040541 3.3333333333333335
-160 216.79794182040541 3.3333333333333335
-157.41036279796919 216.79794182040541 3.3333333333333335
-149.81793068761735 216.79794182040541 3.3333333333333335
-137.74011537017762 216.79794182040541 3.3333333333333335
-121.99999999999999 216.79794182040541 3.3333333333333335
-103.67024742779158 216.79794182040541 3.3333333333333335
-83.999999999999986 216.79794182040541 3.3333333333333335
-64.32975257220842 216.79794182040541 3.3333333333333335
-45.999999999999993 216.79794182040541 3.3333333333333335
-30.259884629822384 216.79794182040541 3.3333333333333335
-18.182069312382659 216.79794182040541 3.3333333333333335
-10.589637202030808 216.79794182040541 3.3333333333333335
-8 216.79794182040541 3.3333333333333335
-6.5 216.79794182040541 3.3333333333333335
-5 216.79794182040541 3.3333333333333335
-2.5 216.79794182040541 3.3333333333333335
0 216.79794182040541 3.3333333333333335
2.5 216.79794182040541 3.3333333333333335
5 216.79794182040541 3.3333333333333335
6.5 216.79794182040541 3.3333333333333335
8 216.79794182040541 3.3333333333333335
10.589637202030808 216.79794182040541 3.3333333333333335
18.182069312382659 216.79794182040541 3.3333333333333335
30.259884629822384 216.79794182040541 3.3333333333333335
45.999999999999993 216.79794182040541 3.3333333333333335
64.32975257220842 216.79794182040541 3.3333333333333335
83.999999999999986 216.79794182040541 3.3333333333333335
103.67024742779158 216.79794182040541 3.3333333333333335
121.99999999999999 216.79794182040541 3.3333333333333335
137.74011537017762 216.79794182040541 3.3333333333333335
149.81793068761735 216.79794182040541 3.3333333333333335
157.41036279796919 216.79794182040541 3.3333333333333335
160 216.79794182040541 3.3333333333333335
161.5 216.79794182040541 3.3333333333333335
165.8411736558345 216.79794182040541 3.3333333333333335
178.40503279590888 216.79794182040541 3.3333333333333335
214.76629567224651 216.79794182040541 3.3333333333333335
320 216.79794182040541 3.3333333333333335
-320 320 3.3333333333333335
-214.76629567224651 320 3.3333333333333335
-178.40503279590888 320 3.3333333333333335
-165.8411736558345 320 3.3333333333333335
-161.5 320 3.3333333333333335
-160 320 3.3333333333333335
-157.41036279796919 320 3.3333333333333335
-149.81793068761735 320 3.3333333333333335
-137.74011537017762 320 3.3333333333333335
-121.99999999999999 320 3.3333333333333335
-103.67024742779158 320 3.3333333333333335
-83.999999999999986 320 3.3333333333333335
-64.32975257220842 320 3.3333333333333335
-45.999999999999993 320 3.3333333333333335
-30.259884629822384 320 3.3333333333333335
-18.182069312382659 320 3.3333333333333335
-10.589637202030808 320 3.3333333333333335
-8 320 3.3333333333333335
-6.5 320 3.3333333333333335
-5 320 3.3333333333333335
-2.5 320 3.3333333333333335
0 320 3.3333333333333335
2.5 320 3.3333333333333335
5 320 3.3333333333333335
6.5 320 3.3333333333333335
8 320 3.3333333333333335
10.589637202030808 320 3.3333333333333335
18.182069312382659 320 3.3333333333333335
30.259884629822384 320 3.3333333333333335
45.999999999999993 320 3.3333333333333335
64.32975257220842 320 3.3333333333333335
83.999999999999986 320 3.3333333333333335
103.67024742779158 320 3.3333333333333335
121.99999999999999 320 3.3333333333333335
137.74011537017762 320 3.3333333333333335
149.81793068761735 320 3.3333333333333335
157.41036279796919 320 3.3333333333333335
160 320 3.3333333333333335
161.5 320 3.3333333333333335
165.8411736558345 320 3.3333333333333335
178.40503279590888 320 3.3333333333333335
214.76629567224651 320 3.3333333333333335
320 320 3.3333333333333335
-320 -320 6.666666666666667
-214.76629567224651 -320 6.666666666666667
-178.40503279590888 -320 6.666666666666667
-165.8411736558345 -320 6.666666666666667
-161.5 -320 6.666666666666667
-160 -320 6.666666666666667
-157.41036279796919 -320 6.666666666666667
-149.81793068761735 -320 6.666666666666667
-137.74011537017762 -320 6.666666666666667
-121.99999999999999 -320 6.666666666666667
-103.67024742779158 -320 6.666666666666667
-83.999999999999986 -320 6.666666666666667
-64.32975257220842 -320 6.666666666666667
-45.999999999999993 -320 6.666666666666667
-30.259884629822384 -320 6.666666666666667
-18.182069312382659 -320 6.666666666666667
-10.589637202030808 -320 6.666666666666667
-8 -320 6.666666666666667
-6.5 -320 6.666666666666667
-5 -320 6.666666666666667
-2.5 -320 6.666666666666667
0 -320 6.666666666666667
2.5 -320 6.666666666666667
5 -320 6.666666666666667
6.5 -320 6.666666666666667
8 -320 6.666666666666667
10.589637202030808 -320 6.666666666666667
18.182069312382659 -320 6.666666666666667
30.259884629822384 -320 6.666666666666667
45.999999999999993 -320 6.666666666666667
64.32975257220842 -320 6.666666666666667
83.999999999999986 -320 6.666666666666667
103.67024742779158 -320 6.666666666666667
121.99999999999999 -320 6.666666666666667
137.74011537017762 -320 6.666666666666667
149.81793068761735 -320 6.666666666666667
157.41036279796919 -320 6.666666666666667
160 -320 6.666666666666667
161.5 -320 6.666666666666667
165.8411736558345 -320 6.666666666666667
178.40503279590888 -320 6.666666666666667
214.76629567224651 -320 6.666666666666667
320 -320 6.666666666666667
-320 -216.79794182040541 6.666666666666667
-214.76629567224651 -216.79794182040541 6.666666666666667
-178.40503279590888 -216.79794182040541 6.666666666666667
-165.8411736558345 -216.79794182040541 6.666666666666667
-161.5 -216.79794182040541 6.666666666666667
-160 -216.79794182040541 6.666666666666667
-157.41036279796919 -216.79794182040541 6.666666666666667
-149.81793068761735 -216.79794182040541 6.666666666666667
-137.74011537017762 -216.79794182040541 6.666666666666667
-121.99999999999999 -216.79794182040541 6.666666666666667
-103.67024742779158 -216.79794182040541 6.666666666666667
-83.999999999999986 -216.79794182040541 6.666666666666667
-64.32975257220842 -216.79794182040541 6.666666666666667
-45.999999999999993 -216.79794182040541 6.666666666666667
-30.259884629822384 -216.79794182040541 6.666666666666667
-18.182069312382659 -216.79794182040541 6.666666666666667
-10.589637202030808 -216.79794182040541 6.666666666666667
-8 -216.79794182040541 6.666666666666667
-6.5 -216.79794182040541 6.666666666666667
-5 -216.79794182040541 6.666666666666667
-2.5 -216.79794182040541 6.666666666666667
0 -216.79794182040541 6.666666666666667
2.5 -216.79794182040541 6.666666666666667
5 -216.79794182040541 6.666666666666667
6.5 -216.79794182040541 6.666666666666667
8 -216.79794182040541 6.666666666666667
10.589637202030808 -216.79794182040541 6.666666666666667
18.182069312382659 -216.79794182040541 6.666666666666667
30.259884629822384 -216.79794182040541 6.666666666666667
45.999999999999993 -216.79794182040541 6.666666666666667
64.32975257220842 -216.79794182040541 6.666666666666667
83.999999999999986 -216.79794182040541 6.666666666666667
103.67024742779158 -216.79794182040541 6.666666666666667
121.99999999999999 -216.79794182040541 6.666666666666667
137.74011537017762 -216.79794182040541 6.666666666666667
149.81793068761735 -216.79794182040541 6.666666666666667
157.41036279796919 -216.79794182040541 6.666666666666667
160 -216.79794182040541 6.666666666666667
161.5 -216.79794182040541 6.666666666666667
165.8411736558345 -216.79794182040541 6.666666666666667
178.40503279590888 -216.79794182040541 6.666666666666667
214.76629567224651 -216.79794182040541 6.666666666666667
320 -216.79794182040541 6.666666666666667
-320 -146.54992359445299 6.666666666666667
-214.76629567224651 -146.54992359445299 6.666666666666667
-178.40503279590888 -146.54992359445299 6.666666666666667
-165.8411736558345 -146.54992359445299 6.666666666666667
-161.5 -146.54992359445299 6.666666666666667
-160 -146.54992359445299 6.666666666666667
-157.41036279796919 -146.54992359445299 6.666666666666667
-149.81793068761735 -146.54992359445299 6.666666666666667
-137.74011537017762 -146.54992359445299 6.666666666666667
-121.99999999999999 -146.54992359445299 6.666666666666667
-103.67024742779158 -146.54992359445299 6.666666666666667
-83.999999999999986 -146.54992359445299 6.666666666666667
-64.32975257220842 -146.54992359445299 6.666666666666667
-45.999999999999993 -146.54992359445299 6.666666666666667
-30.259884629822384 -146.54992359445299 6.666666666666667
-18.182069312382659 -146.54992359445299 6.666666666666667
-10.589637202030808 -146.54992359445299 6.666666666666667
-8 -146.54992359445299 6.666666666666667
-6.5 -146.54992359445299 6.666666666666667
-5 -146.54992359445299 6.666666666666667
-2.5 -146.54992359445299 6.666666666666667
0 -146.54992359445299 6.666666666666667
2.5 -146.54992359445299 6.666666666666667
5 -146.54992359445299 6.666666666666667
6.5 -146.54992359445299 6.666666666666667
8 -146.54992359445299 6.666666666666667
10.589637202030808 -146.54992359445299 6.666666666666667
18.182069312382659 -146.54992359445299 6.666666666666667
30.259884629822384 -146.54992359445299 6.666666666666667
45.999999999999993 -146.54992359445299 6.666666666666667
64.32975257220842 -146.54992359445299 6.666666666666667
83.999999999999986 -146.54992359445299 6.666666666666667
103.67024742779158 -146.54992359445299 6.666666666666667
121.99999999999999 -146.54992359445299 6.666666666666667
137.74011537017762 -146.54992359445299 6.666666666666667
149.81793068761735 -146.54992359445299 6.666666666666667
157.41036279796919 -146.54992359445299 6.666666666666667
160 -146.54992359445299 6.666666666666667
161.5 -146.54992359445299 6.666666666666667
165.8411736558345 -146.54992359445299 6.666666666666667
178.40503279590888 -146.54992359445299 6.666666666666667
214.76629567224651 -146.54992359445299 6.666666666666667
320 -146.54992359445299 6.666666666666667
-320 -98.73320218676443 6.666666666666667
-214.76629567224651 -98.73320218676443 6.666666666666667
-178.40503279590888 -98.73320218676443 6.666666666666667
-165.8411736558345 -98.73320218676443 6.666666666666667
-161.5 -98.73320218676443 6.666666666666667
-160 -98.73320218676443 6.666666666666667
-157.41036279796919 -98.73320218676443 6.666666666666667
-149.81793068761735 -98.73320218676443 6.666666666666667
-137.74011537017762 -98.73320218676443 6.666666666666667
-121.99999999999999 -98.73320218676443 6.666666666666667
-103.67024742779158 -98.73320218676443 6.666666666666667
-83.999999999999986 -98.73320218676443 6.666666666666667
-64.32975257220842 -98.73320218676443 6.666666666666667
-45.999999999999993 -98.73320218676443 6.666666666666667
-30.259884629822384 -98.73320218676443 6.666666666666667
-18.182069312382659 -98.73320218676443 6.666666666666667
-10.589637202030808 -98.73320218676443 6.666666666666667
-8 -98.73320218676443 6.666666666666667
-6.5 -98.73320218676443 6.666666666666667
-5 -98.73320218676443 6.666666666666667
-2.5 -98.73320218676443 6.666666666666667
0 -98.73320218676443 6.666666666666667
2.5 -98.73320218676443 6.666666666666667
5 -98.73320218676443 6.666666666666667
6.5 -98.73320218676443 6.666666666666667
8 -98.73320218676443 6.666666666666667
10.589637202030808 -98.73320218676443 6.666666666666667
18.182069312382659 -98.73320218676443 6.666666666666667
30.259884629822384 -98.73320218676443 6.666666666666667
45.999999999999993 -98.73320218676443 6.666666666666667
64.32975257220842 -98.73320218676443 6.666666666666667
83.999999999999986 -98.73320218676443 6.666666666666667
103.67024742779158 -98.73320218676443 6.666666666666667
121.99999999999999 -98.73320218676443 6.666666666666667
137.74011537017762 -98.73320218676443 6.666666666666667
149.81793068761735 -98.73320218676443 6.666666666666667
157.41036279796919 -98.73320218676443 6.666666666666667
160 -98.73320218676443 6.666666666666667
161.5 -98.73320218676443 6.666666666666667
165.8411736558345 -98.73320218676443 6.666666666666667
178.40503279590888 -98.73320218676443 6.666666666666667
214.76629567224651 -98.73320218676443 6.666666666666667
320 -98.73320218676443 6.666666666666667
-320 -66.185111807528642 6.666666666666667
-214.76629567224651 -66.185111807528642 6.666666666666667
-178.40503279590888 -66.185111807528642 6.666666666666667
-165.8411736558345 -66.185111807528642 6.666666666666667
-161.5 -66.185111807528642 6.666666666666667
-160 -66.185111807528642 6.666666666666667
-157.41036279796919 -66.185111807528642 6.666666666666667
-149.81793068761735 -66.185111807528642 6.666666666666667
-137.74011537017762 -66.185111807528642 6.666666666666667
-121.99999999999999 -66.185111807528642 6.666666666666667
-103.67024742779158 -66.185111807528642 6.666666666666667
-83.999999999999986 -66.185111807528642 6.666666666666667
-64.32975257220842 -66.185111807528642 6.666666666666667
-45.999999999999993 -66.185111807528642 6.666666666666667
-30.259884629822384 -66.185111807528642 6.666666666666667
-18.182069312382659 -66.185111807528642 6.666666666666667
-10.589637202030808 -66.185111807528642 6.666666666666667
-8 -66.185111807528642 6.666666666666667
-6.5 -66.185111807528642 6.666666666666667
-5 -66.185111807528642 6.666666666666667
-2.5 -66.185111807528642 6.666666666666667
0 -66.185111807528642 6.666666666666667
2.5 -66.185111807528642 6.666666666666667
5 -66.185111807528642 6.666666666666667
6.5 -66.185111807528642 6.666666666666667
8 -66.185111807528642 6.666666666666667
10.589637202030808 -66.185111807528642 6.666666666666667
18.182069312382659 -66.185111807528642 6.666666666666667
30.259884629822384 -66.185111807528642 6.666666666666667
45.999999999999993 -66.185111807528642 6.666666666666667
64.32975257220842 -66.185111807528642 6.666666666666667
83.999999999999986 -66.185111807528642 6.666666666666667
103.67024742779158 -66.185111807528642 6.666666666666667
121.99999999999999 -66.185111807528642 6.666666666666667
137.74011537017762 -66.185111807528642 6.666666666666667
149.81793068761735 -66.185111807528642 6.666666666666667
157.41036279796919 -66.185111807528642 6.666666666666667
160 -66.185111807528642 6.666666666666667
161.5 -66.185111807528642 6.666666666666667
165.8411736558345 -66.185111807528642 6.666666666666667
178.40503279590888 -66.185111807528642 6.666666666666667
214.76629567224651 -66.185111807528642 6.666666666666667
320 -66.185111807528642 6.666666666666667
-320 -44.030138481303027 6.666666666666667
-214.76629567224651 -44.030138481303027 6.666666666666667
-178.40503279590888 -44.030138481303027 6.666666666666667
-165.8411736558345 -44.030138481303027 6.666666666666667
-161.5 -44.030138481303027 6.666666666666667
-160 -44.030138481303027 6.666666666666667
-157.41036279796919 -44.030138481303027 6.666666666666667
-149.81793068761735 -44.030138481303027 6.666666666666667
-137.74011537017762 -44.030138481303027 6.666666666666667
-121.99999999999999 -44.030138481303027 6.666666666666667
-103.67024742779158 -44.030138481303027 6.666666666666667
-83.999999999999986 -44.030138481303027 6.666666666666667
-64.32975257220842 -44.030138481303027 6.666666666666667
-45.999999999999993 -44.030138481303027 6.666666666666667
-30.259884629822384 -44.030138481303027 6.666666666666667
-18.182069312382659 -44.030138481303027 6.666666666666667
-10.589637202030808 -44.030138481303027 6.666666666666667
-8 -44.030138481303027 6.666666666666667
-6.5 -44.030138481303027 6.666666666666667
-5 -44.030138481303027 6.666666666666667
-2.5 -44.030138481303027 6.666666666666667
0 -44.030138481303027 6.666666666666667
2.5 -44.030138481303027 6.666666666666667
5 -44.030138481303027 6.666666666666667
6.5 -44.030138481303027 6.666666666666667
8 -44.030138481303027 6.666666666666667
10.589637202030808 -44.030138481303027 6.666666666666667
18.182069312382659 -44.030138481303027 6.666666666666667
30.259884629822384 -44.030138481303027 6.666666666666667
45.999999999999993 -44.030138481303027 6.666666666666667
64.32975257220842 -44.030138481303027 6.666666666666667
83.999999999999986 -44.030138481303027 6.666666666666667
103.67024742779158 -44.030138481303027 6.666666666666667
121.99999999999999 -44.030138481303027 6.666666666666667
137.74011537017762 -44.030138481303027 6.666666666666667
149.81793068761735 -44.030138481303027 6.666666666666667
157.41036279796919 -44.030138481303027 6.666666666666667
160 -44.030138481303027 6.666666666666667
161.5 -44.030138481303027 6.666666666666667
165.8411736558345 -44.030138481303027 6.666666666666667
178.40503279590888 -44.030138481303027 6.666666666666667
214.76629567224651 -44.030138481303027 6.666666666666667
320 -44.030138481303027 6.666666666666667
-320 -28.949596508895819 6.666666666666667
-214.76629567224651 -28.949596508895819 6.666666666666667
-178.40503279590888 -28.949596508895819 6.666666666666667
-165.8411736558345 -28.949596508895819 6.666666666666667
-161.5 -28.949596508895819 6.666666666666667
-160 -28.949596508895819 6.666666666666667
-157.41036279796919 -28.949596508895819 6.666666666666667
-149.81793068761735 -28.949596508895819 6.666666666666667
-137.74011537017762 -28.949596508895819 6.666666666666667
-121.99999999999999 -28.949596508895819 6.666666666666667
-103.67024742779158 -28.949596508895819 6.666666666666667
-83.999999999999986 -28.949596508895819 6.666666666666667
-64.32975257220842 -28.949596508895819 6.666666666666667
-45.999999999999993 -28.949596508895819 6.666666666666667
-30.259884629822384 -28.949596508895819 6.666666666666667
-18.182069312382659 -28.949596508895819 6.666666666666667
-10.589637202030808 -28.949596508895819 6.666666666666667
-8 -28.949596508895819 6.666666666666667
-6.5 -28.949596508895819 6.666666666666667
-5 -28.949596508895819 6.666666666666667
-2.5 -28.949596508895819 6.666666666666667
0 -28.949596508895819 6.666666666666667
2.5 -28.949596508895819 6.666666666666667
5 -28.949596508895819 6.666666666666667
6.5 -28.949596508895819 6.666666666666667
8 -28.949596508895819 6.666666666666667
10.589637202030808 -28.949596508895819 6.666666666666667
18.182069312382659 -28.949596508895819 6.666666666666667
30.259884629822384 -28.949596508895819 6.666666666666667
45.999999999999993 -28.949596508895819 6.666666666666667
64.32975257220842 -28.949596508895819 6.666666666666667
83.999999999999986 -28.949596508895819 6.666666666666667
103.67024742779158 -28.949596508895819 6.666666666666667
121.99999999999999 -28.949596508895819 6.666666666666667
137.74011537017762 -28.949596508895819 6.666666666666667
149.81793068761735 -28.949596508895819 6.666666666666667
157.41036279796919 -28.949596508895819 6.666666666666667
160 -28.949596508895819 6.666666666666667
161.5 -28.949596508895819 6.666666666666667
165.8411736558345 -28.949596508895819 6.666666666666667
178.40503279590888 -28.949596508895819 6.666666666666667
214.76629567224651 -28.949596508895819 6.666666666666667
320 -28.949596508895819 6.666666666666667
-320 -18.684508718772996 6.666666666666667
-214.76629567224651 -18.684508718772996 6.666666666666667
-178.40503279590888 -18.684508718772996 6.666666666666667
-165.8411736558345 -18.684508718772996 6.666666666666667
-161.5 -18.684508718772996 6.666666666666667
-160 -18.684508718772996 6.666666666666667
-157.41036279796919 -18.684508718772996 6.666666666666667
-149.81793068761735 -18.684508718772996 6.666666666666667
-137.74011537017762 -18.684508718772996 6.666666666666667
-121.99999999999999 -18.684508718772996 6.666666666666667
-103.67024742779158 -18.684508718772996 6.666666666666667
-83.999999999999986 -18.684508718772996 6.666666666666667
-64.32975257220842 -18.684508718772996 6.666666666666667
-45.999999999999993 -18.684508718772996 6.666666666666667
-30.259884629822384 -18.684508718772996 6.666666666666667
-18.182069312382659 -18.684508718772996 6.666666666666667
-10.589637202030808 -18.684508718772996 6.666666666666667
-8 -18.684508718772996 6.666666666666667
-6.5 -18.684508718772996 6.666666666666667
-5 -18.684508718772996 6.666666666666667
-2.5 -18.684508718772996 6.666666666666667
0 -18.684508718772996 6.666666666666667
2.5 -18.684508718772996 6.666666666666667
5 -18.684508718772996 6.666666666666667
6.5 -18.684508718772996 6.666666666666667
8 -18.684508718772996 6.666666666666667
10.589637202030808 -18.684508718772996 6.666666666666667
18.182069312382659 -18.684508718772996 6.666666666666667
30.259884629822384 -18.684508718772996 6.666666666666667
45.999999999999993 -18.684508718772996 6.666666666666667
64.32975257220842 -18.684508718772996 6.666666666666667
83.999999999999986 -18.684508718772996 6.666666666666667
103.67024742779158 -18.684508718772996 6.666666666666667
121.99999999999999 -18.684508718772996 6.666666666666667
137.74011537017762 -18.684508718772996 6.666666666666667
149.81793068761735 -18.684508718772996 6.666666666666667
157.41036279796919 -18.684508718772996 6.666666666666667
160 -18.684508718772996 6.666666666666667
161.5 -18.684508718772996 6.666666666666667
165.8411736558345 -18.684508718772996 6.666666666666667
178.40503279590888 -18.684508718772996 6.666666666666667
214.76629567224651 -18.684508718772996 6.666666666666667
320 -18.684508718772996 6.666666666666667
-320 -11.69722487103547 6.666666666666667
-214.76629567224651 -11.69722487103547 6.666666666666667
-178.40503279590888 -11.69722487103547 6.666666666666667
-165.8411736558345 -11.69722487103547 6.666666666666667
-161.5 -11.69722487103547 6.666666666666667
-160 -11.69722487103547 6.666666666666667
-157.41036279796919 -11.69722487103547 6.666666666666667
-149.81793068761735 -11.69722487103547 6.666666666666667
-137.74011537017762 -11.69722487103547 6.666666666666667
-121.99999999999999 -11.69722487103547 6.666666666666667
-103.67024742779158 -11.69722487103547 6.666666666666667
-83.999999999999986 -11.69722487103547 6.666666666666667
-64.32975257220842 -11.69722487103547 6.666666666666667
-45.999999999999993 -11.69722487103547 6.666666666666667
-30.259884629822384 -11.69722487103547 6.666666666666667
-18.182069312382659 -11.69722487103547 6.666666666666667
-10.589637202030808 -11.69722487103547 6.666666666666667
-8 -11.69722487103547 6.666666666666667
-6.5 -11.69722487103547 6.666666666666667
-5 -11.69722487103547 6.666666666666667
-2.5 -11.69722487103547 6.666666666666667
0 -11.69722487103547 6.666666666666667
2.5 -11.69722487103547 6.666666666666667
5 -11.69722487103547 6.666666666666667
6.5 -11.69722487103547 6.666666666666667
8 -11.69722487103547 6.666666666666667
10.589637202030808 -11.69722487103547 6.666666666666667
18.182069312382659 -11.69722487103547 6.666666666666667
30.259884629822384 -11.69722487103547 6.666666666666667
45.999999999999993 -11.69722487103547 6.666666666666667
64.32975257220842 -11.69722487103547 6.666666666666667
83.999999999999986 -11.69722487103547 6.666666666666667
103.67024742779158 -11.69722487103547 6.666666666666667
121.99999999999999 -11.69722487103547 6.666666666666667
137.74011537017762 -11.69722487103547 6.666666666666667
149.81793068761735 -11.69722487103547 6.666666666666667
157.41036279796919 -11.69722487103547 6.666666666666667
160 -11.69722487103547 6.666666666666667
161.5 -11.69722487103547 6.666666666666667
165.8411736558345 -11.69722487103547 6.666666666666667
178.40503279590888 -11.69722487103547 6.666666666666667
214.76629567224651 -11.69722487103547 6.666666666666667
320 -11.69722487103547 6.666666666666667
-320 -6.9410906258095402 6.666666666666667
-214.76629567224651 -6.9410906258095402 6.666666666666667
-178.40503279590888 -6.9410906258095402 6.666666666666667
-165.8411736558345 -6.9410906258095402 6.666666666666667
-161.5 -6.9410906258095402 6.666666666666667
-160 -6.9410906258095402 6.666666666666667
-157.41036279796919 -6.9410906258095402 6.666666666666667
-149.81793068761735 -6.9410906258095402 6.666666666666667
-137.74011537017762 -6.9410906258095402 6.666666666666667
-121.99999999999999 -6.9410906258095402 6.666666666666667
-103.67024742779158 -6.9410906258095402 6.666666666666667
-83.999999999999986 -6.9410906258095402 6.666666666666667
-64.32975257220842 -6.9410906258095402 6.666666666666667
-45.999999999999993 -6.9410906258095402 6.666666666666667
-30.259884629822384 -6.9410906258095402 6.666666666666667
-18.182069312382659 -6.9410906258095402 6.666666666666667
-10.589637202030808 -6.9410906258095402 6.666666666666667
-8 -6.9410906258095402 6.666666666666667
-6.5 -6.9410906258095402 6.666666666666667
-5 -6.9410906258095402 6.666666666666667
-2.5 -6.9410906258095402 6.666666666666667
0 -6.9410906258095402 6.666666666666667
2.5 -6.9410906258095402 6.666666666666667
5 -6.9410906258095402 6.666666666666667
6.5 -6.9410906258095402 6.666666666666667
8 -6.9410906258095402 6.666666666666667
10.589637202030808 -6.9410906258095402 6.666666666666667
18.182069312382659 -6.9410906258095402 6.666666666666667
30.259884629822384 -6.9410906258095402 6.666666666666667
45.999999999999993 -6.9410906258095402 6.666666666666667
64.32975257220842 -6.9410906258095402 6.666666666666667
83.999999999999986 -6.9410906258095402 6.666666666666667
103.67024742779158 -6.9410906258095402 6.666666666666667
121.99999999999999 -6.9410906258095402 6.666666666666667
137.74011537017762 -6.9410906258095402 6.666666666666667
149.81793068761735 -6.9410906258095402 6.666666666666667
157.41036279796919 -6.9410906258095402 6.666666666666667
160 -6.9410906258095402 6.666666666666667
161.5 -6.9410906258095402 6.666666666666667
165.8411736558345 -6.9410906258095402 6.666666666666667
178.40503279590888 -6.9410906258095402 6.666666666666667
214.76629567224651 -6.9410906258095402 6.666666666666667
320 -6.9410906258095402 6.666666666666667
-320 -3.7036648318172993 6.666666666666667
-214.76629567224651 -3.7036648318172993 6.666666666666667
-178.40503279590888 -3.7036648318172993 6.666666666666667
-165.8411736558345 -3.7036648318172993 6.666666666666667
-161.5 -3.7036648318172993 6.666666666666667
-160 -3.7036648318172993 6.666666666666667
-157.41036279796919 -3.7036648318172993 6.666666666666667
-149.81793068761735 -3.7036648318172993 6.666666666666667
-137.74011537017762 -3.7036648318172993 6.666666666666667
-121.99999999999999 -3.7036648318172993 6.666666666666667
-103.67024742779158 -3.7036648318172993 6.666666666666667
-83.999999999999986 -3.7036648318172993 6.666666666666667
-64.32975257220842 -3.7036648318172993 6.666666666666667
-45.999999999999993 -3.7036648318172993 6.666666666666667
-30.259884629822384 -3.7036648318172993 6.666666666666667
-18.182069312382659 -3.7036648318172993 6.666666666666667
-10.589637202030808 -3.7036648318172993 6.666666666666667
-8 -3.7036648318172993 6.666666666666667
-6.5 -3.7036648318172993 6.666666666666667
-5 -3.7036648318172993 6.666666666666667
-2.5 -3.7036648318172993 6.666666666666667
0 -3.7036648318172993 6.666666666666667
2.5 -3.7036648318172993 6.666666666666667
5 -3.7036648318172993 6.666666666666667
6.5 -3.7036648318172993 6.666666666666667
8 -3.7036648318172993 6.666666666666667
10.589637202030808 -3.7036648318172993 6.666666666666667
18.182069312382659 -3.7036648318172993 6.666666666666667
30.259884629822384 -3.7036648318172993 6.666666666666667
45.999999999999993 -3.7036648318172993 6.666666666666667
64.32975257220842 -3.7036648318172993 6.666666666666667
83.999999999999986 -3.7036648318172993 6.666666666666667
103.67024742779158 -3.7036648318172993 6.666666666666667
121.99999999999999 -3.7036648318172993 6.666666666666667
137.74011537017762 -3.7036648318172993 6.666666666666667
149.81793068761735 -3.7036648318172993 6.666666666666667
157.41036279796919 -3.7036648318172993 6.666666666666667
160 -3.7036648318172993 6.666666666666667
161.5 -3.7036648318172993 6.666666666666667
165.8411736558345 -3.7036648318172993 6.666666666666667
178.40503279590888 -3.7036648318172993 6.666666666666667
214.76629567224651 -3.7036648318172993 6.666666666666667
320 -3.7036648318172993 6.666666666666667
-320 -1.5000000000000007 6.666666666666667
-214.76629567224651 -1.5000000000000007 6.666666666666667
-178.40503279590888 -1.5000000000000007 6.666666666666667
-165.8411736558345 -1.5000000000000007 6.666666666666667
-161.5 -1.5000000000000007 6.666666666666667
-160 -1.5000000000000007 6.666666666666667
-157.41036279796919 -1.5000000000000007 6.666666666666667
-149.81793068761735 -1.5000000000000007 6.666666666666667
-137.74011537017762 -1.5000000000000007 6.666666666666667
-121.99999999999999 -1.5000000000000007 6.666666666666667
-103.67024742779158 -1.5000000000000007 6.666666666666667
-83.999999999999986 -1.5000000000000007 6.666666666666667
-64.32975257220842 -1.5000000000000007 6.666666666666667
-45.999999999999993 -1.5000000000000007 6.666666666666667
-30.259884629822384 -1.5000000000000007 6.666666666666667
-18.182069312382659 -1.5000000000000007 6.666666666666667
-10.589637202030808 -1.5000000000000007 6.666666666666667
-8 -1.5000000000000007 6.666666666666667
-6.5 -1.5000000000000007 6.666666666666667
-5 -1.5000000000000007 6.666666666666667
-2.5 -1.5000000000000007 6.666666666666667
0 -1.5000000000000007 6.666666666666667
2.5 -1.5000000000000007 6.666666666666667
5 -1.5000000000000007 6.666666666666667
6.5 -1.5000000000000007 6.666666666666667
8 -1.5000000000000007 6.666666666666667
10.589637202030808 -1.5000000000000007 6.666666666666667
18.182069312382659 -1.5000000000000007 6.666666666666667
30.259884629822384 -1.5000000000000007 6.666666666666667
45.999999999999993 -1.5000000000000007 6.666666666666667
64.32975257220842 -1.5000000000000007 6.666666666666667
83.999999999999986 -1.5000000000000007 6.666666666666667
103.67024742779158 -1.5000000000000007 6.666666666666667
121.99999999999999 -1.5000000000000007 6.666666666666667
137.74011537017762 -1.5000000000000007 6.666666666666667
149.81793068761735 -1.5000000000000007 6.666666666666667
157.41036279796919 -1.5000000000000007 6.666666666666667
160 -1.5000000000000007 6.666666666666667
161.5 -1.5000000000000007 6.666666666666667
165.8411736558345 -1.5000000000000007 6.666666666666667
178.40503279590888 -1.5000000000000007 6.666666666666667
214.76629567224651 -1.5000000000000007 6.666666666666667
320 -1.5000000000000007 6.666666666666667
-320 0 6.666666666666667
-214.76629567224651 0 6.666666666666667
-178.40503279590888 0 6.666666666666667
-165.8411736558345 0 6.666666666666667
-161.5 0 6.666666666666667
-160 0 6.666666666666667
-157.41036279796919 0 6.666666666666667
-149.81793068761735 0 6.666666666666667
-137.74011537017762 0 6.666666666666667
-121.99999999999999 0 6.666666666666667
-103.67024742779158 0 6.666666666666667
-83.999999999999986 0 6.666666666666667
-64.32975257220842 0 6.666666666666667
-45.999999999999993 0 6.666666666666667
-30.259884629822384 0 6.666666666666667
-18.182069312382659 0 6.666666666666667
-10.589637202030808 0 6.666666666666667
-8 0 6.666666666666667
-6.5 0 6.666666666666667
-5 0 6.666666666666667
-2.5 0 6.666666666666667
0 0 6.666666666666667
2.5 0 6.666666666666667
5 0 6.666666666666667
6.5 0 6.666666666666667
8 0 6.666666666666667
10.589637202030808 0 6.666666666666667
18.182069312382659 0 6.666666666666667
30.259884629822384 0 6.666666666666667
45.999999999999993 0 6.666666666666667
64.32975257220842 0 6.666666666666667
83.999999999999986 0 6.666666666666667
103.67024742779158 0 6.666666666666667
121.99999999999999 0 6.666666666666667
137.74011537017762 0 6.666666666666667
149.81793068761735 0 6.666666666666667
157.41036279796919 0 6.666666666666667
160 0 6.666666666666667
161.5 0 6.666666666666667
165.8411736558345 0 6.666666666666667
178.40503279590888 0 6.666666666666667
214.76629567224651 0 6.666666666666667
320 0 6.666666666666667
-320 1.5000000000000007 6.666666666666667
-214.76629567224651 1.5000000000000007 6.666666666666667
-178.40503279590888 1.5000000000000007 6.666666666666667
-165.8411736558345 1.5000000000000007 6.666666666666667
-161.5 1.5000000000000007 6.666666666666667
-160 1.5000000000000007 6.666666666666667
-157.41036279796919 1.5000000000000007 6.666666666666667
-149.81793068761735 1.5000000000000007 6.666666666666667
-137.74011537017762 1.5000000000000007 6.666666666666667
-121.99999999999999 1.5000000000000007 6.666666666666667
-103.67024742779158 1.5000000000000007 6.666666666666667
-83.999999999999986 1.5000000000000007 6.666666666666667
-64.32975257220842 1.5000000000000007 6.666666666666667
-45.999999999999993 1.5000000000000007 6.666666666666667
-30.259884629822384 1.5000000000000007 6.666666666666667
-18.182069312382659 1.5000000000000007 6.666666666666667
-10.589637202030808 1.5000000000000007 6.666666666666667
-8 1.5000000000000007 6.666666666666667
-6.5 1.5000000000000007 6.666666666666667
-5 1.5000000000000007 6.666666666666667
-2.5 1.5000000000000007 6.666666666666667
0 1.5000000000000007 6.666666666666667
2.5 1.5000000000000007 6.666666666666667
5 1.5000000000000007 6.666666666666667
6.5 1.5000000000000007 6.666666666666667
8 1.5000000000000007 6.666666666666667
10.589637202030808 1.5000000000000007 6.666666666666667
18.182069312382659 1.5000000000000007 6.666666666666667
30.259884629822384 1.5000000000000007 6.666666666666667
45.999999999999993 1.5000000000000007 6.666666666666667
64.32975257220842 1.5000000000000007 6.666666666666667
83.999999999999986 1.5000000000000007 6.666666666666667
103.67024742779158 1.5000000000000007 6.666666666666667
121.99999999999999 1.5000000000000007 6.666666666666667
137.74011537017762 1.5000000000000007 6.666666666666667
149.81793068761735 1.5000000000000007 6.666666666666667
157.41036279796919 1.5000000000000007 6.666666666666667
160 1.5000000000000007 6.666666666666667
161.5 1.5000000000000007 6.666666666666667
165.8411736558345 1.5000000000000007 6.666666666666667
178.40503279590888 1.5000000000000007 6.666666666666667
214.76629567224651 1.5000000000000007 6.666666666666667
320 1.5000000000000007 6.666666666666667
-320 3.7036648318172993 6.666666666666667
-214.76629567224651 3.7036648318172993 6.666666666666667
-178.40503279590888 3.7036648318172993 6.666666666666667
-165.8411736558345 3.7036648318172993 6.666666666666667
-161.5 3.7036648318172993 6.666666666666667
-160 3.7036648318172993 6.666666666666667
-157.41036279796919 3.7036648318172993 6.666666666666667
-149.81793068761735 3.7036648318172993 6.666666666666667
-137.74011537017762 3.7036648318172993 6.666666666666667
-121.99999999999999 3.7036648318172993 6.666666666666667
-103.67024742779158 3.7036648318172993 6.666666666666667
-83.999999999999986 3.7036648318172993 6.666666666666667
-64.32975257220842 3.7036648318172993 6.666666666666667
-45.999999999999993 3.7036648318172993 6.666666666666667
-30.259884629822384 3.7036648318172993 6.666666666666667
-18.182069312382659 3.7036648318172993 6.666666666666667
-10.589637202030808 3.7036648318172993 6.666666666666667
-8 3.7036648318172993 6.666666666666667
-6.5 3.7036648318172993 6.666666666666667
-5 3.7036648318172993 6.666666666666667
-2.5 3.7036648318172993 6.666666666666667
0 3.7036648318172993 6.666666666666667
2.5 3.7036648318172993 6.666666666666667
5 3.7036648318172993 6.666666666666667
6.5 3.7036648318172993 6.666666666666667
8 3.7036648318172993 6.666666666666667
10.589637202030808 3.7036648318172993 6.666666666666667
18.182069312382659 3.7036648318172993 6.666666666666667
30.259884629822384 3.7036648318172993 6.666666666666667
45.999999999999993 3.7036648318172993 6.666666666666667
64.32975257220842 3.7036648318172993 6.666666666666667
83.999999999999986 3.7036648318172993 6.666666666666667
103.67024742779158 3.7036648318172993 6.666666666666667
121.99999999999999 3.7036648318172993 6.666666666666667
137.74011537017762 3.7036648318172993 6.666666666666667
149.81793068761735 3.7036648318172993 6.666666666666667
157.41036279796919 3.7036648318172993 6.666666666666667
160 3.7036648318172993 6.666666666666667
161.5 3.7036648318172993 6.666666666666667
165.8411736558345 3.7036648318172993 6.666666666666667
178.40503279590888 3.7036648318172993 6.666666666666667
214.76629567224651 3.7036648318172993 6.666666666666667
320 3.7036648318172993 6.666666666666667
-320 6.9410906258095402 6.666666666666667
-214.76629567224651 6.9410906258095402 6.666666666666667
-178.40503279590888 6.9410906258095402 6.666666666666667
-165.8411736558345 6.9410906258095402 6.666666666666667
-161.5 6.9410906258095402 6.666666666666667
-160 6.9410906258095402 6.666666666666667
-157.41036279796919 6.9410906258095402 6.666666666666667
-149.81793068761735 6.9410906258095402 6.666666666666667
-137.74011537017762 6.9410906258095402 6.666666666666667
-121.99999999999999 6.9410906258095402 6.666666666666667
-103.67024742779158 6.9410906258095402 6.666666666666667
-83.999999999999986 6.9410906258095402 6.666666666666667
-64.32975257220842 6.9410906258095402 6.666666666666667
-45.999999999999993 6.9410906258095402 6.666666666666667
-30.259884629822384 6.9410906258095402 6.666666666666667
-18.182069312382659 6.9410906258095402 6.666666666666667
-10.589637202030808 6.9410906258095402 6.666666666666667
-8 6.9410906258095402 6.666666666666667
-6.5 6.9410906258095402 6.666666666666667
-5 6.9410906258095402 6.666666666666667
-2.5 6.9410906258095402 6.666666666666667
0 6.9410906258095402 6.666666666666667
2.5 6.9410906258095402 6.666666666666667
5 6.9410906258095402 6.666666666666667
6.5 6.9410906258095402 6.666666666666667
8 6.9410906258095402 6.666666666666667
10.589637202030808 6.9410906258095402 6.666666666666667
18.182069312382659 6.9410906258095402 6.666666666666667
30.259884629822384 6.9410906258095402 6.666666666666667
45.999999999999993 6.9410906258095402 6.666666666666667
64.32975257220842 6.9410906258095402 6.666666666666667
83.999999999999986 6.9410906258095402 6.666666666666667
103.67024742779158 6.9410906258095402 6.666666666666667
121.99999999999999 6.9410906258095402 6.666666666666667
137.74011537017762 6.9410906258095402 6.666666666666667
149.81793068761735 6.9410906258095402 6.666666666666667
157.41036279796919 6.9410906258095402 6.666666666666667
160 6.9410906258095402 6.666666666666667
161.5 6.9410906258095402 6.666666666666667
165.8411736558345 6.9410906258095402 6.666666666666667
178.40503279590888 6.9410906258095402 6.666666666666667
214.76629567224651 6.9410906258095402 6.666666666666667
320 6.9410906258095402 6.666666666666667
-320 11.69722487103547 6.666666666666667
-214.76629567224651 11.69722487103547 6.666666666666667
-178.40503279590888 11.69722487103547 6.666666666666667
-165.8411736558345 11.69722487103547 6.666666666666667
-161.5 11.69722487103547 6.666666666666667
-160 11.69722487103547 6.666666666666667
-157.41036279796919 11.69722487103547 6.666666666666667
-149.81793068761735 11.69722487103547 6.666666666666667
-137.74011537017762 11.69722487103547 6.666666666666667
-121.99999999999999 11.69722487103547 6.666666666666667
-103.67024742779158 11.69722487103547 6.666666666666667
-83.999999999999986 11.69722487103547 6.666666666666667
-64.32975257220842 11.69722487103547 6.666666666666667
-45.999999999999993 11.69722487103547 6.666666666666667
-30.259884629822384 11.69722487103547 6.666666666666667
-18.182069312382659 11.69722487103547 6.666666666666667
-10.589637202030808 11.69722487103547 6.666666666666667
-8 11.69722487103547 6.666666666666667
-6.5 11.69722487103547 6.666666666666667
-5 11.69722487103547 6.666666666666667
-2.5 11.69722487103547 6.666666666666667
0 11.69722487103547 6.666666666666667
2.5 11.69722487103547 6.666666666666667
5 11.69722487103547 6.666666666666667
6.5 11.69722487103547 6.666666666666667
8 11.69722487103547 6.666666666666667
10.589637202030808 11.69722487103547 6.666666666666667
18.182069312382659 11.69722487103547 6.666666666666667
30.259884629822384 11.69722487103547 6.666666666666667
45.999999999999993 11.69722487103547 6.666666666666667
64.32975257220842 11.69722487103547 6.666666666666667
83.999999999999986 11.69722487103547 6.666666666666667
103.67024742779158 11.69722487103547 6.666666666666667
121.99999999999999 11.69722487103547 6.666666666666667
137.74011537017762 11.69722487103547 6.666666666666667
149.81793068761735 11.69722487103547 6.666666666666667
157.41036279796919 11.69722487103547 6.666666666666667
160 11.69722487103547 6.666666666666667
161.5 11.69722487103547 6.666666666666667
165.8411736558345 11.69722487103547 6.666666666666667
178.40503279590888 11.69722487103547 6.666666666666667
214.76629567224651 11.69722487103547 6.666666666666667
320 11.69722487103547 6.666666666666667
-320 18.684508718772996 6.666666666666667
-214.76629567224651 18.684508718772996 6.666666666666667
-178.40503279590888 18.684508718772996 6.666666666666667
-165.8411736558345 18.684508718772996 6.666666666666667
-161.5 18.684508718772996 6.666666666666667
-160 18.684508718772996 6.666666666666667
-157.41036279796919 18.684508718772996 6.666666666666667
-149.81793068761735 18.684508718772996 6.666666666666667
-137.74011537017762 18.684508718772996 6.666666666666667
-121.99999999999999 18.684508718772996 6.666666666666667
-103.67024742779158 18.684508718772996 6.666666666666667
-83.999999999999986 18.684508718772996 6.666666666666667
-64.32975257220842 18.684508718772996 6.666666666666667
-45.999999999999993 18.684508718772996 6.666666666666667
-30.259884629822384 18.684508718772996 6.666666666666667
-18.182069312382659 18.684508718772996 6.666666666666667
-10.589637202030808 18.684508718772996 6.666666666666667
-8 18.684508718772996 6.666666666666667
-6.5 18.684508718772996 6.666666666666667
-5 18.684508718772996 6.666666666666667
-2.5 18.684508718772996 6.666666666666667
0 18.684508718772996 6.666666666666667
2.5 18.684508718772996 6.666666666666667
5 18.684508718772996 6.666666666666667
6.5 18.684508718772996 6.666666666666667
8 18.684508718772996 6.666666666666667
10.589637202030808 18.684508718772996 6.666666666666667
18.182069312382659 18.684508718772996 6.666666666666667
30.259884629822384 18.684508718772996 6.666666666666667
45.999999999999993 18.684508718772996 6.666666666666667
64.32975257220842 18.684508718772996 6.666666666666667
83.999999999999986 18.684508718772996 6.666666666666667
103.67024742779158 18.684508718772996 6.666666666666667
121.99999999999999 18.684508718772996 6.666666666666667
137.74011537017762 18.684508718772996 6.666666666666667
149.81793068761735 18.684508718772996 6.666666666666667
157.41036279796919 18.684508718772996 6.666666666666667
160 18.684508718772996 6.666666666666667
161.5 18.684508718772996 6.666666666666667
165.8411736558345 18.684508718772996 6.666666666666667
178.40503279590888 18.684508718772996 6.666666666666667
214.76629567224651 18.684508718772996 6.666666666666667
320 18.684508718772996 6.666666666666667
-320 28.949596508895819 6.666666666666667
-214.76629567224651 28.949596508895819 6.666666666666667
-178.40503279590888 28.949596508895819 6.666666666666667
-165.8411736558345 28.949596508895819 6.666666666666667
-161.5 28.949596508895819 6.666666666666667
-160 28.949596508895819 6.666666666666667
-157.41036279796919 28.949596508895819 6.666666666666667
-149.81793068761735 28.949596508895819 6.666666666666667
-137.74011537017762 28.949596508895819 6.666666666666667
-121.99999999999999 28.949596508895819 6.666666666666667
-103.67024742779158 28.949596508895819 6.666666666666667
-83.999999999999986 28.949596508895819 6.666666666666667
-64.32975257220842 28.949596508895819 6.666666666666667
-45.999999999999993 28.949596508895819 6.666666666666667
-30.259884629822384 28.949596508895819 6.666666666666667
-18.182069312382659 28.949596508895819 6.666666666666667
-10.589637202030808 28.949596508895819 6.666666666666667
-8 28.949596508895819 6.666666666666667
-6.5 28.949596508895819 6.666666666666667
-5 28.949596508895819 6.666666666666667
-2.5 28.949596508895819 6.666666666666667
0 28.949596508895819 6.666666666666667
2.5 28.949596508895819 6.666666666666667
5 28.949596508895819 6.666666666666667
6.5 28.949596508895819 6.666666666666667
8 28.949596508895819 6.666666666666667
10.589637202030808 28.949596508895819 6.666666666666667
18.182069312382659 28.949596508895819 6.666666666666667
30.259884629822384 28.949596508895819 6.666666666666667
45.999999999999993 28.949596508895819 6.666666666666667
64.32975257220842 28.949596508895819 6.666666666666667
83.999999999999986 28.949596508895819 6.666666666666667
103.67024742779158 28.949596508895819 6.666666666666667
121.99999999999999 28.949596508895819 6.666666666666667
137.74011537017762 28.949596508895819 6.666666666666667
149.81793068761735 28.949596508895819 6.666666666666667
157.41036279796919 28.949596508895819 6.666666666666667
160 28.949596508895819 6.666666666666667
161.5 28.949596508895819 6.666666666666667
165.8411736558345 28.949596508895819 6.666666666666667
178.40503279590888 28.949596508895819 6.666666666666667
214.76629567224651 28.949596508895819 6.666666666666667
320 28.949596508895819 6.666666666666667
-320 44.030138481303027 6.666666666666667
-214.76629567224651 44.030138481303027 6.666666666666667
-178.40503279590888 44.030138481303027 6.666666666666667
-165.8411736558345 44.030138481303027 6.666666666666667
-161.5 44.030138481303027 6.666666666666667
-160 44.030138481303027 6.666666666666667
-157.41036279796919 44.030138481303027 6.666666666666667
-149.81793068761735 44.030138481303027 6.666666666666667
-137.74011537017762 44.030138481303027 6.666666666666667
-121.99999999999999 44.030138481303027 6.666666666666667
-103.67024742779158 44.030138481303027 6.666666666666667
-83.999999999999986 44.030138481303027 6.666666666666667
-64.32975257220842 44.030138481303027 6.666666666666667
-45.999999999999993 44.030138481303027 6.666666666666667
-30.259884629822384 44.030138481303027 6.666666666666667
-18.182069312382659 44.030138481303027 6.666666666666667
-10.589637202030808 44.030138481303027 6.666666666666667
-8 44.030138481303027 6.666666666666667
-6.5 44.030138481303027 6.666666666666667
-5 44.030138481303027 6.666666666666667
-2.5 44.030138481303027 6.666666666666667
0 44.030138481303027 6.666666666666667
2.5 44.030138481303027 6.666666666666667
5 44.030138481303027 6.666666666666667
6.5 44.030138481303027 6.666666666666667
8 44.030138481303027 6.666666666666667
10.589637202030808 44.030138481303027 6.666666666666667
18.182069312382659 44.030138481303027 6.666666666666667
30.259884629822384 44.030138481303027 6.666666666666667
45.999999999999993 44.030138481303027 6.666666666666667
64.32975257220842 44.030138481303027 6.666666666666667
83.999999999999986 44.030138481303027 6.666666666666667
103.67024742779158 44.030138481303027 6.666666666666667
121.99999999999999 44.030138481303027 6.666666666666667
137.74011537017762 44.030138481303027 6.666666666666667
149.81793068761735 44.030138481303027 6.666666666666667
157.41036279796919 44.030138481303027 6.666666666666667
160 44.030138481303027 6.666666666666667
161.5 44.030138481303027 6.666666666666667
165.8411736558345 44.030138481303027 6.666666666666667
178.40503279590888 44.030138481303027 6.666666666666667
214.76629567224651 44.030138481303027 6.666666666666667
320 44.030138481303027 6.666666666666667
-320 66.185111807528642 6.666666666666667
-214.76629567224651 66.185111807528642 6.666666666666667
-178.40503279590888 66.185111807528642 6.666666666666667
-165.8411736558345 66.185111807528642 6.666666666666667
-161.5 66.185111807528642 6.666666666666667
-160 66.185111807528642 6.666666666666667
-157.41036279796919 66.185111807528642 6.666666666666667
-149.81793068761735 66.185111807528642 6.666666666666667
-137.74011537017762 66.185111807528642 6.666666666666667
-121.99999999999999 66.185111807528642 6.666666666666667
-103.67024742779158 66.185111807528642 6.666666666666667
-83.999999999999986 66.185111807528642 6.666666666666667
-64.32975257220842 66.185111807528642 6.666666666666667
-45.999999999999993 66.185111807528642 6.666666666666667
-30.259884629822384 66.185111807528642 6.666666666666667
-18.182069312382659 66.185111807528642 6.666666666666667
-10.589637202030808 66.185111807528642 6.666666666666667
-8 66.185111807528642 6.666666666666667
-6.5 66.185111807528642 6.666666666666667
-5 66.185111807528642 6.666666666666667
-2.5 66.185111807528642 6.666666666666667
0 66.185111807528642 6.666666666666667
2.5 66.185111807528642 6.666666666666667
5 66.185111807528642 6.666666666666667
6.5 66.185111807528642 6.666666666666667
8 66.185111807528642 6.666666666666667
10.589637202030808 66.185111807528642 6.666666666666667
18.182069312382659 66.185111807528642 6.666666666666667
30.259884629822384 66.185111807528642 6.666666666666667
45.999999999999993 66.185111807528642 6.666666666666667
64.32975257220842 66.185111807528642 6.666666666666667
83.999999999999986 66.185111807528642 6.666666666666667
103.67024742779158 66.185111807528642 6.666666666666667
121.99999999999999 66.185111807528642 6.666666666666667
137.74011537017762 66.185111807528642 6.666666666666667
149.81793068761735 66.185111807528642 6.666666666666667
157.41036279796919 66.185111807528642 6.666666666666667
160 66.185111807528642 6.666666666666667
161.5 66.185111807528642 6.666666666666667
165.8411736558345 66.185111807528642 6.666666666666667
178.40503279590888 66.185111807528642 6.666666666666667
214.76629567224651 66.185111807528642 6.666666666666667
320 66.185111807528642 6.666666666666667
-320 98.73320218676443 6.666666666666667
-214.76629567224651 98.73320218676443 6.666666666666667
-178.40503279590888 98.73320218676443 6.666666666666667
-165.8411736558345 98.73320218676443 6.666666666666667
-161.5 98.73320218676443 6.666666666666667
-160 98.73320218676443 6.666666666666667
-157.41036279796919 98.73320218676443 6.666666666666667
-149.81793068761735 98.73320218676443 6.666666666666667
-137.74011537017762 98.73320218676443 6.666666666666667
-121.99999999999999 98.73320218676443 6.666666666666667
-103.67024742779158 98.73320218676443 6.666666666666667
-83.999999999999986 98.73320218676443 6.666666666666667
-64.32975257220842 98.73320218676443 6.666666666666667
-45.999999999999993 98.73320218676443 6.666666666666667
-30.259884629822384 98.73320218676443 6.666666666666667
-18.182069312382659 98.73320218676443 6.666666666666667
-10.589637202030808 98.73320218676443 6.666666666666667
-8 98.73320218676443 6.666666666666667
-6.5 98.73320218676443 6.666666666666667
-5 98.73320218676443 6.666666666666667
-2.5 98.73320218676443 6.666666666666667
0 98.73320218676443 6.666666666666667
2.5 98.73320218676443 6.666666666666667
5 98.73320218676443 6.666666666666667
6.5 98.73320218676443 6.666666666666667
8 98.73320218676443 6.666666666666667
10.589637202030808 98.73320218676443 6.666666666666667
18.182069312382659 98.73320218676443 6.666666666666667
30.259884629822384 98.73320218676443 6.666666666666667
45.999999999999993 98.73320218676443 6.666666666666667
64.32975257220842 98.73320218676443 6.666666666666667
83.999999999999986 98.73320218676443 6.666666666666667
103.67024742779158 98.73320218676443 6.666666666666667
121.99999999999999 98.73320218676443 6.666666666666667
137.74011537017762 98.73320218676443 6.666666666666667
149.81793068761735 98.73320218676443 6.666666666666667
157.41036279796919 98.73320218676443 6.666666666666667
160 98.73320218676443 6.666666666666667
161.5 98.73320218676443 6.666666666666667
165.8411736558345 98.73320218676443 6.666666666666667
178.40503279590888 98.73320218676443 6.666666666666667
214.76629567224651 98.73320218676443 6.666666666666667
320 98.73320218676443 6.666666666666667
-320 146.54992359445299 6.666666666666667
-214.76629567224651 146.54992359445299 6.666666666666667
-178.40503279590888 146.54992359445299 6.666666666666667
-165.8411736558345 146.54992359445299 6.666666666666667
-161.5 146.54992359445299 6.666666666666667
-160 146.54992359445299 6.666666666666667
-157.41036279796919 146.54992359445299 6.666666666666667
-149.81793068761735 146.54992359445299 6.666666666666667
-137.74011537017762 146.54992359445299 6.666666666666667
-121.99999999999999 146.54992359445299 6.666666666666667
-103.67024742779158 146.54992359445299 6.666666666666667
-83.999999999999986 146.54992359445299 6.666666666666667
-64.32975257220842 146.54992359445299 6.666666666666667
-45.999999999999993 146.54992359445299 6.666666666666667
-30.259884629822384 146.54992359445299 6.666666666666667
-18.182069312382659 146.54992359445299 6.666666666666667
-10.589637202030808 146.54992359445299 6.666666666666667
-8 146.54992359445299 6.666666666666667
-6.5 146.54992359445299 6.666666666666667
-5 146.54992359445299 6.666666666666667
-2.5 146.54992359445299 6.666666666666667
0 146.54992359445299 6.666666666666667
2.5 146.54992359445299 6.666666666666667
5 146.54992359445299 6.666666666666667
6.5 146.54992359445299 6.666666666666667
8 146.54992359445299 6.666666666666667
10.589637202030808 146.54992359445299 6.666666666666667
18.182069312382659 146.54992359445299 6.666666666666667
30.259884629822384 146.54992359445299 6.666666666666667
45.999999999999993 146.54992359445299 6.666666666666667
64.32975257220842 146.54992359445299 6.666666666666667
83.999999999999986 146.54992359445299 6.666666666666667
103.67024742779158 146.54992359445299 6.666666666666667
121.99999999999999 146.54992359445299 6.666666666666667
137.74011537017762 146.54992359445299 6.666666666666667
149.81793068761735 146.54992359445299 6.666666666666667
157.41036279796919 146.54992359445299 6.666666666666667
160 146.54992359445299 6.666666666666667
161.5 146.54992359445299 6.666666666666667
165.8411736558345 146.54992359445299 6.666666666666667
178.40503279590888 146.54992359445299 6.666666666666667
214.76629567224651 146.54992359445299 6.666666666666667
320 146.54992359445299 6.666666666666667
-320 216.79794182040541 6.666666666666667
-214.76629567224651 216.79794182040541 6.666666666666667
-178.40503279590888 216.79794182040541 6.666666666666667
-165.8411736558345 216.79794182040541 6.666666666666667
-161.5 216.79794182040541 6.666666666666667
-160 216.79794182040541 6.666666666666667
-157.41036279796919 216.79794182040541 6.666666666666667
-149.81793068761735 216.79794182040541 6.666666666666667
-137.74011537017762 216.79794182040541 6.666666666666667
-121.99999999999999 216.79794182040541 6.666666666666667
-103.67024742779158 216.79794182040541 6.666666666666667
-83.999999999999986 216.79794182040541 6.666666666666667
-64.32975257220842 216.79794182040541 6.666666666666667
-45.999999999999993 216.79794182040541 6.666666666666667
-30.259884629822384 216.79794182040541 6.666666666666667
-18.182069312382659 216.79794182040541 6.666666666666667
-10.589637202030808 216.79794182040541 6.666666666666667
-8 216.79794182040541 6.666666666666667
-6.5 216.79794182040541 6.666666666666667
-5 216.79794182040541 6.666666666666667
-2.5 216.79794182040541 6.666666666666667
0 216.79794182040541 6.666666666666667
2.5 216.79794182040541 6.666666666666667
5 216.79794182040541 6.666666666666667
6.5 216.79794182040541 6.666666666666667
8 216.79794182040541 6.666666666666667
10.589637202030808 216.79794182040541 6.666666666666667
18.182069312382659 216.79794182040541 6.666666666666667
30.259884629822384 216.79794182040541 6.666666666666667
45.999999999999993 216.79794182040541 6.666666666666667
64.32975257220842 216.79794182040541 6.666666666666667
83.999999999999986 216.79794182040541 6.666666666666667
103.67024742779158 216.79794182040541 6.666666666666667
121.99999999999999 216.79794182040541 6.666666666666667
137.74011537017762 216.79794182040541 6.666666666666667
149.81793068761735 216.79794182040541 6.666666666666667
157.41036279796919 216.79794182040541 6.666666666666667
160 216.79794182040541 6.666666666666667
161.5 216.79794182040541 6.666666666666667
165.8411736558345 216.79794182040541 6.666666666666667
178.40503279590888 216.79794182040541 6.666666666666667
214.76629567224651 216.79794182040541 6.666666666666667
320 216.79794182040541 6.666666666666667
-320 320 6.666666666666667
-214.76629567224651 320 6.666666666666667
-178.40503279590888 320 6.666666666666667
-165.8411736558345 320 6.666666666666667
-161.5 320 6.666666666666667
-160 320 6.666666666666667
-157.41036279796919 320 6.666666666666667
-149.81793068761735 320 6.666666666666667
-137.74011537017762 320 6.666666666666667
-121.99999999999999 320 6.666666666666667
-103.67024742779158 320 6.666666666666667
-83.999999999999986 320 6.666666666666667
-64.32975257220842 320 6.666666666666667
-45.999999999999993 320 6.666666666666667
-30.259884629822384 320 6.666666666666667
-18.182069312382659 320 6.666666666666667
-10.589637202030808 320 6.666666666666667
-8 320 6.666666666666667
-6.5 320 6.666666666666667
-5 320 6.666666666666667
-2.5 320 6.666666666666667
0 320 6.666666666666667
2.5 320 6.666666666666667
5 320 6.666666666666667
6.5 320 6.666666666666667
8 320 6.666666666666667
10.589637202030808 320 6.666666666666667
18.182069312382659 320 6.666666666666667
30.259884629822384 320 6.666666666666667
45.999999999999993 320 6.666666666666667
64.32975257220842 320 6.666666666666667
83.999999999999986 320 6.666666666666667
103.67024742779158 320 6.666666666666667
121.99999999999999 320 6.666666666666667
137.74011537017762 320 6.666666666666667
149.81793068761735 320 6.666666666666667
157.41036279796919 320 6.666666666666667
160 320 6.666666666666667
161.5 320 6.666666666666667
165.8411736558345 320 6.666666666666667
178.40503279590888 320 6.666666666666667
214.76629567224651 320 6.666666666666667
320 320 6.666666666666667
-320 -320 10
-214.76629567224651 -320 10
-178.40503279590888 -320 10
-165.8411736558345 -320 10
-161.5 -320 10
-160 -320 10
-157.41036279796919 -320 10
-149.81793068761735 -320 10
-137.74011537017762 -320 10
-121.99999999999999 -320 10
-103.67024742779158 -320 10
-83.999999999999986 -320 10
-64.32975257220842 -320 10
-45.999999999999993 -320 10
-30.259884629822384 -320 10
-18.182069312382659 -320 10
-10.589637202030808 -320 10
-8 -320 10
-6.5 -320 10
-5 -320 10
-2.5 -320 10
0 -320 10
2.5 -320 10
5 -320 10
6.5 -320 10
8 -320 10
10.589637202030808 -320 10
18.182069312382659 -320 10
30.259884629822384 -320 10
45.999999999999993 -320 10
64.32975257220842 -320 10
83.999999999999986 -320 10
103.67024742779158 -320 10
121.99999999999999 -320 10
137.74011537017762 -320 10
149.81793068761735 -320 10
157.41036279796919 -320 10
160 -320 10
161.5 -320 10
165.8411736558345 -320 10
178.40503279590888 -320 10
214.76629567224651 -320 10
320 -320 10
-320 -216.79794182040541 10
-214.76629567224651 -216.79794182040541 10
-178.40503279590888 -216.79794182040541 10
-165.8411736558345 -216.79794182040541 10
-161.5 -216.79794182040541 10
-160 -216.79794182040541 10
-157.41036279796919 -216.79794182040541 10
-149.81793068761735 -216.79794182040541 10
-137.74011537017762 -216.79794182040541 10
-121.99999999999999 -216.79794182040541 10
-103.67024742779158 -216.79794182040541 10
-83.999999999999986 -216.79794182040541 10
-64.32975257220842 -216.79794182040541 10
-45.999999999999993 -216.79794182040541 10
-30.259884629822384 -216.79794182040541 10
-18.182069312382659 -216.79794182040541 10
-10.589637202030808 -216.79794182040541 10
-8 -216.79794182040541 10
-6.5 -216.79794182040541 10
-5 -216.79794182040541 10
-2.5 -216.79794182040541 10
0 -216.79794182040541 10
2.5 -216.79794182040541 10
5 -216.79794182040541 10
6.5 -216.79794182040541 10
8 -216.79794182040541 10
10.589637202030808 -216.79794182040541 10
18.182069312382659 -216.79794182040541 10
30.259884629822384 -216.79794182040541 10
45.999999999999993 -216.79794182040541 10
64.32975257220842 -216.79794182040541 10
83.999999999999986 -216.79794182040541 10
103.67024742779158 -216.79794182040541 10
121.99999999999999 -216.79794182040541 10
137.74011537017762 -216.79794182040541 10
149.81793068761735 -216.79794182040541 10
157.41036279796919 -216.79794182040541 10
160 -216.79794182040541 10
161.5 -216.79794182040541 10
165.8411736558345 -216.79794182040541 10
178.40503279590888 -216.79794182040541 10
214.76629567224651 -216.79794182040541 10
320 -216.79794182040541 10
-320 -146.54992359445299 10
-214.76629567224651 -146.54992359445299 10
-178.40503279590888 -146.54992359445299 10
-165.8411736558345 -146.54992359445299 10
-161.5 -146.54992359445299 10
-160 -146.54992359445299 10
-157.41036279796919 -146.54992359445299 10
-149.81793068761735 -146.54992359445299 10
-137.74011537017762 -146.54992359445299 10
-121.99999999999999 -146.54992359445299 10
-103.67024742779158 -146.54992359445299 10
-83.999999999999986 -146.54992359445299 10
-64.32975257220842 -146.54992359445299 10
-45.999999999999993 -146.54992359445299 10
-30.259884629822384 -146.54992359445299 10
-18.182069312382659 -146.54992359445299 10
-10.589637202030808 -146.54992359445299 10
-8 -146.54992359445299 10
-6.5 -146.54992359445299 10
-5 -146.54992359445299 10
-2.5 -146.54992359445299 10
0 -146.54992359445299 10
2.5 -146.54992359445299 10
5 -146.54992359445299 10
6.5 -146.54992359445299 10
8 -146.54992359445299 10
10.589637202030808 -146.54992359445299 10
18.182069312382659 -146.54992359445299 10
30.259884629822384 -146.54992359445299 10
45.999999999999993 -146.54992359445299 10
64.32975257220842 -146.54992359445299 10
83.999999999999986 -146.54992359445299 10
103.67024742779158 -146.54992359445299 10
121.99999999999999 -146.54992359445299 10
137.74011537017762 -146.54992359445299 10
149.81793068761735 -146.54992359445299 10
157.41036279796919 -146.54992359445299 10
160 -146.54992359445299 10
161.5 -146.54992359445299 10
165.8411736558345 -146.54992359445299 10
178.40503279590888 -146.54992359445299 10
214.76629567224651 -146.54992359445299 10
320 -146.54992359445299 10
-320 -98.73320218676443 10
-214.76629567224651 -98.73320218676443 10
-178.40503279590888 -98.73320218676443 10
-165.8411736558345 -98.73320218676443 10
-161.5 -98.73320218676443 10
-160 -98.73320218676443 10
-157.41036279796919 -98.73320218676443 10
-149.81793068761735 -98.73320218676443 10
-137.74011537017762 -98.73320218676443 10
-121.99999999999999 -98.73320218676443 10
-103.67024742779158 -98.73320218676443 10
-83.999999999999986 -98.73320218676443 10
-64.32975257220842 -98.73320218676443 10
-45.999999999999993 -98.73320218676443 10
-30.259884629822384 -98.73320218676443 10
-18.182069312382659 -98.73320218676443 10
-10.589637202030808 -98.73320218676443 10
-8 -98.73320218676443 10
-6.5 -98.73320218676443 10
-5 -98.73320218676443 10
-2.5 -98.73320218676443 10
0 -98.73320218676443 10
2.5 -98.73320218676443 10
5 -98.73320218676443 10
6.5 -98.73320218676443 10
8 -98.73320218676443 10
10.589637202030808 -98.73320218676443 10
18.182069312382659 -98.73320218676443 10
30.259884629822384 -98.73320218676443 10
45.999999999999993 -98.73320218676443 10
64.32975257220842 -98.73320218676443 10
83.999999999999986 -98.73320218676443 10
103.67024742779158 -98.73320218676443 10
121.99999999999999 -98.73320218676443 10
137.74011537017762 -98.73320218676443 10
149.81793068761735 -98.73320218676443 10
157.41036279796919 -98.73320218676443 10
160 -98.73320218676443 10
161.5 -98.73320218676443 10
165.8411736558345 -98.73320218676443 10
178.40503279590888 -98.73320218676443 10
214.76629567224651 -98.73320218676443 10
320 -98.73320218676443 10
-320 -66.185111807528642 10
-214.76629567224651 -66.185111807528642 10
-178.40503279590888 -66.185111807528642 10
-165.8411736558345 -66.185111807528642 10
-161.5 -66.185111807528642 10
-160 -66.185111807528642 10
-157.41036279796919 -66.185111807528642 10
-149.81793068761735 -66.185111807528642 10
-137.74011537017762 -66.185111807528642 10
-121.99999999999999 -66.185111807528642 10
-103.67024742779158 -66.185111807528642 10
-83.999999999999986 -66.185111807528642 10
-64.32975257220842 -66.185111807528642 10
-45.999999999999993 -66.185111807528642 10
-30.259884629822384 -66.185111807528642 10
-18.182069312382659 -66.185111807528642 10
-10.589637202030808 -66.185111807528642 10
-8 -66.185111807528642 10
-6.5 -66.185111807528642 10
-5 -66.185111807528642 10
-2.5 -66.185111807528642 10
0 -66.185111807528642 10
2.5 -66.185111807528642 10
5 -66.185111807528642 10
6.5 -66.185111807528642 10
8 -66.185111807528642 10
10.589637202030808 -66.185111807528642 10
18.182069312382659 -66.185111807528642 10
30.259884629822384 -66.185111807528642 10
45.999999999999993 -66.185111807528642 10
64.32975257220842 -66.185111807528642 10
83.999999999999986 -66.185111807528642 10
103.67024742779158 -66.185111807528642 10
121.99999999999999 -66.185111807528642 10
137.74011537017762 -66.185111807528642 10
149.81793068761735 -66.185111807528642 10
157.41036279796919 -66.185111807528642 10
160 -66.185111807528642 10
161.5 -66.185111807528642 10
165.8411736558345 -66.185111807528642 10
178.40503279590888 -66.185111807528642 10
214.76629567224651 -66.185111807528642 10
320 -66.185111807528642 10
-320 -44.030138481303027 10
-214.76629567224651 -44.030138481303027 10
-178.40503279590888 -44.030138481303027 10
-165.8411736558345 -44.030138481303027 10
-161.5 -44.030138481303027 10
-160 -44.030138481303027 10
-157.41036279796919 -44.030138481303027 10
-149.81793068761735 -44.030138481303027 10
-137.74011537017762 -44.030138481303027 10
-121.99999999999999 -44.030138481303027 10
-103.67024742779158 -44.030138481303027 10
-83.999999999999986 -44.030138481303027 10
-64.32975257220842 -44.030138481303027 10
-45.999999999999993 -44.030138481303027 10
-30.259884629822384 -44.030138481303027 10
-18.182069312382659 -44.030138481303027 10
-10.589637202030808 -44.030138481303027 10
-8 -44.030138481303027 10
-6.5 -44.030138481303027 10
-5 -44.030138481303027 10
-2.5 -44.030138481303027 10
0 -44.030138481303027 10
2.5 -44.030138481303027 10
5 -44.030138481303027 10
6.5 -44.030138481303027 10
8 -44.030138481303027 10
10.589637202030808 -44.030138481303027 10
18.182069312382659 -44.030138481303027 10
30.259884629822384 -44.030138481303027 10
45.999999999999993 -44.030138481303027 10
64.32975257220842 -44.030138481303027 10
83.999999999999986 -44.030138481303027 10
103.67024742779158 -44.030138481303027 10
121.99999999999999 -44.030138481303027 10
137.74011537017762 -44.030138481303027 10
149.81793068761735 -44.030138481303027 10
157.41036279796919 -44.030138481303027 10
160 -44.030138481303027 10
161.5 -44.030138481303027 10
165.8411736558345 -44.030138481303027 10
178.40503279590888 -44.030138481303027 10
214.76629567224651 -44.030138481303027 10
320 -44.030138481303027 10
-320 -28.949596508895819 10
-214.76629567224651 -28.949596508895819 10
-178.40503279590888 -28.949596508895819 10
-165.8411736558345 -28.949596508895819 10
-161.5 -28.949596508895819 10
-160 -28.949596508895819 10
-157.41036279796919 -28.949596508895819 10
-149.81793068761735 -28.949596508895819 10
-137.74011537017762 -28.949596508895819 10
-121.99999999999999 -28.949596508895819 10
-103.67024742779158 -28.949596508895819 10
-83.999999999999986 -28.949596508895819 10
-64.32975257220842 -28.949596508895819 10
-45.999999999999993 -28.949596508895819 10
-30.259884629822384 -28.949596508895819 10
-18.182069312382659 -28.949596508895819 10
-10.589637202030808 -28.949596508895819 10
-8 -28.949596508895819 10
-6.5 -28.949596508895819 10
-5 -28.949596508895819 10
-2.5 -28.949596508895819 10
0 -28.949596508895819 10
2.5 -28.949596508895819 10
5 -28.949596508895819 10
6.5 -28.949596508895819 10
8 -28.949596508895819 10
10.589637202030808 -28.949596508895819 10
18.182069312382659 -28.949596508895819 10
30.259884629822384 -28.949596508895819 10
45.999999999999993 -28.949596508895819 10
64.32975257220842 -28.949596508895819 10
83.999999999999986 -28.949596508895819 10
103.67024742779158 -28.949596508895819 10
121.99999999999999 -28.949596508895819 10
137.74011537017762 -28.949596508895819 10
149.81793068761735 -28.949596508895819 10
157.41036279796919 -28.949596508895819 10
160 -28.949596508895819 10
161.5 -28.949596508895819 10
165.8411736558345 -28.949596508895819 10
178.40503279590888 -28.949596508895819 10
214.76629567224651 -28.949596508895819 10
320 -28.949596508895819 10
-320 -18.684508718772996 10
-214.76629567224651 -18.684508718772996 10
-178.40503279590888 -18.684508718772996 10
-165.8411736558345 -18.684508718772996 10
-161.5 -18.684508718772996 10
-160 -18.684508718772996 10
-157.41036279796919 -18.684508718772996 10
-149.81793068761735 -18.684508718772996 10
-137.74011537017762 -18.684508718772996 10
-121.99999999999999 -18.684508718772996 10
-103.67024742779158 -18.684508718772996 10
-83.999999999999986 -18.684508718772996 10
-64.32975257220842 -18.684508718772996 10
-45.999999999999993 -18.684508718772996 10
-30.259884629822384 -18.684508718772996 10
-18.182069312382659 -18.684508718772996 10
-10.589637202030808 -18.684508718772996 10
-8 -18.684508718772996 10
-6.5 -18.684508718772996 10
-5 -18.684508718772996 10
-2.5 -18.684508718772996 10
0 -18.684508718772996 10
2.5 -18.684508718772996 10
5 -18.684508718772996 10
6.5 -18.684508718772996 10
8 -18.684508718772996 10
10.589637202030808 -18.684508718772996 10
18.182069312382659 -18.684508718772996 10
30.259884629822384 -18.684508718772996 10
45.999999999999993 -18.684508718772996 10
64.32975257220842 -18.684508718772996 10
83.999999999999986 -18.684508718772996 10
103.67024742779158 -18.684508718772996 10
121.99999999999999 -18.684508718772996 10
137.74011537017762 -18.684508718772996 10
149.81793068761735 -18.684508718772996 10
157.41036279796919 -18.684508718772996 10
160 -18.684508718772996 10
161.5 -18.684508718772996 10
165.8411736558345 -18.684508718772996 10
178.40503279590888 -18.684508718772996 10
214.76629567224651 -18.684508718772996 10
320 -18.684508718772996 10
-320 -11.69722487103547 10
-214.76629567224651 -11.69722487103547 10
-178.40503279590888 -11.69722487103547 10
-165.8411736558345 -11.69722487103547 10
-161.5 -11.69722487103547 10
-160 -11.69722487103547 10
-157.41036279796919 -11.69722487103547 10
-149.81793068761735 -11.69722487103547 10
-137.74011537017762 -11.69722487103547 10
-121.99999999999999 -11.69722487103547 10
-103.67024742779158 -11.69722487103547 10
-83.999999999999986 -11.69722487103547 10
-64.32975257220842 -11.69722487103547 10
-45.999999999999993 -11.69722487103547 10
-30.259884629822384 -11.69722487103547 10
-18.182069312382659 -11.69722487103547 10
-10.589637202030808 -11.69722487103547 10
-8 -11.69722487103547 10
-6.5 -11.69722487103547 10
-5 -11.69722487103547 10
-2.5 -11.69722487103547 10
0 -11.69722487103547 10
2.5 -11.69722487103547 10
5 -11.69722487103547 10
6.5 -11.69722487103547 10
8 -11.69722487103547 10
10.589637202030808 -11.69722487103547 10
18.182069312382659 -11.69722487103547 10
30.259884629822384 -11.69722487103547 10
45.999999999999993 -11.69722487103547 10
64.32975257220842 -11.69722487103547 10
83.999999999999986 -11.69722487103547 10
103.67024742779158 -11.69722487103547 10
121.99999999999999 -11.69722487103547 10
137.74011537017762 -11.69722487103547 10
149.81793068761735 -11.69722487103547 10
157.41036279796919 -11.69722487103547 10
160 -11.69722487103547 10
161.5 -11.69722487103547 10
165.8411736558345 -11.69722487103547 10
178.40503279590888 -11.69722487103547 10
214.76629567224651 -11.69722487103547 10
320 -11.69722487103547 10
-320 -6.9410906258095402 10
-214.76629567224651 -6.9410906258095402 10
-178.40503279590888 -6.9410906258095402 10
-165.8411736558345 -6.9410906258095402 10
-161.5 -6.9410906258095402 10
-160 -6.9410906258095402 10
-157.41036279796919 -6.9410906258095402 10
-149.81793068761735 -6.9410906258095402 10
-137.74011537017762 -6.9410906258095402 10
-121.99999999999999 -6.9410906258095402 10
-103.67024742779158 -6.9410906258095402 10
-83.999999999999986 -6.9410906258095402 10
-64.32975257220842 -6.9410906258095402 10
-45.999999999999993 -6.9410906258095402 10
-30.259884629822384 -6.9410906258095402 10
-18.182069312382659 -6.9410906258095402 10
-10.589637202030808 -6.9410906258095402 10
-8 -6.9410906258095402 10
-6.5 -6.9410906258095402 10
-5 -6.9410906258095402 10
-2.5 -6.9410906258095402 10
0 -6.9410906258095402 10
2.5 -6.9410906258095402 10
5 -6.9410906258095402 10
6.5 -6.9410906258095402 10
8 -6.9410906258095402 10
10.589637202030808 -6.9410906258095402 10
18.182069312382659 -6.9410906258095402 10
30.259884629822384 -6.9410906258095402 10
45.999999999999993 -6.9410906258095402 10
64.32975257220842 -6.9410906258095402 10
83.999999999999986 -6.9410906258095402 10
103.67024742779158 -6.9410906258095402 10
121.99999999999999 -6.9410906258095402 10
137.74011537017762 -6.9410906258095402 10
149.81793068761735 -6.9410906258095402 10
157.41036279796919 -6.9410906258095402 10
160 -6.9410906258095402 10
161.5 -6.9410906258095402 10
165.8411736558345 -6.9410906258095402 10
178.40503279590888 -6.9410906258095402 10
214.76629567224651 -6.9410906258095402 10
320 -6.9410906258095402 10
-320 -3.7036648318172993 10
-214.76629567224651 -3.7036648318172993 10
-178.40503279590888 -3.7036648318172993 10
-165.8411736558345 -3.7036648318172993 10
-161.5 -3.7036648318172993 10
-160 -3.7036648318172993 10
-157.41036279796919 -3.7036648318172993 10
-149.81793068761735 -3.7036648318172993 10
-137.74011537017762 -3.7036648318172993 10
-121.99999999999999 -3.7036648318172993 10
-103.67024742779158 -3.7036648318172993 10
-83.999999999999986 -3.7036648318172993 10
-64.32975257220842 -3.7036648318172993 10
-45.999999999999993 -3.7036648318172993 10
-30.259884629822384 -3.7036648318172993 10
-18.182069312382659 -3.7036648318172993 10
-10.589637202030808 -3.7036648318172993 10
-8 -3.7036648318172993 10
-6.5 -3.7036648318172993 10
-5 -3.7036648318172993 10
-2.5 -3.7036648318172993 10
0 -3.7036648318172993 10
2.5 -3.7036648318172993 10
5 -3.7036648318172993 10
6.5 -3.7036648318172993 10
8 -3.7036648318172993 10
10.589637202030808 -3.7036648318172993 10
18.182069312382659 -3.7036648318172993 10
30.259884629822384 -3.7036648318172993 10
45.999999999999993 -3.7036648318172993 10
64.32975257220842 -3.7036648318172993 10
83.999999999999986 -3.7036648318172993 10
103.67024742779158 -3.7036648318172993 10
121.99999999999999 -3.7036648318172993 10
137.74011537017762 -3.7036648318172993 10
149.81793068761735 -3.7036648318172993 10
157.41036279796919 -3.7036648318172993 10
160 -3.7036648318172993 10
161.5 -3.7036648318172993 10
165.8411736558345 -3.7036648318172993 10
178.40503279590888 -3.7036648318172993 10
214.76629567224651 -3.7036648318172993 10
320 -3.7036648318172993 10
-320 -1.5000000000000007 10
-214.76629567224651 -1.5000000000000007 10
-178.40503279590888 -1.5000000000000007 10
-165.8411736558345 -1.5000000000000007 10
-161.5 -1.5000000000000007 10
-160 -1.5000000000000007 10
-157.41036279796919 -1.5000000000000007 10
-149.81793068761735 -1.5000000000000007 10
-137.74011537017762 -1.5000000000000007 10
-121.99999999999999 -1.5000000000000007 10
-103.67024742779158 -1.5000000000000007 10
-83.999999999999986 -1.5000000000000007 10
-64.32975257220842 -1.5000000000000007 10
-45.999999999999993 -1.5000000000000007 10
-30.259884629822384 -1.5000000000000007 10
-18.182069312382659 -1.5000000000000007 10
-10.589637202030808 -1.5000000000000007 10
-8 -1.5000000000000007 10
-6.5 -1.5000000000000007 10
-5 -1.5000000000000007 10
-2.5 -1.5000000000000007 10
0 -1.5000000000000007 10
2.5 -1.5000000000000007 10
5 -1.5000000000000007 10
6.5 -1.5000000000000007 10
8 -1.5000000000000007 10
10.589637202030808 -1.5000000000000007 10
18.182069312382659 -1.5000000000000007 10
30.259884629822384 -1.5000000000000007 10
45.999999999999993 -1.5000000000000007 10
64.32975257220842 -1.5000000000000007 10
83.999999999999986 -1.5000000000000007 10
103.67024742779158 -1.5000000000000007 10
121.99999999999999 -1.5000000000000007 10
137.74011537017762 -1.5000000000000007 10
149.81793068761735 -1.5000000000000007 10
157.41036279796919 -1.5000000000000007 10
160 -1.5000000000000007 10
161.5 -1.5000000000000007 10
165.8411736558345 -1.5000000000000007 10
178.40503279590888 -1.5000000000000007 10
214.76629567224651 -1.5000000000000007 10
320 -1.5000000000000007 10
-320 0 10
-214.76629567224651 0 10
-178.40503279590888 0 10
-165.8411736558345 0 10
-161.5 0 10
-160 0 10
-157.41036279796919 0 10
-149.81793068761735 0 10
-137.74011537017762 0 10
-121.99999999999999 0 10
-103.67024742779158 0 10
-83.999999999999986 0 10
-64.32975257220842 0 10
-45.999999999999993 0 10
-30.259884629822384 0 10
-18.182069312382659 0 10
-10.589637202030808 0 10
-8 0 10
-6.5 0 10
-5 0 10
-2.5 0 10
0 0 10
2.5 0 10
5 0 10
6.5 0 10
8 0 10
10.589637202030808 0 10
18.182069312382659 0 10
30.259884629822384 0 10
45.999999999999993 0 10
64.32975257220842 0 10
83.999999999999986 0 10
103.67024742779158 0 10
121.99999999999999 0 10
137.74011537017762 0 10
149.81793068761735 0 10
157.41036279796919 0 10
160 0 10
161.5 0 10
165.8411736558345 0 10
178.40503279590888 0 10
214.76629567224651 0 10
320 0 10
-320 1.5000000000000007 10
-214.76629567224651 1.5000000000000007 10
-178.40503279590888 1.5000000000000007 10
-165.8411736558345 1.5000000000000007 10
-161.5 1.5000000000000007 10
-160 1.5000000000000007 10
-157.41036279796919 1.5000000000000007 10
-149.81793068761735 1.5000000000000007 10
-137.74011537017762 1.5000000000000007 10
-121.99999999999999 1.5000000000000007 10
-103.67024742779158 1.5000000000000007 10
-83.999999999999986 1.5000000000000007 10
-64.32975257220842 1.5000000000000007 10
-45.999999999999993 1.5000000000000007 10
-30.259884629822384 1.5000000000000007 10
-18.182069312382659 1.5000000000000007 10
-10.589637202030808 1.5000000000000007 10
-8 1.5000000000000007 10
-6.5 1.5000000000000007 10
-5 1.5000000000000007 10
-2.5 1.5000000000000007 10
0 1.5000000000000007 10
2.5 1.5000000000000007 10
5 1.5000000000000007 10
6.5 1.5000000000000007 10
8 1.5000000000000007 10
10.589637202030808 1.5000000000000007 10
18.182069312382659 1.5000000000000007 10
30.259884629822384 1.5000000000000007 10
45.999999999999993 1.5000000000000007 10
64.32975257220842 1.5000000000000007 10
83.999999999999986 1.5000000000000007 10
103.67024742779158 1.5000000000000007 10
121.99999999999999 1.5000000000000007 10
137.74011537017762 1.5000000000000007 10
149.81793068761735 1.5000000000000007 10
157.41036279796919 1.5000000000000007 10
160 1.5000000000000007 10
161.5 1.5000000000000007 10
165.8411736558345 1.5000000000000007 10
178.40503279590888 1.5000000000000007 10
214.76629567224651 1.5000000000000007 10
320 1.5000000000000007 10
-320 3.7036648318172993 10
-214.76629567224651 3.7036648318172993 10
-178.40503279590888 3.7036648318172993 10
-165.8411736558345 3.7036648318172993 10
-161.5 3.7036648318172993 10
-160 3.7036648318172993 10
-157.41036279796919 3.7036648318172993 10
-149.81793068761735 3.7036648318172993 10
-137.74011537017762 3.7036648318172993 10
-121.99999999999999 3.7036648318172993 10
-103.67024742779158 3.7036648318172993 10
-83.999999999999986 3.7036648318172993 10
-64.32975257220842 3.7036648318172993 10
-45.999999999999993 3.7036648318172993 10
-30.259884629822384 3.7036648318172993 10
-18.182069312382659 3.7036648318172993 10
-10.589637202030808 3.7036648318172993 10
-8 3.7036648318172993 10
-6.5 3.7036648318172993 10
-5 3.7036648318172993 10
-2.5 3.7036648318172993 10
0 3.7036648318172993 10
2.5 3.7036648318172993 10
5 3.7036648318172993 10
6.5 3.7036648318172993 10
8 3.7036648318172993 10
10.589637202030808 3.7036648318172993 10
18.182069312382659 3.7036648318172993 10
30.259884629822384 3.7036648318172993 10
45.999999999999993 3.7036648318172993 10
64.32975257220842 3.7036648318172993 10
83.999999999999986 3.7036648318172993 10
103.67024742779158 3.7036648318172993 10
121.99999999999999 3.7036648318172993 10
137.74011537017762 3.7036648318172993 10
149.81793068761735 3.7036648318172993 10
157.41036279796919 3.7036648318172993 10
160 3.7036648318172993 10
161.5 3.7036648318172993 10
165.8411736558345 3.7036648318172993 10
178.40503279590888 3.7036648318172993 10
214.76629567224651 3.7036648318172993 10
320 3.7036648318172993 10
-320 6.9410906258095402 10
-214.76629567224651 6.9410906258095402 10
-178.40503279590888 6.9410906258095402 10
-165.8411736558345 6.9410906258095402 10
-161.5 6.9410906258095402 10
-160 6.9410906258095402 10
-157.41036279796919 6.9410906258095402 10
-149.81793068761735 6.9410906258095402 10
-137.74011537017762 6.9410906258095402 10
-121.99999999999999 6.9410906258095402 10
-103.67024742779158 6.9410906258095402 10
-83.999999999999986 6.9410906258095402 10
-64.32975257220842 6.9410906258095402 10
-45.999999999999993 6.9410906258095402 10
-30.259884629822384 6.9410906258095402 10
-18.182069312382659 6.9410906258095402 10
-10.589637202030808 6.9410906258095402 10
-8 6.9410906258095402 10
-6.5 6.9410906258095402 10
-5 6.9410906258095402 10
-2.5 6.9410906258095402 10
0 6.9410906258095402 10
2.5 6.9410906258095402 10
5 6.9410906258095402 10
6.5 6.9410906258095402 10
8 6.9410906258095402 10
10.589637202030808 6.9410906258095402 10
18.182069312382659 6.9410906258095402 10
30.259884629822384 6.9410906258095402 10
45.999999999999993 6.9410906258095402 10
64.32975257220842 6.9410906258095402 10
83.999999999999986 6.9410906258095402 10
103.67024742779158 6.9410906258095402 10
121.99999999999999 6.9410906258095402 10
137.74011537017762 6.9410906258095402 10
149.81793068761735 6.9410906258095402 10
157.41036279796919 6.9410906258095402 10
160 6.9410906258095402 10
161.5 6.9410906258095402 10
165.8411736558345 6.9410906258095402 10
178.40503279590888 6.9410906258095402 10
214.76629567224651 6.9410906258095402 10
320 6.9410906258095402 10
-320 11.69722487103547 10
-214.76629567224651 11.69722487103547 10
-178.40503279590888 11.69722487103547 10
-165.8411736558345 11.69722487103547 10
-161.5 11.69722487103547 10
-160 11.69722487103547 10
-157.41036279796919 11.69722487103547 10
-149.81793068761735 11.69722487103547 10
-137.74011537017762 11.69722487103547 10
-121.99999999999999 11.69722487103547 10
-103.67024742779158 11.69722487103547 10
-83.999999999999986 11.69722487103547 10
-64.32975257220842 11.69722487103547 10
-45.999999999999993 11.69722487103547 10
-30.259884629822384 11.69722487103547 10
-18.182069312382659 11.69722487103547 10
-10.589637202030808 11.69722487103547 10
-8 11.69722487103547 10
-6.5 11.69722487103547 10
-5 11.69722487103547 10
-2.5 11.69722487103547 10
0 11.69722487103547 10
2.5 11.69722487103547 10
5 11.69722487103547 10
6.5 11.69722487103547 10
8 11.69722487103547 10
10.589637202030808 11.69722487103547 10
18.182069312382659 11.69722487103547 10
30.259884629822384 11.69722487103547 10
45.999999999999993 11.69722487103547 10
64.32975257220842 11.69722487103547 10
83.999999999999986 11.69722487103547 10
103.67024742779158 11.69722487103547 10
121.99999999999999 11.69722487103547 10
137.74011537017762 11.69722487103547 10
149.81793068761735 11.69722487103547 10
157.41036279796919 11.69722487103547 10
160 11.69722487103547 10
161.5 11.69722487103547 10
165.8411736558345 11.69722487103547 10
178.40503279590888 11.69722487103547 10
214.76629567224651 11.69722487103547 10
320 11.69722487103547 10
-320 18.684508718772996 10
-214.76629567224651 18.684508718772996 10
-178.40503279590888 18.684508718772996 10
-165.8411736558345 18.684508718772996 10
-161.5 18.684508718772996 10
-160 18.684508718772996 10
-157.41036279796919 18.684508718772996 10
-149.81793068761735 18.684508718772996 10
-137.74011537017762 18.684508718772996 10
-121.99999999999999 18.684508718772996 10
-103.67024742779158 18.684508718772996 10
-83.999999999999986 18.684508718772996 10
-64.32975257220842 18.684508718772996 10
-45.999999999999993 18.684508718772996 10
-30.259884629822384 18.684508718772996 10
-18.182069312382659 18.684508718772996 10
-10.589637202030808 18.684508718772996 10
-8 18.684508718772996 10
-6.5 18.684508718772996 10
-5 18.684508718772996 10
-2.5 18.684508718772996 10
0 18.684508718772996 10
2.5 18.684508718772996 10
5 18.684508718772996 10
6.5 18.684508718772996 10
8 18.684508718772996 10
10.589637202030808 18.684508718772996 10
18.182069312382659 18.684508718772996 10
30.259884629822384 18.684508718772996 10
45.999999999999993 18.684508718772996 10
64.32975257220842 18.684508718772996 10
83.999999999999986 18.684508718772996 10
103.67024742779158 18.684508718772996 10
121.99999999999999 18.684508718772996 10
137.74011537017762 18.684508718772996 10
149.81793068761735 18.684508718772996 10
157.41036279796919 18.684508718772996 10
160 18.684508718772996 10
161.5 18.684508718772996 10
165.8411736558345 18.684508718772996 10
178.40503279590888 18.684508718772996 10
214.76629567224651 18.684508718772996 10
320 18.684508718772996 10
-320 28.949596508895819 10
-214.76629567224651 28.949596508895819 10
-178.40503279590888 28.949596508895819 10
-165.8411736558345 28.949596508895819 10
-161.5 28.949596508895819 10
-160 28.949596508895819 10
-157.41036279796919 28.949596508895819 10
-149.81793068761735 28.949596508895819 10
-137.74011537017762 28.949596508895819 10
-121.99999999999999 28.949596508895819 10
-103.67024742779158 28.949596508895819 10
-83.999999999999986 28.949596508895819 10
-64.32975257220842 28.949596508895819 10
-45.999999999999993 28.949596508895819 10
-30.259884629822384 28.949596508895819 10
-18.182069312382659 28.949596508895819 10
-10.589637202030808 28.949596508895819 10
-8 28.949596508895819 10
-6.5 28.949596508895819 10
-5 28.949596508895819 10
-2.5 28.949596508895819 10
0 28.949596508895819 10
2.5 28.949596508895819 10
5 28.949596508895819 10
6.5 28.949596508895819 10
8 28.949596508895819 10
10.589637202030808 28.949596508895819 10
18.182069312382659 28.949596508895819 10
30.259884629822384 28.949596508895819 10
45.999999999999993 28.949596508895819 10
64.32975257220842 28.949596508895819 10
83.999999999999986 28.949596508895819 10
103.67024742779158 28.949596508895819 10
121.99999999999999 28.949596508895819 10
137.74011537017762 28.949596508895819 10
149.81793068761735 28.949596508895819 10
157.41036279796919 28.949596508895819 10
160 28.949596508895819 10
161.5 28.949596508895819 10
165.8411736558345 28.949596508895819 10
178.40503279590888 28.949596508895819 10
214.76629567224651 28.949596508895819 10
320 28.949596508895819 10
-320 44.030138481303027 10
-214.76629567224651 44.030138481303027 10
-178.40503279590888 44.030138481303027 10
-165.8411736558345 44.030138481303027 10
-161.5 44.030138481303027 10
-160 44.030138481303027 10
-157.41036279796919 44.030138481303027 10
-149.81793068761735 44.030138481303027 10
-137.74011537017762 44.030138481303027 10
-121.99999999999999 44.030138481303027 10
-103.67024742779158 44.030138481303027 10
-83.999999999999986 44.030138481303027 10
-64.32975257220842 44.030138481303027 10
-45.999999999999993 44.030138481303027 10
-30.259884629822384 44.030138481303027 10
-18.182069312382659 44.030138481303027 10
-10.589637202030808 44.030138481303027 10
-8 44.030138481303027 10
-6.5 44.030138481303027 10
-5 44.030138481303027 10
-2.5 44.030138481303027 10
0 44.030138481303027 10
2.5 44.030138481303027 10
5 44.030138481303027 10
6.5 44.030138481303027 10
8 44.030138481303027 10
10.589637202030808 44.030138481303027 10
18.182069312382659 44.030138481303027 10
30.259884629822384 44.030138481303027 10
45.999999999999993 44.030138481303027 10
64.32975257220842 44.030138481303027 10
83.999999999999986 44.030138481303027 10
103.67024742779158 44.030138481303027 10
121.99999999999999 44.030138481303027 10
137.74011537017762 44.030138481303027 10
149.81793068761735 44.030138481303027 10
157.41036279796919 44.030138481303027 10
160 44.030138481303027 10
161.5 44.030138481303027 10
165.8411736558345 44.030138481303027 10
178.40503279590888 44.030138481303027 10
214.76629567224651 44.030138481303027 10
320 44.030138481303027 10
-320 66.185111807528642 10
-214.76629567224651 66.185111807528642 10
-178.40503279590888 66.185111807528642 10
-165.8411736558345 66.185111807528642 10
-161.5 66.185111807528642 10
-160 66.185111807528642 10
-157.41036279796919 66.185111807528642 10
-149.81793068761735 66.185111807528642 10
-137.74011537017762 66.185111807528642 10
-121.99999999999999 66.185111807528642 10
-103.67024742779158 66.185111807528642 10
-83.999999999999986 66.185111807528642 10
-64.32975257220842 66.185111807528642 10
-45.999999999999993 66.185111807528642 10
-30.259884629822384 66.185111807528642 10
-18.182069312382659 66.185111807528642 10
-10.589637202030808 66.185111807528642 10
-8 66.185111807528642 10
-6.5 66.185111807528642 10
-5 66.185111807528642 10
-2.5 66.185111807528642 10
0 66.185111807528642 10
2.5 66.185111807528642 10
5 66.185111807528642 10
6.5 66.185111807528642 10
8 66.185111807528642 10
10.589637202030808 66.185111807528642 10
18.182069312382659 66.185111807528642 10
30.259884629822384 66.185111807528642 10
45.999999999999993 66.185111807528642 10
64.32975257220842 66.185111807528642 10
83.999999999999986 66.185111807528642 10
103.67024742779158 66.185111807528642 10
121.99999999999999 66.185111807528642 10
137.74011537017762 66.185111807528642 10
149.81793068761735 66.185111807528642 10
157.41036279796919 66.185111807528642 10
160 66.185111807528642 10
161.5 66.185111807528642 10
165.8411736558345 66.185111807528642 10
178.40503279590888 66.185111807528642 10
214.76629567224651 66.185111807528642 10
320 66.185111807528642 10
-320 98.73320218676443 10
-214.76629567224651 98.73320218676443 10
-178.40503279590888 98.73320218676443 10
-165.8411736558345 98.73320218676443 10
-161.5 98.73320218676443 10
-160 98.73320218676443 10
-157.41036279796919 98.73320218676443 10
-149.81793068761735 98.73320218676443 10
-137.74011537017762 98.73320218676443 10
-121.99999999999999 98.73320218676443 10
-103.67024742779158 98.73320218676443 10
-83.999999999999986 98.73320218676443 10
-64.32975257220842 98.73320218676443 10
-45.999999999999993 98.73320218676443 10
-30.259884629822384 98.73320218676443 10
-18.182069312382659 98.73320218676443 10
-10.589637202030808 98.73320218676443 10
-8 98.73320218676443 10
-6.5 98.73320218676443 10
-5 98.73320218676443 10
-2.5 98.73320218676443 10
0 98.73320218676443 10
2.5 98.73320218676443 10
5 98.73320218676443 10
6.5 98.73320218676443 10
8 98.73320218676443 10
10.589637202030808 98.73320218676443 10
18.182069312382659 98.73320218676443 10
30.259884629822384 98.73320218676443 10
45.999999999999993 98.73320218676443 10
64.32975257220842 98.73320218676443 10
83.999999999999986 98.73320218676443 10
103.67024742779158 98.73320218676443 10
121.99999999999999 98.73320218676443 10
137.74011537017762 98.73320218676443 10
149.81793068761735 98.73320218676443 10
157.41036279796919 98.73320218676443 10
160 98.73320218676443 10
161.5 98.73320218676443 10
165.8411736558345 98.73320218676443 10
178.40503279590888 98.73320218676443 10
214.76629567224651 98.73320218676443 10
320 98.73320218676443 10
-320 146.54992359445299 10
-214.76629567224651 146.54992359445299 10
-178.40503279590888 146.54992359445299 10
-165.8411736558345 146.54992359445299 10
-161.5 146.54992359445299 10
-160 146.54992359445299 10
-157.41036279796919 146.54992359445299 10
-149.81793068761735 146.54992359445299 10
-137.74011537017762 146.54992359445299 10
-121.99999999999999 146.54992359445299 10
-103.67024742779158 146.54992359445299 10
-83.999999999999986 146.54992359445299 10
-64.32975257220842 146.54992359445299 10
-45.999999999999993 146.54992359445299 10
-30.259884629822384 146.54992359445299 10
-18.182069312382659 146.54992359445299 10
-10.589637202030808 146.54992359445299 10
-8 146.54992359445299 10
-6.5 146.54992359445299 10
-5 146.54992359445299 10
-2.5 146.54992359445299 10
0 146.54992359445299 10
2.5 146.54992359445299 10
5 146.54992359445299 10
6.5 146.54992359445299 10
8 146.54992359445299 10
10.589637202030808 146.54992359445299 10
18.182069312382659 146.54992359445299 10
30.259884629822384 146.54992359445299 10
45.999999999999993 146.54992359445299 10
64.32975257220842 146.54992359445299 10
83.999999999999986 146.54992359445299 10
103.67024742779158 146.54992359445299 10
121.99999999999999 146.54992359445299 10
137.74011537017762 146.54992359445299 10
149.81793068761735 146.54992359445299 10
157.41036279796919 146.54992359445299 10
160 146.54992359445299 10
161.5 146.54992359445299 10
165.8411736558345 146.54992359445299 10
178.40503279590888 146.54992359445299 10
214.76629567224651 146.54992359445299 10
320 146.54992359445299 10
-320 216.79794182040541 10
-214.76629567224651 216.79794182040541 10
-178.40503279590888 216.79794182040541 10
-165.8411736558345 216.79794182040541 10
-161.5 216.79794182040541 10
-160 216.79794182040541 10
-157.41036279796919 216.79794182040541 10
-149.81793068761735 216.79794182040541 10
-137.74011537017762 216.79794182040541 10
-121.99999999999999 216.79794182040541 10
-103.67024742779158 216.79794182040541 10
-83.999999999999986 216.79794182040541 10
-64.32975257220842 216.79794182040541 10
-45.999999999999993 216.79794182040541 10
-30.259884629822384 216.79794182040541 10
-18.182069312382659 216.79794182040541 10
-10.589637202030808 216.79794182040541 10
-8 216.79794182040541 10
-6.5 216.79794182040541 10
-5 216.79794182040541 10
-2.5 216.79794182040541 10
0 216.79794182040541 10
2.5 216.79794182040541 10
5 216.79794182040541 10
6.5 216.79794182040541 10
8 216.79794182040541 10
10.589637202030808 216.79794182040541 10
18.182069312382659 216.79794182040541 10
30.259884629822384 216.79794182040541 10
45.999999999999993 216.79794182040541 10
64.32975257220842 216.79794182040541 10
83.999999999999986 216.79794182040541 10
103.67024742779158 216.79794182040541 10
121.99999999999999 216.79794182040541 10
137.74011537017762 216.79794182040541 10
149.81793068761735 216.79794182040541 10
157.41036279796919 216.79794182040541 10
160 216.79794182040541 10
161.5 216.79794182040541 10
165.8411736558345 216.79794182040541 10
178.40503279590888 216.79794182040541 10
214.76629567224651 216.79794182040541 10
320 216.79794182040541 10
-320 320 10
-214.76629567224651 320 10
-178.40503279590888 320 10
-165.8411736558345 320 10
-161.5 320 10
-160 320 10
-157.41036279796919 320 10
-149.81793068761735 320 10
-137.74011537017762 320 10
-121.99999999999999 320 10
-103.67024742779158 320 10
-83.999999999999986 320 10
-64.32975257220842 320 10
-45.999999999999993 320 10
-30.259884629822384 320 10
-18.182069312382659 320 10
-10.589637202030808 320 10
-8 320 10
-6.5 320 10
-5 320 10
-2.5 320 10
0 320 10
2.5 320 10
5 320 10
6.5 320 10
8 320 10
10.589637202030808 320 10
18.182069312382659 320 10
30.259884629822384 320 10
45.999999999999993 320 10
64.32975257220842 320 10
83.999999999999986 320 10
103.67024742779158 320 10
121.99999999999999 320 10
137.74011537017762 320 10
149.81793068761735 320 10
157.41036279796919 320 10
160 320 10
161.5 320 10
165.8411736558345 320 10
178.40503279590888 320 10
214.76629567224651 320 10
320 320 10
