MFEM mesh v1.0

dimension
3

elements
15552
1 4 0 1 38 963
1 4 0 926 1 963
1 4 0 38 37 963
1 4 0 37 962 963
1 4 0 925 926 963
1 4 0 962 925 963
1 4 1 2 39 964
1 4 1 927 2 964
1 4 1 39 38 964
1 4 1 38 963 964
1 4 1 926 927 964
1 4 1 963 926 964
1 4 2 3 40 965
1 4 2 928 3 965
1 4 2 40 39 965
1 4 2 39 964 965
1 4 2 927 928 965
1 4 2 964 927 965
1 4 3 4 41 966
1 4 3 929 4 966
1 4 3 41 40 966
1 4 3 40 965 966
1 4 3 928 929 966
1 4 3 965 928 966
1 4 4 5 42 967
1 4 4 930 5 967
1 4 4 42 41 967
1 4 4 41 966 967
1 4 4 929 930 967
1 4 4 966 929 967
1 4 5 6 43 968
1 4 5 931 6 968
1 4 5 43 42 968
1 4 5 42 967 968
1 4 5 930 931 968
1 4 5 967 930 968
1 4 6 7 44 969
1 4 6 932 7 969
1 4 6 44 43 969
1 4 6 43 968 969
1 4 6 931 932 969
1 4 6 968 931 969
1 4 7 8 45 970
1 4 7 933 8 970
1 4 7 45 44 970
1 4 7 44 969 970
1 4 7 932 933 970
1 4 7 969 932 970
1 4 8 9 46 971
1 4 8 934 9 971
1 4 8 46 45 971
1 4 8 45 970 971
1 4 8 933 934 971
1 4 8 970 933 971
1 4 9 10 47 972
1 4 9 935 10 972
1 4 9 47 46 972
1 4 9 46 971 972
1 4 9 934 935 972
1 4 9 971 934 972
1 4 10 11 48 973
1 4 10 936 11 973
1 4 10 48 47 973
1 4 10 47 972 973
1 4 10 935 936 973
1 4 10 972 935 973
1 4 11 12 49 974
1 4 11 937 12 974
1 4 11 49 48 974
1 4 11 48 973 974
1 4 11 936 937 974
1 4 11 973 936 974
1 4 12 13 50 975
1 4 12 938 13 975
1 4 12 50 49 975
1 4 12 49 974 975
1 4 12 937 938 975
1 4 12 974 937 975
1 4 13 14 51 976
1 4 13 939 14 976
1 4 13 51 50 976
1 4 13 50 975 976
1 4 13 938 939 976
1 4 13 975 938 976
1 4 14 15 52 977
1 4 14 940 15 977
1 4 14 52 51 977
1 4 14 51 976 977
1 4 14 939 940 977
1 4 14 976 939 977
1 4 15 16 53 978
1 4 15 941 16 978
1 4 15 53 52 978
1 4 15 52 977 978
1 4 15 940 941 978
1 4 15 977 940 978
1 4 16 17 54 979
1 4 16 942 17 979
1 4 16 54 53 979
1 4 16 53 978 979
1 4 16 941 942 979
1 4 16 978 941 979
1 4 17 18 55 980
1 4 17 943 18 980
1 4 17 55 54 980
1 4 17 54 979 980
1 4 17 942 943 980
1 4 17 979 942 980
1 4 18 19 56 981
1 4 18 944 19 981
1 4 18 56 55 981
1 4 18 55 980 981
1 4 18 943 944 981
1 4 18 980 943 981
1 4 19 20 57 982
1 4 19 945 20 982
1 4 19 57 56 982
1 4 19 56 981 982
1 4 19 944 945 982
1 4 19 981 944 982
1 4 20 21 58 983
1 4 20 946 21 983
1 4 20 58 57 983
1 4 20 57 982 983
1 4 20 945 946 983
1 4 20 982 945 983
1 4 21 22 59 984
1 4 21 947 22 984
1 4 21 59 58 984
1 4 21 58 983 984
1 4 21 946 947 984
1 4 21 983 946 984
1 4 22 23 60 985
1 4 22 948 23 985
1 4 22 60 59 985
1 4 22 59 984 985
1 4 22 947 948 985
1 4 22 984 947 985
1 4 23 24 61 986
1 4 23 949 24 986
1 4 23 61 60 986
1 4 23 60 985 986
1 4 23 948 949 986
1 4 23 985 948 986
1 4 24 25 62 987
1 4 24 950 25 987
1 4 24 62 61 987
1 4 24 61 986 987
1 4 24 949 950 987
1 4 24 986 949 987
1 4 25 26 63 988
1 4 25 951 26 988
1 4 25 63 62 988
1 4 25 62 987 988
1 4 25 950 951 988
1 4 25 987 950 988
1 4 26 27 64 989
1 4 26 952 27 989
1 4 26 64 63 989
1 4 26 63 988 989
1 4 26 951 952 989
1 4 26 988 951 989
1 4 27 28 65 990
1 4 27 953 28 990
1 4 27 65 64 990
1 4 27 64 989 990
1 4 27 952 953 990
1 4 27 989 952 990
1 4 28 29 66 991
1 4 28 954 29 991
1 4 28 66 65 991
1 4 28 65 990 991
1 4 28 953 954 991
1 4 28 990 953 991
1 4 29 30 67 992
1 4 29 955 30 992
1 4 29 67 66 992
1 4 29 66 991 992
1 4 29 954 955 992
1 4 29 991 954 992
1 4 30 31 68 993
1 4 30 956 31 993
1 4 30 68 67 993
1 4 30 67 992 993
1 4 30 955 956 993
1 4 30 992 955 993
1 4 31 32 69 994
1 4 31 957 32 994
1 4 31 69 68 994
1 4 31 68 993 994
1 4 31 956 957 994
1 4 31 993 956 994
1 4 32 33 70 995
1 4 32 958 33 995
1 4 32 70 69 995
1 4 32 69 994 995
1 4 32 957 958 995
1 4 32 994 957 995
1 4 33 34 71 996
1 4 33 959 34 996
1 4 33 71 70 996
1 4 33 70 995 996
1 4 33 958 959 996
1 4 33 995 958 996
1 4 34 35 72 997
1 4 34 960 35 997
1 4 34 72 71 997
1 4 34 71 996 997
1 4 34 959 960 997
1 4 34 996 959 997
1 4 35 36 73 998
1 4 35 961 36 998
1 4 35 73 72 998
1 4 35 72 997 998
1 4 35 960 961 998
1 4 35 997 960 998
1 4 37 38 75 1000
1 4 37 963 38 1000
1 4 37 75 74 1000
1 4 37 74 999 1000
1 4 37 962 963 1000
1 4 37 999 962 1000
1 4 38 39 76 1001
1 4 38 964 39 1001
1 4 38 76 75 1001
1 4 38 75 1000 1001
1 4 38 963 964 1001
1 4 38 1000 963 1001
1 4 39 40 77 1002
1 4 39 965 40 1002
1 4 39 77 76 1002
1 4 39 76 1001 1002
1 4 39 964 965 1002
1 4 39 1001 964 1002
1 4 40 41 78 1003
1 4 40 966 41 1003
1 4 40 78 77 1003
1 4 40 77 1002 1003
1 4 40 965 966 1003
1 4 40 1002 965 1003
1 4 41 42 79 1004
1 4 41 967 42 1004
1 4 41 79 78 1004
1 4 41 78 1003 1004
1 4 41 966 967 1004
1 4 41 1003 966 1004
1 4 42 43 80 1005
1 4 42 968 43 1005
1 4 42 80 79 1005
1 4 42 79 1004 1005
1 4 42 967 968 1005
1 4 42 1004 967 1005
1 4 43 44 81 1006
1 4 43 969 44 1006
1 4 43 81 80 1006
1 4 43 80 1005 1006
1 4 43 968 969 1006
1 4 43 1005 968 1006
1 4 44 45 82 1007
1 4 44 970 45 1007
1 4 44 82 81 1007
1 4 44 81 1006 1007
1 4 44 969 970 1007
1 4 44 1006 969 1007
1 4 45 46 83 1008
1 4 45 971 46 1008
1 4 45 83 82 1008
1 4 45 82 1007 1008
1 4 45 970 971 1008
1 4 45 1007 970 1008
1 4 46 47 84 1009
1 4 46 972 47 1009
1 4 46 84 83 1009
1 4 46 83 1008 1009
1 4 46 971 972 1009
1 4 46 1008 971 1009
1 4 47 48 85 1010
1 4 47 973 48 1010
1 4 47 85 84 1010
1 4 47 84 1009 1010
1 4 47 972 973 1010
1 4 47 1009 972 1010
1 4 48 49 86 1011
1 4 48 974 49 1011
1 4 48 86 85 1011
1 4 48 85 1010 1011
1 4 48 973 974 1011
1 4 48 1010 973 1011
1 4 49 50 87 1012
1 4 49 975 50 1012
1 4 49 87 86 1012
1 4 49 86 1011 1012
1 4 49 974 975 1012
1 4 49 1011 974 1012
1 4 50 51 88 1013
1 4 50 976 51 1013
1 4 50 88 87 1013
1 4 50 87 1012 1013
1 4 50 975 976 1013
1 4 50 1012 975 1013
1 4 51 52 89 1014
1 4 51 977 52 1014
1 4 51 89 88 1014
1 4 51 88 1013 1014
1 4 51 976 977 1014
1 4 51 1013 976 1014
1 4 52 53 90 1015
1 4 52 978 53 1015
1 4 52 90 89 1015
1 4 52 89 1014 1015
1 4 52 977 978 1015
1 4 52 1014 977 1015
1 4 53 54 91 1016
1 4 53 979 54 1016
1 4 53 91 90 1016
1 4 53 90 1015 1016
1 4 53 978 979 1016
1 4 53 1015 978 1016
1 4 54 55 92 1017
1 4 54 980 55 1017
1 4 54 92 91 1017
1 4 54 91 1016 1017
1 4 54 979 980 1017
1 4 54 1016 979 1017
1 4 55 56 93 1018
1 4 55 981 56 1018
1 4 55 93 92 1018
1 4 55 92 1017 1018
1 4 55 980 981 1018
1 4 55 1017 980 1018
1 4 56 57 94 1019
1 4 56 982 57 1019
1 4 56 94 93 1019
1 4 56 93 1018 1019
1 4 56 981 982 1019
1 4 56 1018 981 1019
1 4 57 58 95 1020
1 4 57 983 58 1020
1 4 57 95 94 1020
1 4 57 94 1019 1020
1 4 57 982 983 1020
1 4 57 1019 982 1020
1 4 58 59 96 1021
1 4 58 984 59 1021
1 4 58 96 95 1021
1 4 58 95 1020 1021
1 4 58 983 984 1021
1 4 58 1020 983 1021
1 4 59 60 97 1022
1 4 59 985 60 1022
1 4 59 97 96 1022
1 4 59 96 1021 1022
1 4 59 984 985 1022
1 4 59 1021 984 1022
1 4 60 61 98 1023
1 4 60 986 61 1023
1 4 60 98 97 1023
1 4 60 97 1022 1023
1 4 60 985 986 1023
1 4 60 1022 985 1023
1 4 61 62 99 1024
1 4 61 987 62 1024
1 4 61 99 98 1024
1 4 61 98 1023 1024
1 4 61 986 987 1024
1 4 61 1023 986 1024
1 4 62 63 100 1025
1 4 62 988 63 1025
1 4 62 100 99 1025
1 4 62 99 1024 1025
1 4 62 987 988 1025
1 4 62 1024 987 1025
1 4 63 64 101 1026
1 4 63 989 64 1026
1 4 63 101 100 1026
1 4 63 100 1025 1026
1 4 63 988 989 1026
1 4 63 1025 988 1026
1 4 64 65 102 1027
1 4 64 990 65 1027
1 4 64 102 101 1027
1 4 64 101 1026 1027
1 4 64 989 990 1027
1 4 64 1026 989 1027
1 4 65 66 103 1028
1 4 65 991 66 1028
1 4 65 103 102 1028
1 4 65 102 1027 1028
1 4 65 990 991 1028
1 4 65 1027 990 1028
1 4 66 67 104 1029
1 4 66 992 67 1029
1 4 66 104 103 1029
1 4 66 103 1028 1029
1 4 66 991 992 1029
1 4 66 1028 991 1029
1 4 67 68 105 1030
1 4 67 993 68 1030
1 4 67 105 104 1030
1 4 67 104 1029 1030
1 4 67 992 993 1030
1 4 67 1029 992 1030
1 4 68 69 106 1031
1 4 68 994 69 1031
1 4 68 106 105 1031
1 4 68 105 1030 1031
1 4 68 993 994 1031
1 4 68 1030 993 1031
1 4 69 70 107 1032
1 4 69 995 70 1032
1 4 69 107 106 1032
1 4 69 106 1031 1032
1 4 69 994 995 1032
1 4 69 1031 994 1032
1 4 70 71 108 1033
1 4 70 996 71 1033
1 4 70 108 107 1033
1 4 70 107 1032 1033
1 4 70 995 996 1033
1 4 70 1032 995 1033
1 4 71 72 109 1034
1 4 71 997 72 1034
1 4 71 109 108 1034
1 4 71 108 1033 1034
1 4 71 996 997 1034
1 4 71 1033 996 1034
1 4 72 73 110 1035
1 4 72 998 73 1035
1 4 72 110 109 1035
1 4 72 109 1034 1035
1 4 72 997 998 1035
1 4 72 1034 997 1035
1 4 74 75 112 1037
1 4 74 1000 75 1037
1 4 74 112 111 1037
1 4 74 111 1036 1037
1 4 74 999 1000 1037
1 4 74 1036 999 1037
1 4 75 76 113 1038
1 4 75 1001 76 1038
1 4 75 113 112 1038
1 4 75 112 1037 1038
1 4 75 1000 1001 1038
1 4 75 1037 1000 1038
1 4 76 77 114 1039
1 4 76 1002 77 1039
1 4 76 114 113 1039
1 4 76 113 1038 1039
1 4 76 1001 1002 1039
1 4 76 1038 1001 1039
1 4 77 78 115 1040
1 4 77 1003 78 1040
1 4 77 115 114 1040
1 4 77 114 1039 1040
1 4 77 1002 1003 1040
1 4 77 1039 1002 1040
1 4 78 79 116 1041
1 4 78 1004 79 1041
1 4 78 116 115 1041
1 4 78 115 1040 1041
1 4 78 1003 1004 1041
1 4 78 1040 1003 1041
1 4 79 80 117 1042
1 4 79 1005 80 1042
1 4 79 117 116 1042
1 4 79 116 1041 1042
1 4 79 1004 1005 1042
1 4 79 1041 1004 1042
1 4 80 81 118 1043
1 4 80 1006 81 1043
1 4 80 118 117 1043
1 4 80 117 1042 1043
1 4 80 1005 1006 1043
1 4 80 1042 1005 1043
1 4 81 82 119 1044
1 4 81 1007 82 1044
1 4 81 119 118 1044
1 4 81 118 1043 1044
1 4 81 1006 1007 1044
1 4 81 1043 1006 1044
1 4 82 83 120 1045
1 4 82 1008 83 1045
1 4 82 120 119 1045
1 4 82 119 1044 1045
1 4 82 1007 1008 1045
1 4 82 1044 1007 1045
1 4 83 84 121 1046
1 4 83 1009 84 1046
1 4 83 121 120 1046
1 4 83 120 1045 1046
1 4 83 1008 1009 1046
1 4 83 1045 1008 1046
1 4 84 85 122 1047
1 4 84 1010 85 1047
1 4 84 122 121 1047
1 4 84 121 1046 1047
1 4 84 1009 1010 1047
1 4 84 1046 1009 1047
1 4 85 86 123 1048
1 4 85 1011 86 1048
1 4 85 123 122 1048
1 4 85 122 1047 1048
1 4 85 1010 1011 1048
1 4 85 1047 1010 1048
1 4 86 87 124 1049
1 4 86 1012 87 1049
1 4 86 124 123 1049
1 4 86 123 1048 1049
1 4 86 1011 1012 1049
1 4 86 1048 1011 1049
1 4 87 88 125 1050
1 4 87 1013 88 1050
1 4 87 125 124 1050
1 4 87 124 1049 1050
1 4 87 1012 1013 1050
1 4 87 1049 1012 1050
1 4 88 89 126 1051
1 4 88 1014 89 1051
1 4 88 126 125 1051
1 4 88 125 1050 1051
1 4 88 1013 1014 1051
1 4 88 1050 1013 1051
1 4 89 90 127 1052
1 4 89 1015 90 1052
1 4 89 127 126 1052
1 4 89 126 1051 1052
1 4 89 1014 1015 1052
1 4 89 1051 1014 1052
1 4 90 91 128 1053
1 4 90 1016 91 1053
1 4 90 128 127 1053
1 4 90 127 1052 1053
1 4 90 1015 1016 1053
1 4 90 1052 1015 1053
1 4 91 92 129 1054
1 4 91 1017 92 1054
1 4 91 129 128 1054
1 4 91 128 1053 1054
1 4 91 1016 1017 1054
1 4 91 1053 1016 1054
1 4 92 93 130 1055
1 4 92 1018 93 1055
1 4 92 130 129 1055
1 4 92 129 1054 1055
1 4 92 1017 1018 1055
1 4 92 1054 1017 1055
1 4 93 94 131 1056
1 4 93 1019 94 1056
1 4 93 131 130 1056
1 4 93 130 1055 1056
1 4 93 1018 1019 1056
1 4 93 1055 1018 1056
1 4 94 95 132 1057
1 4 94 1020 95 1057
1 4 94 132 131 1057
1 4 94 131 1056 1057
1 4 94 1019 1020 1057
1 4 94 1056 1019 1057
1 4 95 96 133 1058
1 4 95 1021 96 1058
1 4 95 133 132 1058
1 4 95 132 1057 1058
1 4 95 1020 1021 1058
1 4 95 1057 1020 1058
1 4 96 97 134 1059
1 4 96 1022 97 1059
1 4 96 134 133 1059
1 4 96 133 1058 1059
1 4 96 1021 1022 1059
1 4 96 1058 1021 1059
1 4 97 98 135 1060
1 4 97 1023 98 1060
1 4 97 135 134 1060
1 4 97 134 1059 1060
1 4 97 1022 1023 1060
1 4 97 1059 1022 1060
1 4 98 99 136 1061
1 4 98 1024 99 1061
1 4 98 136 135 1061
1 4 98 135 1060 1061
1 4 98 1023 1024 1061
1 4 98 1060 1023 1061
1 4 99 100 137 1062
1 4 99 1025 100 1062
1 4 99 137 136 1062
1 4 99 136 1061 1062
1 4 99 1024 1025 1062
1 4 99 1061 1024 1062
1 4 100 101 138 1063
1 4 100 1026 101 1063
1 4 100 138 137 1063
1 4 100 137 1062 1063
1 4 100 1025 1026 1063
1 4 100 1062 1025 1063
1 4 101 102 139 1064
1 4 101 1027 102 1064
1 4 101 139 138 1064
1 4 101 138 1063 1064
1 4 101 1026 1027 1064
1 4 101 1063 1026 1064
1 4 102 103 140 1065
1 4 102 1028 103 1065
1 4 102 140 139 1065
1 4 102 139 1064 1065
1 4 102 1027 1028 1065
1 4 102 1064 1027 1065
1 4 103 104 141 1066
1 4 103 1029 104 1066
1 4 103 141 140 1066
1 4 103 140 1065 1066
1 4 103 1028 1029 1066
1 4 103 1065 1028 1066
1 4 104 105 142 1067
1 4 104 1030 105 1067
1 4 104 142 141 1067
1 4 104 141 1066 1067
1 4 104 1029 1030 1067
1 4 104 1066 1029 1067
1 4 105 106 143 1068
1 4 105 1031 106 1068
1 4 105 143 142 1068
1 4 105 142 1067 1068
1 4 105 1030 1031 1068
1 4 105 1067 1030 1068
1 4 106 107 144 1069
1 4 106 1032 107 1069
1 4 106 144 143 1069
1 4 106 143 1068 1069
1 4 106 1031 1032 1069
1 4 106 1068 1031 1069
1 4 107 108 145 1070
1 4 107 1033 108 1070
1 4 107 145 144 1070
1 4 107 144 1069 1070
1 4 107 1032 1033 1070
1 4 107 1069 1032 1070
1 4 108 109 146 1071
1 4 108 1034 109 1071
1 4 108 146 145 1071
1 4 108 145 1070 1071
1 4 108 1033 1034 1071
1 4 108 1070 1033 1071
1 4 109 110 147 1072
1 4 109 1035 110 1072
1 4 109 147 146 1072
1 4 109 146 1071 1072
1 4 109 1034 1035 1072
1 4 109 1071 1034 1072
1 4 111 112 149 1074
1 4 111 1037 112 1074
1 4 111 149 148 1074
1 4 111 148 1073 1074
1 4 111 1036 1037 1074
1 4 111 1073 1036 1074
1 4 112 113 150 1075
1 4 112 1038 113 1075
1 4 112 150 149 1075
1 4 112 149 1074 1075
1 4 112 1037 1038 1075
1 4 112 1074 1037 1075
1 4 113 114 151 1076
1 4 113 1039 114 1076
1 4 113 151 150 1076
1 4 113 150 1075 1076
1 4 113 1038 1039 1076
1 4 113 1075 1038 1076
1 4 114 115 152 1077
1 4 114 1040 115 1077
1 4 114 152 151 1077
1 4 114 151 1076 1077
1 4 114 1039 1040 1077
1 4 114 1076 1039 1077
1 4 115 116 153 1078
1 4 115 1041 116 1078
1 4 115 153 152 1078
1 4 115 152 1077 1078
1 4 115 1040 1041 1078
1 4 115 1077 1040 1078
1 4 116 117 154 1079
1 4 116 1042 117 1079
1 4 116 154 153 1079
1 4 116 153 1078 1079
1 4 116 1041 1042 1079
1 4 116 1078 1041 1079
1 4 117 118 155 1080
1 4 117 1043 118 1080
1 4 117 155 154 1080
1 4 117 154 1079 1080
1 4 117 1042 1043 1080
1 4 117 1079 1042 1080
1 4 118 119 156 1081
1 4 118 1044 119 1081
1 4 118 156 155 1081
1 4 118 155 1080 1081
1 4 118 1043 1044 1081
1 4 118 1080 1043 1081
1 4 119 120 157 1082
1 4 119 1045 120 1082
1 4 119 157 156 1082
1 4 119 156 1081 1082
1 4 119 1044 1045 1082
1 4 119 1081 1044 1082
1 4 120 121 158 1083
1 4 120 1046 121 1083
1 4 120 158 157 1083
1 4 120 157 1082 1083
1 4 120 1045 1046 1083
1 4 120 1082 1045 1083
1 4 121 122 159 1084
1 4 121 1047 122 1084
1 4 121 159 158 1084
1 4 121 158 1083 1084
1 4 121 1046 1047 1084
1 4 121 1083 1046 1084
1 4 122 123 160 1085
1 4 122 1048 123 1085
1 4 122 160 159 1085
1 4 122 159 1084 1085
1 4 122 1047 1048 1085
1 4 122 1084 1047 1085
1 4 123 124 161 1086
1 4 123 1049 124 1086
1 4 123 161 160 1086
1 4 123 160 1085 1086
1 4 123 1048 1049 1086
1 4 123 1085 1048 1086
1 4 124 125 162 1087
1 4 124 1050 125 1087
1 4 124 162 161 1087
1 4 124 161 1086 1087
1 4 124 1049 1050 1087
1 4 124 1086 1049 1087
1 4 125 126 163 1088
1 4 125 1051 126 1088
1 4 125 163 162 1088
1 4 125 162 1087 1088
1 4 125 1050 1051 1088
1 4 125 1087 1050 1088
1 4 126 127 164 1089
1 4 126 1052 127 1089
1 4 126 164 163 1089
1 4 126 163 1088 1089
1 4 126 1051 1052 1089
1 4 126 1088 1051 1089
1 4 127 128 165 1090
1 4 127 1053 128 1090
1 4 127 165 164 1090
1 4 127 164 1089 1090
1 4 127 1052 1053 1090
1 4 127 1089 1052 1090
1 4 128 129 166 1091
1 4 128 1054 129 1091
1 4 128 166 165 1091
1 4 128 165 1090 1091
1 4 128 1053 1054 1091
1 4 128 1090 1053 1091
1 4 129 130 167 1092
1 4 129 1055 130 1092
1 4 129 167 166 1092
1 4 129 166 1091 1092
1 4 129 1054 1055 1092
1 4 129 1091 1054 1092
1 4 130 131 168 1093
1 4 130 1056 131 1093
1 4 130 168 167 1093
1 4 130 167 1092 1093
1 4 130 1055 1056 1093
1 4 130 1092 1055 1093
1 4 131 132 169 1094
1 4 131 1057 132 1094
1 4 131 169 168 1094
1 4 131 168 1093 1094
1 4 131 1056 1057 1094
1 4 131 1093 1056 1094
1 4 132 133 170 1095
1 4 132 1058 133 1095
1 4 132 170 169 1095
1 4 132 169 1094 1095
1 4 132 1057 1058 1095
1 4 132 1094 1057 1095
1 4 133 134 171 1096
1 4 133 1059 134 1096
1 4 133 171 170 1096
1 4 133 170 1095 1096
1 4 133 1058 1059 1096
1 4 133 1095 1058 1096
1 4 134 135 172 1097
1 4 134 1060 135 1097
1 4 134 172 171 1097
1 4 134 171 1096 1097
1 4 134 1059 1060 1097
1 4 134 1096 1059 1097
1 4 135 136 173 1098
1 4 135 1061 136 1098
1 4 135 173 172 1098
1 4 135 172 1097 1098
1 4 135 1060 1061 1098
1 4 135 1097 1060 1098
1 4 136 137 174 1099
1 4 136 1062 137 1099
1 4 136 174 173 1099
1 4 136 173 1098 1099
1 4 136 1061 1062 1099
1 4 136 1098 1061 1099
1 4 137 138 175 1100
1 4 137 1063 138 1100
1 4 137 175 174 1100
1 4 137 174 1099 1100
1 4 137 1062 1063 1100
1 4 137 1099 1062 1100
1 4 138 139 176 1101
1 4 138 1064 139 1101
1 4 138 176 175 1101
1 4 138 175 1100 1101
1 4 138 1063 1064 1101
1 4 138 1100 1063 1101
1 4 139 140 177 1102
1 4 139 1065 140 1102
1 4 139 177 176 1102
1 4 139 176 1101 1102
1 4 139 1064 1065 1102
1 4 139 1101 1064 1102
1 4 140 141 178 1103
1 4 140 1066 141 1103
1 4 140 178 177 1103
1 4 140 177 1102 1103
1 4 140 1065 1066 1103
1 4 140 1102 1065 1103
1 4 141 142 179 1104
1 4 141 1067 142 1104
1 4 141 179 178 1104
1 4 141 178 1103 1104
1 4 141 1066 1067 1104
1 4 141 1103 1066 1104
1 4 142 143 180 1105
1 4 142 1068 143 1105
1 4 142 180 179 1105
1 4 142 179 1104 1105
1 4 142 1067 1068 1105
1 4 142 1104 1067 1105
1 4 143 144 181 1106
1 4 143 1069 144 1106
1 4 143 181 180 1106
1 4 143 180 1105 1106
1 4 143 1068 1069 1106
1 4 143 1105 1068 1106
1 4 144 145 182 1107
1 4 144 1070 145 1107
1 4 144 182 181 1107
1 4 144 181 1106 1107
1 4 144 1069 1070 1107
1 4 144 1106 1069 1107
1 4 145 146 183 1108
1 4 145 1071 146 1108
1 4 145 183 182 1108
1 4 145 182 1107 1108
1 4 145 1070 1071 1108
1 4 145 1107 1070 1108
1 4 146 147 184 1109
1 4 146 1072 147 1109
1 4 146 184 183 1109
1 4 146 183 1108 1109
1 4 146 1071 1072 1109
1 4 146 1108 1071 1109
1 4 148 149 186 1111
1 4 148 1074 149 1111
1 4 148 186 185 1111
1 4 148 185 1110 1111
1 4 148 1073 1074 1111
1 4 148 1110 1073 1111
1 4 149 150 187 1112
1 4 149 1075 150 1112
1 4 149 187 186 1112
1 4 149 186 1111 1112
1 4 149 1074 1075 1112
1 4 149 1111 1074 1112
1 4 150 151 188 1113
1 4 150 1076 151 1113
1 4 150 188 187 1113
1 4 150 187 1112 1113
1 4 150 1075 1076 1113
1 4 150 1112 1075 1113
1 4 151 152 189 1114
1 4 151 1077 152 1114
1 4 151 189 188 1114
1 4 151 188 1113 1114
1 4 151 1076 1077 1114
1 4 151 1113 1076 1114
1 4 152 153 190 1115
1 4 152 1078 153 1115
1 4 152 190 189 1115
1 4 152 189 1114 1115
1 4 152 1077 1078 1115
1 4 152 1114 1077 1115
1 4 153 154 191 1116
1 4 153 1079 154 1116
1 4 153 191 190 1116
1 4 153 190 1115 1116
1 4 153 1078 1079 1116
1 4 153 1115 1078 1116
1 4 154 155 192 1117
1 4 154 1080 155 1117
1 4 154 192 191 1117
1 4 154 191 1116 1117
1 4 154 1079 1080 1117
1 4 154 1116 1079 1117
1 4 155 156 193 1118
1 4 155 1081 156 1118
1 4 155 193 192 1118
1 4 155 192 1117 1118
1 4 155 1080 1081 1118
1 4 155 1117 1080 1118
1 4 156 157 194 1119
1 4 156 1082 157 1119
1 4 156 194 193 1119
1 4 156 193 1118 1119
1 4 156 1081 1082 1119
1 4 156 1118 1081 1119
1 4 157 158 195 1120
1 4 157 1083 158 1120
1 4 157 195 194 1120
1 4 157 194 1119 1120
1 4 157 1082 1083 1120
1 4 157 1119 1082 1120
1 4 158 159 196 1121
1 4 158 1084 159 1121
1 4 158 196 195 1121
1 4 158 195 1120 1121
1 4 158 1083 1084 1121
1 4 158 1120 1083 1121
1 4 159 160 197 1122
1 4 159 1085 160 1122
1 4 159 197 196 1122
1 4 159 196 1121 1122
1 4 159 1084 1085 1122
1 4 159 1121 1084 1122
1 4 160 161 198 1123
1 4 160 1086 161 1123
1 4 160 198 197 1123
1 4 160 197 1122 1123
1 4 160 1085 1086 1123
1 4 160 1122 1085 1123
1 4 161 162 199 1124
1 4 161 1087 162 1124
1 4 161 199 198 1124
1 4 161 198 1123 1124
1 4 161 1086 1087 1124
1 4 161 1123 1086 1124
1 4 162 163 200 1125
1 4 162 1088 163 1125
1 4 162 200 199 1125
1 4 162 199 1124 1125
1 4 162 1087 1088 1125
1 4 162 1124 1087 1125
1 4 163 164 201 1126
1 4 163 1089 164 1126
1 4 163 201 200 1126
1 4 163 200 1125 1126
1 4 163 1088 1089 1126
1 4 163 1125 1088 1126
1 4 164 165 202 1127
1 4 164 1090 165 1127
1 4 164 202 201 1127
1 4 164 201 1126 1127
1 4 164 1089 1090 1127
1 4 164 1126 1089 1127
1 4 165 166 203 1128
1 4 165 1091 166 1128
1 4 165 203 202 1128
1 4 165 202 1127 1128
1 4 165 1090 1091 1128
1 4 165 1127 1090 1128
1 4 166 167 204 1129
1 4 166 1092 167 1129
1 4 166 204 203 1129
1 4 166 203 1128 1129
1 4 166 1091 1092 1129
1 4 166 1128 1091 1129
1 4 167 168 205 1130
1 4 167 1093 168 1130
1 4 167 205 204 1130
1 4 167 204 1129 1130
1 4 167 1092 1093 1130
1 4 167 1129 1092 1130
1 4 168 169 206 1131
1 4 168 1094 169 1131
1 4 168 206 205 1131
1 4 168 205 1130 1131
1 4 168 1093 1094 1131
1 4 168 1130 1093 1131
1 4 169 170 207 1132
1 4 169 1095 170 1132
1 4 169 207 206 1132
1 4 169 206 1131 1132
1 4 169 1094 1095 1132
1 4 169 1131 1094 1132
1 4 170 171 208 1133
1 4 170 1096 171 1133
1 4 170 208 207 1133
1 4 170 207 1132 1133
1 4 170 1095 1096 1133
1 4 170 1132 1095 1133
1 4 171 172 209 1134
1 4 171 1097 172 1134
1 4 171 209 208 1134
1 4 171 208 1133 1134
1 4 171 1096 1097 1134
1 4 171 1133 1096 1134
1 4 172 173 210 1135
1 4 172 1098 173 1135
1 4 172 210 209 1135
1 4 172 209 1134 1135
1 4 172 1097 1098 1135
1 4 172 1134 1097 1135
1 4 173 174 211 1136
1 4 173 1099 174 1136
1 4 173 211 210 1136
1 4 173 210 1135 1136
1 4 173 1098 1099 1136
1 4 173 1135 1098 1136
1 4 174 175 212 1137
1 4 174 1100 175 1137
1 4 174 212 211 1137
1 4 174 211 1136 1137
1 4 174 1099 1100 1137
1 4 174 1136 1099 1137
1 4 175 176 213 1138
1 4 175 1101 176 1138
1 4 175 213 212 1138
1 4 175 212 1137 1138
1 4 175 1100 1101 1138
1 4 175 1137 1100 1138
1 4 176 177 214 1139
1 4 176 1102 177 1139
1 4 176 214 213 1139
1 4 176 213 1138 1139
1 4 176 1101 1102 1139
1 4 176 1138 1101 1139
1 4 177 178 215 1140
1 4 177 1103 178 1140
1 4 177 215 214 1140
1 4 177 214 1139 1140
1 4 177 1102 1103 1140
1 4 177 1139 1102 1140
1 4 178 179 216 1141
1 4 178 1104 179 1141
1 4 178 216 215 1141
1 4 178 215 1140 1141
1 4 178 1103 1104 1141
1 4 178 1140 1103 1141
1 4 179 180 217 1142
1 4 179 1105 180 1142
1 4 179 217 216 1142
1 4 179 216 1141 1142
1 4 179 1104 1105 1142
1 4 179 1141 1104 1142
1 4 180 181 218 1143
1 4 180 1106 181 1143
1 4 180 218 217 1143
1 4 180 217 1142 1143
1 4 180 1105 1106 1143
1 4 180 1142 1105 1143
1 4 181 182 219 1144
1 4 181 1107 182 1144
1 4 181 219 218 1144
1 4 181 218 1143 1144
1 4 181 1106 1107 1144
1 4 181 1143 1106 1144
1 4 182 183 220 1145
1 4 182 1108 183 1145
1 4 182 220 219 1145
1 4 182 219 1144 1145
1 4 182 1107 1108 1145
1 4 182 1144 1107 1145
1 4 183 184 221 1146
1 4 183 1109 184 1146
1 4 183 221 220 1146
1 4 183 220 1145 1146
1 4 183 1108 1109 1146
1 4 183 1145 1108 1146
1 4 185 186 223 1148
1 4 185 1111 186 1148
1 4 185 223 222 1148
1 4 185 222 1147 1148
1 4 185 1110 1111 1148
1 4 185 1147 1110 1148
1 4 186 187 224 1149
1 4 186 1112 187 1149
1 4 186 224 223 1149
1 4 186 223 1148 1149
1 4 186 1111 1112 1149
1 4 186 1148 1111 1149
1 4 187 188 225 1150
1 4 187 1113 188 1150
1 4 187 225 224 1150
1 4 187 224 1149 1150
1 4 187 1112 1113 1150
1 4 187 1149 1112 1150
1 4 188 189 226 1151
1 4 188 1114 189 1151
1 4 188 226 225 1151
1 4 188 225 1150 1151
1 4 188 1113 1114 1151
1 4 188 1150 1113 1151
1 4 189 190 227 1152
1 4 189 1115 190 1152
1 4 189 227 226 1152
1 4 189 226 1151 1152
1 4 189 1114 1115 1152
1 4 189 1151 1114 1152
1 4 190 191 228 1153
1 4 190 1116 191 1153
1 4 190 228 227 1153
1 4 190 227 1152 1153
1 4 190 1115 1116 1153
1 4 190 1152 1115 1153
1 4 191 192 229 1154
1 4 191 1117 192 1154
1 4 191 229 228 1154
1 4 191 228 1153 1154
1 4 191 1116 1117 1154
1 4 191 1153 1116 1154
1 4 192 193 230 1155
1 4 192 1118 193 1155
1 4 192 230 229 1155
1 4 192 229 1154 1155
1 4 192 1117 1118 1155
1 4 192 1154 1117 1155
1 4 193 194 231 1156
1 4 193 1119 194 1156
1 4 193 231 230 1156
1 4 193 230 1155 1156
1 4 193 1118 1119 1156
1 4 193 1155 1118 1156
1 4 194 195 232 1157
1 4 194 1120 195 1157
1 4 194 232 231 1157
1 4 194 231 1156 1157
1 4 194 1119 1120 1157
1 4 194 1156 1119 1157
1 4 195 196 233 1158
1 4 195 1121 196 1158
1 4 195 233 232 1158
1 4 195 232 1157 1158
1 4 195 1120 1121 1158
1 4 195 1157 1120 1158
1 4 196 197 234 1159
1 4 196 1122 197 1159
1 4 196 234 233 1159
1 4 196 233 1158 1159
1 4 196 1121 1122 1159
1 4 196 1158 1121 1159
1 4 197 198 235 1160
1 4 197 1123 198 1160
1 4 197 235 234 1160
1 4 197 234 1159 1160
1 4 197 1122 1123 1160
1 4 197 1159 1122 1160
1 4 198 199 236 1161
1 4 198 1124 199 1161
1 4 198 236 235 1161
1 4 198 235 1160 1161
1 4 198 1123 1124 1161
1 4 198 1160 1123 1161
1 4 199 200 237 1162
1 4 199 1125 200 1162
1 4 199 237 236 1162
1 4 199 236 1161 1162
1 4 199 1124 1125 1162
1 4 199 1161 1124 1162
1 4 200 201 238 1163
1 4 200 1126 201 1163
1 4 200 238 237 1163
1 4 200 237 1162 1163
1 4 200 1125 1126 1163
1 4 200 1162 1125 1163
1 4 201 202 239 1164
1 4 201 1127 202 1164
1 4 201 239 238 1164
1 4 201 238 1163 1164
1 4 201 1126 1127 1164
1 4 201 1163 1126 1164
1 4 202 203 240 1165
1 4 202 1128 203 1165
1 4 202 240 239 1165
1 4 202 239 1164 1165
1 4 202 1127 1128 1165
1 4 202 1164 1127 1165
1 4 203 204 241 1166
1 4 203 1129 204 1166
1 4 203 241 240 1166
1 4 203 240 1165 1166
1 4 203 1128 1129 1166
1 4 203 1165 1128 1166
1 4 204 205 242 1167
1 4 204 1130 205 1167
1 4 204 242 241 1167
1 4 204 241 1166 1167
1 4 204 1129 1130 1167
1 4 204 1166 1129 1167
1 4 205 206 243 1168
1 4 205 1131 206 1168
1 4 205 243 242 1168
1 4 205 242 1167 1168
1 4 205 1130 1131 1168
1 4 205 1167 1130 1168
1 4 206 207 244 1169
1 4 206 1132 207 1169
1 4 206 244 243 1169
1 4 206 243 1168 1169
1 4 206 1131 1132 1169
1 4 206 1168 1131 1169
1 4 207 208 245 1170
1 4 207 1133 208 1170
1 4 207 245 244 1170
1 4 207 244 1169 1170
1 4 207 1132 1133 1170
1 4 207 1169 1132 1170
1 4 208 209 246 1171
1 4 208 1134 209 1171
1 4 208 246 245 1171
1 4 208 245 1170 1171
1 4 208 1133 1134 1171
1 4 208 1170 1133 1171
1 4 209 210 247 1172
1 4 209 1135 210 1172
1 4 209 247 246 1172
1 4 209 246 1171 1172
1 4 209 1134 1135 1172
1 4 209 1171 1134 1172
1 4 210 211 248 1173
1 4 210 1136 211 1173
1 4 210 248 247 1173
1 4 210 247 1172 1173
1 4 210 1135 1136 1173
1 4 210 1172 1135 1173
1 4 211 212 249 1174
1 4 211 1137 212 1174
1 4 211 249 248 1174
1 4 211 248 1173 1174
1 4 211 1136 1137 1174
1 4 211 1173 1136 1174
1 4 212 213 250 1175
1 4 212 1138 213 1175
1 4 212 250 249 1175
1 4 212 249 1174 1175
1 4 212 1137 1138 1175
1 4 212 1174 1137 1175
1 4 213 214 251 1176
1 4 213 1139 214 1176
1 4 213 251 250 1176
1 4 213 250 1175 1176
1 4 213 1138 1139 1176
1 4 213 1175 1138 1176
1 4 214 215 252 1177
1 4 214 1140 215 1177
1 4 214 252 251 1177
1 4 214 251 1176 1177
1 4 214 1139 1140 1177
1 4 214 1176 1139 1177
1 4 215 216 253 1178
1 4 215 1141 216 1178
1 4 215 253 252 1178
1 4 215 252 1177 1178
1 4 215 1140 1141 1178
1 4 215 1177 1140 1178
1 4 216 217 254 1179
1 4 216 1142 217 1179
1 4 216 254 253 1179
1 4 216 253 1178 1179
1 4 216 1141 1142 1179
1 4 216 1178 1141 1179
1 4 217 218 255 1180
1 4 217 1143 218 1180
1 4 217 255 254 1180
1 4 217 254 1179 1180
1 4 217 1142 1143 1180
1 4 217 1179 1142 1180
1 4 218 219 256 1181
1 4 218 1144 219 1181
1 4 218 256 255 1181
1 4 218 255 1180 1181
1 4 218 1143 1144 1181
1 4 218 1180 1143 1181
1 4 219 220 257 1182
1 4 219 1145 220 1182
1 4 219 257 256 1182
1 4 219 256 1181 1182
1 4 219 1144 1145 1182
1 4 219 1181 1144 1182
1 4 220 221 258 1183
1 4 220 1146 221 1183
1 4 220 258 257 1183
1 4 220 257 1182 1183
1 4 220 1145 1146 1183
1 4 220 1182 1145 1183
1 4 222 223 260 1185
1 4 222 1148 223 1185
1 4 222 260 259 1185
1 4 222 259 1184 1185
1 4 222 1147 1148 1185
1 4 222 1184 1147 1185
1 4 223 224 261 1186
1 4 223 1149 224 1186
1 4 223 261 260 1186
1 4 223 260 1185 1186
1 4 223 1148 1149 1186
1 4 223 1185 1148 1186
1 4 224 225 262 1187
1 4 224 1150 225 1187
1 4 224 262 261 1187
1 4 224 261 1186 1187
1 4 224 1149 1150 1187
1 4 224 1186 1149 1187
1 4 225 226 263 1188
1 4 225 1151 226 1188
1 4 225 263 262 1188
1 4 225 262 1187 1188
1 4 225 1150 1151 1188
1 4 225 1187 1150 1188
1 4 226 227 264 1189
1 4 226 1152 227 1189
1 4 226 264 263 1189
1 4 226 263 1188 1189
1 4 226 1151 1152 1189
1 4 226 1188 1151 1189
1 4 227 228 265 1190
1 4 227 1153 228 1190
1 4 227 265 264 1190
1 4 227 264 1189 1190
1 4 227 1152 1153 1190
1 4 227 1189 1152 1190
1 4 228 229 266 1191
1 4 228 1154 229 1191
1 4 228 266 265 1191
1 4 228 265 1190 1191
1 4 228 1153 1154 1191
1 4 228 1190 1153 1191
1 4 229 230 267 1192
1 4 229 1155 230 1192
1 4 229 267 266 1192
1 4 229 266 1191 1192
1 4 229 1154 1155 1192
1 4 229 1191 1154 1192
1 4 230 231 268 1193
1 4 230 1156 231 1193
1 4 230 268 267 1193
1 4 230 267 1192 1193
1 4 230 1155 1156 1193
1 4 230 1192 1155 1193
1 4 231 232 269 1194
1 4 231 1157 232 1194
1 4 231 269 268 1194
1 4 231 268 1193 1194
1 4 231 1156 1157 1194
1 4 231 1193 1156 1194
1 4 232 233 270 1195
1 4 232 1158 233 1195
1 4 232 270 269 1195
1 4 232 269 1194 1195
1 4 232 1157 1158 1195
1 4 232 1194 1157 1195
1 4 233 234 271 1196
1 4 233 1159 234 1196
1 4 233 271 270 1196
1 4 233 270 1195 1196
1 4 233 1158 1159 1196
1 4 233 1195 1158 1196
1 4 234 235 272 1197
1 4 234 1160 235 1197
1 4 234 272 271 1197
1 4 234 271 1196 1197
1 4 234 1159 1160 1197
1 4 234 1196 1159 1197
1 4 235 236 273 1198
1 4 235 1161 236 1198
1 4 235 273 272 1198
1 4 235 272 1197 1198
1 4 235 1160 1161 1198
1 4 235 1197 1160 1198
1 4 236 237 274 1199
1 4 236 1162 237 1199
1 4 236 274 273 1199
1 4 236 273 1198 1199
1 4 236 1161 1162 1199
1 4 236 1198 1161 1199
1 4 237 238 275 1200
1 4 237 1163 238 1200
1 4 237 275 274 1200
1 4 237 274 1199 1200
1 4 237 1162 1163 1200
1 4 237 1199 1162 1200
1 4 238 239 276 1201
1 4 238 1164 239 1201
1 4 238 276 275 1201
1 4 238 275 1200 1201
1 4 238 1163 1164 1201
1 4 238 1200 1163 1201
1 4 239 240 277 1202
1 4 239 1165 240 1202
1 4 239 277 276 1202
1 4 239 276 1201 1202
1 4 239 1164 1165 1202
1 4 239 1201 1164 1202
1 4 240 241 278 1203
1 4 240 1166 241 1203
1 4 240 278 277 1203
1 4 240 277 1202 1203
1 4 240 1165 1166 1203
1 4 240 1202 1165 1203
1 4 241 242 279 1204
1 4 241 1167 242 1204
1 4 241 279 278 1204
1 4 241 278 1203 1204
1 4 241 1166 1167 1204
1 4 241 1203 1166 1204
1 4 242 243 280 1205
1 4 242 1168 243 1205
1 4 242 280 279 1205
1 4 242 279 1204 1205
1 4 242 1167 1168 1205
1 4 242 1204 1167 1205
1 4 243 244 281 1206
1 4 243 1169 244 1206
1 4 243 281 280 1206
1 4 243 280 1205 1206
1 4 243 1168 1169 1206
1 4 243 1205 1168 1206
1 4 244 245 282 1207
1 4 244 1170 245 1207
1 4 244 282 281 1207
1 4 244 281 1206 1207
1 4 244 1169 1170 1207
1 4 244 1206 1169 1207
1 4 245 246 283 1208
1 4 245 1171 246 1208
1 4 245 283 282 1208
1 4 245 282 1207 1208
1 4 245 1170 1171 1208
1 4 245 1207 1170 1208
1 4 246 247 284 1209
1 4 246 1172 247 1209
1 4 246 284 283 1209
1 4 246 283 1208 1209
1 4 246 1171 1172 1209
1 4 246 1208 1171 1209
1 4 247 248 285 1210
1 4 247 1173 248 1210
1 4 247 285 284 1210
1 4 247 284 1209 1210
1 4 247 1172 1173 1210
1 4 247 1209 1172 1210
1 4 248 249 286 1211
1 4 248 1174 249 1211
1 4 248 286 285 1211
1 4 248 285 1210 1211
1 4 248 1173 1174 1211
1 4 248 1210 1173 1211
1 4 249 250 287 1212
1 4 249 1175 250 1212
1 4 249 287 286 1212
1 4 249 286 1211 1212
1 4 249 1174 1175 1212
1 4 249 1211 1174 1212
1 4 250 251 288 1213
1 4 250 1176 251 1213
1 4 250 288 287 1213
1 4 250 287 1212 1213
1 4 250 1175 1176 1213
1 4 250 1212 1175 1213
1 4 251 252 289 1214
1 4 251 1177 252 1214
1 4 251 289 288 1214
1 4 251 288 1213 1214
1 4 251 1176 1177 1214
1 4 251 1213 1176 1214
1 4 252 253 290 1215
1 4 252 1178 253 1215
1 4 252 290 289 1215
1 4 252 289 1214 1215
1 4 252 1177 1178 1215
1 4 252 1214 1177 1215
1 4 253 254 291 1216
1 4 253 1179 254 1216
1 4 253 291 290 1216
1 4 253 290 1215 1216
1 4 253 1178 1179 1216
1 4 253 1215 1178 1216
1 4 254 255 292 1217
1 4 254 1180 255 1217
1 4 254 292 291 1217
1 4 254 291 1216 1217
1 4 254 1179 1180 1217
1 4 254 1216 1179 1217
1 4 255 256 293 1218
1 4 255 1181 256 1218
1 4 255 293 292 1218
1 4 255 292 1217 1218
1 4 255 1180 1181 1218
1 4 255 1217 1180 1218
1 4 256 257 294 1219
1 4 256 1182 257 1219
1 4 256 294 293 1219
1 4 256 293 1218 1219
1 4 256 1181 1182 1219
1 4 256 1218 1181 1219
1 4 257 258 295 1220
1 4 257 1183 258 1220
1 4 257 295 294 1220
1 4 257 294 1219 1220
1 4 257 1182 1183 1220
1 4 257 1219 1182 1220
1 4 259 260 297 1222
1 4 259 1185 260 1222
1 4 259 297 296 1222
1 4 259 296 1221 1222
1 4 259 1184 1185 1222
1 4 259 1221 1184 1222
1 4 260 261 298 1223
1 4 260 1186 261 1223
1 4 260 298 297 1223
1 4 260 297 1222 1223
1 4 260 1185 1186 1223
1 4 260 1222 1185 1223
1 4 261 262 299 1224
1 4 261 1187 262 1224
1 4 261 299 298 1224
1 4 261 298 1223 1224
1 4 261 1186 1187 1224
1 4 261 1223 1186 1224
1 4 262 263 300 1225
1 4 262 1188 263 1225
1 4 262 300 299 1225
1 4 262 299 1224 1225
1 4 262 1187 1188 1225
1 4 262 1224 1187 1225
1 4 263 264 301 1226
1 4 263 1189 264 1226
1 4 263 301 300 1226
1 4 263 300 1225 1226
1 4 263 1188 1189 1226
1 4 263 1225 1188 1226
1 4 264 265 302 1227
1 4 264 1190 265 1227
1 4 264 302 301 1227
1 4 264 301 1226 1227
1 4 264 1189 1190 1227
1 4 264 1226 1189 1227
1 4 265 266 303 1228
1 4 265 1191 266 1228
1 4 265 303 302 1228
1 4 265 302 1227 1228
1 4 265 1190 1191 1228
1 4 265 1227 1190 1228
1 4 266 267 304 1229
1 4 266 1192 267 1229
1 4 266 304 303 1229
1 4 266 303 1228 1229
1 4 266 1191 1192 1229
1 4 266 1228 1191 1229
1 4 267 268 305 1230
1 4 267 1193 268 1230
1 4 267 305 304 1230
1 4 267 304 1229 1230
1 4 267 1192 1193 1230
1 4 267 1229 1192 1230
1 4 268 269 306 1231
1 4 268 1194 269 1231
1 4 268 306 305 1231
1 4 268 305 1230 1231
1 4 268 1193 1194 1231
1 4 268 1230 1193 1231
1 4 269 270 307 1232
1 4 269 1195 270 1232
1 4 269 307 306 1232
1 4 269 306 1231 1232
1 4 269 1194 1195 1232
1 4 269 1231 1194 1232
1 4 270 271 308 1233
1 4 270 1196 271 1233
1 4 270 308 307 1233
1 4 270 307 1232 1233
1 4 270 1195 1196 1233
1 4 270 1232 1195 1233
1 4 271 272 309 1234
1 4 271 1197 272 1234
1 4 271 309 308 1234
1 4 271 308 1233 1234
1 4 271 1196 1197 1234
1 4 271 1233 1196 1234
1 4 272 273 310 1235
1 4 272 1198 273 1235
1 4 272 310 309 1235
1 4 272 309 1234 1235
1 4 272 1197 1198 1235
1 4 272 1234 1197 1235
1 4 273 274 311 1236
1 4 273 1199 274 1236
1 4 273 311 310 1236
1 4 273 310 1235 1236
1 4 273 1198 1199 1236
1 4 273 1235 1198 1236
1 4 274 275 312 1237
1 4 274 1200 275 1237
1 4 274 312 311 1237
1 4 274 311 1236 1237
1 4 274 1199 1200 1237
1 4 274 1236 1199 1237
1 4 275 276 313 1238
1 4 275 1201 276 1238
1 4 275 313 312 1238
1 4 275 312 1237 1238
1 4 275 1200 1201 1238
1 4 275 1237 1200 1238
1 4 276 277 314 1239
1 4 276 1202 277 1239
1 4 276 314 313 1239
1 4 276 313 1238 1239
1 4 276 1201 1202 1239
1 4 276 1238 1201 1239
1 4 277 278 315 1240
1 4 277 1203 278 1240
1 4 277 315 314 1240
1 4 277 314 1239 1240
1 4 277 1202 1203 1240
1 4 277 1239 1202 1240
1 4 278 279 316 1241
1 4 278 1204 279 1241
1 4 278 316 315 1241
1 4 278 315 1240 1241
1 4 278 1203 1204 1241
1 4 278 1240 1203 1241
1 4 279 280 317 1242
1 4 279 1205 280 1242
1 4 279 317 316 1242
1 4 279 316 1241 1242
1 4 279 1204 1205 1242
1 4 279 1241 1204 1242
1 4 280 281 318 1243
1 4 280 1206 281 1243
1 4 280 318 317 1243
1 4 280 317 1242 1243
1 4 280 1205 1206 1243
1 4 280 1242 1205 1243
1 4 281 282 319 1244
1 4 281 1207 282 1244
1 4 281 319 318 1244
1 4 281 318 1243 1244
1 4 281 1206 1207 1244
1 4 281 1243 1206 1244
1 4 282 283 320 1245
1 4 282 1208 283 1245
1 4 282 320 319 1245
1 4 282 319 1244 1245
1 4 282 1207 1208 1245
1 4 282 1244 1207 1245
1 4 283 284 321 1246
1 4 283 1209 284 1246
1 4 283 321 320 1246
1 4 283 320 1245 1246
1 4 283 1208 1209 1246
1 4 283 1245 1208 1246
1 4 284 285 322 1247
1 4 284 1210 285 1247
1 4 284 322 321 1247
1 4 284 321 1246 1247
1 4 284 1209 1210 1247
1 4 284 1246 1209 1247
1 4 285 286 323 1248
1 4 285 1211 286 1248
1 4 285 323 322 1248
1 4 285 322 1247 1248
1 4 285 1210 1211 1248
1 4 285 1247 1210 1248
1 4 286 287 324 1249
1 4 286 1212 287 1249
1 4 286 324 323 1249
1 4 286 323 1248 1249
1 4 286 1211 1212 1249
1 4 286 1248 1211 1249
1 4 287 288 325 1250
1 4 287 1213 288 1250
1 4 287 325 324 1250
1 4 287 324 1249 1250
1 4 287 1212 1213 1250
1 4 287 1249 1212 1250
1 4 288 289 326 1251
1 4 288 1214 289 1251
1 4 288 326 325 1251
1 4 288 325 1250 1251
1 4 288 1213 1214 1251
1 4 288 1250 1213 1251
1 4 289 290 327 1252
1 4 289 1215 290 1252
1 4 289 327 326 1252
1 4 289 326 1251 1252
1 4 289 1214 1215 1252
1 4 289 1251 1214 1252
1 4 290 291 328 1253
1 4 290 1216 291 1253
1 4 290 328 327 1253
1 4 290 327 1252 1253
1 4 290 1215 1216 1253
1 4 290 1252 1215 1253
1 4 291 292 329 1254
1 4 291 1217 292 1254
1 4 291 329 328 1254
1 4 291 328 1253 1254
1 4 291 1216 1217 1254
1 4 291 1253 1216 1254
1 4 292 293 330 1255
1 4 292 1218 293 1255
1 4 292 330 329 1255
1 4 292 329 1254 1255
1 4 292 1217 1218 1255
1 4 292 1254 1217 1255
1 4 293 294 331 1256
1 4 293 1219 294 1256
1 4 293 331 330 1256
1 4 293 330 1255 1256
1 4 293 1218 1219 1256
1 4 293 1255 1218 1256
1 4 294 295 332 1257
1 4 294 1220 295 1257
1 4 294 332 331 1257
1 4 294 331 1256 1257
1 4 294 1219 1220 1257
1 4 294 1256 1219 1257
1 4 296 297 334 1259
1 4 296 1222 297 1259
1 4 296 334 333 1259
1 4 296 333 1258 1259
1 4 296 1221 1222 1259
1 4 296 1258 1221 1259
1 4 297 298 335 1260
1 4 297 1223 298 1260
1 4 297 335 334 1260
1 4 297 334 1259 1260
1 4 297 1222 1223 1260
1 4 297 1259 1222 1260
1 4 298 299 336 1261
1 4 298 1224 299 1261
1 4 298 336 335 1261
1 4 298 335 1260 1261
1 4 298 1223 1224 1261
1 4 298 1260 1223 1261
1 4 299 300 337 1262
1 4 299 1225 300 1262
1 4 299 337 336 1262
1 4 299 336 1261 1262
1 4 299 1224 1225 1262
1 4 299 1261 1224 1262
1 4 300 301 338 1263
1 4 300 1226 301 1263
1 4 300 338 337 1263
1 4 300 337 1262 1263
1 4 300 1225 1226 1263
1 4 300 1262 1225 1263
1 4 301 302 339 1264
1 4 301 1227 302 1264
1 4 301 339 338 1264
1 4 301 338 1263 1264
1 4 301 1226 1227 1264
1 4 301 1263 1226 1264
1 4 302 303 340 1265
1 4 302 1228 303 1265
1 4 302 340 339 1265
1 4 302 339 1264 1265
1 4 302 1227 1228 1265
1 4 302 1264 1227 1265
1 4 303 304 341 1266
1 4 303 1229 304 1266
1 4 303 341 340 1266
1 4 303 340 1265 1266
1 4 303 1228 1229 1266
1 4 303 1265 1228 1266
1 4 304 305 342 1267
1 4 304 1230 305 1267
1 4 304 342 341 1267
1 4 304 341 1266 1267
1 4 304 1229 1230 1267
1 4 304 1266 1229 1267
1 4 305 306 343 1268
1 4 305 1231 306 1268
1 4 305 343 342 1268
1 4 305 342 1267 1268
1 4 305 1230 1231 1268
1 4 305 1267 1230 1268
1 4 306 307 344 1269
1 4 306 1232 307 1269
1 4 306 344 343 1269
1 4 306 343 1268 1269
1 4 306 1231 1232 1269
1 4 306 1268 1231 1269
1 4 307 308 345 1270
1 4 307 1233 308 1270
1 4 307 345 344 1270
1 4 307 344 1269 1270
1 4 307 1232 1233 1270
1 4 307 1269 1232 1270
1 4 308 309 346 1271
1 4 308 1234 309 1271
1 4 308 346 345 1271
1 4 308 345 1270 1271
1 4 308 1233 1234 1271
1 4 308 1270 1233 1271
1 4 309 310 347 1272
1 4 309 1235 310 1272
1 4 309 347 346 1272
1 4 309 346 1271 1272
1 4 309 1234 1235 1272
1 4 309 1271 1234 1272
1 4 310 311 348 1273
1 4 310 1236 311 1273
1 4 310 348 347 1273
1 4 310 347 1272 1273
1 4 310 1235 1236 1273
1 4 310 1272 1235 1273
1 4 311 312 349 1274
1 4 311 1237 312 1274
1 4 311 349 348 1274
1 4 311 348 1273 1274
1 4 311 1236 1237 1274
1 4 311 1273 1236 1274
1 4 312 313 350 1275
1 4 312 1238 313 1275
1 4 312 350 349 1275
1 4 312 349 1274 1275
1 4 312 1237 1238 1275
1 4 312 1274 1237 1275
1 4 313 314 351 1276
1 4 313 1239 314 1276
1 4 313 351 350 1276
1 4 313 350 1275 1276
1 4 313 1238 1239 1276
1 4 313 1275 1238 1276
1 4 314 315 352 1277
1 4 314 1240 315 1277
1 4 314 352 351 1277
1 4 314 351 1276 1277
1 4 314 1239 1240 1277
1 4 314 1276 1239 1277
1 4 315 316 353 1278
1 4 315 1241 316 1278
1 4 315 353 352 1278
1 4 315 352 1277 1278
1 4 315 1240 1241 1278
1 4 315 1277 1240 1278
1 4 316 317 354 1279
1 4 316 1242 317 1279
1 4 316 354 353 1279
1 4 316 353 1278 1279
1 4 316 1241 1242 1279
1 4 316 1278 1241 1279
1 4 317 318 355 1280
1 4 317 1243 318 1280
1 4 317 355 354 1280
1 4 317 354 1279 1280
1 4 317 1242 1243 1280
1 4 317 1279 1242 1280
1 4 318 319 356 1281
1 4 318 1244 319 1281
1 4 318 356 355 1281
1 4 318 355 1280 1281
1 4 318 1243 1244 1281
1 4 318 1280 1243 1281
1 4 319 320 357 1282
1 4 319 1245 320 1282
1 4 319 357 356 1282
1 4 319 356 1281 1282
1 4 319 1244 1245 1282
1 4 319 1281 1244 1282
1 4 320 321 358 1283
1 4 320 1246 321 1283
1 4 320 358 357 1283
1 4 320 357 1282 1283
1 4 320 1245 1246 1283
1 4 320 1282 1245 1283
1 4 321 322 359 1284
1 4 321 1247 322 1284
1 4 321 359 358 1284
1 4 321 358 1283 1284
1 4 321 1246 1247 1284
1 4 321 1283 1246 1284
1 4 322 323 360 1285
1 4 322 1248 323 1285
1 4 322 360 359 1285
1 4 322 359 1284 1285
1 4 322 1247 1248 1285
1 4 322 1284 1247 1285
1 4 323 324 361 1286
1 4 323 1249 324 1286
1 4 323 361 360 1286
1 4 323 360 1285 1286
1 4 323 1248 1249 1286
1 4 323 1285 1248 1286
1 4 324 325 362 1287
1 4 324 1250 325 1287
1 4 324 362 361 1287
1 4 324 361 1286 1287
1 4 324 1249 1250 1287
1 4 324 1286 1249 1287
1 4 325 326 363 1288
1 4 325 1251 326 1288
1 4 325 363 362 1288
1 4 325 362 1287 1288
1 4 325 1250 1251 1288
1 4 325 1287 1250 1288
1 4 326 327 364 1289
1 4 326 1252 327 1289
1 4 326 364 363 1289
1 4 326 363 1288 1289
1 4 326 1251 1252 1289
1 4 326 1288 1251 1289
1 4 327 328 365 1290
1 4 327 1253 328 1290
1 4 327 365 364 1290
1 4 327 364 1289 1290
1 4 327 1252 1253 1290
1 4 327 1289 1252 1290
1 4 328 329 366 1291
1 4 328 1254 329 1291
1 4 328 366 365 1291
1 4 328 365 1290 1291
1 4 328 1253 1254 1291
1 4 328 1290 1253 1291
1 4 329 330 367 1292
1 4 329 1255 330 1292
1 4 329 367 366 1292
1 4 329 366 1291 1292
1 4 329 1254 1255 1292
1 4 329 1291 1254 1292
1 4 330 331 368 1293
1 4 330 1256 331 1293
1 4 330 368 367 1293
1 4 330 367 1292 1293
1 4 330 1255 1256 1293
1 4 330 1292 1255 1293
1 4 331 332 369 1294
1 4 331 1257 332 1294
1 4 331 369 368 1294
1 4 331 368 1293 1294
1 4 331 1256 1257 1294
1 4 331 1293 1256 1294
1 4 333 334 371 1296
1 4 333 1259 334 1296
1 4 333 371 370 1296
1 4 333 370 1295 1296
1 4 333 1258 1259 1296
1 4 333 1295 1258 1296
1 4 334 335 372 1297
1 4 334 1260 335 1297
1 4 334 372 371 1297
1 4 334 371 1296 1297
1 4 334 1259 1260 1297
1 4 334 1296 1259 1297
1 4 335 336 373 1298
1 4 335 1261 336 1298
1 4 335 373 372 1298
1 4 335 372 1297 1298
1 4 335 1260 1261 1298
1 4 335 1297 1260 1298
1 4 336 337 374 1299
1 4 336 1262 337 1299
1 4 336 374 373 1299
1 4 336 373 1298 1299
1 4 336 1261 1262 1299
1 4 336 1298 1261 1299
1 4 337 338 375 1300
1 4 337 1263 338 1300
1 4 337 375 374 1300
1 4 337 374 1299 1300
1 4 337 1262 1263 1300
1 4 337 1299 1262 1300
1 4 338 339 376 1301
1 4 338 1264 339 1301
1 4 338 376 375 1301
1 4 338 375 1300 1301
1 4 338 1263 1264 1301
1 4 338 1300 1263 1301
1 4 339 340 377 1302
1 4 339 1265 340 1302
1 4 339 377 376 1302
1 4 339 376 1301 1302
1 4 339 1264 1265 1302
1 4 339 1301 1264 1302
1 4 340 341 378 1303
1 4 340 1266 341 1303
1 4 340 378 377 1303
1 4 340 377 1302 1303
1 4 340 1265 1266 1303
1 4 340 1302 1265 1303
1 4 341 342 379 1304
1 4 341 1267 342 1304
1 4 341 379 378 1304
1 4 341 378 1303 1304
1 4 341 1266 1267 1304
1 4 341 1303 1266 1304
1 4 342 343 380 1305
1 4 342 1268 343 1305
1 4 342 380 379 1305
1 4 342 379 1304 1305
1 4 342 1267 1268 1305
1 4 342 1304 1267 1305
1 4 343 344 381 1306
1 4 343 1269 344 1306
1 4 343 381 380 1306
1 4 343 380 1305 1306
1 4 343 1268 1269 1306
1 4 343 1305 1268 1306
1 4 344 345 382 1307
1 4 344 1270 345 1307
1 4 344 382 381 1307
1 4 344 381 1306 1307
1 4 344 1269 1270 1307
1 4 344 1306 1269 1307
1 4 345 346 383 1308
1 4 345 1271 346 1308
1 4 345 383 382 1308
1 4 345 382 1307 1308
1 4 345 1270 1271 1308
1 4 345 1307 1270 1308
1 4 346 347 384 1309
1 4 346 1272 347 1309
1 4 346 384 383 1309
1 4 346 383 1308 1309
1 4 346 1271 1272 1309
1 4 346 1308 1271 1309
1 4 347 348 385 1310
1 4 347 1273 348 1310
1 4 347 385 384 1310
1 4 347 384 1309 1310
1 4 347 1272 1273 1310
1 4 347 1309 1272 1310
1 4 348 349 386 1311
1 4 348 1274 349 1311
1 4 348 386 385 1311
1 4 348 385 1310 1311
1 4 348 1273 1274 1311
1 4 348 1310 1273 1311
1 4 349 350 387 1312
1 4 349 1275 350 1312
1 4 349 387 386 1312
1 4 349 386 1311 1312
1 4 349 1274 1275 1312
1 4 349 1311 1274 1312
1 4 350 351 388 1313
1 4 350 1276 351 1313
1 4 350 388 387 1313
1 4 350 387 1312 1313
1 4 350 1275 1276 1313
1 4 350 1312 1275 1313
1 4 351 352 389 1314
1 4 351 1277 352 1314
1 4 351 389 388 1314
1 4 351 388 1313 1314
1 4 351 1276 1277 1314
1 4 351 1313 1276 1314
1 4 352 353 390 1315
1 4 352 1278 353 1315
1 4 352 390 389 1315
1 4 352 389 1314 1315
1 4 352 1277 1278 1315
1 4 352 1314 1277 1315
1 4 353 354 391 1316
1 4 353 1279 354 1316
1 4 353 391 390 1316
1 4 353 390 1315 1316
1 4 353 1278 1279 1316
1 4 353 1315 1278 1316
1 4 354 355 392 1317
1 4 354 1280 355 1317
1 4 354 392 391 1317
1 4 354 391 1316 1317
1 4 354 1279 1280 1317
1 4 354 1316 1279 1317
1 4 355 356 393 1318
1 4 355 1281 356 1318
1 4 355 393 392 1318
1 4 355 392 1317 1318
1 4 355 1280 1281 1318
1 4 355 1317 1280 1318
1 4 356 357 394 1319
1 4 356 1282 357 1319
1 4 356 394 393 1319
1 4 356 393 1318 1319
1 4 356 1281 1282 1319
1 4 356 1318 1281 1319
1 4 357 358 395 1320
1 4 357 1283 358 1320
1 4 357 395 394 1320
1 4 357 394 1319 1320
1 4 357 1282 1283 1320
1 4 357 1319 1282 1320
1 4 358 359 396 1321
1 4 358 1284 359 1321
1 4 358 396 395 1321
1 4 358 395 1320 1321
1 4 358 1283 1284 1321
1 4 358 1320 1283 1321
1 4 359 360 397 1322
1 4 359 1285 360 1322
1 4 359 397 396 1322
1 4 359 396 1321 1322
1 4 359 1284 1285 1322
1 4 359 1321 1284 1322
1 4 360 361 398 1323
1 4 360 1286 361 1323
1 4 360 398 397 1323
1 4 360 397 1322 1323
1 4 360 1285 1286 1323
1 4 360 1322 1285 1323
1 4 361 362 399 1324
1 4 361 1287 362 1324
1 4 361 399 398 1324
1 4 361 398 1323 1324
1 4 361 1286 1287 1324
1 4 361 1323 1286 1324
1 4 362 363 400 1325
1 4 362 1288 363 1325
1 4 362 400 399 1325
1 4 362 399 1324 1325
1 4 362 1287 1288 1325
1 4 362 1324 1287 1325
1 4 363 364 401 1326
1 4 363 1289 364 1326
1 4 363 401 400 1326
1 4 363 400 1325 1326
1 4 363 1288 1289 1326
1 4 363 1325 1288 1326
1 4 364 365 402 1327
1 4 364 1290 365 1327
1 4 364 402 401 1327
1 4 364 401 1326 1327
1 4 364 1289 1290 1327
1 4 364 1326 1289 1327
1 4 365 366 403 1328
1 4 365 1291 366 1328
1 4 365 403 402 1328
1 4 365 402 1327 1328
1 4 365 1290 1291 1328
1 4 365 1327 1290 1328
1 4 366 367 404 1329
1 4 366 1292 367 1329
1 4 366 404 403 1329
1 4 366 403 1328 1329
1 4 366 1291 1292 1329
1 4 366 1328 1291 1329
1 4 367 368 405 1330
1 4 367 1293 368 1330
1 4 367 405 404 1330
1 4 367 404 1329 1330
1 4 367 1292 1293 1330
1 4 367 1329 1292 1330
1 4 368 369 406 1331
1 4 368 1294 369 1331
1 4 368 406 405 1331
1 4 368 405 1330 1331
1 4 368 1293 1294 1331
1 4 368 1330 1293 1331
1 4 370 371 408 1333
1 4 370 1296 371 1333
1 4 370 408 407 1333
1 4 370 407 1332 1333
1 4 370 1295 1296 1333
1 4 370 1332 1295 1333
1 4 371 372 409 1334
1 4 371 1297 372 1334
1 4 371 409 408 1334
1 4 371 408 1333 1334
1 4 371 1296 1297 1334
1 4 371 1333 1296 1334
1 4 372 373 410 1335
1 4 372 1298 373 1335
1 4 372 410 409 1335
1 4 372 409 1334 1335
1 4 372 1297 1298 1335
1 4 372 1334 1297 1335
1 4 373 374 411 1336
1 4 373 1299 374 1336
1 4 373 411 410 1336
1 4 373 410 1335 1336
1 4 373 1298 1299 1336
1 4 373 1335 1298 1336
1 4 374 375 412 1337
1 4 374 1300 375 1337
1 4 374 412 411 1337
1 4 374 411 1336 1337
1 4 374 1299 1300 1337
1 4 374 1336 1299 1337
1 4 375 376 413 1338
1 4 375 1301 376 1338
1 4 375 413 412 1338
1 4 375 412 1337 1338
1 4 375 1300 1301 1338
1 4 375 1337 1300 1338
1 4 376 377 414 1339
1 4 376 1302 377 1339
1 4 376 414 413 1339
1 4 376 413 1338 1339
1 4 376 1301 1302 1339
1 4 376 1338 1301 1339
1 4 377 378 415 1340
1 4 377 1303 378 1340
1 4 377 415 414 1340
1 4 377 414 1339 1340
1 4 377 1302 1303 1340
1 4 377 1339 1302 1340
1 4 378 379 416 1341
1 4 378 1304 379 1341
1 4 378 416 415 1341
1 4 378 415 1340 1341
1 4 378 1303 1304 1341
1 4 378 1340 1303 1341
1 4 379 380 417 1342
1 4 379 1305 380 1342
1 4 379 417 416 1342
1 4 379 416 1341 1342
1 4 379 1304 1305 1342
1 4 379 1341 1304 1342
1 4 380 381 418 1343
1 4 380 1306 381 1343
1 4 380 418 417 1343
1 4 380 417 1342 1343
1 4 380 1305 1306 1343
1 4 380 1342 1305 1343
1 4 381 382 419 1344
1 4 381 1307 382 1344
1 4 381 419 418 1344
1 4 381 418 1343 1344
1 4 381 1306 1307 1344
1 4 381 1343 1306 1344
1 4 382 383 420 1345
1 4 382 1308 383 1345
1 4 382 420 419 1345
1 4 382 419 1344 1345
1 4 382 1307 1308 1345
1 4 382 1344 1307 1345
1 4 383 384 421 1346
1 4 383 1309 384 1346
1 4 383 421 420 1346
1 4 383 420 1345 1346
1 4 383 1308 1309 1346
1 4 383 1345 1308 1346
1 4 384 385 422 1347
1 4 384 1310 385 1347
1 4 384 422 421 1347
1 4 384 421 1346 1347
1 4 384 1309 1310 1347
1 4 384 1346 1309 1347
1 4 385 386 423 1348
1 4 385 1311 386 1348
1 4 385 423 422 1348
1 4 385 422 1347 1348
1 4 385 1310 1311 1348
1 4 385 1347 1310 1348
1 4 386 387 424 1349
1 4 386 1312 387 1349
1 4 386 424 423 1349
1 4 386 423 1348 1349
1 4 386 1311 1312 1349
1 4 386 1348 1311 1349
1 4 387 388 425 1350
1 4 387 1313 388 1350
1 4 387 425 424 1350
1 4 387 424 1349 1350
1 4 387 1312 1313 1350
1 4 387 1349 1312 1350
1 4 388 389 426 1351
1 4 388 1314 389 1351
1 4 388 426 425 1351
1 4 388 425 1350 1351
1 4 388 1313 1314 1351
1 4 388 1350 1313 1351
1 4 389 390 427 1352
1 4 389 1315 390 1352
1 4 389 427 426 1352
1 4 389 426 1351 1352
1 4 389 1314 1315 1352
1 4 389 1351 1314 1352
1 4 390 391 428 1353
1 4 390 1316 391 1353
1 4 390 428 427 1353
1 4 390 427 1352 1353
1 4 390 1315 1316 1353
1 4 390 1352 1315 1353
1 4 391 392 429 1354
1 4 391 1317 392 1354
1 4 391 429 428 1354
1 4 391 428 1353 1354
1 4 391 1316 1317 1354
1 4 391 1353 1316 1354
1 4 392 393 430 1355
1 4 392 1318 393 1355
1 4 392 430 429 1355
1 4 392 429 1354 1355
1 4 392 1317 1318 1355
1 4 392 1354 1317 1355
1 4 393 394 431 1356
1 4 393 1319 394 1356
1 4 393 431 430 1356
1 4 393 430 1355 1356
1 4 393 1318 1319 1356
1 4 393 1355 1318 1356
1 4 394 395 432 1357
1 4 394 1320 395 1357
1 4 394 432 431 1357
1 4 394 431 1356 1357
1 4 394 1319 1320 1357
1 4 394 1356 1319 1357
1 4 395 396 433 1358
1 4 395 1321 396 1358
1 4 395 433 432 1358
1 4 395 432 1357 1358
1 4 395 1320 1321 1358
1 4 395 1357 1320 1358
1 4 396 397 434 1359
1 4 396 1322 397 1359
1 4 396 434 433 1359
1 4 396 433 1358 1359
1 4 396 1321 1322 1359
1 4 396 1358 1321 1359
1 4 397 398 435 1360
1 4 397 1323 398 1360
1 4 397 435 434 1360
1 4 397 434 1359 1360
1 4 397 1322 1323 1360
1 4 397 1359 1322 1360
1 4 398 399 436 1361
1 4 398 1324 399 1361
1 4 398 436 435 1361
1 4 398 435 1360 1361
1 4 398 1323 1324 1361
1 4 398 1360 1323 1361
1 4 399 400 437 1362
1 4 399 1325 400 1362
1 4 399 437 436 1362
1 4 399 436 1361 1362
1 4 399 1324 1325 1362
1 4 399 1361 1324 1362
1 4 400 401 438 1363
1 4 400 1326 401 1363
1 4 400 438 437 1363
1 4 400 437 1362 1363
1 4 400 1325 1326 1363
1 4 400 1362 1325 1363
1 4 401 402 439 1364
1 4 401 1327 402 1364
1 4 401 439 438 1364
1 4 401 438 1363 1364
1 4 401 1326 1327 1364
1 4 401 1363 1326 1364
1 4 402 403 440 1365
1 4 402 1328 403 1365
1 4 402 440 439 1365
1 4 402 439 1364 1365
1 4 402 1327 1328 1365
1 4 402 1364 1327 1365
1 4 403 404 441 1366
1 4 403 1329 404 1366
1 4 403 441 440 1366
1 4 403 440 1365 1366
1 4 403 1328 1329 1366
1 4 403 1365 1328 1366
1 4 404 405 442 1367
1 4 404 1330 405 1367
1 4 404 442 441 1367
1 4 404 441 1366 1367
1 4 404 1329 1330 1367
1 4 404 1366 1329 1367
1 4 405 406 443 1368
1 4 405 1331 406 1368
1 4 405 443 442 1368
1 4 405 442 1367 1368
1 4 405 1330 1331 1368
1 4 405 1367 1330 1368
1 4 407 408 445 1370
1 4 407 1333 408 1370
1 4 407 445 444 1370
1 4 407 444 1369 1370
1 4 407 1332 1333 1370
1 4 407 1369 1332 1370
1 4 408 409 446 1371
1 4 408 1334 409 1371
1 4 408 446 445 1371
1 4 408 445 1370 1371
1 4 408 1333 1334 1371
1 4 408 1370 1333 1371
1 4 409 410 447 1372
1 4 409 1335 410 1372
1 4 409 447 446 1372
1 4 409 446 1371 1372
1 4 409 1334 1335 1372
1 4 409 1371 1334 1372
1 4 410 411 448 1373
1 4 410 1336 411 1373
1 4 410 448 447 1373
1 4 410 447 1372 1373
1 4 410 1335 1336 1373
1 4 410 1372 1335 1373
1 4 411 412 449 1374
1 4 411 1337 412 1374
1 4 411 449 448 1374
1 4 411 448 1373 1374
1 4 411 1336 1337 1374
1 4 411 1373 1336 1374
1 4 412 413 450 1375
1 4 412 1338 413 1375
1 4 412 450 449 1375
1 4 412 449 1374 1375
1 4 412 1337 1338 1375
1 4 412 1374 1337 1375
1 4 413 414 451 1376
1 4 413 1339 414 1376
1 4 413 451 450 1376
1 4 413 450 1375 1376
1 4 413 1338 1339 1376
1 4 413 1375 1338 1376
1 4 414 415 452 1377
1 4 414 1340 415 1377
1 4 414 452 451 1377
1 4 414 451 1376 1377
1 4 414 1339 1340 1377
1 4 414 1376 1339 1377
1 4 415 416 453 1378
1 4 415 1341 416 1378
1 4 415 453 452 1378
1 4 415 452 1377 1378
1 4 415 1340 1341 1378
1 4 415 1377 1340 1378
1 4 416 417 454 1379
1 4 416 1342 417 1379
1 4 416 454 453 1379
1 4 416 453 1378 1379
1 4 416 1341 1342 1379
1 4 416 1378 1341 1379
1 4 417 418 455 1380
1 4 417 1343 418 1380
1 4 417 455 454 1380
1 4 417 454 1379 1380
1 4 417 1342 1343 1380
1 4 417 1379 1342 1380
1 4 418 419 456 1381
1 4 418 1344 419 1381
1 4 418 456 455 1381
1 4 418 455 1380 1381
1 4 418 1343 1344 1381
1 4 418 1380 1343 1381
1 4 419 420 457 1382
1 4 419 1345 420 1382
1 4 419 457 456 1382
1 4 419 456 1381 1382
1 4 419 1344 1345 1382
1 4 419 1381 1344 1382
1 4 420 421 458 1383
1 4 420 1346 421 1383
1 4 420 458 457 1383
1 4 420 457 1382 1383
1 4 420 1345 1346 1383
1 4 420 1382 1345 1383
1 4 421 422 459 1384
1 4 421 1347 422 1384
1 4 421 459 458 1384
1 4 421 458 1383 1384
1 4 421 1346 1347 1384
1 4 421 1383 1346 1384
1 4 422 423 460 1385
1 4 422 1348 423 1385
1 4 422 460 459 1385
1 4 422 459 1384 1385
1 4 422 1347 1348 1385
1 4 422 1384 1347 1385
1 4 423 424 461 1386
1 4 423 1349 424 1386
1 4 423 461 460 1386
1 4 423 460 1385 1386
1 4 423 1348 1349 1386
1 4 423 1385 1348 1386
1 4 424 425 462 1387
1 4 424 1350 425 1387
1 4 424 462 461 1387
1 4 424 461 1386 1387
1 4 424 1349 1350 1387
1 4 424 1386 1349 1387
1 4 425 426 463 1388
1 4 425 1351 426 1388
1 4 425 463 462 1388
1 4 425 462 1387 1388
1 4 425 1350 1351 1388
1 4 425 1387 1350 1388
1 4 426 427 464 1389
1 4 426 1352 427 1389
1 4 426 464 463 1389
1 4 426 463 1388 1389
1 4 426 1351 1352 1389
1 4 426 1388 1351 1389
1 4 427 428 465 1390
1 4 427 1353 428 1390
1 4 427 465 464 1390
1 4 427 464 1389 1390
1 4 427 1352 1353 1390
1 4 427 1389 1352 1390
1 4 428 429 466 1391
1 4 428 1354 429 1391
1 4 428 466 465 1391
1 4 428 465 1390 1391
1 4 428 1353 1354 1391
1 4 428 1390 1353 1391
1 4 429 430 467 1392
1 4 429 1355 430 1392
1 4 429 467 466 1392
1 4 429 466 1391 1392
1 4 429 1354 1355 1392
1 4 429 1391 1354 1392
1 4 430 431 468 1393
1 4 430 1356 431 1393
1 4 430 468 467 1393
1 4 430 467 1392 1393
1 4 430 1355 1356 1393
1 4 430 1392 1355 1393
1 4 431 432 469 1394
1 4 431 1357 432 1394
1 4 431 469 468 1394
1 4 431 468 1393 1394
1 4 431 1356 1357 1394
1 4 431 1393 1356 1394
1 4 432 433 470 1395
1 4 432 1358 433 1395
1 4 432 470 469 1395
1 4 432 469 1394 1395
1 4 432 1357 1358 1395
1 4 432 1394 1357 1395
1 4 433 434 471 1396
1 4 433 1359 434 1396
1 4 433 471 470 1396
1 4 433 470 1395 1396
1 4 433 1358 1359 1396
1 4 433 1395 1358 1396
1 4 434 435 472 1397
1 4 434 1360 435 1397
1 4 434 472 471 1397
1 4 434 471 1396 1397
1 4 434 1359 1360 1397
1 4 434 1396 1359 1397
1 4 435 436 473 1398
1 4 435 1361 436 1398
1 4 435 473 472 1398
1 4 435 472 1397 1398
1 4 435 1360 1361 1398
1 4 435 1397 1360 1398
1 4 436 437 474 1399
1 4 436 1362 437 1399
1 4 436 474 473 1399
1 4 436 473 1398 1399
1 4 436 1361 1362 1399
1 4 436 1398 1361 1399
1 4 437 438 475 1400
1 4 437 1363 438 1400
1 4 437 475 474 1400
1 4 437 474 1399 1400
1 4 437 1362 1363 1400
1 4 437 1399 1362 1400
1 4 438 439 476 1401
1 4 438 1364 439 1401
1 4 438 476 475 1401
1 4 438 475 1400 1401
1 4 438 1363 1364 1401
1 4 438 1400 1363 1401
1 4 439 440 477 1402
1 4 439 1365 440 1402
1 4 439 477 476 1402
1 4 439 476 1401 1402
1 4 439 1364 1365 1402
1 4 439 1401 1364 1402
1 4 440 441 478 1403
1 4 440 1366 441 1403
1 4 440 478 477 1403
1 4 440 477 1402 1403
1 4 440 1365 1366 1403
1 4 440 1402 1365 1403
1 4 441 442 479 1404
1 4 441 1367 442 1404
1 4 441 479 478 1404
1 4 441 478 1403 1404
1 4 441 1366 1367 1404
1 4 441 1403 1366 1404
1 4 442 443 480 1405
1 4 442 1368 443 1405
1 4 442 480 479 1405
1 4 442 479 1404 1405
1 4 442 1367 1368 1405
1 4 442 1404 1367 1405
2 4 444 445 482 1407
2 4 444 1370 445 1407
2 4 444 482 481 1407
2 4 444 481 1406 1407
2 4 444 1369 1370 1407
2 4 444 1406 1369 1407
2 4 445 446 483 1408
2 4 445 1371 446 1408
2 4 445 483 482 1408
2 4 445 482 1407 1408
2 4 445 1370 1371 1408
2 4 445 1407 1370 1408
2 4 446 447 484 1409
2 4 446 1372 447 1409
2 4 446 484 483 1409
2 4 446 483 1408 1409
2 4 446 1371 1372 1409
2 4 446 1408 1371 1409
2 4 447 448 485 1410
2 4 447 1373 448 1410
2 4 447 485 484 1410
2 4 447 484 1409 1410
2 4 447 1372 1373 1410
2 4 447 1409 1372 1410
2 4 448 449 486 1411
2 4 448 1374 449 1411
2 4 448 486 485 1411
2 4 448 485 1410 1411
2 4 448 1373 1374 1411
2 4 448 1410 1373 1411
2 4 449 450 487 1412
2 4 449 1375 450 1412
2 4 449 487 486 1412
2 4 449 486 1411 1412
2 4 449 1374 1375 1412
2 4 449 1411 1374 1412
2 4 450 451 488 1413
2 4 450 1376 451 1413
2 4 450 488 487 1413
2 4 450 487 1412 1413
2 4 450 1375 1376 1413
2 4 450 1412 1375 1413
2 4 451 452 489 1414
2 4 451 1377 452 1414
2 4 451 489 488 1414
2 4 451 488 1413 1414
2 4 451 1376 1377 1414
2 4 451 1413 1376 1414
2 4 452 453 490 1415
2 4 452 1378 453 1415
2 4 452 490 489 1415
2 4 452 489 1414 1415
2 4 452 1377 1378 1415
2 4 452 1414 1377 1415
2 4 453 454 491 1416
2 4 453 1379 454 1416
2 4 453 491 490 1416
2 4 453 490 1415 1416
2 4 453 1378 1379 1416
2 4 453 1415 1378 1416
2 4 454 455 492 1417
2 4 454 1380 455 1417
2 4 454 492 491 1417
2 4 454 491 1416 1417
2 4 454 1379 1380 1417
2 4 454 1416 1379 1417
2 4 455 456 493 1418
2 4 455 1381 456 1418
2 4 455 493 492 1418
2 4 455 492 1417 1418
2 4 455 1380 1381 1418
2 4 455 1417 1380 1418
2 4 456 457 494 1419
2 4 456 1382 457 1419
2 4 456 494 493 1419
2 4 456 493 1418 1419
2 4 456 1381 1382 1419
2 4 456 1418 1381 1419
2 4 457 458 495 1420
2 4 457 1383 458 1420
2 4 457 495 494 1420
2 4 457 494 1419 1420
2 4 457 1382 1383 1420
2 4 457 1419 1382 1420
2 4 458 459 496 1421
2 4 458 1384 459 1421
2 4 458 496 495 1421
2 4 458 495 1420 1421
2 4 458 1383 1384 1421
2 4 458 1420 1383 1421
2 4 459 460 497 1422
2 4 459 1385 460 1422
2 4 459 497 496 1422
2 4 459 496 1421 1422
2 4 459 1384 1385 1422
2 4 459 1421 1384 1422
2 4 460 461 498 1423
2 4 460 1386 461 1423
2 4 460 498 497 1423
2 4 460 497 1422 1423
2 4 460 1385 1386 1423
2 4 460 1422 1385 1423
2 4 461 462 499 1424
2 4 461 1387 462 1424
2 4 461 499 498 1424
2 4 461 498 1423 1424
2 4 461 1386 1387 1424
2 4 461 1423 1386 1424
2 4 462 463 500 1425
2 4 462 1388 463 1425
2 4 462 500 499 1425
2 4 462 499 1424 1425
2 4 462 1387 1388 1425
2 4 462 1424 1387 1425
2 4 463 464 501 1426
2 4 463 1389 464 1426
2 4 463 501 500 1426
2 4 463 500 1425 1426
2 4 463 1388 1389 1426
2 4 463 1425 1388 1426
2 4 464 465 502 1427
2 4 464 1390 465 1427
2 4 464 502 501 1427
2 4 464 501 1426 1427
2 4 464 1389 1390 1427
2 4 464 1426 1389 1427
2 4 465 466 503 1428
2 4 465 1391 466 1428
2 4 465 503 502 1428
2 4 465 502 1427 1428
2 4 465 1390 1391 1428
2 4 465 1427 1390 1428
2 4 466 467 504 1429
2 4 466 1392 467 1429
2 4 466 504 503 1429
2 4 466 503 1428 1429
2 4 466 1391 1392 1429
2 4 466 1428 1391 1429
2 4 467 468 505 1430
2 4 467 1393 468 1430
2 4 467 505 504 1430
2 4 467 504 1429 1430
2 4 467 1392 1393 1430
2 4 467 1429 1392 1430
2 4 468 469 506 1431
2 4 468 1394 469 1431
2 4 468 506 505 1431
2 4 468 505 1430 1431
2 4 468 1393 1394 1431
2 4 468 1430 1393 1431
2 4 469 470 507 1432
2 4 469 1395 470 1432
2 4 469 507 506 1432
2 4 469 506 1431 1432
2 4 469 1394 1395 1432
2 4 469 1431 1394 1432
2 4 470 471 508 1433
2 4 470 1396 471 1433
2 4 470 508 507 1433
2 4 470 507 1432 1433
2 4 470 1395 1396 1433
2 4 470 1432 1395 1433
2 4 471 472 509 1434
2 4 471 1397 472 1434
2 4 471 509 508 1434
2 4 471 508 1433 1434
2 4 471 1396 1397 1434
2 4 471 1433 1396 1434
2 4 472 473 510 1435
2 4 472 1398 473 1435
2 4 472 510 509 1435
2 4 472 509 1434 1435
2 4 472 1397 1398 1435
2 4 472 1434 1397 1435
2 4 473 474 511 1436
2 4 473 1399 474 1436
2 4 473 511 510 1436
2 4 473 510 1435 1436
2 4 473 1398 1399 1436
2 4 473 1435 1398 1436
2 4 474 475 512 1437
2 4 474 1400 475 1437
2 4 474 512 511 1437
2 4 474 511 1436 1437
2 4 474 1399 1400 1437
2 4 474 1436 1399 1437
2 4 475 476 513 1438
2 4 475 1401 476 1438
2 4 475 513 512 1438
2 4 475 512 1437 1438
2 4 475 1400 1401 1438
2 4 475 1437 1400 1438
2 4 476 477 514 1439
2 4 476 1402 477 1439
2 4 476 514 513 1439
2 4 476 513 1438 1439
2 4 476 1401 1402 1439
2 4 476 1438 1401 1439
2 4 477 478 515 1440
2 4 477 1403 478 1440
2 4 477 515 514 1440
2 4 477 514 1439 1440
2 4 477 1402 1403 1440
2 4 477 1439 1402 1440
2 4 478 479 516 1441
2 4 478 1404 479 1441
2 4 478 516 515 1441
2 4 478 515 1440 1441
2 4 478 1403 1404 1441
2 4 478 1440 1403 1441
2 4 479 480 517 1442
2 4 479 1405 480 1442
2 4 479 517 516 1442
2 4 479 516 1441 1442
2 4 479 1404 1405 1442
2 4 479 1441 1404 1442
2 4 481 482 519 1444
2 4 481 1407 482 1444
2 4 481 519 518 1444
2 4 481 518 1443 1444
2 4 481 1406 1407 1444
2 4 481 1443 1406 1444
2 4 482 483 520 1445
2 4 482 1408 483 1445
2 4 482 520 519 1445
2 4 482 519 1444 1445
2 4 482 1407 1408 1445
2 4 482 1444 1407 1445
2 4 483 484 521 1446
2 4 483 1409 484 1446
2 4 483 521 520 1446
2 4 483 520 1445 1446
2 4 483 1408 1409 1446
2 4 483 1445 1408 1446
2 4 484 485 522 1447
2 4 484 1410 485 1447
2 4 484 522 521 1447
2 4 484 521 1446 1447
2 4 484 1409 1410 1447
2 4 484 1446 1409 1447
2 4 485 486 523 1448
2 4 485 1411 486 1448
2 4 485 523 522 1448
2 4 485 522 1447 1448
2 4 485 1410 1411 1448
2 4 485 1447 1410 1448
2 4 486 487 524 1449
2 4 486 1412 487 1449
2 4 486 524 523 1449
2 4 486 523 1448 1449
2 4 486 1411 1412 1449
2 4 486 1448 1411 1449
2 4 487 488 525 1450
2 4 487 1413 488 1450
2 4 487 525 524 1450
2 4 487 524 1449 1450
2 4 487 1412 1413 1450
2 4 487 1449 1412 1450
2 4 488 489 526 1451
2 4 488 1414 489 1451
2 4 488 526 525 1451
2 4 488 525 1450 1451
2 4 488 1413 1414 1451
2 4 488 1450 1413 1451
2 4 489 490 527 1452
2 4 489 1415 490 1452
2 4 489 527 526 1452
2 4 489 526 1451 1452
2 4 489 1414 1415 1452
2 4 489 1451 1414 1452
2 4 490 491 528 1453
2 4 490 1416 491 1453
2 4 490 528 527 1453
2 4 490 527 1452 1453
2 4 490 1415 1416 1453
2 4 490 1452 1415 1453
2 4 491 492 529 1454
2 4 491 1417 492 1454
2 4 491 529 528 1454
2 4 491 528 1453 1454
2 4 491 1416 1417 1454
2 4 491 1453 1416 1454
2 4 492 493 530 1455
2 4 492 1418 493 1455
2 4 492 530 529 1455
2 4 492 529 1454 1455
2 4 492 1417 1418 1455
2 4 492 1454 1417 1455
2 4 493 494 531 1456
2 4 493 1419 494 1456
2 4 493 531 530 1456
2 4 493 530 1455 1456
2 4 493 1418 1419 1456
2 4 493 1455 1418 1456
2 4 494 495 532 1457
2 4 494 1420 495 1457
2 4 494 532 531 1457
2 4 494 531 1456 1457
2 4 494 1419 1420 1457
2 4 494 1456 1419 1457
2 4 495 496 533 1458
2 4 495 1421 496 1458
2 4 495 533 532 1458
2 4 495 532 1457 1458
2 4 495 1420 1421 1458
2 4 495 1457 1420 1458
2 4 496 497 534 1459
2 4 496 1422 497 1459
2 4 496 534 533 1459
2 4 496 533 1458 1459
2 4 496 1421 1422 1459
2 4 496 1458 1421 1459
2 4 497 498 535 1460
2 4 497 1423 498 1460
2 4 497 535 534 1460
2 4 497 534 1459 1460
2 4 497 1422 1423 1460
2 4 497 1459 1422 1460
2 4 498 499 536 1461
2 4 498 1424 499 1461
2 4 498 536 535 1461
2 4 498 535 1460 1461
2 4 498 1423 1424 1461
2 4 498 1460 1423 1461
2 4 499 500 537 1462
2 4 499 1425 500 1462
2 4 499 537 536 1462
2 4 499 536 1461 1462
2 4 499 1424 1425 1462
2 4 499 1461 1424 1462
2 4 500 501 538 1463
2 4 500 1426 501 1463
2 4 500 538 537 1463
2 4 500 537 1462 1463
2 4 500 1425 1426 1463
2 4 500 1462 1425 1463
2 4 501 502 539 1464
2 4 501 1427 502 1464
2 4 501 539 538 1464
2 4 501 538 1463 1464
2 4 501 1426 1427 1464
2 4 501 1463 1426 1464
2 4 502 503 540 1465
2 4 502 1428 503 1465
2 4 502 540 539 1465
2 4 502 539 1464 1465
2 4 502 1427 1428 1465
2 4 502 1464 1427 1465
2 4 503 504 541 1466
2 4 503 1429 504 1466
2 4 503 541 540 1466
2 4 503 540 1465 1466
2 4 503 1428 1429 1466
2 4 503 1465 1428 1466
2 4 504 505 542 1467
2 4 504 1430 505 1467
2 4 504 542 541 1467
2 4 504 541 1466 1467
2 4 504 1429 1430 1467
2 4 504 1466 1429 1467
2 4 505 506 543 1468
2 4 505 1431 506 1468
2 4 505 543 542 1468
2 4 505 542 1467 1468
2 4 505 1430 1431 1468
2 4 505 1467 1430 1468
2 4 506 507 544 1469
2 4 506 1432 507 1469
2 4 506 544 543 1469
2 4 506 543 1468 1469
2 4 506 1431 1432 1469
2 4 506 1468 1431 1469
2 4 507 508 545 1470
2 4 507 1433 508 1470
2 4 507 545 544 1470
2 4 507 544 1469 1470
2 4 507 1432 1433 1470
2 4 507 1469 1432 1470
2 4 508 509 546 1471
2 4 508 1434 509 1471
2 4 508 546 545 1471
2 4 508 545 1470 1471
2 4 508 1433 1434 1471
2 4 508 1470 1433 1471
2 4 509 510 547 1472
2 4 509 1435 510 1472
2 4 509 547 546 1472
2 4 509 546 1471 1472
2 4 509 1434 1435 1472
2 4 509 1471 1434 1472
2 4 510 511 548 1473
2 4 510 1436 511 1473
2 4 510 548 547 1473
2 4 510 547 1472 1473
2 4 510 1435 1436 1473
2 4 510 1472 1435 1473
2 4 511 512 549 1474
2 4 511 1437 512 1474
2 4 511 549 548 1474
2 4 511 548 1473 1474
2 4 511 1436 1437 1474
2 4 511 1473 1436 1474
2 4 512 513 550 1475
2 4 512 1438 513 1475
2 4 512 550 549 1475
2 4 512 549 1474 1475
2 4 512 1437 1438 1475
2 4 512 1474 1437 1475
2 4 513 514 551 1476
2 4 513 1439 514 1476
2 4 513 551 550 1476
2 4 513 550 1475 1476
2 4 513 1438 1439 1476
2 4 513 1475 1438 1476
2 4 514 515 552 1477
2 4 514 1440 515 1477
2 4 514 552 551 1477
2 4 514 551 1476 1477
2 4 514 1439 1440 1477
2 4 514 1476 1439 1477
2 4 515 516 553 1478
2 4 515 1441 516 1478
2 4 515 553 552 1478
2 4 515 552 1477 1478
2 4 515 1440 1441 1478
2 4 515 1477 1440 1478
2 4 516 517 554 1479
2 4 516 1442 517 1479
2 4 516 554 553 1479
2 4 516 553 1478 1479
2 4 516 1441 1442 1479
2 4 516 1478 1441 1479
2 4 518 519 556 1481
2 4 518 1444 519 1481
2 4 518 556 555 1481
2 4 518 555 1480 1481
2 4 518 1443 1444 1481
2 4 518 1480 1443 1481
2 4 519 520 557 1482
2 4 519 1445 520 1482
2 4 519 557 556 1482
2 4 519 556 1481 1482
2 4 519 1444 1445 1482
2 4 519 1481 1444 1482
2 4 520 521 558 1483
2 4 520 1446 521 1483
2 4 520 558 557 1483
2 4 520 557 1482 1483
2 4 520 1445 1446 1483
2 4 520 1482 1445 1483
2 4 521 522 559 1484
2 4 521 1447 522 1484
2 4 521 559 558 1484
2 4 521 558 1483 1484
2 4 521 1446 1447 1484
2 4 521 1483 1446 1484
2 4 522 523 560 1485
2 4 522 1448 523 1485
2 4 522 560 559 1485
2 4 522 559 1484 1485
2 4 522 1447 1448 1485
2 4 522 1484 1447 1485
2 4 523 524 561 1486
2 4 523 1449 524 1486
2 4 523 561 560 1486
2 4 523 560 1485 1486
2 4 523 1448 1449 1486
2 4 523 1485 1448 1486
2 4 524 525 562 1487
2 4 524 1450 525 1487
2 4 524 562 561 1487
2 4 524 561 1486 1487
2 4 524 1449 1450 1487
2 4 524 1486 1449 1487
2 4 525 526 563 1488
2 4 525 1451 526 1488
2 4 525 563 562 1488
2 4 525 562 1487 1488
2 4 525 1450 1451 1488
2 4 525 1487 1450 1488
2 4 526 527 564 1489
2 4 526 1452 527 1489
2 4 526 564 563 1489
2 4 526 563 1488 1489
2 4 526 1451 1452 1489
2 4 526 1488 1451 1489
2 4 527 528 565 1490
2 4 527 1453 528 1490
2 4 527 565 564 1490
2 4 527 564 1489 1490
2 4 527 1452 1453 1490
2 4 527 1489 1452 1490
2 4 528 529 566 1491
2 4 528 1454 529 1491
2 4 528 566 565 1491
2 4 528 565 1490 1491
2 4 528 1453 1454 1491
2 4 528 1490 1453 1491
2 4 529 530 567 1492
2 4 529 1455 530 1492
2 4 529 567 566 1492
2 4 529 566 1491 1492
2 4 529 1454 1455 1492
2 4 529 1491 1454 1492
2 4 530 531 568 1493
2 4 530 1456 531 1493
2 4 530 568 567 1493
2 4 530 567 1492 1493
2 4 530 1455 1456 1493
2 4 530 1492 1455 1493
2 4 531 532 569 1494
2 4 531 1457 532 1494
2 4 531 569 568 1494
2 4 531 568 1493 1494
2 4 531 1456 1457 1494
2 4 531 1493 1456 1494
2 4 532 533 570 1495
2 4 532 1458 533 1495
2 4 532 570 569 1495
2 4 532 569 1494 1495
2 4 532 1457 1458 1495
2 4 532 1494 1457 1495
2 4 533 534 571 1496
2 4 533 1459 534 1496
2 4 533 571 570 1496
2 4 533 570 1495 1496
2 4 533 1458 1459 1496
2 4 533 1495 1458 1496
2 4 534 535 572 1497
2 4 534 1460 535 1497
2 4 534 572 571 1497
2 4 534 571 1496 1497
2 4 534 1459 1460 1497
2 4 534 1496 1459 1497
2 4 535 536 573 1498
2 4 535 1461 536 1498
2 4 535 573 572 1498
2 4 535 572 1497 1498
2 4 535 1460 1461 1498
2 4 535 1497 1460 1498
2 4 536 537 574 1499
2 4 536 1462 537 1499
2 4 536 574 573 1499
2 4 536 573 1498 1499
2 4 536 1461 1462 1499
2 4 536 1498 1461 1499
2 4 537 538 575 1500
2 4 537 1463 538 1500
2 4 537 575 574 1500
2 4 537 574 1499 1500
2 4 537 1462 1463 1500
2 4 537 1499 1462 1500
2 4 538 539 576 1501
2 4 538 1464 539 1501
2 4 538 576 575 1501
2 4 538 575 1500 1501
2 4 538 1463 1464 1501
2 4 538 1500 1463 1501
2 4 539 540 577 1502
2 4 539 1465 540 1502
2 4 539 577 576 1502
2 4 539 576 1501 1502
2 4 539 1464 1465 1502
2 4 539 1501 1464 1502
2 4 540 541 578 1503
2 4 540 1466 541 1503
2 4 540 578 577 1503
2 4 540 577 1502 1503
2 4 540 1465 1466 1503
2 4 540 1502 1465 1503
2 4 541 542 579 1504
2 4 541 1467 542 1504
2 4 541 579 578 1504
2 4 541 578 1503 1504
2 4 541 1466 1467 1504
2 4 541 1503 1466 1504
2 4 542 543 580 1505
2 4 542 1468 543 1505
2 4 542 580 579 1505
2 4 542 579 1504 1505
2 4 542 1467 1468 1505
2 4 542 1504 1467 1505
2 4 543 544 581 1506
2 4 543 1469 544 1506
2 4 543 581 580 1506
2 4 543 580 1505 1506
2 4 543 1468 1469 1506
2 4 543 1505 1468 1506
2 4 544 545 582 1507
2 4 544 1470 545 1507
2 4 544 582 581 1507
2 4 544 581 1506 1507
2 4 544 1469 1470 1507
2 4 544 1506 1469 1507
2 4 545 546 583 1508
2 4 545 1471 546 1508
2 4 545 583 582 1508
2 4 545 582 1507 1508
2 4 545 1470 1471 1508
2 4 545 1507 1470 1508
2 4 546 547 584 1509
2 4 546 1472 547 1509
2 4 546 584 583 1509
2 4 546 583 1508 1509
2 4 546 1471 1472 1509
2 4 546 1508 1471 1509
2 4 547 548 585 1510
2 4 547 1473 548 1510
2 4 547 585 584 1510
2 4 547 584 1509 1510
2 4 547 1472 1473 1510
2 4 547 1509 1472 1510
2 4 548 549 586 1511
2 4 548 1474 549 1511
2 4 548 586 585 1511
2 4 548 585 1510 1511
2 4 548 1473 1474 1511
2 4 548 1510 1473 1511
2 4 549 550 587 1512
2 4 549 1475 550 1512
2 4 549 587 586 1512
2 4 549 586 1511 1512
2 4 549 1474 1475 1512
2 4 549 1511 1474 1512
2 4 550 551 588 1513
2 4 550 1476 551 1513
2 4 550 588 587 1513
2 4 550 587 1512 1513
2 4 550 1475 1476 1513
2 4 550 1512 1475 1513
2 4 551 552 589 1514
2 4 551 1477 552 1514
2 4 551 589 588 1514
2 4 551 588 1513 1514
2 4 551 1476 1477 1514
2 4 551 1513 1476 1514
2 4 552 553 590 1515
2 4 552 1478 553 1515
2 4 552 590 589 1515
2 4 552 589 1514 1515
2 4 552 1477 1478 1515
2 4 552 1514 1477 1515
2 4 553 554 591 1516
2 4 553 1479 554 1516
2 4 553 591 590 1516
2 4 553 590 1515 1516
2 4 553 1478 1479 1516
2 4 553 1515 1478 1516
2 4 555 556 593 1518
2 4 555 1481 556 1518
2 4 555 593 592 1518
2 4 555 592 1517 1518
2 4 555 1480 1481 1518
2 4 555 1517 1480 1518
2 4 556 557 594 1519
2 4 556 1482 557 1519
2 4 556 594 593 1519
2 4 556 593 1518 1519
2 4 556 1481 1482 1519
2 4 556 1518 1481 1519
2 4 557 558 595 1520
2 4 557 1483 558 1520
2 4 557 595 594 1520
2 4 557 594 1519 1520
2 4 557 1482 1483 1520
2 4 557 1519 1482 1520
2 4 558 559 596 1521
2 4 558 1484 559 1521
2 4 558 596 595 1521
2 4 558 595 1520 1521
2 4 558 1483 1484 1521
2 4 558 1520 1483 1521
2 4 559 560 597 1522
2 4 559 1485 560 1522
2 4 559 597 596 1522
2 4 559 596 1521 1522
2 4 559 1484 1485 1522
2 4 559 1521 1484 1522
2 4 560 561 598 1523
2 4 560 1486 561 1523
2 4 560 598 597 1523
2 4 560 597 1522 1523
2 4 560 1485 1486 1523
2 4 560 1522 1485 1523
2 4 561 562 599 1524
2 4 561 1487 562 1524
2 4 561 599 598 1524
2 4 561 598 1523 1524
2 4 561 1486 1487 1524
2 4 561 1523 1486 1524
2 4 562 563 600 1525
2 4 562 1488 563 1525
2 4 562 600 599 1525
2 4 562 599 1524 1525
2 4 562 1487 1488 1525
2 4 562 1524 1487 1525
2 4 563 564 601 1526
2 4 563 1489 564 1526
2 4 563 601 600 1526
2 4 563 600 1525 1526
2 4 563 1488 1489 1526
2 4 563 1525 1488 1526
2 4 564 565 602 1527
2 4 564 1490 565 1527
2 4 564 602 601 1527
2 4 564 601 1526 1527
2 4 564 1489 1490 1527
2 4 564 1526 1489 1527
2 4 565 566 603 1528
2 4 565 1491 566 1528
2 4 565 603 602 1528
2 4 565 602 1527 1528
2 4 565 1490 1491 1528
2 4 565 1527 1490 1528
2 4 566 567 604 1529
2 4 566 1492 567 1529
2 4 566 604 603 1529
2 4 566 603 1528 1529
2 4 566 1491 1492 1529
2 4 566 1528 1491 1529
2 4 567 568 605 1530
2 4 567 1493 568 1530
2 4 567 605 604 1530
2 4 567 604 1529 1530
2 4 567 1492 1493 1530
2 4 567 1529 1492 1530
2 4 568 569 606 1531
2 4 568 1494 569 1531
2 4 568 606 605 1531
2 4 568 605 1530 1531
2 4 568 1493 1494 1531
2 4 568 1530 1493 1531
2 4 569 570 607 1532
2 4 569 1495 570 1532
2 4 569 607 606 1532
2 4 569 606 1531 1532
2 4 569 1494 1495 1532
2 4 569 1531 1494 1532
2 4 570 571 608 1533
2 4 570 1496 571 1533
2 4 570 608 607 1533
2 4 570 607 1532 1533
2 4 570 1495 1496 1533
2 4 570 1532 1495 1533
2 4 571 572 609 1534
2 4 571 1497 572 1534
2 4 571 609 608 1534
2 4 571 608 1533 1534
2 4 571 1496 1497 1534
2 4 571 1533 1496 1534
2 4 572 573 610 1535
2 4 572 1498 573 1535
2 4 572 610 609 1535
2 4 572 609 1534 1535
2 4 572 1497 1498 1535
2 4 572 1534 1497 1535
2 4 573 574 611 1536
2 4 573 1499 574 1536
2 4 573 611 610 1536
2 4 573 610 1535 1536
2 4 573 1498 1499 1536
2 4 573 1535 1498 1536
2 4 574 575 612 1537
2 4 574 1500 575 1537
2 4 574 612 611 1537
2 4 574 611 1536 1537
2 4 574 1499 1500 1537
2 4 574 1536 1499 1537
2 4 575 576 613 1538
2 4 575 1501 576 1538
2 4 575 613 612 1538
2 4 575 612 1537 1538
2 4 575 1500 1501 1538
2 4 575 1537 1500 1538
2 4 576 577 614 1539
2 4 576 1502 577 1539
2 4 576 614 613 1539
2 4 576 613 1538 1539
2 4 576 1501 1502 1539
2 4 576 1538 1501 1539
2 4 577 578 615 1540
2 4 577 1503 578 1540
2 4 577 615 614 1540
2 4 577 614 1539 1540
2 4 577 1502 1503 1540
2 4 577 1539 1502 1540
2 4 578 579 616 1541
2 4 578 1504 579 1541
2 4 578 616 615 1541
2 4 578 615 1540 1541
2 4 578 1503 1504 1541
2 4 578 1540 1503 1541
2 4 579 580 617 1542
2 4 579 1505 580 1542
2 4 579 617 616 1542
2 4 579 616 1541 1542
2 4 579 1504 1505 1542
2 4 579 1541 1504 1542
2 4 580 581 618 1543
2 4 580 1506 581 1543
2 4 580 618 617 1543
2 4 580 617 1542 1543
2 4 580 1505 1506 1543
2 4 580 1542 1505 1543
2 4 581 582 619 1544
2 4 581 1507 582 1544
2 4 581 619 618 1544
2 4 581 618 1543 1544
2 4 581 1506 1507 1544
2 4 581 1543 1506 1544
2 4 582 583 620 1545
2 4 582 1508 583 1545
2 4 582 620 619 1545
2 4 582 619 1544 1545
2 4 582 1507 1508 1545
2 4 582 1544 1507 1545
2 4 583 584 621 1546
2 4 583 1509 584 1546
2 4 583 621 620 1546
2 4 583 620 1545 1546
2 4 583 1508 1509 1546
2 4 583 1545 1508 1546
2 4 584 585 622 1547
2 4 584 1510 585 1547
2 4 584 622 621 1547
2 4 584 621 1546 1547
2 4 584 1509 1510 1547
2 4 584 1546 1509 1547
2 4 585 586 623 1548
2 4 585 1511 586 1548
2 4 585 623 622 1548
2 4 585 622 1547 1548
2 4 585 1510 1511 1548
2 4 585 1547 1510 1548
2 4 586 587 624 1549
2 4 586 1512 587 1549
2 4 586 624 623 1549
2 4 586 623 1548 1549
2 4 586 1511 1512 1549
2 4 586 1548 1511 1549
2 4 587 588 625 1550
2 4 587 1513 588 1550
2 4 587 625 624 1550
2 4 587 624 1549 1550
2 4 587 1512 1513 1550
2 4 587 1549 1512 1550
2 4 588 589 626 1551
2 4 588 1514 589 1551
2 4 588 626 625 1551
2 4 588 625 1550 1551
2 4 588 1513 1514 1551
2 4 588 1550 1513 1551
2 4 589 590 627 1552
2 4 589 1515 590 1552
2 4 589 627 626 1552
2 4 589 626 1551 1552
2 4 589 1514 1515 1552
2 4 589 1551 1514 1552
2 4 590 591 628 1553
2 4 590 1516 591 1553
2 4 590 628 627 1553
2 4 590 627 1552 1553
2 4 590 1515 1516 1553
2 4 590 1552 1515 1553
2 4 592 593 630 1555
2 4 592 1518 593 1555
2 4 592 630 629 1555
2 4 592 629 1554 1555
2 4 592 1517 1518 1555
2 4 592 1554 1517 1555
2 4 593 594 631 1556
2 4 593 1519 594 1556
2 4 593 631 630 1556
2 4 593 630 1555 1556
2 4 593 1518 1519 1556
2 4 593 1555 1518 1556
2 4 594 595 632 1557
2 4 594 1520 595 1557
2 4 594 632 631 1557
2 4 594 631 1556 1557
2 4 594 1519 1520 1557
2 4 594 1556 1519 1557
2 4 595 596 633 1558
2 4 595 1521 596 1558
2 4 595 633 632 1558
2 4 595 632 1557 1558
2 4 595 1520 1521 1558
2 4 595 1557 1520 1558
2 4 596 597 634 1559
2 4 596 1522 597 1559
2 4 596 634 633 1559
2 4 596 633 1558 1559
2 4 596 1521 1522 1559
2 4 596 1558 1521 1559
2 4 597 598 635 1560
2 4 597 1523 598 1560
2 4 597 635 634 1560
2 4 597 634 1559 1560
2 4 597 1522 1523 1560
2 4 597 1559 1522 1560
2 4 598 599 636 1561
2 4 598 1524 599 1561
2 4 598 636 635 1561
2 4 598 635 1560 1561
2 4 598 1523 1524 1561
2 4 598 1560 1523 1561
2 4 599 600 637 1562
2 4 599 1525 600 1562
2 4 599 637 636 1562
2 4 599 636 1561 1562
2 4 599 1524 1525 1562
2 4 599 1561 1524 1562
2 4 600 601 638 1563
2 4 600 1526 601 1563
2 4 600 638 637 1563
2 4 600 637 1562 1563
2 4 600 1525 1526 1563
2 4 600 1562 1525 1563
2 4 601 602 639 1564
2 4 601 1527 602 1564
2 4 601 639 638 1564
2 4 601 638 1563 1564
2 4 601 1526 1527 1564
2 4 601 1563 1526 1564
2 4 602 603 640 1565
2 4 602 1528 603 1565
2 4 602 640 639 1565
2 4 602 639 1564 1565
2 4 602 1527 1528 1565
2 4 602 1564 1527 1565
2 4 603 604 641 1566
2 4 603 1529 604 1566
2 4 603 641 640 1566
2 4 603 640 1565 1566
2 4 603 1528 1529 1566
2 4 603 1565 1528 1566
2 4 604 605 642 1567
2 4 604 1530 605 1567
2 4 604 642 641 1567
2 4 604 641 1566 1567
2 4 604 1529 1530 1567
2 4 604 1566 1529 1567
2 4 605 606 643 1568
2 4 605 1531 606 1568
2 4 605 643 642 1568
2 4 605 642 1567 1568
2 4 605 1530 1531 1568
2 4 605 1567 1530 1568
2 4 606 607 644 1569
2 4 606 1532 607 1569
2 4 606 644 643 1569
2 4 606 643 1568 1569
2 4 606 1531 1532 1569
2 4 606 1568 1531 1569
2 4 607 608 645 1570
2 4 607 1533 608 1570
2 4 607 645 644 1570
2 4 607 644 1569 1570
2 4 607 1532 1533 1570
2 4 607 1569 1532 1570
2 4 608 609 646 1571
2 4 608 1534 609 1571
2 4 608 646 645 1571
2 4 608 645 1570 1571
2 4 608 1533 1534 1571
2 4 608 1570 1533 1571
2 4 609 610 647 1572
2 4 609 1535 610 1572
2 4 609 647 646 1572
2 4 609 646 1571 1572
2 4 609 1534 1535 1572
2 4 609 1571 1534 1572
2 4 610 611 648 1573
2 4 610 1536 611 1573
2 4 610 648 647 1573
2 4 610 647 1572 1573
2 4 610 1535 1536 1573
2 4 610 1572 1535 1573
2 4 611 612 649 1574
2 4 611 1537 612 1574
2 4 611 649 648 1574
2 4 611 648 1573 1574
2 4 611 1536 1537 1574
2 4 611 1573 1536 1574
2 4 612 613 650 1575
2 4 612 1538 613 1575
2 4 612 650 649 1575
2 4 612 649 1574 1575
2 4 612 1537 1538 1575
2 4 612 1574 1537 1575
2 4 613 614 651 1576
2 4 613 1539 614 1576
2 4 613 651 650 1576
2 4 613 650 1575 1576
2 4 613 1538 1539 1576
2 4 613 1575 1538 1576
2 4 614 615 652 1577
2 4 614 1540 615 1577
2 4 614 652 651 1577
2 4 614 651 1576 1577
2 4 614 1539 1540 1577
2 4 614 1576 1539 1577
2 4 615 616 653 1578
2 4 615 1541 616 1578
2 4 615 653 652 1578
2 4 615 652 1577 1578
2 4 615 1540 1541 1578
2 4 615 1577 1540 1578
2 4 616 617 654 1579
2 4 616 1542 617 1579
2 4 616 654 653 1579
2 4 616 653 1578 1579
2 4 616 1541 1542 1579
2 4 616 1578 1541 1579
2 4 617 618 655 1580
2 4 617 1543 618 1580
2 4 617 655 654 1580
2 4 617 654 1579 1580
2 4 617 1542 1543 1580
2 4 617 1579 1542 1580
2 4 618 619 656 1581
2 4 618 1544 619 1581
2 4 618 656 655 1581
2 4 618 655 1580 1581
2 4 618 1543 1544 1581
2 4 618 1580 1543 1581
2 4 619 620 657 1582
2 4 619 1545 620 1582
2 4 619 657 656 1582
2 4 619 656 1581 1582
2 4 619 1544 1545 1582
2 4 619 1581 1544 1582
2 4 620 621 658 1583
2 4 620 1546 621 1583
2 4 620 658 657 1583
2 4 620 657 1582 1583
2 4 620 1545 1546 1583
2 4 620 1582 1545 1583
2 4 621 622 659 1584
2 4 621 1547 622 1584
2 4 621 659 658 1584
2 4 621 658 1583 1584
2 4 621 1546 1547 1584
2 4 621 1583 1546 1584
2 4 622 623 660 1585
2 4 622 1548 623 1585
2 4 622 660 659 1585
2 4 622 659 1584 1585
2 4 622 1547 1548 1585
2 4 622 1584 1547 1585
2 4 623 624 661 1586
2 4 623 1549 624 1586
2 4 623 661 660 1586
2 4 623 660 1585 1586
2 4 623 1548 1549 1586
2 4 623 1585 1548 1586
2 4 624 625 662 1587
2 4 624 1550 625 1587
2 4 624 662 661 1587
2 4 624 661 1586 1587
2 4 624 1549 1550 1587
2 4 624 1586 1549 1587
2 4 625 626 663 1588
2 4 625 1551 626 1588
2 4 625 663 662 1588
2 4 625 662 1587 1588
2 4 625 1550 1551 1588
2 4 625 1587 1550 1588
2 4 626 627 664 1589
2 4 626 1552 627 1589
2 4 626 664 663 1589
2 4 626 663 1588 1589
2 4 626 1551 1552 1589
2 4 626 1588 1551 1589
2 4 627 628 665 1590
2 4 627 1553 628 1590
2 4 627 665 664 1590
2 4 627 664 1589 1590
2 4 627 1552 1553 1590
2 4 627 1589 1552 1590
2 4 629 630 667 1592
2 4 629 1555 630 1592
2 4 629 667 666 1592
2 4 629 666 1591 1592
2 4 629 1554 1555 1592
2 4 629 1591 1554 1592
2 4 630 631 668 1593
2 4 630 1556 631 1593
2 4 630 668 667 1593
2 4 630 667 1592 1593
2 4 630 1555 1556 1593
2 4 630 1592 1555 1593
2 4 631 632 669 1594
2 4 631 1557 632 1594
2 4 631 669 668 1594
2 4 631 668 1593 1594
2 4 631 1556 1557 1594
2 4 631 1593 1556 1594
2 4 632 633 670 1595
2 4 632 1558 633 1595
2 4 632 670 669 1595
2 4 632 669 1594 1595
2 4 632 1557 1558 1595
2 4 632 1594 1557 1595
2 4 633 634 671 1596
2 4 633 1559 634 1596
2 4 633 671 670 1596
2 4 633 670 1595 1596
2 4 633 1558 1559 1596
2 4 633 1595 1558 1596
2 4 634 635 672 1597
2 4 634 1560 635 1597
2 4 634 672 671 1597
2 4 634 671 1596 1597
2 4 634 1559 1560 1597
2 4 634 1596 1559 1597
2 4 635 636 673 1598
2 4 635 1561 636 1598
2 4 635 673 672 1598
2 4 635 672 1597 1598
2 4 635 1560 1561 1598
2 4 635 1597 1560 1598
2 4 636 637 674 1599
2 4 636 1562 637 1599
2 4 636 674 673 1599
2 4 636 673 1598 1599
2 4 636 1561 1562 1599
2 4 636 1598 1561 1599
2 4 637 638 675 1600
2 4 637 1563 638 1600
2 4 637 675 674 1600
2 4 637 674 1599 1600
2 4 637 1562 1563 1600
2 4 637 1599 1562 1600
2 4 638 639 676 1601
2 4 638 1564 639 1601
2 4 638 676 675 1601
2 4 638 675 1600 1601
2 4 638 1563 1564 1601
2 4 638 1600 1563 1601
2 4 639 640 677 1602
2 4 639 1565 640 1602
2 4 639 677 676 1602
2 4 639 676 1601 1602
2 4 639 1564 1565 1602
2 4 639 1601 1564 1602
2 4 640 641 678 1603
2 4 640 1566 641 1603
2 4 640 678 677 1603
2 4 640 677 1602 1603
2 4 640 1565 1566 1603
2 4 640 1602 1565 1603
2 4 641 642 679 1604
2 4 641 1567 642 1604
2 4 641 679 678 1604
2 4 641 678 1603 1604
2 4 641 1566 1567 1604
2 4 641 1603 1566 1604
2 4 642 643 680 1605
2 4 642 1568 643 1605
2 4 642 680 679 1605
2 4 642 679 1604 1605
2 4 642 1567 1568 1605
2 4 642 1604 1567 1605
2 4 643 644 681 1606
2 4 643 1569 644 1606
2 4 643 681 680 1606
2 4 643 680 1605 1606
2 4 643 1568 1569 1606
2 4 643 1605 1568 1606
2 4 644 645 682 1607
2 4 644 1570 645 1607
2 4 644 682 681 1607
2 4 644 681 1606 1607
2 4 644 1569 1570 1607
2 4 644 1606 1569 1607
2 4 645 646 683 1608
2 4 645 1571 646 1608
2 4 645 683 682 1608
2 4 645 682 1607 1608
2 4 645 1570 1571 1608
2 4 645 1607 1570 1608
2 4 646 647 684 1609
2 4 646 1572 647 1609
2 4 646 684 683 1609
2 4 646 683 1608 1609
2 4 646 1571 1572 1609
2 4 646 1608 1571 1609
2 4 647 648 685 1610
2 4 647 1573 648 1610
2 4 647 685 684 1610
2 4 647 684 1609 1610
2 4 647 1572 1573 1610
2 4 647 1609 1572 1610
2 4 648 649 686 1611
2 4 648 1574 649 1611
2 4 648 686 685 1611
2 4 648 685 1610 1611
2 4 648 1573 1574 1611
2 4 648 1610 1573 1611
2 4 649 650 687 1612
2 4 649 1575 650 1612
2 4 649 687 686 1612
2 4 649 686 1611 1612
2 4 649 1574 1575 1612
2 4 649 1611 1574 1612
2 4 650 651 688 1613
2 4 650 1576 651 1613
2 4 650 688 687 1613
2 4 650 687 1612 1613
2 4 650 1575 1576 1613
2 4 650 1612 1575 1613
2 4 651 652 689 1614
2 4 651 1577 652 1614
2 4 651 689 688 1614
2 4 651 688 1613 1614
2 4 651 1576 1577 1614
2 4 651 1613 1576 1614
2 4 652 653 690 1615
2 4 652 1578 653 1615
2 4 652 690 689 1615
2 4 652 689 1614 1615
2 4 652 1577 1578 1615
2 4 652 1614 1577 1615
2 4 653 654 691 1616
2 4 653 1579 654 1616
2 4 653 691 690 1616
2 4 653 690 1615 1616
2 4 653 1578 1579 1616
2 4 653 1615 1578 1616
2 4 654 655 692 1617
2 4 654 1580 655 1617
2 4 654 692 691 1617
2 4 654 691 1616 1617
2 4 654 1579 1580 1617
2 4 654 1616 1579 1617
2 4 655 656 693 1618
2 4 655 1581 656 1618
2 4 655 693 692 1618
2 4 655 692 1617 1618
2 4 655 1580 1581 1618
2 4 655 1617 1580 1618
2 4 656 657 694 1619
2 4 656 1582 657 1619
2 4 656 694 693 1619
2 4 656 693 1618 1619
2 4 656 1581 1582 1619
2 4 656 1618 1581 1619
2 4 657 658 695 1620
2 4 657 1583 658 1620
2 4 657 695 694 1620
2 4 657 694 1619 1620
2 4 657 1582 1583 1620
2 4 657 1619 1582 1620
2 4 658 659 696 1621
2 4 658 1584 659 1621
2 4 658 696 695 1621
2 4 658 695 1620 1621
2 4 658 1583 1584 1621
2 4 658 1620 1583 1621
2 4 659 660 697 1622
2 4 659 1585 660 1622
2 4 659 697 696 1622
2 4 659 696 1621 1622
2 4 659 1584 1585 1622
2 4 659 1621 1584 1622
2 4 660 661 698 1623
2 4 660 1586 661 1623
2 4 660 698 697 1623
2 4 660 697 1622 1623
2 4 660 1585 1586 1623
2 4 660 1622 1585 1623
2 4 661 662 699 1624
2 4 661 1587 662 1624
2 4 661 699 698 1624
2 4 661 698 1623 1624
2 4 661 1586 1587 1624
2 4 661 1623 1586 1624
2 4 662 663 700 1625
2 4 662 1588 663 1625
2 4 662 700 699 1625
2 4 662 699 1624 1625
2 4 662 1587 1588 1625
2 4 662 1624 1587 1625
2 4 663 664 701 1626
2 4 663 1589 664 1626
2 4 663 701 700 1626
2 4 663 700 1625 1626
2 4 663 1588 1589 1626
2 4 663 1625 1588 1626
2 4 664 665 702 1627
2 4 664 1590 665 1627
2 4 664 702 701 1627
2 4 664 701 1626 1627
2 4 664 1589 1590 1627
2 4 664 1626 1589 1627
2 4 666 667 704 1629
2 4 666 1592 667 1629
2 4 666 704 703 1629
2 4 666 703 1628 1629
2 4 666 1591 1592 1629
2 4 666 1628 1591 1629
2 4 667 668 705 1630
2 4 667 1593 668 1630
2 4 667 705 704 1630
2 4 667 704 1629 1630
2 4 667 1592 1593 1630
2 4 667 1629 1592 1630
2 4 668 669 706 1631
2 4 668 1594 669 1631
2 4 668 706 705 1631
2 4 668 705 1630 1631
2 4 668 1593 1594 1631
2 4 668 1630 1593 1631
2 4 669 670 707 1632
2 4 669 1595 670 1632
2 4 669 707 706 1632
2 4 669 706 1631 1632
2 4 669 1594 1595 1632
2 4 669 1631 1594 1632
2 4 670 671 708 1633
2 4 670 1596 671 1633
2 4 670 708 707 1633
2 4 670 707 1632 1633
2 4 670 1595 1596 1633
2 4 670 1632 1595 1633
2 4 671 672 709 1634
2 4 671 1597 672 1634
2 4 671 709 708 1634
2 4 671 708 1633 1634
2 4 671 1596 1597 1634
2 4 671 1633 1596 1634
2 4 672 673 710 1635
2 4 672 1598 673 1635
2 4 672 710 709 1635
2 4 672 709 1634 1635
2 4 672 1597 1598 1635
2 4 672 1634 1597 1635
2 4 673 674 711 1636
2 4 673 1599 674 1636
2 4 673 711 710 1636
2 4 673 710 1635 1636
2 4 673 1598 1599 1636
2 4 673 1635 1598 1636
2 4 674 675 712 1637
2 4 674 1600 675 1637
2 4 674 712 711 1637
2 4 674 711 1636 1637
2 4 674 1599 1600 1637
2 4 674 1636 1599 1637
2 4 675 676 713 1638
2 4 675 1601 676 1638
2 4 675 713 712 1638
2 4 675 712 1637 1638
2 4 675 1600 1601 1638
2 4 675 1637 1600 1638
2 4 676 677 714 1639
2 4 676 1602 677 1639
2 4 676 714 713 1639
2 4 676 713 1638 1639
2 4 676 1601 1602 1639
2 4 676 1638 1601 1639
2 4 677 678 715 1640
2 4 677 1603 678 1640
2 4 677 715 714 1640
2 4 677 714 1639 1640
2 4 677 1602 1603 1640
2 4 677 1639 1602 1640
2 4 678 679 716 1641
2 4 678 1604 679 1641
2 4 678 716 715 1641
2 4 678 715 1640 1641
2 4 678 1603 1604 1641
2 4 678 1640 1603 1641
2 4 679 680 717 1642
2 4 679 1605 680 1642
2 4 679 717 716 1642
2 4 679 716 1641 1642
2 4 679 1604 1605 1642
2 4 679 1641 1604 1642
2 4 680 681 718 1643
2 4 680 1606 681 1643
2 4 680 718 717 1643
2 4 680 717 1642 1643
2 4 680 1605 1606 1643
2 4 680 1642 1605 1643
2 4 681 682 719 1644
2 4 681 1607 682 1644
2 4 681 719 718 1644
2 4 681 718 1643 1644
2 4 681 1606 1607 1644
2 4 681 1643 1606 1644
2 4 682 683 720 1645
2 4 682 1608 683 1645
2 4 682 720 719 1645
2 4 682 719 1644 1645
2 4 682 1607 1608 1645
2 4 682 1644 1607 1645
2 4 683 684 721 1646
2 4 683 1609 684 1646
2 4 683 721 720 1646
2 4 683 720 1645 1646
2 4 683 1608 1609 1646
2 4 683 1645 1608 1646
2 4 684 685 722 1647
2 4 684 1610 685 1647
2 4 684 722 721 1647
2 4 684 721 1646 1647
2 4 684 1609 1610 1647
2 4 684 1646 1609 1647
2 4 685 686 723 1648
2 4 685 1611 686 1648
2 4 685 723 722 1648
2 4 685 722 1647 1648
2 4 685 1610 1611 1648
2 4 685 1647 1610 1648
2 4 686 687 724 1649
2 4 686 1612 687 1649
2 4 686 724 723 1649
2 4 686 723 1648 1649
2 4 686 1611 1612 1649
2 4 686 1648 1611 1649
2 4 687 688 725 1650
2 4 687 1613 688 1650
2 4 687 725 724 1650
2 4 687 724 1649 1650
2 4 687 1612 1613 1650
2 4 687 1649 1612 1650
2 4 688 689 726 1651
2 4 688 1614 689 1651
2 4 688 726 725 1651
2 4 688 725 1650 1651
2 4 688 1613 1614 1651
2 4 688 1650 1613 1651
2 4 689 690 727 1652
2 4 689 1615 690 1652
2 4 689 727 726 1652
2 4 689 726 1651 1652
2 4 689 1614 1615 1652
2 4 689 1651 1614 1652
2 4 690 691 728 1653
2 4 690 1616 691 1653
2 4 690 728 727 1653
2 4 690 727 1652 1653
2 4 690 1615 1616 1653
2 4 690 1652 1615 1653
2 4 691 692 729 1654
2 4 691 1617 692 1654
2 4 691 729 728 1654
2 4 691 728 1653 1654
2 4 691 1616 1617 1654
2 4 691 1653 1616 1654
2 4 692 693 730 1655
2 4 692 1618 693 1655
2 4 692 730 729 1655
2 4 692 729 1654 1655
2 4 692 1617 1618 1655
2 4 692 1654 1617 1655
2 4 693 694 731 1656
2 4 693 1619 694 1656
2 4 693 731 730 1656
2 4 693 730 1655 1656
2 4 693 1618 1619 1656
2 4 693 1655 1618 1656
2 4 694 695 732 1657
2 4 694 1620 695 1657
2 4 694 732 731 1657
2 4 694 731 1656 1657
2 4 694 1619 1620 1657
2 4 694 1656 1619 1657
2 4 695 696 733 1658
2 4 695 1621 696 1658
2 4 695 733 732 1658
2 4 695 732 1657 1658
2 4 695 1620 1621 1658
2 4 695 1657 1620 1658
2 4 696 697 734 1659
2 4 696 1622 697 1659
2 4 696 734 733 1659
2 4 696 733 1658 1659
2 4 696 1621 1622 1659
2 4 696 1658 1621 1659
2 4 697 698 735 1660
2 4 697 1623 698 1660
2 4 697 735 734 1660
2 4 697 734 1659 1660
2 4 697 1622 1623 1660
2 4 697 1659 1622 1660
2 4 698 699 736 1661
2 4 698 1624 699 1661
2 4 698 736 735 1661
2 4 698 735 1660 1661
2 4 698 1623 1624 1661
2 4 698 1660 1623 1661
2 4 699 700 737 1662
2 4 699 1625 700 1662
2 4 699 737 736 1662
2 4 699 736 1661 1662
2 4 699 1624 1625 1662
2 4 699 1661 1624 1662
2 4 700 701 738 1663
2 4 700 1626 701 1663
2 4 700 738 737 1663
2 4 700 737 1662 1663
2 4 700 1625 1626 1663
2 4 700 1662 1625 1663
2 4 701 702 739 1664
2 4 701 1627 702 1664
2 4 701 739 738 1664
2 4 701 738 1663 1664
2 4 701 1626 1627 1664
2 4 701 1663 1626 1664
2 4 703 704 741 1666
2 4 703 1629 704 1666
2 4 703 741 740 1666
2 4 703 740 1665 1666
2 4 703 1628 1629 1666
2 4 703 1665 1628 1666
2 4 704 705 742 1667
2 4 704 1630 705 1667
2 4 704 742 741 1667
2 4 704 741 1666 1667
2 4 704 1629 1630 1667
2 4 704 1666 1629 1667
2 4 705 706 743 1668
2 4 705 1631 706 1668
2 4 705 743 742 1668
2 4 705 742 1667 1668
2 4 705 1630 1631 1668
2 4 705 1667 1630 1668
2 4 706 707 744 1669
2 4 706 1632 707 1669
2 4 706 744 743 1669
2 4 706 743 1668 1669
2 4 706 1631 1632 1669
2 4 706 1668 1631 1669
2 4 707 708 745 1670
2 4 707 1633 708 1670
2 4 707 745 744 1670
2 4 707 744 1669 1670
2 4 707 1632 1633 1670
2 4 707 1669 1632 1670
2 4 708 709 746 1671
2 4 708 1634 709 1671
2 4 708 746 745 1671
2 4 708 745 1670 1671
2 4 708 1633 1634 1671
2 4 708 1670 1633 1671
2 4 709 710 747 1672
2 4 709 1635 710 1672
2 4 709 747 746 1672
2 4 709 746 1671 1672
2 4 709 1634 1635 1672
2 4 709 1671 1634 1672
2 4 710 711 748 1673
2 4 710 1636 711 1673
2 4 710 748 747 1673
2 4 710 747 1672 1673
2 4 710 1635 1636 1673
2 4 710 1672 1635 1673
2 4 711 712 749 1674
2 4 711 1637 712 1674
2 4 711 749 748 1674
2 4 711 748 1673 1674
2 4 711 1636 1637 1674
2 4 711 1673 1636 1674
2 4 712 713 750 1675
2 4 712 1638 713 1675
2 4 712 750 749 1675
2 4 712 749 1674 1675
2 4 712 1637 1638 1675
2 4 712 1674 1637 1675
2 4 713 714 751 1676
2 4 713 1639 714 1676
2 4 713 751 750 1676
2 4 713 750 1675 1676
2 4 713 1638 1639 1676
2 4 713 1675 1638 1676
2 4 714 715 752 1677
2 4 714 1640 715 1677
2 4 714 752 751 1677
2 4 714 751 1676 1677
2 4 714 1639 1640 1677
2 4 714 1676 1639 1677
2 4 715 716 753 1678
2 4 715 1641 716 1678
2 4 715 753 752 1678
2 4 715 752 1677 1678
2 4 715 1640 1641 1678
2 4 715 1677 1640 1678
2 4 716 717 754 1679
2 4 716 1642 717 1679
2 4 716 754 753 1679
2 4 716 753 1678 1679
2 4 716 1641 1642 1679
2 4 716 1678 1641 1679
2 4 717 718 755 1680
2 4 717 1643 718 1680
2 4 717 755 754 1680
2 4 717 754 1679 1680
2 4 717 1642 1643 1680
2 4 717 1679 1642 1680
2 4 718 719 756 1681
2 4 718 1644 719 1681
2 4 718 756 755 1681
2 4 718 755 1680 1681
2 4 718 1643 1644 1681
2 4 718 1680 1643 1681
2 4 719 720 757 1682
2 4 719 1645 720 1682
2 4 719 757 756 1682
2 4 719 756 1681 1682
2 4 719 1644 1645 1682
2 4 719 1681 1644 1682
2 4 720 721 758 1683
2 4 720 1646 721 1683
2 4 720 758 757 1683
2 4 720 757 1682 1683
2 4 720 1645 1646 1683
2 4 720 1682 1645 1683
2 4 721 722 759 1684
2 4 721 1647 722 1684
2 4 721 759 758 1684
2 4 721 758 1683 1684
2 4 721 1646 1647 1684
2 4 721 1683 1646 1684
2 4 722 723 760 1685
2 4 722 1648 723 1685
2 4 722 760 759 1685
2 4 722 759 1684 1685
2 4 722 1647 1648 1685
2 4 722 1684 1647 1685
2 4 723 724 761 1686
2 4 723 1649 724 1686
2 4 723 761 760 1686
2 4 723 760 1685 1686
2 4 723 1648 1649 1686
2 4 723 1685 1648 1686
2 4 724 725 762 1687
2 4 724 1650 725 1687
2 4 724 762 761 1687
2 4 724 761 1686 1687
2 4 724 1649 1650 1687
2 4 724 1686 1649 1687
2 4 725 726 763 1688
2 4 725 1651 726 1688
2 4 725 763 762 1688
2 4 725 762 1687 1688
2 4 725 1650 1651 1688
2 4 725 1687 1650 1688
2 4 726 727 764 1689
2 4 726 1652 727 1689
2 4 726 764 763 1689
2 4 726 763 1688 1689
2 4 726 1651 1652 1689
2 4 726 1688 1651 1689
2 4 727 728 765 1690
2 4 727 1653 728 1690
2 4 727 765 764 1690
2 4 727 764 1689 1690
2 4 727 1652 1653 1690
2 4 727 1689 1652 1690
2 4 728 729 766 1691
2 4 728 1654 729 1691
2 4 728 766 765 1691
2 4 728 765 1690 1691
2 4 728 1653 1654 1691
2 4 728 1690 1653 1691
2 4 729 730 767 1692
2 4 729 1655 730 1692
2 4 729 767 766 1692
2 4 729 766 1691 1692
2 4 729 1654 1655 1692
2 4 729 1691 1654 1692
2 4 730 731 768 1693
2 4 730 1656 731 1693
2 4 730 768 767 1693
2 4 730 767 1692 1693
2 4 730 1655 1656 1693
2 4 730 1692 1655 1693
2 4 731 732 769 1694
2 4 731 1657 732 1694
2 4 731 769 768 1694
2 4 731 768 1693 1694
2 4 731 1656 1657 1694
2 4 731 1693 1656 1694
2 4 732 733 770 1695
2 4 732 1658 733 1695
2 4 732 770 769 1695
2 4 732 769 1694 1695
2 4 732 1657 1658 1695
2 4 732 1694 1657 1695
2 4 733 734 771 1696
2 4 733 1659 734 1696
2 4 733 771 770 1696
2 4 733 770 1695 1696
2 4 733 1658 1659 1696
2 4 733 1695 1658 1696
2 4 734 735 772 1697
2 4 734 1660 735 1697
2 4 734 772 771 1697
2 4 734 771 1696 1697
2 4 734 1659 1660 1697
2 4 734 1696 1659 1697
2 4 735 736 773 1698
2 4 735 1661 736 1698
2 4 735 773 772 1698
2 4 735 772 1697 1698
2 4 735 1660 1661 1698
2 4 735 1697 1660 1698
2 4 736 737 774 1699
2 4 736 1662 737 1699
2 4 736 774 773 1699
2 4 736 773 1698 1699
2 4 736 1661 1662 1699
2 4 736 1698 1661 1699
2 4 737 738 775 1700
2 4 737 1663 738 1700
2 4 737 775 774 1700
2 4 737 774 1699 1700
2 4 737 1662 1663 1700
2 4 737 1699 1662 1700
2 4 738 739 776 1701
2 4 738 1664 739 1701
2 4 738 776 775 1701
2 4 738 775 1700 1701
2 4 738 1663 1664 1701
2 4 738 1700 1663 1701
2 4 740 741 778 1703
2 4 740 1666 741 1703
2 4 740 778 777 1703
2 4 740 777 1702 1703
2 4 740 1665 1666 1703
2 4 740 1702 1665 1703
2 4 741 742 779 1704
2 4 741 1667 742 1704
2 4 741 779 778 1704
2 4 741 778 1703 1704
2 4 741 1666 1667 1704
2 4 741 1703 1666 1704
2 4 742 743 780 1705
2 4 742 1668 743 1705
2 4 742 780 779 1705
2 4 742 779 1704 1705
2 4 742 1667 1668 1705
2 4 742 1704 1667 1705
2 4 743 744 781 1706
2 4 743 1669 744 1706
2 4 743 781 780 1706
2 4 743 780 1705 1706
2 4 743 1668 1669 1706
2 4 743 1705 1668 1706
2 4 744 745 782 1707
2 4 744 1670 745 1707
2 4 744 782 781 1707
2 4 744 781 1706 1707
2 4 744 1669 1670 1707
2 4 744 1706 1669 1707
2 4 745 746 783 1708
2 4 745 1671 746 1708
2 4 745 783 782 1708
2 4 745 782 1707 1708
2 4 745 1670 1671 1708
2 4 745 1707 1670 1708
2 4 746 747 784 1709
2 4 746 1672 747 1709
2 4 746 784 783 1709
2 4 746 783 1708 1709
2 4 746 1671 1672 1709
2 4 746 1708 1671 1709
2 4 747 748 785 1710
2 4 747 1673 748 1710
2 4 747 785 784 1710
2 4 747 784 1709 1710
2 4 747 1672 1673 1710
2 4 747 1709 1672 1710
2 4 748 749 786 1711
2 4 748 1674 749 1711
2 4 748 786 785 1711
2 4 748 785 1710 1711
2 4 748 1673 1674 1711
2 4 748 1710 1673 1711
2 4 749 750 787 1712
2 4 749 1675 750 1712
2 4 749 787 786 1712
2 4 749 786 1711 1712
2 4 749 1674 1675 1712
2 4 749 1711 1674 1712
2 4 750 751 788 1713
2 4 750 1676 751 1713
2 4 750 788 787 1713
2 4 750 787 1712 1713
2 4 750 1675 1676 1713
2 4 750 1712 1675 1713
2 4 751 752 789 1714
2 4 751 1677 752 1714
2 4 751 789 788 1714
2 4 751 788 1713 1714
2 4 751 1676 1677 1714
2 4 751 1713 1676 1714
2 4 752 753 790 1715
2 4 752 1678 753 1715
2 4 752 790 789 1715
2 4 752 789 1714 1715
2 4 752 1677 1678 1715
2 4 752 1714 1677 1715
2 4 753 754 791 1716
2 4 753 1679 754 1716
2 4 753 791 790 1716
2 4 753 790 1715 1716
2 4 753 1678 1679 1716
2 4 753 1715 1678 1716
2 4 754 755 792 1717
2 4 754 1680 755 1717
2 4 754 792 791 1717
2 4 754 791 1716 1717
2 4 754 1679 1680 1717
2 4 754 1716 1679 1717
2 4 755 756 793 1718
2 4 755 1681 756 1718
2 4 755 793 792 1718
2 4 755 792 1717 1718
2 4 755 1680 1681 1718
2 4 755 1717 1680 1718
2 4 756 757 794 1719
2 4 756 1682 757 1719
2 4 756 794 793 1719
2 4 756 793 1718 1719
2 4 756 1681 1682 1719
2 4 756 1718 1681 1719
2 4 757 758 795 1720
2 4 757 1683 758 1720
2 4 757 795 794 1720
2 4 757 794 1719 1720
2 4 757 1682 1683 1720
2 4 757 1719 1682 1720
2 4 758 759 796 1721
2 4 758 1684 759 1721
2 4 758 796 795 1721
2 4 758 795 1720 1721
2 4 758 1683 1684 1721
2 4 758 1720 1683 1721
2 4 759 760 797 1722
2 4 759 1685 760 1722
2 4 759 797 796 1722
2 4 759 796 1721 1722
2 4 759 1684 1685 1722
2 4 759 1721 1684 1722
2 4 760 761 798 1723
2 4 760 1686 761 1723
2 4 760 798 797 1723
2 4 760 797 1722 1723
2 4 760 1685 1686 1723
2 4 760 1722 1685 1723
2 4 761 762 799 1724
2 4 761 1687 762 1724
2 4 761 799 798 1724
2 4 761 798 1723 1724
2 4 761 1686 1687 1724
2 4 761 1723 1686 1724
2 4 762 763 800 1725
2 4 762 1688 763 1725
2 4 762 800 799 1725
2 4 762 799 1724 1725
2 4 762 1687 1688 1725
2 4 762 1724 1687 1725
2 4 763 764 801 1726
2 4 763 1689 764 1726
2 4 763 801 800 1726
2 4 763 800 1725 1726
2 4 763 1688 1689 1726
2 4 763 1725 1688 1726
2 4 764 765 802 1727
2 4 764 1690 765 1727
2 4 764 802 801 1727
2 4 764 801 1726 1727
2 4 764 1689 1690 1727
2 4 764 1726 1689 1727
2 4 765 766 803 1728
2 4 765 1691 766 1728
2 4 765 803 802 1728
2 4 765 802 1727 1728
2 4 765 1690 1691 1728
2 4 765 1727 1690 1728
2 4 766 767 804 1729
2 4 766 1692 767 1729
2 4 766 804 803 1729
2 4 766 803 1728 1729
2 4 766 1691 1692 1729
2 4 766 1728 1691 1729
2 4 767 768 805 1730
2 4 767 1693 768 1730
2 4 767 805 804 1730
2 4 767 804 1729 1730
2 4 767 1692 1693 1730
2 4 767 1729 1692 1730
2 4 768 769 806 1731
2 4 768 1694 769 1731
2 4 768 806 805 1731
2 4 768 805 1730 1731
2 4 768 1693 1694 1731
2 4 768 1730 1693 1731
2 4 769 770 807 1732
2 4 769 1695 770 1732
2 4 769 807 806 1732
2 4 769 806 1731 1732
2 4 769 1694 1695 1732
2 4 769 1731 1694 1732
2 4 770 771 808 1733
2 4 770 1696 771 1733
2 4 770 808 807 1733
2 4 770 807 1732 1733
2 4 770 1695 1696 1733
2 4 770 1732 1695 1733
2 4 771 772 809 1734
2 4 771 1697 772 1734
2 4 771 809 808 1734
2 4 771 808 1733 1734
2 4 771 1696 1697 1734
2 4 771 1733 1696 1734
2 4 772 773 810 1735
2 4 772 1698 773 1735
2 4 772 810 809 1735
2 4 772 809 1734 1735
2 4 772 1697 1698 1735
2 4 772 1734 1697 1735
2 4 773 774 811 1736
2 4 773 1699 774 1736
2 4 773 811 810 1736
2 4 773 810 1735 1736
2 4 773 1698 1699 1736
2 4 773 1735 1698 1736
2 4 774 775 812 1737
2 4 774 1700 775 1737
2 4 774 812 811 1737
2 4 774 811 1736 1737
2 4 774 1699 1700 1737
2 4 774 1736 1699 1737
2 4 775 776 813 1738
2 4 775 1701 776 1738
2 4 775 813 812 1738
2 4 775 812 1737 1738
2 4 775 1700 1701 1738
2 4 775 1737 1700 1738
2 4 777 778 815 1740
2 4 777 1703 778 1740
2 4 777 815 814 1740
2 4 777 814 1739 1740
2 4 777 1702 1703 1740
2 4 777 1739 1702 1740
2 4 778 779 816 1741
2 4 778 1704 779 1741
2 4 778 816 815 1741
2 4 778 815 1740 1741
2 4 778 1703 1704 1741
2 4 778 1740 1703 1741
2 4 779 780 817 1742
2 4 779 1705 780 1742
2 4 779 817 816 1742
2 4 779 816 1741 1742
2 4 779 1704 1705 1742
2 4 779 1741 1704 1742
2 4 780 781 818 1743
2 4 780 1706 781 1743
2 4 780 818 817 1743
2 4 780 817 1742 1743
2 4 780 1705 1706 1743
2 4 780 1742 1705 1743
2 4 781 782 819 1744
2 4 781 1707 782 1744
2 4 781 819 818 1744
2 4 781 818 1743 1744
2 4 781 1706 1707 1744
2 4 781 1743 1706 1744
2 4 782 783 820 1745
2 4 782 1708 783 1745
2 4 782 820 819 1745
2 4 782 819 1744 1745
2 4 782 1707 1708 1745
2 4 782 1744 1707 1745
2 4 783 784 821 1746
2 4 783 1709 784 1746
2 4 783 821 820 1746
2 4 783 820 1745 1746
2 4 783 1708 1709 1746
2 4 783 1745 1708 1746
2 4 784 785 822 1747
2 4 784 1710 785 1747
2 4 784 822 821 1747
2 4 784 821 1746 1747
2 4 784 1709 1710 1747
2 4 784 1746 1709 1747
2 4 785 786 823 1748
2 4 785 1711 786 1748
2 4 785 823 822 1748
2 4 785 822 1747 1748
2 4 785 1710 1711 1748
2 4 785 1747 1710 1748
2 4 786 787 824 1749
2 4 786 1712 787 1749
2 4 786 824 823 1749
2 4 786 823 1748 1749
2 4 786 1711 1712 1749
2 4 786 1748 1711 1749
2 4 787 788 825 1750
2 4 787 1713 788 1750
2 4 787 825 824 1750
2 4 787 824 1749 1750
2 4 787 1712 1713 1750
2 4 787 1749 1712 1750
2 4 788 789 826 1751
2 4 788 1714 789 1751
2 4 788 826 825 1751
2 4 788 825 1750 1751
2 4 788 1713 1714 1751
2 4 788 1750 1713 1751
2 4 789 790 827 1752
2 4 789 1715 790 1752
2 4 789 827 826 1752
2 4 789 826 1751 1752
2 4 789 1714 1715 1752
2 4 789 1751 1714 1752
2 4 790 791 828 1753
2 4 790 1716 791 1753
2 4 790 828 827 1753
2 4 790 827 1752 1753
2 4 790 1715 1716 1753
2 4 790 1752 1715 1753
2 4 791 792 829 1754
2 4 791 1717 792 1754
2 4 791 829 828 1754
2 4 791 828 1753 1754
2 4 791 1716 1717 1754
2 4 791 1753 1716 1754
2 4 792 793 830 1755
2 4 792 1718 793 1755
2 4 792 830 829 1755
2 4 792 829 1754 1755
2 4 792 1717 1718 1755
2 4 792 1754 1717 1755
2 4 793 794 831 1756
2 4 793 1719 794 1756
2 4 793 831 830 1756
2 4 793 830 1755 1756
2 4 793 1718 1719 1756
2 4 793 1755 1718 1756
2 4 794 795 832 1757
2 4 794 1720 795 1757
2 4 794 832 831 1757
2 4 794 831 1756 1757
2 4 794 1719 1720 1757
2 4 794 1756 1719 1757
2 4 795 796 833 1758
2 4 795 1721 796 1758
2 4 795 833 832 1758
2 4 795 832 1757 1758
2 4 795 1720 1721 1758
2 4 795 1757 1720 1758
2 4 796 797 834 1759
2 4 796 1722 797 1759
2 4 796 834 833 1759
2 4 796 833 1758 1759
2 4 796 1721 1722 1759
2 4 796 1758 1721 1759
2 4 797 798 835 1760
2 4 797 1723 798 1760
2 4 797 835 834 1760
2 4 797 834 1759 1760
2 4 797 1722 1723 1760
2 4 797 1759 1722 1760
2 4 798 799 836 1761
2 4 798 1724 799 1761
2 4 798 836 835 1761
2 4 798 835 1760 1761
2 4 798 1723 1724 1761
2 4 798 1760 1723 1761
2 4 799 800 837 1762
2 4 799 1725 800 1762
2 4 799 837 836 1762
2 4 799 836 1761 1762
2 4 799 1724 1725 1762
2 4 799 1761 1724 1762
2 4 800 801 838 1763
2 4 800 1726 801 1763
2 4 800 838 837 1763
2 4 800 837 1762 1763
2 4 800 1725 1726 1763
2 4 800 1762 1725 1763
2 4 801 802 839 1764
2 4 801 1727 802 1764
2 4 801 839 838 1764
2 4 801 838 1763 1764
2 4 801 1726 1727 1764
2 4 801 1763 1726 1764
2 4 802 803 840 1765
2 4 802 1728 803 1765
2 4 802 840 839 1765
2 4 802 839 1764 1765
2 4 802 1727 1728 1765
2 4 802 1764 1727 1765
2 4 803 804 841 1766
2 4 803 1729 804 1766
2 4 803 841 840 1766
2 4 803 840 1765 1766
2 4 803 1728 1729 1766
2 4 803 1765 1728 1766
2 4 804 805 842 1767
2 4 804 1730 805 1767
2 4 804 842 841 1767
2 4 804 841 1766 1767
2 4 804 1729 1730 1767
2 4 804 1766 1729 1767
2 4 805 806 843 1768
2 4 805 1731 806 1768
2 4 805 843 842 1768
2 4 805 842 1767 1768
2 4 805 1730 1731 1768
2 4 805 1767 1730 1768
2 4 806 807 844 1769
2 4 806 1732 807 1769
2 4 806 844 843 1769
2 4 806 843 1768 1769
2 4 806 1731 1732 1769
2 4 806 1768 1731 1769
2 4 807 808 845 1770
2 4 807 1733 808 1770
2 4 807 845 844 1770
2 4 807 844 1769 1770
2 4 807 1732 1733 1770
2 4 807 1769 1732 1770
2 4 808 809 846 1771
2 4 808 1734 809 1771
2 4 808 846 845 1771
2 4 808 845 1770 1771
2 4 808 1733 1734 1771
2 4 808 1770 1733 1771
2 4 809 810 847 1772
2 4 809 1735 810 1772
2 4 809 847 846 1772
2 4 809 846 1771 1772
2 4 809 1734 1735 1772
2 4 809 1771 1734 1772
2 4 810 811 848 1773
2 4 810 1736 811 1773
2 4 810 848 847 1773
2 4 810 847 1772 1773
2 4 810 1735 1736 1773
2 4 810 1772 1735 1773
2 4 811 812 849 1774
2 4 811 1737 812 1774
2 4 811 849 848 1774
2 4 811 848 1773 1774
2 4 811 1736 1737 1774
2 4 811 1773 1736 1774
2 4 812 813 850 1775
2 4 812 1738 813 1775
2 4 812 850 849 1775
2 4 812 849 1774 1775
2 4 812 1737 1738 1775
2 4 812 1774 1737 1775
2 4 814 815 852 1777
2 4 814 1740 815 1777
2 4 814 852 851 1777
2 4 814 851 1776 1777
2 4 814 1739 1740 1777
2 4 814 1776 1739 1777
2 4 815 816 853 1778
2 4 815 1741 816 1778
2 4 815 853 852 1778
2 4 815 852 1777 1778
2 4 815 1740 1741 1778
2 4 815 1777 1740 1778
2 4 816 817 854 1779
2 4 816 1742 817 1779
2 4 816 854 853 1779
2 4 816 853 1778 1779
2 4 816 1741 1742 1779
2 4 816 1778 1741 1779
2 4 817 818 855 1780
2 4 817 1743 818 1780
2 4 817 855 854 1780
2 4 817 854 1779 1780
2 4 817 1742 1743 1780
2 4 817 1779 1742 1780
2 4 818 819 856 1781
2 4 818 1744 819 1781
2 4 818 856 855 1781
2 4 818 855 1780 1781
2 4 818 1743 1744 1781
2 4 818 1780 1743 1781
2 4 819 820 857 1782
2 4 819 1745 820 1782
2 4 819 857 856 1782
2 4 819 856 1781 1782
2 4 819 1744 1745 1782
2 4 819 1781 1744 1782
2 4 820 821 858 1783
2 4 820 1746 821 1783
2 4 820 858 857 1783
2 4 820 857 1782 1783
2 4 820 1745 1746 1783
2 4 820 1782 1745 1783
2 4 821 822 859 1784
2 4 821 1747 822 1784
2 4 821 859 858 1784
2 4 821 858 1783 1784
2 4 821 1746 1747 1784
2 4 821 1783 1746 1784
2 4 822 823 860 1785
2 4 822 1748 823 1785
2 4 822 860 859 1785
2 4 822 859 1784 1785
2 4 822 1747 1748 1785
2 4 822 1784 1747 1785
2 4 823 824 861 1786
2 4 823 1749 824 1786
2 4 823 861 860 1786
2 4 823 860 1785 1786
2 4 823 1748 1749 1786
2 4 823 1785 1748 1786
2 4 824 825 862 1787
2 4 824 1750 825 1787
2 4 824 862 861 1787
2 4 824 861 1786 1787
2 4 824 1749 1750 1787
2 4 824 1786 1749 1787
2 4 825 826 863 1788
2 4 825 1751 826 1788
2 4 825 863 862 1788
2 4 825 862 1787 1788
2 4 825 1750 1751 1788
2 4 825 1787 1750 1788
2 4 826 827 864 1789
2 4 826 1752 827 1789
2 4 826 864 863 1789
2 4 826 863 1788 1789
2 4 826 1751 1752 1789
2 4 826 1788 1751 1789
2 4 827 828 865 1790
2 4 827 1753 828 1790
2 4 827 865 864 1790
2 4 827 864 1789 1790
2 4 827 1752 1753 1790
2 4 827 1789 1752 1790
2 4 828 829 866 1791
2 4 828 1754 829 1791
2 4 828 866 865 1791
2 4 828 865 1790 1791
2 4 828 1753 1754 1791
2 4 828 1790 1753 1791
2 4 829 830 867 1792
2 4 829 1755 830 1792
2 4 829 867 866 1792
2 4 829 866 1791 1792
2 4 829 1754 1755 1792
2 4 829 1791 1754 1792
2 4 830 831 868 1793
2 4 830 1756 831 1793
2 4 830 868 867 1793
2 4 830 867 1792 1793
2 4 830 1755 1756 1793
2 4 830 1792 1755 1793
2 4 831 832 869 1794
2 4 831 1757 832 1794
2 4 831 869 868 1794
2 4 831 868 1793 1794
2 4 831 1756 1757 1794
2 4 831 1793 1756 1794
2 4 832 833 870 1795
2 4 832 1758 833 1795
2 4 832 870 869 1795
2 4 832 869 1794 1795
2 4 832 1757 1758 1795
2 4 832 1794 1757 1795
2 4 833 834 871 1796
2 4 833 1759 834 1796
2 4 833 871 870 1796
2 4 833 870 1795 1796
2 4 833 1758 1759 1796
2 4 833 1795 1758 1796
2 4 834 835 872 1797
2 4 834 1760 835 1797
2 4 834 872 871 1797
2 4 834 871 1796 1797
2 4 834 1759 1760 1797
2 4 834 1796 1759 1797
2 4 835 836 873 1798
2 4 835 1761 836 1798
2 4 835 873 872 1798
2 4 835 872 1797 1798
2 4 835 1760 1761 1798
2 4 835 1797 1760 1798
2 4 836 837 874 1799
2 4 836 1762 837 1799
2 4 836 874 873 1799
2 4 836 873 1798 1799
2 4 836 1761 1762 1799
2 4 836 1798 1761 1799
2 4 837 838 875 1800
2 4 837 1763 838 1800
2 4 837 875 874 1800
2 4 837 874 1799 1800
2 4 837 1762 1763 1800
2 4 837 1799 1762 1800
2 4 838 839 876 1801
2 4 838 1764 839 1801
2 4 838 876 875 1801
2 4 838 875 1800 1801
2 4 838 1763 1764 1801
2 4 838 1800 1763 1801
2 4 839 840 877 1802
2 4 839 1765 840 1802
2 4 839 877 876 1802
2 4 839 876 1801 1802
2 4 839 1764 1765 1802
2 4 839 1801 1764 1802
2 4 840 841 878 1803
2 4 840 1766 841 1803
2 4 840 878 877 1803
2 4 840 877 1802 1803
2 4 840 1765 1766 1803
2 4 840 1802 1765 1803
2 4 841 842 879 1804
2 4 841 1767 842 1804
2 4 841 879 878 1804
2 4 841 878 1803 1804
2 4 841 1766 1767 1804
2 4 841 1803 1766 1804
2 4 842 843 880 1805
2 4 842 1768 843 1805
2 4 842 880 879 1805
2 4 842 879 1804 1805
2 4 842 1767 1768 1805
2 4 842 1804 1767 1805
2 4 843 844 881 1806
2 4 843 1769 844 1806
2 4 843 881 880 1806
2 4 843 880 1805 1806
2 4 843 1768 1769 1806
2 4 843 1805 1768 1806
2 4 844 845 882 1807
2 4 844 1770 845 1807
2 4 844 882 881 1807
2 4 844 881 1806 1807
2 4 844 1769 1770 1807
2 4 844 1806 1769 1807
2 4 845 846 883 1808
2 4 845 1771 846 1808
2 4 845 883 882 1808
2 4 845 882 1807 1808
2 4 845 1770 1771 1808
2 4 845 1807 1770 1808
2 4 846 847 884 1809
2 4 846 1772 847 1809
2 4 846 884 883 1809
2 4 846 883 1808 1809
2 4 846 1771 1772 1809
2 4 846 1808 1771 1809
2 4 847 848 885 1810
2 4 847 1773 848 1810
2 4 847 885 884 1810
2 4 847 884 1809 1810
2 4 847 1772 1773 1810
2 4 847 1809 1772 1810
2 4 848 849 886 1811
2 4 848 1774 849 1811
2 4 848 886 885 1811
2 4 848 885 1810 1811
2 4 848 1773 1774 1811
2 4 848 1810 1773 1811
2 4 849 850 887 1812
2 4 849 1775 850 1812
2 4 849 887 886 1812
2 4 849 886 1811 1812
2 4 849 1774 1775 1812
2 4 849 1811 1774 1812
2 4 851 852 889 1814
2 4 851 1777 852 1814
2 4 851 889 888 1814
2 4 851 888 1813 1814
2 4 851 1776 1777 1814
2 4 851 1813 1776 1814
2 4 852 853 890 1815
2 4 852 1778 853 1815
2 4 852 890 889 1815
2 4 852 889 1814 1815
2 4 852 1777 1778 1815
2 4 852 1814 1777 1815
2 4 853 854 891 1816
2 4 853 1779 854 1816
2 4 853 891 890 1816
2 4 853 890 1815 1816
2 4 853 1778 1779 1816
2 4 853 1815 1778 1816
2 4 854 855 892 1817
2 4 854 1780 855 1817
2 4 854 892 891 1817
2 4 854 891 1816 1817
2 4 854 1779 1780 1817
2 4 854 1816 1779 1817
2 4 855 856 893 1818
2 4 855 1781 856 1818
2 4 855 893 892 1818
2 4 855 892 1817 1818
2 4 855 1780 1781 1818
2 4 855 1817 1780 1818
2 4 856 857 894 1819
2 4 856 1782 857 1819
2 4 856 894 893 1819
2 4 856 893 1818 1819
2 4 856 1781 1782 1819
2 4 856 1818 1781 1819
2 4 857 858 895 1820
2 4 857 1783 858 1820
2 4 857 895 894 1820
2 4 857 894 1819 1820
2 4 857 1782 1783 1820
2 4 857 1819 1782 1820
2 4 858 859 896 1821
2 4 858 1784 859 1821
2 4 858 896 895 1821
2 4 858 895 1820 1821
2 4 858 1783 1784 1821
2 4 858 1820 1783 1821
2 4 859 860 897 1822
2 4 859 1785 860 1822
2 4 859 897 896 1822
2 4 859 896 1821 1822
2 4 859 1784 1785 1822
2 4 859 1821 1784 1822
2 4 860 861 898 1823
2 4 860 1786 861 1823
2 4 860 898 897 1823
2 4 860 897 1822 1823
2 4 860 1785 1786 1823
2 4 860 1822 1785 1823
2 4 861 862 899 1824
2 4 861 1787 862 1824
2 4 861 899 898 1824
2 4 861 898 1823 1824
2 4 861 1786 1787 1824
2 4 861 1823 1786 1824
2 4 862 863 900 1825
2 4 862 1788 863 1825
2 4 862 900 899 1825
2 4 862 899 1824 1825
2 4 862 1787 1788 1825
2 4 862 1824 1787 1825
2 4 863 864 901 1826
2 4 863 1789 864 1826
2 4 863 901 900 1826
2 4 863 900 1825 1826
2 4 863 1788 1789 1826
2 4 863 1825 1788 1826
2 4 864 865 902 1827
2 4 864 1790 865 1827
2 4 864 902 901 1827
2 4 864 901 1826 1827
2 4 864 1789 1790 1827
2 4 864 1826 1789 1827
2 4 865 866 903 1828
2 4 865 1791 866 1828
2 4 865 903 902 1828
2 4 865 902 1827 1828
2 4 865 1790 1791 1828
2 4 865 1827 1790 1828
2 4 866 867 904 1829
2 4 866 1792 867 1829
2 4 866 904 903 1829
2 4 866 903 1828 1829
2 4 866 1791 1792 1829
2 4 866 1828 1791 1829
2 4 867 868 905 1830
2 4 867 1793 868 1830
2 4 867 905 904 1830
2 4 867 904 1829 1830
2 4 867 1792 1793 1830
2 4 867 1829 1792 1830
2 4 868 869 906 1831
2 4 868 1794 869 1831
2 4 868 906 905 1831
2 4 868 905 1830 1831
2 4 868 1793 1794 1831
2 4 868 1830 1793 1831
2 4 869 870 907 1832
2 4 869 1795 870 1832
2 4 869 907 906 1832
2 4 869 906 1831 1832
2 4 869 1794 1795 1832
2 4 869 1831 1794 1832
2 4 870 871 908 1833
2 4 870 1796 871 1833
2 4 870 908 907 1833
2 4 870 907 1832 1833
2 4 870 1795 1796 1833
2 4 870 1832 1795 1833
2 4 871 872 909 1834
2 4 871 1797 872 1834
2 4 871 909 908 1834
2 4 871 908 1833 1834
2 4 871 1796 1797 1834
2 4 871 1833 1796 1834
2 4 872 873 910 1835
2 4 872 1798 873 1835
2 4 872 910 909 1835
2 4 872 909 1834 1835
2 4 872 1797 1798 1835
2 4 872 1834 1797 1835
2 4 873 874 911 1836
2 4 873 1799 874 1836
2 4 873 911 910 1836
2 4 873 910 1835 1836
2 4 873 1798 1799 1836
2 4 873 1835 1798 1836
2 4 874 875 912 1837
2 4 874 1800 875 1837
2 4 874 912 911 1837
2 4 874 911 1836 1837
2 4 874 1799 1800 1837
2 4 874 1836 1799 1837
2 4 875 876 913 1838
2 4 875 1801 876 1838
2 4 875 913 912 1838
2 4 875 912 1837 1838
2 4 875 1800 1801 1838
2 4 875 1837 1800 1838
2 4 876 877 914 1839
2 4 876 1802 877 1839
2 4 876 914 913 1839
2 4 876 913 1838 1839
2 4 876 1801 1802 1839
2 4 876 1838 1801 1839
2 4 877 878 915 1840
2 4 877 1803 878 1840
2 4 877 915 914 1840
2 4 877 914 1839 1840
2 4 877 1802 1803 1840
2 4 877 1839 1802 1840
2 4 878 879 916 1841
2 4 878 1804 879 1841
2 4 878 916 915 1841
2 4 878 915 1840 1841
2 4 878 1803 1804 1841
2 4 878 1840 1803 1841
2 4 879 880 917 1842
2 4 879 1805 880 1842
2 4 879 917 916 1842
2 4 879 916 1841 1842
2 4 879 1804 1805 1842
2 4 879 1841 1804 1842
2 4 880 881 918 1843
2 4 880 1806 881 1843
2 4 880 918 917 1843
2 4 880 917 1842 1843
2 4 880 1805 1806 1843
2 4 880 1842 1805 1843
2 4 881 882 919 1844
2 4 881 1807 882 1844
2 4 881 919 918 1844
2 4 881 918 1843 1844
2 4 881 1806 1807 1844
2 4 881 1843 1806 1844
2 4 882 883 920 1845
2 4 882 1808 883 1845
2 4 882 920 919 1845
2 4 882 919 1844 1845
2 4 882 1807 1808 1845
2 4 882 1844 1807 1845
2 4 883 884 921 1846
2 4 883 1809 884 1846
2 4 883 921 920 1846
2 4 883 920 1845 1846
2 4 883 1808 1809 1846
2 4 883 1845 1808 1846
2 4 884 885 922 1847
2 4 884 1810 885 1847
2 4 884 922 921 1847
2 4 884 921 1846 1847
2 4 884 1809 1810 1847
2 4 884 1846 1809 1847
2 4 885 886 923 1848
2 4 885 1811 886 1848
2 4 885 923 922 1848
2 4 885 922 1847 1848
2 4 885 1810 1811 1848
2 4 885 1847 1810 1848
2 4 886 887 924 1849
2 4 886 1812 887 1849
2 4 886 924 923 1849
2 4 886 923 1848 1849
2 4 886 1811 1812 1849
2 4 886 1848 1811 1849
1 4 925 926 963 1888
1 4 925 1851 926 1888
1 4 925 963 962 1888
1 4 925 962 1887 1888
1 4 925 1850 1851 1888
1 4 925 1887 1850 1888
1 4 926 927 964 1889
1 4 926 1852 927 1889
1 4 926 964 963 1889
1 4 926 963 1888 1889
1 4 926 1851 1852 1889
1 4 926 1888 1851 1889
1 4 927 928 965 1890
1 4 927 1853 928 1890
1 4 927 965 964 1890
1 4 927 964 1889 1890
1 4 927 1852 1853 1890
1 4 927 1889 1852 1890
1 4 928 929 966 1891
1 4 928 1854 929 1891
1 4 928 966 965 1891
1 4 928 965 1890 1891
1 4 928 1853 1854 1891
1 4 928 1890 1853 1891
1 4 929 930 967 1892
1 4 929 1855 930 1892
1 4 929 967 966 1892
1 4 929 966 1891 1892
1 4 929 1854 1855 1892
1 4 929 1891 1854 1892
1 4 930 931 968 1893
1 4 930 1856 931 1893
1 4 930 968 967 1893
1 4 930 967 1892 1893
1 4 930 1855 1856 1893
1 4 930 1892 1855 1893
1 4 931 932 969 1894
1 4 931 1857 932 1894
1 4 931 969 968 1894
1 4 931 968 1893 1894
1 4 931 1856 1857 1894
1 4 931 1893 1856 1894
1 4 932 933 970 1895
1 4 932 1858 933 1895
1 4 932 970 969 1895
1 4 932 969 1894 1895
1 4 932 1857 1858 1895
1 4 932 1894 1857 1895
1 4 933 934 971 1896
1 4 933 1859 934 1896
1 4 933 971 970 1896
1 4 933 970 1895 1896
1 4 933 1858 1859 1896
1 4 933 1895 1858 1896
1 4 934 935 972 1897
1 4 934 1860 935 1897
1 4 934 972 971 1897
1 4 934 971 1896 1897
1 4 934 1859 1860 1897
1 4 934 1896 1859 1897
1 4 935 936 973 1898
1 4 935 1861 936 1898
1 4 935 973 972 1898
1 4 935 972 1897 1898
1 4 935 1860 1861 1898
1 4 935 1897 1860 1898
1 4 936 937 974 1899
1 4 936 1862 937 1899
1 4 936 974 973 1899
1 4 936 973 1898 1899
1 4 936 1861 1862 1899
1 4 936 1898 1861 1899
1 4 937 938 975 1900
1 4 937 1863 938 1900
1 4 937 975 974 1900
1 4 937 974 1899 1900
1 4 937 1862 1863 1900
1 4 937 1899 1862 1900
1 4 938 939 976 1901
1 4 938 1864 939 1901
1 4 938 976 975 1901
1 4 938 975 1900 1901
1 4 938 1863 1864 1901
1 4 938 1900 1863 1901
1 4 939 940 977 1902
1 4 939 1865 940 1902
1 4 939 977 976 1902
1 4 939 976 1901 1902
1 4 939 1864 1865 1902
1 4 939 1901 1864 1902
1 4 940 941 978 1903
1 4 940 1866 941 1903
1 4 940 978 977 1903
1 4 940 977 1902 1903
1 4 940 1865 1866 1903
1 4 940 1902 1865 1903
1 4 941 942 979 1904
1 4 941 1867 942 1904
1 4 941 979 978 1904
1 4 941 978 1903 1904
1 4 941 1866 1867 1904
1 4 941 1903 1866 1904
1 4 942 943 980 1905
1 4 942 1868 943 1905
1 4 942 980 979 1905
1 4 942 979 1904 1905
1 4 942 1867 1868 1905
1 4 942 1904 1867 1905
1 4 943 944 981 1906
1 4 943 1869 944 1906
1 4 943 981 980 1906
1 4 943 980 1905 1906
1 4 943 1868 1869 1906
1 4 943 1905 1868 1906
1 4 944 945 982 1907
1 4 944 1870 945 1907
1 4 944 982 981 1907
1 4 944 981 1906 1907
1 4 944 1869 1870 1907
1 4 944 1906 1869 1907
1 4 945 946 983 1908
1 4 945 1871 946 1908
1 4 945 983 982 1908
1 4 945 982 1907 1908
1 4 945 1870 1871 1908
1 4 945 1907 1870 1908
1 4 946 947 984 1909
1 4 946 1872 947 1909
1 4 946 984 983 1909
1 4 946 983 1908 1909
1 4 946 1871 1872 1909
1 4 946 1908 1871 1909
1 4 947 948 985 1910
1 4 947 1873 948 1910
1 4 947 985 984 1910
1 4 947 984 1909 1910
1 4 947 1872 1873 1910
1 4 947 1909 1872 1910
1 4 948 949 986 1911
1 4 948 1874 949 1911
1 4 948 986 985 1911
1 4 948 985 1910 1911
1 4 948 1873 1874 1911
1 4 948 1910 1873 1911
1 4 949 950 987 1912
1 4 949 1875 950 1912
1 4 949 987 986 1912
1 4 949 986 1911 1912
1 4 949 1874 1875 1912
1 4 949 1911 1874 1912
1 4 950 951 988 1913
1 4 950 1876 951 1913
1 4 950 988 987 1913
1 4 950 987 1912 1913
1 4 950 1875 1876 1913
1 4 950 1912 1875 1913
1 4 951 952 989 1914
1 4 951 1877 952 1914
1 4 951 989 988 1914
1 4 951 988 1913 1914
1 4 951 1876 1877 1914
1 4 951 1913 1876 1914
1 4 952 953 990 1915
1 4 952 1878 953 1915
1 4 952 990 989 1915
1 4 952 989 1914 1915
1 4 952 1877 1878 1915
1 4 952 1914 1877 1915
1 4 953 954 991 1916
1 4 953 1879 954 1916
1 4 953 991 990 1916
1 4 953 990 1915 1916
1 4 953 1878 1879 1916
1 4 953 1915 1878 1916
1 4 954 955 992 1917
1 4 954 1880 955 1917
1 4 954 992 991 1917
1 4 954 991 1916 1917
1 4 954 1879 1880 1917
1 4 954 1916 1879 1917
1 4 955 956 993 1918
1 4 955 1881 956 1918
1 4 955 993 992 1918
1 4 955 992 1917 1918
1 4 955 1880 1881 1918
1 4 955 1917 1880 1918
1 4 956 957 994 1919
1 4 956 1882 957 1919
1 4 956 994 993 1919
1 4 956 993 1918 1919
1 4 956 1881 1882 1919
1 4 956 1918 1881 1919
1 4 957 958 995 1920
1 4 957 1883 958 1920
1 4 957 995 994 1920
1 4 957 994 1919 1920
1 4 957 1882 1883 1920
1 4 957 1919 1882 1920
1 4 958 959 996 1921
1 4 958 1884 959 1921
1 4 958 996 995 1921
1 4 958 995 1920 1921
1 4 958 1883 1884 1921
1 4 958 1920 1883 1921
1 4 959 960 997 1922
1 4 959 1885 960 1922
1 4 959 997 996 1922
1 4 959 996 1921 1922
1 4 959 1884 1885 1922
1 4 959 1921 1884 1922
1 4 960 961 998 1923
1 4 960 1886 961 1923
1 4 960 998 997 1923
1 4 960 997 1922 1923
1 4 960 1885 1886 1923
1 4 960 1922 1885 1923
1 4 962 963 1000 1925
1 4 962 1888 963 1925
1 4 962 1000 999 1925
1 4 962 999 1924 1925
1 4 962 1887 1888 1925
1 4 962 1924 1887 1925
1 4 963 964 1001 1926
1 4 963 1889 964 1926
1 4 963 1001 1000 1926
1 4 963 1000 1925 1926
1 4 963 1888 1889 1926
1 4 963 1925 1888 1926
1 4 964 965 1002 1927
1 4 964 1890 965 1927
1 4 964 1002 1001 1927
1 4 964 1001 1926 1927
1 4 964 1889 1890 1927
1 4 964 1926 1889 1927
1 4 965 966 1003 1928
1 4 965 1891 966 1928
1 4 965 1003 1002 1928
1 4 965 1002 1927 1928
1 4 965 1890 1891 1928
1 4 965 1927 1890 1928
1 4 966 967 1004 1929
1 4 966 1892 967 1929
1 4 966 1004 1003 1929
1 4 966 1003 1928 1929
1 4 966 1891 1892 1929
1 4 966 1928 1891 1929
1 4 967 968 1005 1930
1 4 967 1893 968 1930
1 4 967 1005 1004 1930
1 4 967 1004 1929 1930
1 4 967 1892 1893 1930
1 4 967 1929 1892 1930
1 4 968 969 1006 1931
1 4 968 1894 969 1931
1 4 968 1006 1005 1931
1 4 968 1005 1930 1931
1 4 968 1893 1894 1931
1 4 968 1930 1893 1931
1 4 969 970 1007 1932
1 4 969 1895 970 1932
1 4 969 1007 1006 1932
1 4 969 1006 1931 1932
1 4 969 1894 1895 1932
1 4 969 1931 1894 1932
1 4 970 971 1008 1933
1 4 970 1896 971 1933
1 4 970 1008 1007 1933
1 4 970 1007 1932 1933
1 4 970 1895 1896 1933
1 4 970 1932 1895 1933
1 4 971 972 1009 1934
1 4 971 1897 972 1934
1 4 971 1009 1008 1934
1 4 971 1008 1933 1934
1 4 971 1896 1897 1934
1 4 971 1933 1896 1934
1 4 972 973 1010 1935
1 4 972 1898 973 1935
1 4 972 1010 1009 1935
1 4 972 1009 1934 1935
1 4 972 1897 1898 1935
1 4 972 1934 1897 1935
1 4 973 974 1011 1936
1 4 973 1899 974 1936
1 4 973 1011 1010 1936
1 4 973 1010 1935 1936
1 4 973 1898 1899 1936
1 4 973 1935 1898 1936
1 4 974 975 1012 1937
1 4 974 1900 975 1937
1 4 974 1012 1011 1937
1 4 974 1011 1936 1937
1 4 974 1899 1900 1937
1 4 974 1936 1899 1937
1 4 975 976 1013 1938
1 4 975 1901 976 1938
1 4 975 1013 1012 1938
1 4 975 1012 1937 1938
1 4 975 1900 1901 1938
1 4 975 1937 1900 1938
1 4 976 977 1014 1939
1 4 976 1902 977 1939
1 4 976 1014 1013 1939
1 4 976 1013 1938 1939
1 4 976 1901 1902 1939
1 4 976 1938 1901 1939
1 4 977 978 1015 1940
1 4 977 1903 978 1940
1 4 977 1015 1014 1940
1 4 977 1014 1939 1940
1 4 977 1902 1903 1940
1 4 977 1939 1902 1940
1 4 978 979 1016 1941
1 4 978 1904 979 1941
1 4 978 1016 1015 1941
1 4 978 1015 1940 1941
1 4 978 1903 1904 1941
1 4 978 1940 1903 1941
1 4 979 980 1017 1942
1 4 979 1905 980 1942
1 4 979 1017 1016 1942
1 4 979 1016 1941 1942
1 4 979 1904 1905 1942
1 4 979 1941 1904 1942
1 4 980 981 1018 1943
1 4 980 1906 981 1943
1 4 980 1018 1017 1943
1 4 980 1017 1942 1943
1 4 980 1905 1906 1943
1 4 980 1942 1905 1943
1 4 981 982 1019 1944
1 4 981 1907 982 1944
1 4 981 1019 1018 1944
1 4 981 1018 1943 1944
1 4 981 1906 1907 1944
1 4 981 1943 1906 1944
1 4 982 983 1020 1945
1 4 982 1908 983 1945
1 4 982 1020 1019 1945
1 4 982 1019 1944 1945
1 4 982 1907 1908 1945
1 4 982 1944 1907 1945
1 4 983 984 1021 1946
1 4 983 1909 984 1946
1 4 983 1021 1020 1946
1 4 983 1020 1945 1946
1 4 983 1908 1909 1946
1 4 983 1945 1908 1946
1 4 984 985 1022 1947
1 4 984 1910 985 1947
1 4 984 1022 1021 1947
1 4 984 1021 1946 1947
1 4 984 1909 1910 1947
1 4 984 1946 1909 1947
1 4 985 986 1023 1948
1 4 985 1911 986 1948
1 4 985 1023 1022 1948
1 4 985 1022 1947 1948
1 4 985 1910 1911 1948
1 4 985 1947 1910 1948
1 4 986 987 1024 1949
1 4 986 1912 987 1949
1 4 986 1024 1023 1949
1 4 986 1023 1948 1949
1 4 986 1911 1912 1949
1 4 986 1948 1911 1949
1 4 987 988 1025 1950
1 4 987 1913 988 1950
1 4 987 1025 1024 1950
1 4 987 1024 1949 1950
1 4 987 1912 1913 1950
1 4 987 1949 1912 1950
1 4 988 989 1026 1951
1 4 988 1914 989 1951
1 4 988 1026 1025 1951
1 4 988 1025 1950 1951
1 4 988 1913 1914 1951
1 4 988 1950 1913 1951
1 4 989 990 1027 1952
1 4 989 1915 990 1952
1 4 989 1027 1026 1952
1 4 989 1026 1951 1952
1 4 989 1914 1915 1952
1 4 989 1951 1914 1952
1 4 990 991 1028 1953
1 4 990 1916 991 1953
1 4 990 1028 1027 1953
1 4 990 1027 1952 1953
1 4 990 1915 1916 1953
1 4 990 1952 1915 1953
1 4 991 992 1029 1954
1 4 991 1917 992 1954
1 4 991 1029 1028 1954
1 4 991 1028 1953 1954
1 4 991 1916 1917 1954
1 4 991 1953 1916 1954
1 4 992 993 1030 1955
1 4 992 1918 993 1955
1 4 992 1030 1029 1955
1 4 992 1029 1954 1955
1 4 992 1917 1918 1955
1 4 992 1954 1917 1955
1 4 993 994 1031 1956
1 4 993 1919 994 1956
1 4 993 1031 1030 1956
1 4 993 1030 1955 1956
1 4 993 1918 1919 1956
1 4 993 1955 1918 1956
1 4 994 995 1032 1957
1 4 994 1920 995 1957
1 4 994 1032 1031 1957
1 4 994 1031 1956 1957
1 4 994 1919 1920 1957
1 4 994 1956 1919 1957
1 4 995 996 1033 1958
1 4 995 1921 996 1958
1 4 995 1033 1032 1958
1 4 995 1032 1957 1958
1 4 995 1920 1921 1958
1 4 995 1957 1920 1958
1 4 996 997 1034 1959
1 4 996 1922 997 1959
1 4 996 1034 1033 1959
1 4 996 1033 1958 1959
1 4 996 1921 1922 1959
1 4 996 1958 1921 1959
1 4 997 998 1035 1960
1 4 997 1923 998 1960
1 4 997 1035 1034 1960
1 4 997 1034 1959 1960
1 4 997 1922 1923 1960
1 4 997 1959 1922 1960
1 4 999 1000 1037 1962
1 4 999 1925 1000 1962
1 4 999 1037 1036 1962
1 4 999 1036 1961 1962
1 4 999 1924 1925 1962
1 4 999 1961 1924 1962
1 4 1000 1001 1038 1963
1 4 1000 1926 1001 1963
1 4 1000 1038 1037 1963
1 4 1000 1037 1962 1963
1 4 1000 1925 1926 1963
1 4 1000 1962 1925 1963
1 4 1001 1002 1039 1964
1 4 1001 1927 1002 1964
1 4 1001 1039 1038 1964
1 4 1001 1038 1963 1964
1 4 1001 1926 1927 1964
1 4 1001 1963 1926 1964
1 4 1002 1003 1040 1965
1 4 1002 1928 1003 1965
1 4 1002 1040 1039 1965
1 4 1002 1039 1964 1965
1 4 1002 1927 1928 1965
1 4 1002 1964 1927 1965
1 4 1003 1004 1041 1966
1 4 1003 1929 1004 1966
1 4 1003 1041 1040 1966
1 4 1003 1040 1965 1966
1 4 1003 1928 1929 1966
1 4 1003 1965 1928 1966
1 4 1004 1005 1042 1967
1 4 1004 1930 1005 1967
1 4 1004 1042 1041 1967
1 4 1004 1041 1966 1967
1 4 1004 1929 1930 1967
1 4 1004 1966 1929 1967
1 4 1005 1006 1043 1968
1 4 1005 1931 1006 1968
1 4 1005 1043 1042 1968
1 4 1005 1042 1967 1968
1 4 1005 1930 1931 1968
1 4 1005 1967 1930 1968
1 4 1006 1007 1044 1969
1 4 1006 1932 1007 1969
1 4 1006 1044 1043 1969
1 4 1006 1043 1968 1969
1 4 1006 1931 1932 1969
1 4 1006 1968 1931 1969
1 4 1007 1008 1045 1970
1 4 1007 1933 1008 1970
1 4 1007 1045 1044 1970
1 4 1007 1044 1969 1970
1 4 1007 1932 1933 1970
1 4 1007 1969 1932 1970
1 4 1008 1009 1046 1971
1 4 1008 1934 1009 1971
1 4 1008 1046 1045 1971
1 4 1008 1045 1970 1971
1 4 1008 1933 1934 1971
1 4 1008 1970 1933 1971
1 4 1009 1010 1047 1972
1 4 1009 1935 1010 1972
1 4 1009 1047 1046 1972
1 4 1009 1046 1971 1972
1 4 1009 1934 1935 1972
1 4 1009 1971 1934 1972
1 4 1010 1011 1048 1973
1 4 1010 1936 1011 1973
1 4 1010 1048 1047 1973
1 4 1010 1047 1972 1973
1 4 1010 1935 1936 1973
1 4 1010 1972 1935 1973
1 4 1011 1012 1049 1974
1 4 1011 1937 1012 1974
1 4 1011 1049 1048 1974
1 4 1011 1048 1973 1974
1 4 1011 1936 1937 1974
1 4 1011 1973 1936 1974
1 4 1012 1013 1050 1975
1 4 1012 1938 1013 1975
1 4 1012 1050 1049 1975
1 4 1012 1049 1974 1975
1 4 1012 1937 1938 1975
1 4 1012 1974 1937 1975
1 4 1013 1014 1051 1976
1 4 1013 1939 1014 1976
1 4 1013 1051 1050 1976
1 4 1013 1050 1975 1976
1 4 1013 1938 1939 1976
1 4 1013 1975 1938 1976
1 4 1014 1015 1052 1977
1 4 1014 1940 1015 1977
1 4 1014 1052 1051 1977
1 4 1014 1051 1976 1977
1 4 1014 1939 1940 1977
1 4 1014 1976 1939 1977
1 4 1015 1016 1053 1978
1 4 1015 1941 1016 1978
1 4 1015 1053 1052 1978
1 4 1015 1052 1977 1978
1 4 1015 1940 1941 1978
1 4 1015 1977 1940 1978
1 4 1016 1017 1054 1979
1 4 1016 1942 1017 1979
1 4 1016 1054 1053 1979
1 4 1016 1053 1978 1979
1 4 1016 1941 1942 1979
1 4 1016 1978 1941 1979
1 4 1017 1018 1055 1980
1 4 1017 1943 1018 1980
1 4 1017 1055 1054 1980
1 4 1017 1054 1979 1980
1 4 1017 1942 1943 1980
1 4 1017 1979 1942 1980
1 4 1018 1019 1056 1981
1 4 1018 1944 1019 1981
1 4 1018 1056 1055 1981
1 4 1018 1055 1980 1981
1 4 1018 1943 1944 1981
1 4 1018 1980 1943 1981
1 4 1019 1020 1057 1982
1 4 1019 1945 1020 1982
1 4 1019 1057 1056 1982
1 4 1019 1056 1981 1982
1 4 1019 1944 1945 1982
1 4 1019 1981 1944 1982
1 4 1020 1021 1058 1983
1 4 1020 1946 1021 1983
1 4 1020 1058 1057 1983
1 4 1020 1057 1982 1983
1 4 1020 1945 1946 1983
1 4 1020 1982 1945 1983
1 4 1021 1022 1059 1984
1 4 1021 1947 1022 1984
1 4 1021 1059 1058 1984
1 4 1021 1058 1983 1984
1 4 1021 1946 1947 1984
1 4 1021 1983 1946 1984
1 4 1022 1023 1060 1985
1 4 1022 1948 1023 1985
1 4 1022 1060 1059 1985
1 4 1022 1059 1984 1985
1 4 1022 1947 1948 1985
1 4 1022 1984 1947 1985
1 4 1023 1024 1061 1986
1 4 1023 1949 1024 1986
1 4 1023 1061 1060 1986
1 4 1023 1060 1985 1986
1 4 1023 1948 1949 1986
1 4 1023 1985 1948 1986
1 4 1024 1025 1062 1987
1 4 1024 1950 1025 1987
1 4 1024 1062 1061 1987
1 4 1024 1061 1986 1987
1 4 1024 1949 1950 1987
1 4 1024 1986 1949 1987
1 4 1025 1026 1063 1988
1 4 1025 1951 1026 1988
1 4 1025 1063 1062 1988
1 4 1025 1062 1987 1988
1 4 1025 1950 1951 1988
1 4 1025 1987 1950 1988
1 4 1026 1027 1064 1989
1 4 1026 1952 1027 1989
1 4 1026 1064 1063 1989
1 4 1026 1063 1988 1989
1 4 1026 1951 1952 1989
1 4 1026 1988 1951 1989
1 4 1027 1028 1065 1990
1 4 1027 1953 1028 1990
1 4 1027 1065 1064 1990
1 4 1027 1064 1989 1990
1 4 1027 1952 1953 1990
1 4 1027 1989 1952 1990
1 4 1028 1029 1066 1991
1 4 1028 1954 1029 1991
1 4 1028 1066 1065 1991
1 4 1028 1065 1990 1991
1 4 1028 1953 1954 1991
1 4 1028 1990 1953 1991
1 4 1029 1030 1067 1992
1 4 1029 1955 1030 1992
1 4 1029 1067 1066 1992
1 4 1029 1066 1991 1992
1 4 1029 1954 1955 1992
1 4 1029 1991 1954 1992
1 4 1030 1031 1068 1993
1 4 1030 1956 1031 1993
1 4 1030 1068 1067 1993
1 4 1030 1067 1992 1993
1 4 1030 1955 1956 1993
1 4 1030 1992 1955 1993
1 4 1031 1032 1069 1994
1 4 1031 1957 1032 1994
1 4 1031 1069 1068 1994
1 4 1031 1068 1993 1994
1 4 1031 1956 1957 1994
1 4 1031 1993 1956 1994
1 4 1032 1033 1070 1995
1 4 1032 1958 1033 1995
1 4 1032 1070 1069 1995
1 4 1032 1069 1994 1995
1 4 1032 1957 1958 1995
1 4 1032 1994 1957 1995
1 4 1033 1034 1071 1996
1 4 1033 1959 1034 1996
1 4 1033 1071 1070 1996
1 4 1033 1070 1995 1996
1 4 1033 1958 1959 1996
1 4 1033 1995 1958 1996
1 4 1034 1035 1072 1997
1 4 1034 1960 1035 1997
1 4 1034 1072 1071 1997
1 4 1034 1071 1996 1997
1 4 1034 1959 1960 1997
1 4 1034 1996 1959 1997
1 4 1036 1037 1074 1999
1 4 1036 1962 1037 1999
1 4 1036 1074 1073 1999
1 4 1036 1073 1998 1999
1 4 1036 1961 1962 1999
1 4 1036 1998 1961 1999
1 4 1037 1038 1075 2000
1 4 1037 1963 1038 2000
1 4 1037 1075 1074 2000
1 4 1037 1074 1999 2000
1 4 1037 1962 1963 2000
1 4 1037 1999 1962 2000
1 4 1038 1039 1076 2001
1 4 1038 1964 1039 2001
1 4 1038 1076 1075 2001
1 4 1038 1075 2000 2001
1 4 1038 1963 1964 2001
1 4 1038 2000 1963 2001
1 4 1039 1040 1077 2002
1 4 1039 1965 1040 2002
1 4 1039 1077 1076 2002
1 4 1039 1076 2001 2002
1 4 1039 1964 1965 2002
1 4 1039 2001 1964 2002
1 4 1040 1041 1078 2003
1 4 1040 1966 1041 2003
1 4 1040 1078 1077 2003
1 4 1040 1077 2002 2003
1 4 1040 1965 1966 2003
1 4 1040 2002 1965 2003
1 4 1041 1042 1079 2004
1 4 1041 1967 1042 2004
1 4 1041 1079 1078 2004
1 4 1041 1078 2003 2004
1 4 1041 1966 1967 2004
1 4 1041 2003 1966 2004
1 4 1042 1043 1080 2005
1 4 1042 1968 1043 2005
1 4 1042 1080 1079 2005
1 4 1042 1079 2004 2005
1 4 1042 1967 1968 2005
1 4 1042 2004 1967 2005
1 4 1043 1044 1081 2006
1 4 1043 1969 1044 2006
1 4 1043 1081 1080 2006
1 4 1043 1080 2005 2006
1 4 1043 1968 1969 2006
1 4 1043 2005 1968 2006
1 4 1044 1045 1082 2007
1 4 1044 1970 1045 2007
1 4 1044 1082 1081 2007
1 4 1044 1081 2006 2007
1 4 1044 1969 1970 2007
1 4 1044 2006 1969 2007
1 4 1045 1046 1083 2008
1 4 1045 1971 1046 2008
1 4 1045 1083 1082 2008
1 4 1045 1082 2007 2008
1 4 1045 1970 1971 2008
1 4 1045 2007 1970 2008
1 4 1046 1047 1084 2009
1 4 1046 1972 1047 2009
1 4 1046 1084 1083 2009
1 4 1046 1083 2008 2009
1 4 1046 1971 1972 2009
1 4 1046 2008 1971 2009
1 4 1047 1048 1085 2010
1 4 1047 1973 1048 2010
1 4 1047 1085 1084 2010
1 4 1047 1084 2009 2010
1 4 1047 1972 1973 2010
1 4 1047 2009 1972 2010
1 4 1048 1049 1086 2011
1 4 1048 1974 1049 2011
1 4 1048 1086 1085 2011
1 4 1048 1085 2010 2011
1 4 1048 1973 1974 2011
1 4 1048 2010 1973 2011
1 4 1049 1050 1087 2012
1 4 1049 1975 1050 2012
1 4 1049 1087 1086 2012
1 4 1049 1086 2011 2012
1 4 1049 1974 1975 2012
1 4 1049 2011 1974 2012
1 4 1050 1051 1088 2013
1 4 1050 1976 1051 2013
1 4 1050 1088 1087 2013
1 4 1050 1087 2012 2013
1 4 1050 1975 1976 2013
1 4 1050 2012 1975 2013
1 4 1051 1052 1089 2014
1 4 1051 1977 1052 2014
1 4 1051 1089 1088 2014
1 4 1051 1088 2013 2014
1 4 1051 1976 1977 2014
1 4 1051 2013 1976 2014
1 4 1052 1053 1090 2015
1 4 1052 1978 1053 2015
1 4 1052 1090 1089 2015
1 4 1052 1089 2014 2015
1 4 1052 1977 1978 2015
1 4 1052 2014 1977 2015
1 4 1053 1054 1091 2016
1 4 1053 1979 1054 2016
1 4 1053 1091 1090 2016
1 4 1053 1090 2015 2016
1 4 1053 1978 1979 2016
1 4 1053 2015 1978 2016
1 4 1054 1055 1092 2017
1 4 1054 1980 1055 2017
1 4 1054 1092 1091 2017
1 4 1054 1091 2016 2017
1 4 1054 1979 1980 2017
1 4 1054 2016 1979 2017
1 4 1055 1056 1093 2018
1 4 1055 1981 1056 2018
1 4 1055 1093 1092 2018
1 4 1055 1092 2017 2018
1 4 1055 1980 1981 2018
1 4 1055 2017 1980 2018
1 4 1056 1057 1094 2019
1 4 1056 1982 1057 2019
1 4 1056 1094 1093 2019
1 4 1056 1093 2018 2019
1 4 1056 1981 1982 2019
1 4 1056 2018 1981 2019
1 4 1057 1058 1095 2020
1 4 1057 1983 1058 2020
1 4 1057 1095 1094 2020
1 4 1057 1094 2019 2020
1 4 1057 1982 1983 2020
1 4 1057 2019 1982 2020
1 4 1058 1059 1096 2021
1 4 1058 1984 1059 2021
1 4 1058 1096 1095 2021
1 4 1058 1095 2020 2021
1 4 1058 1983 1984 2021
1 4 1058 2020 1983 2021
1 4 1059 1060 1097 2022
1 4 1059 1985 1060 2022
1 4 1059 1097 1096 2022
1 4 1059 1096 2021 2022
1 4 1059 1984 1985 2022
1 4 1059 2021 1984 2022
1 4 1060 1061 1098 2023
1 4 1060 1986 1061 2023
1 4 1060 1098 1097 2023
1 4 1060 1097 2022 2023
1 4 1060 1985 1986 2023
1 4 1060 2022 1985 2023
1 4 1061 1062 1099 2024
1 4 1061 1987 1062 2024
1 4 1061 1099 1098 2024
1 4 1061 1098 2023 2024
1 4 1061 1986 1987 2024
1 4 1061 2023 1986 2024
1 4 1062 1063 1100 2025
1 4 1062 1988 1063 2025
1 4 1062 1100 1099 2025
1 4 1062 1099 2024 2025
1 4 1062 1987 1988 2025
1 4 1062 2024 1987 2025
1 4 1063 1064 1101 2026
1 4 1063 1989 1064 2026
1 4 1063 1101 1100 2026
1 4 1063 1100 2025 2026
1 4 1063 1988 1989 2026
1 4 1063 2025 1988 2026
1 4 1064 1065 1102 2027
1 4 1064 1990 1065 2027
1 4 1064 1102 1101 2027
1 4 1064 1101 2026 2027
1 4 1064 1989 1990 2027
1 4 1064 2026 1989 2027
1 4 1065 1066 1103 2028
1 4 1065 1991 1066 2028
1 4 1065 1103 1102 2028
1 4 1065 1102 2027 2028
1 4 1065 1990 1991 2028
1 4 1065 2027 1990 2028
1 4 1066 1067 1104 2029
1 4 1066 1992 1067 2029
1 4 1066 1104 1103 2029
1 4 1066 1103 2028 2029
1 4 1066 1991 1992 2029
1 4 1066 2028 1991 2029
1 4 1067 1068 1105 2030
1 4 1067 1993 1068 2030
1 4 1067 1105 1104 2030
1 4 1067 1104 2029 2030
1 4 1067 1992 1993 2030
1 4 1067 2029 1992 2030
1 4 1068 1069 1106 2031
1 4 1068 1994 1069 2031
1 4 1068 1106 1105 2031
1 4 1068 1105 2030 2031
1 4 1068 1993 1994 2031
1 4 1068 2030 1993 2031
1 4 1069 1070 1107 2032
1 4 1069 1995 1070 2032
1 4 1069 1107 1106 2032
1 4 1069 1106 2031 2032
1 4 1069 1994 1995 2032
1 4 1069 2031 1994 2032
1 4 1070 1071 1108 2033
1 4 1070 1996 1071 2033
1 4 1070 1108 1107 2033
1 4 1070 1107 2032 2033
1 4 1070 1995 1996 2033
1 4 1070 2032 1995 2033
1 4 1071 1072 1109 2034
1 4 1071 1997 1072 2034
1 4 1071 1109 1108 2034
1 4 1071 1108 2033 2034
1 4 1071 1996 1997 2034
1 4 1071 2033 1996 2034
1 4 1073 1074 1111 2036
1 4 1073 1999 1074 2036
1 4 1073 1111 1110 2036
1 4 1073 1110 2035 2036
1 4 1073 1998 1999 2036
1 4 1073 2035 1998 2036
1 4 1074 1075 1112 2037
1 4 1074 2000 1075 2037
1 4 1074 1112 1111 2037
1 4 1074 1111 2036 2037
1 4 1074 1999 2000 2037
1 4 1074 2036 1999 2037
1 4 1075 1076 1113 2038
1 4 1075 2001 1076 2038
1 4 1075 1113 1112 2038
1 4 1075 1112 2037 2038
1 4 1075 2000 2001 2038
1 4 1075 2037 2000 2038
1 4 1076 1077 1114 2039
1 4 1076 2002 1077 2039
1 4 1076 1114 1113 2039
1 4 1076 1113 2038 2039
1 4 1076 2001 2002 2039
1 4 1076 2038 2001 2039
1 4 1077 1078 1115 2040
1 4 1077 2003 1078 2040
1 4 1077 1115 1114 2040
1 4 1077 1114 2039 2040
1 4 1077 2002 2003 2040
1 4 1077 2039 2002 2040
1 4 1078 1079 1116 2041
1 4 1078 2004 1079 2041
1 4 1078 1116 1115 2041
1 4 1078 1115 2040 2041
1 4 1078 2003 2004 2041
1 4 1078 2040 2003 2041
1 4 1079 1080 1117 2042
1 4 1079 2005 1080 2042
1 4 1079 1117 1116 2042
1 4 1079 1116 2041 2042
1 4 1079 2004 2005 2042
1 4 1079 2041 2004 2042
1 4 1080 1081 1118 2043
1 4 1080 2006 1081 2043
1 4 1080 1118 1117 2043
1 4 1080 1117 2042 2043
1 4 1080 2005 2006 2043
1 4 1080 2042 2005 2043
1 4 1081 1082 1119 2044
1 4 1081 2007 1082 2044
1 4 1081 1119 1118 2044
1 4 1081 1118 2043 2044
1 4 1081 2006 2007 2044
1 4 1081 2043 2006 2044
1 4 1082 1083 1120 2045
1 4 1082 2008 1083 2045
1 4 1082 1120 1119 2045
1 4 1082 1119 2044 2045
1 4 1082 2007 2008 2045
1 4 1082 2044 2007 2045
1 4 1083 1084 1121 2046
1 4 1083 2009 1084 2046
1 4 1083 1121 1120 2046
1 4 1083 1120 2045 2046
1 4 1083 2008 2009 2046
1 4 1083 2045 2008 2046
1 4 1084 1085 1122 2047
1 4 1084 2010 1085 2047
1 4 1084 1122 1121 2047
1 4 1084 1121 2046 2047
1 4 1084 2009 2010 2047
1 4 1084 2046 2009 2047
1 4 1085 1086 1123 2048
1 4 1085 2011 1086 2048
1 4 1085 1123 1122 2048
1 4 1085 1122 2047 2048
1 4 1085 2010 2011 2048
1 4 1085 2047 2010 2048
1 4 1086 1087 1124 2049
1 4 1086 2012 1087 2049
1 4 1086 1124 1123 2049
1 4 1086 1123 2048 2049
1 4 1086 2011 2012 2049
1 4 1086 2048 2011 2049
1 4 1087 1088 1125 2050
1 4 1087 2013 1088 2050
1 4 1087 1125 1124 2050
1 4 1087 1124 2049 2050
1 4 1087 2012 2013 2050
1 4 1087 2049 2012 2050
1 4 1088 1089 1126 2051
1 4 1088 2014 1089 2051
1 4 1088 1126 1125 2051
1 4 1088 1125 2050 2051
1 4 1088 2013 2014 2051
1 4 1088 2050 2013 2051
1 4 1089 1090 1127 2052
1 4 1089 2015 1090 2052
1 4 1089 1127 1126 2052
1 4 1089 1126 2051 2052
1 4 1089 2014 2015 2052
1 4 1089 2051 2014 2052
1 4 1090 1091 1128 2053
1 4 1090 2016 1091 2053
1 4 1090 1128 1127 2053
1 4 1090 1127 2052 2053
1 4 1090 2015 2016 2053
1 4 1090 2052 2015 2053
1 4 1091 1092 1129 2054
1 4 1091 2017 1092 2054
1 4 1091 1129 1128 2054
1 4 1091 1128 2053 2054
1 4 1091 2016 2017 2054
1 4 1091 2053 2016 2054
1 4 1092 1093 1130 2055
1 4 1092 2018 1093 2055
1 4 1092 1130 1129 2055
1 4 1092 1129 2054 2055
1 4 1092 2017 2018 2055
1 4 1092 2054 2017 2055
1 4 1093 1094 1131 2056
1 4 1093 2019 1094 2056
1 4 1093 1131 1130 2056
1 4 1093 1130 2055 2056
1 4 1093 2018 2019 2056
1 4 1093 2055 2018 2056
1 4 1094 1095 1132 2057
1 4 1094 2020 1095 2057
1 4 1094 1132 1131 2057
1 4 1094 1131 2056 2057
1 4 1094 2019 2020 2057
1 4 1094 2056 2019 2057
1 4 1095 1096 1133 2058
1 4 1095 2021 1096 2058
1 4 1095 1133 1132 2058
1 4 1095 1132 2057 2058
1 4 1095 2020 2021 2058
1 4 1095 2057 2020 2058
1 4 1096 1097 1134 2059
1 4 1096 2022 1097 2059
1 4 1096 1134 1133 2059
1 4 1096 1133 2058 2059
1 4 1096 2021 2022 2059
1 4 1096 2058 2021 2059
1 4 1097 1098 1135 2060
1 4 1097 2023 1098 2060
1 4 1097 1135 1134 2060
1 4 1097 1134 2059 2060
1 4 1097 2022 2023 2060
1 4 1097 2059 2022 2060
1 4 1098 1099 1136 2061
1 4 1098 2024 1099 2061
1 4 1098 1136 1135 2061
1 4 1098 1135 2060 2061
1 4 1098 2023 2024 2061
1 4 1098 2060 2023 2061
1 4 1099 1100 1137 2062
1 4 1099 2025 1100 2062
1 4 1099 1137 1136 2062
1 4 1099 1136 2061 2062
1 4 1099 2024 2025 2062
1 4 1099 2061 2024 2062
1 4 1100 1101 1138 2063
1 4 1100 2026 1101 2063
1 4 1100 1138 1137 2063
1 4 1100 1137 2062 2063
1 4 1100 2025 2026 2063
1 4 1100 2062 2025 2063
1 4 1101 1102 1139 2064
1 4 1101 2027 1102 2064
1 4 1101 1139 1138 2064
1 4 1101 1138 2063 2064
1 4 1101 2026 2027 2064
1 4 1101 2063 2026 2064
1 4 1102 1103 1140 2065
1 4 1102 2028 1103 2065
1 4 1102 1140 1139 2065
1 4 1102 1139 2064 2065
1 4 1102 2027 2028 2065
1 4 1102 2064 2027 2065
1 4 1103 1104 1141 2066
1 4 1103 2029 1104 2066
1 4 1103 1141 1140 2066
1 4 1103 1140 2065 2066
1 4 1103 2028 2029 2066
1 4 1103 2065 2028 2066
1 4 1104 1105 1142 2067
1 4 1104 2030 1105 2067
1 4 1104 1142 1141 2067
1 4 1104 1141 2066 2067
1 4 1104 2029 2030 2067
1 4 1104 2066 2029 2067
1 4 1105 1106 1143 2068
1 4 1105 2031 1106 2068
1 4 1105 1143 1142 2068
1 4 1105 1142 2067 2068
1 4 1105 2030 2031 2068
1 4 1105 2067 2030 2068
1 4 1106 1107 1144 2069
1 4 1106 2032 1107 2069
1 4 1106 1144 1143 2069
1 4 1106 1143 2068 2069
1 4 1106 2031 2032 2069
1 4 1106 2068 2031 2069
1 4 1107 1108 1145 2070
1 4 1107 2033 1108 2070
1 4 1107 1145 1144 2070
1 4 1107 1144 2069 2070
1 4 1107 2032 2033 2070
1 4 1107 2069 2032 2070
1 4 1108 1109 1146 2071
1 4 1108 2034 1109 2071
1 4 1108 1146 1145 2071
1 4 1108 1145 2070 2071
1 4 1108 2033 2034 2071
1 4 1108 2070 2033 2071
1 4 1110 1111 1148 2073
1 4 1110 2036 1111 2073
1 4 1110 1148 1147 2073
1 4 1110 1147 2072 2073
1 4 1110 2035 2036 2073
1 4 1110 2072 2035 2073
1 4 1111 1112 1149 2074
1 4 1111 2037 1112 2074
1 4 1111 1149 1148 2074
1 4 1111 1148 2073 2074
1 4 1111 2036 2037 2074
1 4 1111 2073 2036 2074
1 4 1112 1113 1150 2075
1 4 1112 2038 1113 2075
1 4 1112 1150 1149 2075
1 4 1112 1149 2074 2075
1 4 1112 2037 2038 2075
1 4 1112 2074 2037 2075
1 4 1113 1114 1151 2076
1 4 1113 2039 1114 2076
1 4 1113 1151 1150 2076
1 4 1113 1150 2075 2076
1 4 1113 2038 2039 2076
1 4 1113 2075 2038 2076
1 4 1114 1115 1152 2077
1 4 1114 2040 1115 2077
1 4 1114 1152 1151 2077
1 4 1114 1151 2076 2077
1 4 1114 2039 2040 2077
1 4 1114 2076 2039 2077
1 4 1115 1116 1153 2078
1 4 1115 2041 1116 2078
1 4 1115 1153 1152 2078
1 4 1115 1152 2077 2078
1 4 1115 2040 2041 2078
1 4 1115 2077 2040 2078
1 4 1116 1117 1154 2079
1 4 1116 2042 1117 2079
1 4 1116 1154 1153 2079
1 4 1116 1153 2078 2079
1 4 1116 2041 2042 2079
1 4 1116 2078 2041 2079
1 4 1117 1118 1155 2080
1 4 1117 2043 1118 2080
1 4 1117 1155 1154 2080
1 4 1117 1154 2079 2080
1 4 1117 2042 2043 2080
1 4 1117 2079 2042 2080
1 4 1118 1119 1156 2081
1 4 1118 2044 1119 2081
1 4 1118 1156 1155 2081
1 4 1118 1155 2080 2081
1 4 1118 2043 2044 2081
1 4 1118 2080 2043 2081
1 4 1119 1120 1157 2082
1 4 1119 2045 1120 2082
1 4 1119 1157 1156 2082
1 4 1119 1156 2081 2082
1 4 1119 2044 2045 2082
1 4 1119 2081 2044 2082
1 4 1120 1121 1158 2083
1 4 1120 2046 1121 2083
1 4 1120 1158 1157 2083
1 4 1120 1157 2082 2083
1 4 1120 2045 2046 2083
1 4 1120 2082 2045 2083
1 4 1121 1122 1159 2084
1 4 1121 2047 1122 2084
1 4 1121 1159 1158 2084
1 4 1121 1158 2083 2084
1 4 1121 2046 2047 2084
1 4 1121 2083 2046 2084
1 4 1122 1123 1160 2085
1 4 1122 2048 1123 2085
1 4 1122 1160 1159 2085
1 4 1122 1159 2084 2085
1 4 1122 2047 2048 2085
1 4 1122 2084 2047 2085
1 4 1123 1124 1161 2086
1 4 1123 2049 1124 2086
1 4 1123 1161 1160 2086
1 4 1123 1160 2085 2086
1 4 1123 2048 2049 2086
1 4 1123 2085 2048 2086
1 4 1124 1125 1162 2087
1 4 1124 2050 1125 2087
1 4 1124 1162 1161 2087
1 4 1124 1161 2086 2087
1 4 1124 2049 2050 2087
1 4 1124 2086 2049 2087
1 4 1125 1126 1163 2088
1 4 1125 2051 1126 2088
1 4 1125 1163 1162 2088
1 4 1125 1162 2087 2088
1 4 1125 2050 2051 2088
1 4 1125 2087 2050 2088
1 4 1126 1127 1164 2089
1 4 1126 2052 1127 2089
1 4 1126 1164 1163 2089
1 4 1126 1163 2088 2089
1 4 1126 2051 2052 2089
1 4 1126 2088 2051 2089
1 4 1127 1128 1165 2090
1 4 1127 2053 1128 2090
1 4 1127 1165 1164 2090
1 4 1127 1164 2089 2090
1 4 1127 2052 2053 2090
1 4 1127 2089 2052 2090
1 4 1128 1129 1166 2091
1 4 1128 2054 1129 2091
1 4 1128 1166 1165 2091
1 4 1128 1165 2090 2091
1 4 1128 2053 2054 2091
1 4 1128 2090 2053 2091
1 4 1129 1130 1167 2092
1 4 1129 2055 1130 2092
1 4 1129 1167 1166 2092
1 4 1129 1166 2091 2092
1 4 1129 2054 2055 2092
1 4 1129 2091 2054 2092
1 4 1130 1131 1168 2093
1 4 1130 2056 1131 2093
1 4 1130 1168 1167 2093
1 4 1130 1167 2092 2093
1 4 1130 2055 2056 2093
1 4 1130 2092 2055 2093
1 4 1131 1132 1169 2094
1 4 1131 2057 1132 2094
1 4 1131 1169 1168 2094
1 4 1131 1168 2093 2094
1 4 1131 2056 2057 2094
1 4 1131 2093 2056 2094
1 4 1132 1133 1170 2095
1 4 1132 2058 1133 2095
1 4 1132 1170 1169 2095
1 4 1132 1169 2094 2095
1 4 1132 2057 2058 2095
1 4 1132 2094 2057 2095
1 4 1133 1134 1171 2096
1 4 1133 2059 1134 2096
1 4 1133 1171 1170 2096
1 4 1133 1170 2095 2096
1 4 1133 2058 2059 2096
1 4 1133 2095 2058 2096
1 4 1134 1135 1172 2097
1 4 1134 2060 1135 2097
1 4 1134 1172 1171 2097
1 4 1134 1171 2096 2097
1 4 1134 2059 2060 2097
1 4 1134 2096 2059 2097
1 4 1135 1136 1173 2098
1 4 1135 2061 1136 2098
1 4 1135 1173 1172 2098
1 4 1135 1172 2097 2098
1 4 1135 2060 2061 2098
1 4 1135 2097 2060 2098
1 4 1136 1137 1174 2099
1 4 1136 2062 1137 2099
1 4 1136 1174 1173 2099
1 4 1136 1173 2098 2099
1 4 1136 2061 2062 2099
1 4 1136 2098 2061 2099
1 4 1137 1138 1175 2100
1 4 1137 2063 1138 2100
1 4 1137 1175 1174 2100
1 4 1137 1174 2099 2100
1 4 1137 2062 2063 2100
1 4 1137 2099 2062 2100
1 4 1138 1139 1176 2101
1 4 1138 2064 1139 2101
1 4 1138 1176 1175 2101
1 4 1138 1175 2100 2101
1 4 1138 2063 2064 2101
1 4 1138 2100 2063 2101
1 4 1139 1140 1177 2102
1 4 1139 2065 1140 2102
1 4 1139 1177 1176 2102
1 4 1139 1176 2101 2102
1 4 1139 2064 2065 2102
1 4 1139 2101 2064 2102
1 4 1140 1141 1178 2103
1 4 1140 2066 1141 2103
1 4 1140 1178 1177 2103
1 4 1140 1177 2102 2103
1 4 1140 2065 2066 2103
1 4 1140 2102 2065 2103
1 4 1141 1142 1179 2104
1 4 1141 2067 1142 2104
1 4 1141 1179 1178 2104
1 4 1141 1178 2103 2104
1 4 1141 2066 2067 2104
1 4 1141 2103 2066 2104
1 4 1142 1143 1180 2105
1 4 1142 2068 1143 2105
1 4 1142 1180 1179 2105
1 4 1142 1179 2104 2105
1 4 1142 2067 2068 2105
1 4 1142 2104 2067 2105
1 4 1143 1144 1181 2106
1 4 1143 2069 1144 2106
1 4 1143 1181 1180 2106
1 4 1143 1180 2105 2106
1 4 1143 2068 2069 2106
1 4 1143 2105 2068 2106
1 4 1144 1145 1182 2107
1 4 1144 2070 1145 2107
1 4 1144 1182 1181 2107
1 4 1144 1181 2106 2107
1 4 1144 2069 2070 2107
1 4 1144 2106 2069 2107
1 4 1145 1146 1183 2108
1 4 1145 2071 1146 2108
1 4 1145 1183 1182 2108
1 4 1145 1182 2107 2108
1 4 1145 2070 2071 2108
1 4 1145 2107 2070 2108
1 4 1147 1148 1185 2110
1 4 1147 2073 1148 2110
1 4 1147 1185 1184 2110
1 4 1147 1184 2109 2110
1 4 1147 2072 2073 2110
1 4 1147 2109 2072 2110
1 4 1148 1149 1186 2111
1 4 1148 2074 1149 2111
1 4 1148 1186 1185 2111
1 4 1148 1185 2110 2111
1 4 1148 2073 2074 2111
1 4 1148 2110 2073 2111
1 4 1149 1150 1187 2112
1 4 1149 2075 1150 2112
1 4 1149 1187 1186 2112
1 4 1149 1186 2111 2112
1 4 1149 2074 2075 2112
1 4 1149 2111 2074 2112
1 4 1150 1151 1188 2113
1 4 1150 2076 1151 2113
1 4 1150 1188 1187 2113
1 4 1150 1187 2112 2113
1 4 1150 2075 2076 2113
1 4 1150 2112 2075 2113
1 4 1151 1152 1189 2114
1 4 1151 2077 1152 2114
1 4 1151 1189 1188 2114
1 4 1151 1188 2113 2114
1 4 1151 2076 2077 2114
1 4 1151 2113 2076 2114
1 4 1152 1153 1190 2115
1 4 1152 2078 1153 2115
1 4 1152 1190 1189 2115
1 4 1152 1189 2114 2115
1 4 1152 2077 2078 2115
1 4 1152 2114 2077 2115
1 4 1153 1154 1191 2116
1 4 1153 2079 1154 2116
1 4 1153 1191 1190 2116
1 4 1153 1190 2115 2116
1 4 1153 2078 2079 2116
1 4 1153 2115 2078 2116
1 4 1154 1155 1192 2117
1 4 1154 2080 1155 2117
1 4 1154 1192 1191 2117
1 4 1154 1191 2116 2117
1 4 1154 2079 2080 2117
1 4 1154 2116 2079 2117
1 4 1155 1156 1193 2118
1 4 1155 2081 1156 2118
1 4 1155 1193 1192 2118
1 4 1155 1192 2117 2118
1 4 1155 2080 2081 2118
1 4 1155 2117 2080 2118
1 4 1156 1157 1194 2119
1 4 1156 2082 1157 2119
1 4 1156 1194 1193 2119
1 4 1156 1193 2118 2119
1 4 1156 2081 2082 2119
1 4 1156 2118 2081 2119
1 4 1157 1158 1195 2120
1 4 1157 2083 1158 2120
1 4 1157 1195 1194 2120
1 4 1157 1194 2119 2120
1 4 1157 2082 2083 2120
1 4 1157 2119 2082 2120
1 4 1158 1159 1196 2121
1 4 1158 2084 1159 2121
1 4 1158 1196 1195 2121
1 4 1158 1195 2120 2121
1 4 1158 2083 2084 2121
1 4 1158 2120 2083 2121
1 4 1159 1160 1197 2122
1 4 1159 2085 1160 2122
1 4 1159 1197 1196 2122
1 4 1159 1196 2121 2122
1 4 1159 2084 2085 2122
1 4 1159 2121 2084 2122
1 4 1160 1161 1198 2123
1 4 1160 2086 1161 2123
1 4 1160 1198 1197 2123
1 4 1160 1197 2122 2123
1 4 1160 2085 2086 2123
1 4 1160 2122 2085 2123
1 4 1161 1162 1199 2124
1 4 1161 2087 1162 2124
1 4 1161 1199 1198 2124
1 4 1161 1198 2123 2124
1 4 1161 2086 2087 2124
1 4 1161 2123 2086 2124
1 4 1162 1163 1200 2125
1 4 1162 2088 1163 2125
1 4 1162 1200 1199 2125
1 4 1162 1199 2124 2125
1 4 1162 2087 2088 2125
1 4 1162 2124 2087 2125
1 4 1163 1164 1201 2126
1 4 1163 2089 1164 2126
1 4 1163 1201 1200 2126
1 4 1163 1200 2125 2126
1 4 1163 2088 2089 2126
1 4 1163 2125 2088 2126
1 4 1164 1165 1202 2127
1 4 1164 2090 1165 2127
1 4 1164 1202 1201 2127
1 4 1164 1201 2126 2127
1 4 1164 2089 2090 2127
1 4 1164 2126 2089 2127
1 4 1165 1166 1203 2128
1 4 1165 2091 1166 2128
1 4 1165 1203 1202 2128
1 4 1165 1202 2127 2128
1 4 1165 2090 2091 2128
1 4 1165 2127 2090 2128
1 4 1166 1167 1204 2129
1 4 1166 2092 1167 2129
1 4 1166 1204 1203 2129
1 4 1166 1203 2128 2129
1 4 1166 2091 2092 2129
1 4 1166 2128 2091 2129
1 4 1167 1168 1205 2130
1 4 1167 2093 1168 2130
1 4 1167 1205 1204 2130
1 4 1167 1204 2129 2130
1 4 1167 2092 2093 2130
1 4 1167 2129 2092 2130
1 4 1168 1169 1206 2131
1 4 1168 2094 1169 2131
1 4 1168 1206 1205 2131
1 4 1168 1205 2130 2131
1 4 1168 2093 2094 2131
1 4 1168 2130 2093 2131
1 4 1169 1170 1207 2132
1 4 1169 2095 1170 2132
1 4 1169 1207 1206 2132
1 4 1169 1206 2131 2132
1 4 1169 2094 2095 2132
1 4 1169 2131 2094 2132
1 4 1170 1171 1208 2133
1 4 1170 2096 1171 2133
1 4 1170 1208 1207 2133
1 4 1170 1207 2132 2133
1 4 1170 2095 2096 2133
1 4 1170 2132 2095 2133
1 4 1171 1172 1209 2134
1 4 1171 2097 1172 2134
1 4 1171 1209 1208 2134
1 4 1171 1208 2133 2134
1 4 1171 2096 2097 2134
1 4 1171 2133 2096 2134
1 4 1172 1173 1210 2135
1 4 1172 2098 1173 2135
1 4 1172 1210 1209 2135
1 4 1172 1209 2134 2135
1 4 1172 2097 2098 2135
1 4 1172 2134 2097 2135
1 4 1173 1174 1211 2136
1 4 1173 2099 1174 2136
1 4 1173 1211 1210 2136
1 4 1173 1210 2135 2136
1 4 1173 2098 2099 2136
1 4 1173 2135 2098 2136
1 4 1174 1175 1212 2137
1 4 1174 2100 1175 2137
1 4 1174 1212 1211 2137
1 4 1174 1211 2136 2137
1 4 1174 2099 2100 2137
1 4 1174 2136 2099 2137
1 4 1175 1176 1213 2138
1 4 1175 2101 1176 2138
1 4 1175 1213 1212 2138
1 4 1175 1212 2137 2138
1 4 1175 2100 2101 2138
1 4 1175 2137 2100 2138
1 4 1176 1177 1214 2139
1 4 1176 2102 1177 2139
1 4 1176 1214 1213 2139
1 4 1176 1213 2138 2139
1 4 1176 2101 2102 2139
1 4 1176 2138 2101 2139
1 4 1177 1178 1215 2140
1 4 1177 2103 1178 2140
1 4 1177 1215 1214 2140
1 4 1177 1214 2139 2140
1 4 1177 2102 2103 2140
1 4 1177 2139 2102 2140
1 4 1178 1179 1216 2141
1 4 1178 2104 1179 2141
1 4 1178 1216 1215 2141
1 4 1178 1215 2140 2141
1 4 1178 2103 2104 2141
1 4 1178 2140 2103 2141
1 4 1179 1180 1217 2142
1 4 1179 2105 1180 2142
1 4 1179 1217 1216 2142
1 4 1179 1216 2141 2142
1 4 1179 2104 2105 2142
1 4 1179 2141 2104 2142
1 4 1180 1181 1218 2143
1 4 1180 2106 1181 2143
1 4 1180 1218 1217 2143
1 4 1180 1217 2142 2143
1 4 1180 2105 2106 2143
1 4 1180 2142 2105 2143
1 4 1181 1182 1219 2144
1 4 1181 2107 1182 2144
1 4 1181 1219 1218 2144
1 4 1181 1218 2143 2144
1 4 1181 2106 2107 2144
1 4 1181 2143 2106 2144
1 4 1182 1183 1220 2145
1 4 1182 2108 1183 2145
1 4 1182 1220 1219 2145
1 4 1182 1219 2144 2145
1 4 1182 2107 2108 2145
1 4 1182 2144 2107 2145
1 4 1184 1185 1222 2147
1 4 1184 2110 1185 2147
1 4 1184 1222 1221 2147
1 4 1184 1221 2146 2147
1 4 1184 2109 2110 2147
1 4 1184 2146 2109 2147
1 4 1185 1186 1223 2148
1 4 1185 2111 1186 2148
1 4 1185 1223 1222 2148
1 4 1185 1222 2147 2148
1 4 1185 2110 2111 2148
1 4 1185 2147 2110 2148
1 4 1186 1187 1224 2149
1 4 1186 2112 1187 2149
1 4 1186 1224 1223 2149
1 4 1186 1223 2148 2149
1 4 1186 2111 2112 2149
1 4 1186 2148 2111 2149
1 4 1187 1188 1225 2150
1 4 1187 2113 1188 2150
1 4 1187 1225 1224 2150
1 4 1187 1224 2149 2150
1 4 1187 2112 2113 2150
1 4 1187 2149 2112 2150
1 4 1188 1189 1226 2151
1 4 1188 2114 1189 2151
1 4 1188 1226 1225 2151
1 4 1188 1225 2150 2151
1 4 1188 2113 2114 2151
1 4 1188 2150 2113 2151
1 4 1189 1190 1227 2152
1 4 1189 2115 1190 2152
1 4 1189 1227 1226 2152
1 4 1189 1226 2151 2152
1 4 1189 2114 2115 2152
1 4 1189 2151 2114 2152
1 4 1190 1191 1228 2153
1 4 1190 2116 1191 2153
1 4 1190 1228 1227 2153
1 4 1190 1227 2152 2153
1 4 1190 2115 2116 2153
1 4 1190 2152 2115 2153
1 4 1191 1192 1229 2154
1 4 1191 2117 1192 2154
1 4 1191 1229 1228 2154
1 4 1191 1228 2153 2154
1 4 1191 2116 2117 2154
1 4 1191 2153 2116 2154
1 4 1192 1193 1230 2155
1 4 1192 2118 1193 2155
1 4 1192 1230 1229 2155
1 4 1192 1229 2154 2155
1 4 1192 2117 2118 2155
1 4 1192 2154 2117 2155
1 4 1193 1194 1231 2156
1 4 1193 2119 1194 2156
1 4 1193 1231 1230 2156
1 4 1193 1230 2155 2156
1 4 1193 2118 2119 2156
1 4 1193 2155 2118 2156
1 4 1194 1195 1232 2157
1 4 1194 2120 1195 2157
1 4 1194 1232 1231 2157
1 4 1194 1231 2156 2157
1 4 1194 2119 2120 2157
1 4 1194 2156 2119 2157
1 4 1195 1196 1233 2158
1 4 1195 2121 1196 2158
1 4 1195 1233 1232 2158
1 4 1195 1232 2157 2158
1 4 1195 2120 2121 2158
1 4 1195 2157 2120 2158
1 4 1196 1197 1234 2159
1 4 1196 2122 1197 2159
1 4 1196 1234 1233 2159
1 4 1196 1233 2158 2159
1 4 1196 2121 2122 2159
1 4 1196 2158 2121 2159
1 4 1197 1198 1235 2160
1 4 1197 2123 1198 2160
1 4 1197 1235 1234 2160
1 4 1197 1234 2159 2160
1 4 1197 2122 2123 2160
1 4 1197 2159 2122 2160
1 4 1198 1199 1236 2161
1 4 1198 2124 1199 2161
1 4 1198 1236 1235 2161
1 4 1198 1235 2160 2161
1 4 1198 2123 2124 2161
1 4 1198 2160 2123 2161
1 4 1199 1200 1237 2162
1 4 1199 2125 1200 2162
1 4 1199 1237 1236 2162
1 4 1199 1236 2161 2162
1 4 1199 2124 2125 2162
1 4 1199 2161 2124 2162
1 4 1200 1201 1238 2163
1 4 1200 2126 1201 2163
1 4 1200 1238 1237 2163
1 4 1200 1237 2162 2163
1 4 1200 2125 2126 2163
1 4 1200 2162 2125 2163
1 4 1201 1202 1239 2164
1 4 1201 2127 1202 2164
1 4 1201 1239 1238 2164
1 4 1201 1238 2163 2164
1 4 1201 2126 2127 2164
1 4 1201 2163 2126 2164
1 4 1202 1203 1240 2165
1 4 1202 2128 1203 2165
1 4 1202 1240 1239 2165
1 4 1202 1239 2164 2165
1 4 1202 2127 2128 2165
1 4 1202 2164 2127 2165
1 4 1203 1204 1241 2166
1 4 1203 2129 1204 2166
1 4 1203 1241 1240 2166
1 4 1203 1240 2165 2166
1 4 1203 2128 2129 2166
1 4 1203 2165 2128 2166
1 4 1204 1205 1242 2167
1 4 1204 2130 1205 2167
1 4 1204 1242 1241 2167
1 4 1204 1241 2166 2167
1 4 1204 2129 2130 2167
1 4 1204 2166 2129 2167
1 4 1205 1206 1243 2168
1 4 1205 2131 1206 2168
1 4 1205 1243 1242 2168
1 4 1205 1242 2167 2168
1 4 1205 2130 2131 2168
1 4 1205 2167 2130 2168
1 4 1206 1207 1244 2169
1 4 1206 2132 1207 2169
1 4 1206 1244 1243 2169
1 4 1206 1243 2168 2169
1 4 1206 2131 2132 2169
1 4 1206 2168 2131 2169
1 4 1207 1208 1245 2170
1 4 1207 2133 1208 2170
1 4 1207 1245 1244 2170
1 4 1207 1244 2169 2170
1 4 1207 2132 2133 2170
1 4 1207 2169 2132 2170
1 4 1208 1209 1246 2171
1 4 1208 2134 1209 2171
1 4 1208 1246 1245 2171
1 4 1208 1245 2170 2171
1 4 1208 2133 2134 2171
1 4 1208 2170 2133 2171
1 4 1209 1210 1247 2172
1 4 1209 2135 1210 2172
1 4 1209 1247 1246 2172
1 4 1209 1246 2171 2172
1 4 1209 2134 2135 2172
1 4 1209 2171 2134 2172
1 4 1210 1211 1248 2173
1 4 1210 2136 1211 2173
1 4 1210 1248 1247 2173
1 4 1210 1247 2172 2173
1 4 1210 2135 2136 2173
1 4 1210 2172 2135 2173
1 4 1211 1212 1249 2174
1 4 1211 2137 1212 2174
1 4 1211 1249 1248 2174
1 4 1211 1248 2173 2174
1 4 1211 2136 2137 2174
1 4 1211 2173 2136 2174
1 4 1212 1213 1250 2175
1 4 1212 2138 1213 2175
1 4 1212 1250 1249 2175
1 4 1212 1249 2174 2175
1 4 1212 2137 2138 2175
1 4 1212 2174 2137 2175
1 4 1213 1214 1251 2176
1 4 1213 2139 1214 2176
1 4 1213 1251 1250 2176
1 4 1213 1250 2175 2176
1 4 1213 2138 2139 2176
1 4 1213 2175 2138 2176
1 4 1214 1215 1252 2177
1 4 1214 2140 1215 2177
1 4 1214 1252 1251 2177
1 4 1214 1251 2176 2177
1 4 1214 2139 2140 2177
1 4 1214 2176 2139 2177
1 4 1215 1216 1253 2178
1 4 1215 2141 1216 2178
1 4 1215 1253 1252 2178
1 4 1215 1252 2177 2178
1 4 1215 2140 2141 2178
1 4 1215 2177 2140 2178
1 4 1216 1217 1254 2179
1 4 1216 2142 1217 2179
1 4 1216 1254 1253 2179
1 4 1216 1253 2178 2179
1 4 1216 2141 2142 2179
1 4 1216 2178 2141 2179
1 4 1217 1218 1255 2180
1 4 1217 2143 1218 2180
1 4 1217 1255 1254 2180
1 4 1217 1254 2179 2180
1 4 1217 2142 2143 2180
1 4 1217 2179 2142 2180
1 4 1218 1219 1256 2181
1 4 1218 2144 1219 2181
1 4 1218 1256 1255 2181
1 4 1218 1255 2180 2181
1 4 1218 2143 2144 2181
1 4 1218 2180 2143 2181
1 4 1219 1220 1257 2182
1 4 1219 2145 1220 2182
1 4 1219 1257 1256 2182
1 4 1219 1256 2181 2182
1 4 1219 2144 2145 2182
1 4 1219 2181 2144 2182
1 4 1221 1222 1259 2184
1 4 1221 2147 1222 2184
1 4 1221 1259 1258 2184
1 4 1221 1258 2183 2184
1 4 1221 2146 2147 2184
1 4 1221 2183 2146 2184
1 4 1222 1223 1260 2185
1 4 1222 2148 1223 2185
1 4 1222 1260 1259 2185
1 4 1222 1259 2184 2185
1 4 1222 2147 2148 2185
1 4 1222 2184 2147 2185
1 4 1223 1224 1261 2186
1 4 1223 2149 1224 2186
1 4 1223 1261 1260 2186
1 4 1223 1260 2185 2186
1 4 1223 2148 2149 2186
1 4 1223 2185 2148 2186
1 4 1224 1225 1262 2187
1 4 1224 2150 1225 2187
1 4 1224 1262 1261 2187
1 4 1224 1261 2186 2187
1 4 1224 2149 2150 2187
1 4 1224 2186 2149 2187
1 4 1225 1226 1263 2188
1 4 1225 2151 1226 2188
1 4 1225 1263 1262 2188
1 4 1225 1262 2187 2188
1 4 1225 2150 2151 2188
1 4 1225 2187 2150 2188
1 4 1226 1227 1264 2189
1 4 1226 2152 1227 2189
1 4 1226 1264 1263 2189
1 4 1226 1263 2188 2189
1 4 1226 2151 2152 2189
1 4 1226 2188 2151 2189
1 4 1227 1228 1265 2190
1 4 1227 2153 1228 2190
1 4 1227 1265 1264 2190
1 4 1227 1264 2189 2190
1 4 1227 2152 2153 2190
1 4 1227 2189 2152 2190
1 4 1228 1229 1266 2191
1 4 1228 2154 1229 2191
1 4 1228 1266 1265 2191
1 4 1228 1265 2190 2191
1 4 1228 2153 2154 2191
1 4 1228 2190 2153 2191
1 4 1229 1230 1267 2192
1 4 1229 2155 1230 2192
1 4 1229 1267 1266 2192
1 4 1229 1266 2191 2192
1 4 1229 2154 2155 2192
1 4 1229 2191 2154 2192
1 4 1230 1231 1268 2193
1 4 1230 2156 1231 2193
1 4 1230 1268 1267 2193
1 4 1230 1267 2192 2193
1 4 1230 2155 2156 2193
1 4 1230 2192 2155 2193
1 4 1231 1232 1269 2194
1 4 1231 2157 1232 2194
1 4 1231 1269 1268 2194
1 4 1231 1268 2193 2194
1 4 1231 2156 2157 2194
1 4 1231 2193 2156 2194
1 4 1232 1233 1270 2195
1 4 1232 2158 1233 2195
1 4 1232 1270 1269 2195
1 4 1232 1269 2194 2195
1 4 1232 2157 2158 2195
1 4 1232 2194 2157 2195
1 4 1233 1234 1271 2196
1 4 1233 2159 1234 2196
1 4 1233 1271 1270 2196
1 4 1233 1270 2195 2196
1 4 1233 2158 2159 2196
1 4 1233 2195 2158 2196
1 4 1234 1235 1272 2197
1 4 1234 2160 1235 2197
1 4 1234 1272 1271 2197
1 4 1234 1271 2196 2197
1 4 1234 2159 2160 2197
1 4 1234 2196 2159 2197
1 4 1235 1236 1273 2198
1 4 1235 2161 1236 2198
1 4 1235 1273 1272 2198
1 4 1235 1272 2197 2198
1 4 1235 2160 2161 2198
1 4 1235 2197 2160 2198
1 4 1236 1237 1274 2199
1 4 1236 2162 1237 2199
1 4 1236 1274 1273 2199
1 4 1236 1273 2198 2199
1 4 1236 2161 2162 2199
1 4 1236 2198 2161 2199
1 4 1237 1238 1275 2200
1 4 1237 2163 1238 2200
1 4 1237 1275 1274 2200
1 4 1237 1274 2199 2200
1 4 1237 2162 2163 2200
1 4 1237 2199 2162 2200
1 4 1238 1239 1276 2201
1 4 1238 2164 1239 2201
1 4 1238 1276 1275 2201
1 4 1238 1275 2200 2201
1 4 1238 2163 2164 2201
1 4 1238 2200 2163 2201
1 4 1239 1240 1277 2202
1 4 1239 2165 1240 2202
1 4 1239 1277 1276 2202
1 4 1239 1276 2201 2202
1 4 1239 2164 2165 2202
1 4 1239 2201 2164 2202
1 4 1240 1241 1278 2203
1 4 1240 2166 1241 2203
1 4 1240 1278 1277 2203
1 4 1240 1277 2202 2203
1 4 1240 2165 2166 2203
1 4 1240 2202 2165 2203
1 4 1241 1242 1279 2204
1 4 1241 2167 1242 2204
1 4 1241 1279 1278 2204
1 4 1241 1278 2203 2204
1 4 1241 2166 2167 2204
1 4 1241 2203 2166 2204
1 4 1242 1243 1280 2205
1 4 1242 2168 1243 2205
1 4 1242 1280 1279 2205
1 4 1242 1279 2204 2205
1 4 1242 2167 2168 2205
1 4 1242 2204 2167 2205
1 4 1243 1244 1281 2206
1 4 1243 2169 1244 2206
1 4 1243 1281 1280 2206
1 4 1243 1280 2205 2206
1 4 1243 2168 2169 2206
1 4 1243 2205 2168 2206
1 4 1244 1245 1282 2207
1 4 1244 2170 1245 2207
1 4 1244 1282 1281 2207
1 4 1244 1281 2206 2207
1 4 1244 2169 2170 2207
1 4 1244 2206 2169 2207
1 4 1245 1246 1283 2208
1 4 1245 2171 1246 2208
1 4 1245 1283 1282 2208
1 4 1245 1282 2207 2208
1 4 1245 2170 2171 2208
1 4 1245 2207 2170 2208
1 4 1246 1247 1284 2209
1 4 1246 2172 1247 2209
1 4 1246 1284 1283 2209
1 4 1246 1283 2208 2209
1 4 1246 2171 2172 2209
1 4 1246 2208 2171 2209
1 4 1247 1248 1285 2210
1 4 1247 2173 1248 2210
1 4 1247 1285 1284 2210
1 4 1247 1284 2209 2210
1 4 1247 2172 2173 2210
1 4 1247 2209 2172 2210
1 4 1248 1249 1286 2211
1 4 1248 2174 1249 2211
1 4 1248 1286 1285 2211
1 4 1248 1285 2210 2211
1 4 1248 2173 2174 2211
1 4 1248 2210 2173 2211
1 4 1249 1250 1287 2212
1 4 1249 2175 1250 2212
1 4 1249 1287 1286 2212
1 4 1249 1286 2211 2212
1 4 1249 2174 2175 2212
1 4 1249 2211 2174 2212
1 4 1250 1251 1288 2213
1 4 1250 2176 1251 2213
1 4 1250 1288 1287 2213
1 4 1250 1287 2212 2213
1 4 1250 2175 2176 2213
1 4 1250 2212 2175 2213
1 4 1251 1252 1289 2214
1 4 1251 2177 1252 2214
1 4 1251 1289 1288 2214
1 4 1251 1288 2213 2214
1 4 1251 2176 2177 2214
1 4 1251 2213 2176 2214
1 4 1252 1253 1290 2215
1 4 1252 2178 1253 2215
1 4 1252 1290 1289 2215
1 4 1252 1289 2214 2215
1 4 1252 2177 2178 2215
1 4 1252 2214 2177 2215
1 4 1253 1254 1291 2216
1 4 1253 2179 1254 2216
1 4 1253 1291 1290 2216
1 4 1253 1290 2215 2216
1 4 1253 2178 2179 2216
1 4 1253 2215 2178 2216
1 4 1254 1255 1292 2217
1 4 1254 2180 1255 2217
1 4 1254 1292 1291 2217
1 4 1254 1291 2216 2217
1 4 1254 2179 2180 2217
1 4 1254 2216 2179 2217
1 4 1255 1256 1293 2218
1 4 1255 2181 1256 2218
1 4 1255 1293 1292 2218
1 4 1255 1292 2217 2218
1 4 1255 2180 2181 2218
1 4 1255 2217 2180 2218
1 4 1256 1257 1294 2219
1 4 1256 2182 1257 2219
1 4 1256 1294 1293 2219
1 4 1256 1293 2218 2219
1 4 1256 2181 2182 2219
1 4 1256 2218 2181 2219
1 4 1258 1259 1296 2221
1 4 1258 2184 1259 2221
1 4 1258 1296 1295 2221
1 4 1258 1295 2220 2221
1 4 1258 2183 2184 2221
1 4 1258 2220 2183 2221
1 4 1259 1260 1297 2222
1 4 1259 2185 1260 2222
1 4 1259 1297 1296 2222
1 4 1259 1296 2221 2222
1 4 1259 2184 2185 2222
1 4 1259 2221 2184 2222
1 4 1260 1261 1298 2223
1 4 1260 2186 1261 2223
1 4 1260 1298 1297 2223
1 4 1260 1297 2222 2223
1 4 1260 2185 2186 2223
1 4 1260 2222 2185 2223
1 4 1261 1262 1299 2224
1 4 1261 2187 1262 2224
1 4 1261 1299 1298 2224
1 4 1261 1298 2223 2224
1 4 1261 2186 2187 2224
1 4 1261 2223 2186 2224
1 4 1262 1263 1300 2225
1 4 1262 2188 1263 2225
1 4 1262 1300 1299 2225
1 4 1262 1299 2224 2225
1 4 1262 2187 2188 2225
1 4 1262 2224 2187 2225
1 4 1263 1264 1301 2226
1 4 1263 2189 1264 2226
1 4 1263 1301 1300 2226
1 4 1263 1300 2225 2226
1 4 1263 2188 2189 2226
1 4 1263 2225 2188 2226
1 4 1264 1265 1302 2227
1 4 1264 2190 1265 2227
1 4 1264 1302 1301 2227
1 4 1264 1301 2226 2227
1 4 1264 2189 2190 2227
1 4 1264 2226 2189 2227
1 4 1265 1266 1303 2228
1 4 1265 2191 1266 2228
1 4 1265 1303 1302 2228
1 4 1265 1302 2227 2228
1 4 1265 2190 2191 2228
1 4 1265 2227 2190 2228
1 4 1266 1267 1304 2229
1 4 1266 2192 1267 2229
1 4 1266 1304 1303 2229
1 4 1266 1303 2228 2229
1 4 1266 2191 2192 2229
1 4 1266 2228 2191 2229
1 4 1267 1268 1305 2230
1 4 1267 2193 1268 2230
1 4 1267 1305 1304 2230
1 4 1267 1304 2229 2230
1 4 1267 2192 2193 2230
1 4 1267 2229 2192 2230
1 4 1268 1269 1306 2231
1 4 1268 2194 1269 2231
1 4 1268 1306 1305 2231
1 4 1268 1305 2230 2231
1 4 1268 2193 2194 2231
1 4 1268 2230 2193 2231
1 4 1269 1270 1307 2232
1 4 1269 2195 1270 2232
1 4 1269 1307 1306 2232
1 4 1269 1306 2231 2232
1 4 1269 2194 2195 2232
1 4 1269 2231 2194 2232
1 4 1270 1271 1308 2233
1 4 1270 2196 1271 2233
1 4 1270 1308 1307 2233
1 4 1270 1307 2232 2233
1 4 1270 2195 2196 2233
1 4 1270 2232 2195 2233
1 4 1271 1272 1309 2234
1 4 1271 2197 1272 2234
1 4 1271 1309 1308 2234
1 4 1271 1308 2233 2234
1 4 1271 2196 2197 2234
1 4 1271 2233 2196 2234
1 4 1272 1273 1310 2235
1 4 1272 2198 1273 2235
1 4 1272 1310 1309 2235
1 4 1272 1309 2234 2235
1 4 1272 2197 2198 2235
1 4 1272 2234 2197 2235
1 4 1273 1274 1311 2236
1 4 1273 2199 1274 2236
1 4 1273 1311 1310 2236
1 4 1273 1310 2235 2236
1 4 1273 2198 2199 2236
1 4 1273 2235 2198 2236
1 4 1274 1275 1312 2237
1 4 1274 2200 1275 2237
1 4 1274 1312 1311 2237
1 4 1274 1311 2236 2237
1 4 1274 2199 2200 2237
1 4 1274 2236 2199 2237
1 4 1275 1276 1313 2238
1 4 1275 2201 1276 2238
1 4 1275 1313 1312 2238
1 4 1275 1312 2237 2238
1 4 1275 2200 2201 2238
1 4 1275 2237 2200 2238
1 4 1276 1277 1314 2239
1 4 1276 2202 1277 2239
1 4 1276 1314 1313 2239
1 4 1276 1313 2238 2239
1 4 1276 2201 2202 2239
1 4 1276 2238 2201 2239
1 4 1277 1278 1315 2240
1 4 1277 2203 1278 2240
1 4 1277 1315 1314 2240
1 4 1277 1314 2239 2240
1 4 1277 2202 2203 2240
1 4 1277 2239 2202 2240
1 4 1278 1279 1316 2241
1 4 1278 2204 1279 2241
1 4 1278 1316 1315 2241
1 4 1278 1315 2240 2241
1 4 1278 2203 2204 2241
1 4 1278 2240 2203 2241
1 4 1279 1280 1317 2242
1 4 1279 2205 1280 2242
1 4 1279 1317 1316 2242
1 4 1279 1316 2241 2242
1 4 1279 2204 2205 2242
1 4 1279 2241 2204 2242
1 4 1280 1281 1318 2243
1 4 1280 2206 1281 2243
1 4 1280 1318 1317 2243
1 4 1280 1317 2242 2243
1 4 1280 2205 2206 2243
1 4 1280 2242 2205 2243
1 4 1281 1282 1319 2244
1 4 1281 2207 1282 2244
1 4 1281 1319 1318 2244
1 4 1281 1318 2243 2244
1 4 1281 2206 2207 2244
1 4 1281 2243 2206 2244
1 4 1282 1283 1320 2245
1 4 1282 2208 1283 2245
1 4 1282 1320 1319 2245
1 4 1282 1319 2244 2245
1 4 1282 2207 2208 2245
1 4 1282 2244 2207 2245
1 4 1283 1284 1321 2246
1 4 1283 2209 1284 2246
1 4 1283 1321 1320 2246
1 4 1283 1320 2245 2246
1 4 1283 2208 2209 2246
1 4 1283 2245 2208 2246
1 4 1284 1285 1322 2247
1 4 1284 2210 1285 2247
1 4 1284 1322 1321 2247
1 4 1284 1321 2246 2247
1 4 1284 2209 2210 2247
1 4 1284 2246 2209 2247
1 4 1285 1286 1323 2248
1 4 1285 2211 1286 2248
1 4 1285 1323 1322 2248
1 4 1285 1322 2247 2248
1 4 1285 2210 2211 2248
1 4 1285 2247 2210 2248
1 4 1286 1287 1324 2249
1 4 1286 2212 1287 2249
1 4 1286 1324 1323 2249
1 4 1286 1323 2248 2249
1 4 1286 2211 2212 2249
1 4 1286 2248 2211 2249
1 4 1287 1288 1325 2250
1 4 1287 2213 1288 2250
1 4 1287 1325 1324 2250
1 4 1287 1324 2249 2250
1 4 1287 2212 2213 2250
1 4 1287 2249 2212 2250
1 4 1288 1289 1326 2251
1 4 1288 2214 1289 2251
1 4 1288 1326 1325 2251
1 4 1288 1325 2250 2251
1 4 1288 2213 2214 2251
1 4 1288 2250 2213 2251
1 4 1289 1290 1327 2252
1 4 1289 2215 1290 2252
1 4 1289 1327 1326 2252
1 4 1289 1326 2251 2252
1 4 1289 2214 2215 2252
1 4 1289 2251 2214 2252
1 4 1290 1291 1328 2253
1 4 1290 2216 1291 2253
1 4 1290 1328 1327 2253
1 4 1290 1327 2252 2253
1 4 1290 2215 2216 2253
1 4 1290 2252 2215 2253
1 4 1291 1292 1329 2254
1 4 1291 2217 1292 2254
1 4 1291 1329 1328 2254
1 4 1291 1328 2253 2254
1 4 1291 2216 2217 2254
1 4 1291 2253 2216 2254
1 4 1292 1293 1330 2255
1 4 1292 2218 1293 2255
1 4 1292 1330 1329 2255
1 4 1292 1329 2254 2255
1 4 1292 2217 2218 2255
1 4 1292 2254 2217 2255
1 4 1293 1294 1331 2256
1 4 1293 2219 1294 2256
1 4 1293 1331 1330 2256
1 4 1293 1330 2255 2256
1 4 1293 2218 2219 2256
1 4 1293 2255 2218 2256
1 4 1295 1296 1333 2258
1 4 1295 2221 1296 2258
1 4 1295 1333 1332 2258
1 4 1295 1332 2257 2258
1 4 1295 2220 2221 2258
1 4 1295 2257 2220 2258
1 4 1296 1297 1334 2259
1 4 1296 2222 1297 2259
1 4 1296 1334 1333 2259
1 4 1296 1333 2258 2259
1 4 1296 2221 2222 2259
1 4 1296 2258 2221 2259
1 4 1297 1298 1335 2260
1 4 1297 2223 1298 2260
1 4 1297 1335 1334 2260
1 4 1297 1334 2259 2260
1 4 1297 2222 2223 2260
1 4 1297 2259 2222 2260
1 4 1298 1299 1336 2261
1 4 1298 2224 1299 2261
1 4 1298 1336 1335 2261
1 4 1298 1335 2260 2261
1 4 1298 2223 2224 2261
1 4 1298 2260 2223 2261
1 4 1299 1300 1337 2262
1 4 1299 2225 1300 2262
1 4 1299 1337 1336 2262
1 4 1299 1336 2261 2262
1 4 1299 2224 2225 2262
1 4 1299 2261 2224 2262
1 4 1300 1301 1338 2263
1 4 1300 2226 1301 2263
1 4 1300 1338 1337 2263
1 4 1300 1337 2262 2263
1 4 1300 2225 2226 2263
1 4 1300 2262 2225 2263
1 4 1301 1302 1339 2264
1 4 1301 2227 1302 2264
1 4 1301 1339 1338 2264
1 4 1301 1338 2263 2264
1 4 1301 2226 2227 2264
1 4 1301 2263 2226 2264
1 4 1302 1303 1340 2265
1 4 1302 2228 1303 2265
1 4 1302 1340 1339 2265
1 4 1302 1339 2264 2265
1 4 1302 2227 2228 2265
1 4 1302 2264 2227 2265
1 4 1303 1304 1341 2266
1 4 1303 2229 1304 2266
1 4 1303 1341 1340 2266
1 4 1303 1340 2265 2266
1 4 1303 2228 2229 2266
1 4 1303 2265 2228 2266
1 4 1304 1305 1342 2267
1 4 1304 2230 1305 2267
1 4 1304 1342 1341 2267
1 4 1304 1341 2266 2267
1 4 1304 2229 2230 2267
1 4 1304 2266 2229 2267
1 4 1305 1306 1343 2268
1 4 1305 2231 1306 2268
1 4 1305 1343 1342 2268
1 4 1305 1342 2267 2268
1 4 1305 2230 2231 2268
1 4 1305 2267 2230 2268
1 4 1306 1307 1344 2269
1 4 1306 2232 1307 2269
1 4 1306 1344 1343 2269
1 4 1306 1343 2268 2269
1 4 1306 2231 2232 2269
1 4 1306 2268 2231 2269
1 4 1307 1308 1345 2270
1 4 1307 2233 1308 2270
1 4 1307 1345 1344 2270
1 4 1307 1344 2269 2270
1 4 1307 2232 2233 2270
1 4 1307 2269 2232 2270
1 4 1308 1309 1346 2271
1 4 1308 2234 1309 2271
1 4 1308 1346 1345 2271
1 4 1308 1345 2270 2271
1 4 1308 2233 2234 2271
1 4 1308 2270 2233 2271
1 4 1309 1310 1347 2272
1 4 1309 2235 1310 2272
1 4 1309 1347 1346 2272
1 4 1309 1346 2271 2272
1 4 1309 2234 2235 2272
1 4 1309 2271 2234 2272
1 4 1310 1311 1348 2273
1 4 1310 2236 1311 2273
1 4 1310 1348 1347 2273
1 4 1310 1347 2272 2273
1 4 1310 2235 2236 2273
1 4 1310 2272 2235 2273
1 4 1311 1312 1349 2274
1 4 1311 2237 1312 2274
1 4 1311 1349 1348 2274
1 4 1311 1348 2273 2274
1 4 1311 2236 2237 2274
1 4 1311 2273 2236 2274
1 4 1312 1313 1350 2275
1 4 1312 2238 1313 2275
1 4 1312 1350 1349 2275
1 4 1312 1349 2274 2275
1 4 1312 2237 2238 2275
1 4 1312 2274 2237 2275
1 4 1313 1314 1351 2276
1 4 1313 2239 1314 2276
1 4 1313 1351 1350 2276
1 4 1313 1350 2275 2276
1 4 1313 2238 2239 2276
1 4 1313 2275 2238 2276
1 4 1314 1315 1352 2277
1 4 1314 2240 1315 2277
1 4 1314 1352 1351 2277
1 4 1314 1351 2276 2277
1 4 1314 2239 2240 2277
1 4 1314 2276 2239 2277
1 4 1315 1316 1353 2278
1 4 1315 2241 1316 2278
1 4 1315 1353 1352 2278
1 4 1315 1352 2277 2278
1 4 1315 2240 2241 2278
1 4 1315 2277 2240 2278
1 4 1316 1317 1354 2279
1 4 1316 2242 1317 2279
1 4 1316 1354 1353 2279
1 4 1316 1353 2278 2279
1 4 1316 2241 2242 2279
1 4 1316 2278 2241 2279
1 4 1317 1318 1355 2280
1 4 1317 2243 1318 2280
1 4 1317 1355 1354 2280
1 4 1317 1354 2279 2280
1 4 1317 2242 2243 2280
1 4 1317 2279 2242 2280
1 4 1318 1319 1356 2281
1 4 1318 2244 1319 2281
1 4 1318 1356 1355 2281
1 4 1318 1355 2280 2281
1 4 1318 2243 2244 2281
1 4 1318 2280 2243 2281
1 4 1319 1320 1357 2282
1 4 1319 2245 1320 2282
1 4 1319 1357 1356 2282
1 4 1319 1356 2281 2282
1 4 1319 2244 2245 2282
1 4 1319 2281 2244 2282
1 4 1320 1321 1358 2283
1 4 1320 2246 1321 2283
1 4 1320 1358 1357 2283
1 4 1320 1357 2282 2283
1 4 1320 2245 2246 2283
1 4 1320 2282 2245 2283
1 4 1321 1322 1359 2284
1 4 1321 2247 1322 2284
1 4 1321 1359 1358 2284
1 4 1321 1358 2283 2284
1 4 1321 2246 2247 2284
1 4 1321 2283 2246 2284
1 4 1322 1323 1360 2285
1 4 1322 2248 1323 2285
1 4 1322 1360 1359 2285
1 4 1322 1359 2284 2285
1 4 1322 2247 2248 2285
1 4 1322 2284 2247 2285
1 4 1323 1324 1361 2286
1 4 1323 2249 1324 2286
1 4 1323 1361 1360 2286
1 4 1323 1360 2285 2286
1 4 1323 2248 2249 2286
1 4 1323 2285 2248 2286
1 4 1324 1325 1362 2287
1 4 1324 2250 1325 2287
1 4 1324 1362 1361 2287
1 4 1324 1361 2286 2287
1 4 1324 2249 2250 2287
1 4 1324 2286 2249 2287
1 4 1325 1326 1363 2288
1 4 1325 2251 1326 2288
1 4 1325 1363 1362 2288
1 4 1325 1362 2287 2288
1 4 1325 2250 2251 2288
1 4 1325 2287 2250 2288
1 4 1326 1327 1364 2289
1 4 1326 2252 1327 2289
1 4 1326 1364 1363 2289
1 4 1326 1363 2288 2289
1 4 1326 2251 2252 2289
1 4 1326 2288 2251 2289
1 4 1327 1328 1365 2290
1 4 1327 2253 1328 2290
1 4 1327 1365 1364 2290
1 4 1327 1364 2289 2290
1 4 1327 2252 2253 2290
1 4 1327 2289 2252 2290
1 4 1328 1329 1366 2291
1 4 1328 2254 1329 2291
1 4 1328 1366 1365 2291
1 4 1328 1365 2290 2291
1 4 1328 2253 2254 2291
1 4 1328 2290 2253 2291
1 4 1329 1330 1367 2292
1 4 1329 2255 1330 2292
1 4 1329 1367 1366 2292
1 4 1329 1366 2291 2292
1 4 1329 2254 2255 2292
1 4 1329 2291 2254 2292
1 4 1330 1331 1368 2293
1 4 1330 2256 1331 2293
1 4 1330 1368 1367 2293
1 4 1330 1367 2292 2293
1 4 1330 2255 2256 2293
1 4 1330 2292 2255 2293
1 4 1332 1333 1370 2295
1 4 1332 2258 1333 2295
1 4 1332 1370 1369 2295
1 4 1332 1369 2294 2295
1 4 1332 2257 2258 2295
1 4 1332 2294 2257 2295
1 4 1333 1334 1371 2296
1 4 1333 2259 1334 2296
1 4 1333 1371 1370 2296
1 4 1333 1370 2295 2296
1 4 1333 2258 2259 2296
1 4 1333 2295 2258 2296
1 4 1334 1335 1372 2297
1 4 1334 2260 1335 2297
1 4 1334 1372 1371 2297
1 4 1334 1371 2296 2297
1 4 1334 2259 2260 2297
1 4 1334 2296 2259 2297
1 4 1335 1336 1373 2298
1 4 1335 2261 1336 2298
1 4 1335 1373 1372 2298
1 4 1335 1372 2297 2298
1 4 1335 2260 2261 2298
1 4 1335 2297 2260 2298
1 4 1336 1337 1374 2299
1 4 1336 2262 1337 2299
1 4 1336 1374 1373 2299
1 4 1336 1373 2298 2299
1 4 1336 2261 2262 2299
1 4 1336 2298 2261 2299
1 4 1337 1338 1375 2300
1 4 1337 2263 1338 2300
1 4 1337 1375 1374 2300
1 4 1337 1374 2299 2300
1 4 1337 2262 2263 2300
1 4 1337 2299 2262 2300
1 4 1338 1339 1376 2301
1 4 1338 2264 1339 2301
1 4 1338 1376 1375 2301
1 4 1338 1375 2300 2301
1 4 1338 2263 2264 2301
1 4 1338 2300 2263 2301
1 4 1339 1340 1377 2302
1 4 1339 2265 1340 2302
1 4 1339 1377 1376 2302
1 4 1339 1376 2301 2302
1 4 1339 2264 2265 2302
1 4 1339 2301 2264 2302
1 4 1340 1341 1378 2303
1 4 1340 2266 1341 2303
1 4 1340 1378 1377 2303
1 4 1340 1377 2302 2303
1 4 1340 2265 2266 2303
1 4 1340 2302 2265 2303
1 4 1341 1342 1379 2304
1 4 1341 2267 1342 2304
1 4 1341 1379 1378 2304
1 4 1341 1378 2303 2304
1 4 1341 2266 2267 2304
1 4 1341 2303 2266 2304
1 4 1342 1343 1380 2305
1 4 1342 2268 1343 2305
1 4 1342 1380 1379 2305
1 4 1342 1379 2304 2305
1 4 1342 2267 2268 2305
1 4 1342 2304 2267 2305
1 4 1343 1344 1381 2306
1 4 1343 2269 1344 2306
1 4 1343 1381 1380 2306
1 4 1343 1380 2305 2306
1 4 1343 2268 2269 2306
1 4 1343 2305 2268 2306
1 4 1344 1345 1382 2307
1 4 1344 2270 1345 2307
1 4 1344 1382 1381 2307
1 4 1344 1381 2306 2307
1 4 1344 2269 2270 2307
1 4 1344 2306 2269 2307
1 4 1345 1346 1383 2308
1 4 1345 2271 1346 2308
1 4 1345 1383 1382 2308
1 4 1345 1382 2307 2308
1 4 1345 2270 2271 2308
1 4 1345 2307 2270 2308
1 4 1346 1347 1384 2309
1 4 1346 2272 1347 2309
1 4 1346 1384 1383 2309
1 4 1346 1383 2308 2309
1 4 1346 2271 2272 2309
1 4 1346 2308 2271 2309
1 4 1347 1348 1385 2310
1 4 1347 2273 1348 2310
1 4 1347 1385 1384 2310
1 4 1347 1384 2309 2310
1 4 1347 2272 2273 2310
1 4 1347 2309 2272 2310
1 4 1348 1349 1386 2311
1 4 1348 2274 1349 2311
1 4 1348 1386 1385 2311
1 4 1348 1385 2310 2311
1 4 1348 2273 2274 2311
1 4 1348 2310 2273 2311
1 4 1349 1350 1387 2312
1 4 1349 2275 1350 2312
1 4 1349 1387 1386 2312
1 4 1349 1386 2311 2312
1 4 1349 2274 2275 2312
1 4 1349 2311 2274 2312
1 4 1350 1351 1388 2313
1 4 1350 2276 1351 2313
1 4 1350 1388 1387 2313
1 4 1350 1387 2312 2313
1 4 1350 2275 2276 2313
1 4 1350 2312 2275 2313
1 4 1351 1352 1389 2314
1 4 1351 2277 1352 2314
1 4 1351 1389 1388 2314
1 4 1351 1388 2313 2314
1 4 1351 2276 2277 2314
1 4 1351 2313 2276 2314
1 4 1352 1353 1390 2315
1 4 1352 2278 1353 2315
1 4 1352 1390 1389 2315
1 4 1352 1389 2314 2315
1 4 1352 2277 2278 2315
1 4 1352 2314 2277 2315
1 4 1353 1354 1391 2316
1 4 1353 2279 1354 2316
1 4 1353 1391 1390 2316
1 4 1353 1390 2315 2316
1 4 1353 2278 2279 2316
1 4 1353 2315 2278 2316
1 4 1354 1355 1392 2317
1 4 1354 2280 1355 2317
1 4 1354 1392 1391 2317
1 4 1354 1391 2316 2317
1 4 1354 2279 2280 2317
1 4 1354 2316 2279 2317
1 4 1355 1356 1393 2318
1 4 1355 2281 1356 2318
1 4 1355 1393 1392 2318
1 4 1355 1392 2317 2318
1 4 1355 2280 2281 2318
1 4 1355 2317 2280 2318
1 4 1356 1357 1394 2319
1 4 1356 2282 1357 2319
1 4 1356 1394 1393 2319
1 4 1356 1393 2318 2319
1 4 1356 2281 2282 2319
1 4 1356 2318 2281 2319
1 4 1357 1358 1395 2320
1 4 1357 2283 1358 2320
1 4 1357 1395 1394 2320
1 4 1357 1394 2319 2320
1 4 1357 2282 2283 2320
1 4 1357 2319 2282 2320
1 4 1358 1359 1396 2321
1 4 1358 2284 1359 2321
1 4 1358 1396 1395 2321
1 4 1358 1395 2320 2321
1 4 1358 2283 2284 2321
1 4 1358 2320 2283 2321
1 4 1359 1360 1397 2322
1 4 1359 2285 1360 2322
1 4 1359 1397 1396 2322
1 4 1359 1396 2321 2322
1 4 1359 2284 2285 2322
1 4 1359 2321 2284 2322
1 4 1360 1361 1398 2323
1 4 1360 2286 1361 2323
1 4 1360 1398 1397 2323
1 4 1360 1397 2322 2323
1 4 1360 2285 2286 2323
1 4 1360 2322 2285 2323
1 4 1361 1362 1399 2324
1 4 1361 2287 1362 2324
1 4 1361 1399 1398 2324
1 4 1361 1398 2323 2324
1 4 1361 2286 2287 2324
1 4 1361 2323 2286 2324
1 4 1362 1363 1400 2325
1 4 1362 2288 1363 2325
1 4 1362 1400 1399 2325
1 4 1362 1399 2324 2325
1 4 1362 2287 2288 2325
1 4 1362 2324 2287 2325
1 4 1363 1364 1401 2326
1 4 1363 2289 1364 2326
1 4 1363 1401 1400 2326
1 4 1363 1400 2325 2326
1 4 1363 2288 2289 2326
1 4 1363 2325 2288 2326
1 4 1364 1365 1402 2327
1 4 1364 2290 1365 2327
1 4 1364 1402 1401 2327
1 4 1364 1401 2326 2327
1 4 1364 2289 2290 2327
1 4 1364 2326 2289 2327
1 4 1365 1366 1403 2328
1 4 1365 2291 1366 2328
1 4 1365 1403 1402 2328
1 4 1365 1402 2327 2328
1 4 1365 2290 2291 2328
1 4 1365 2327 2290 2328
1 4 1366 1367 1404 2329
1 4 1366 2292 1367 2329
1 4 1366 1404 1403 2329
1 4 1366 1403 2328 2329
1 4 1366 2291 2292 2329
1 4 1366 2328 2291 2329
1 4 1367 1368 1405 2330
1 4 1367 2293 1368 2330
1 4 1367 1405 1404 2330
1 4 1367 1404 2329 2330
1 4 1367 2292 2293 2330
1 4 1367 2329 2292 2330
2 4 1369 1370 1407 2332
2 4 1369 2295 1370 2332
2 4 1369 1407 1406 2332
2 4 1369 1406 2331 2332
2 4 1369 2294 2295 2332
2 4 1369 2331 2294 2332
2 4 1370 1371 1408 2333
2 4 1370 2296 1371 2333
2 4 1370 1408 1407 2333
2 4 1370 1407 2332 2333
2 4 1370 2295 2296 2333
2 4 1370 2332 2295 2333
2 4 1371 1372 1409 2334
2 4 1371 2297 1372 2334
2 4 1371 1409 1408 2334
2 4 1371 1408 2333 2334
2 4 1371 2296 2297 2334
2 4 1371 2333 2296 2334
2 4 1372 1373 1410 2335
2 4 1372 2298 1373 2335
2 4 1372 1410 1409 2335
2 4 1372 1409 2334 2335
2 4 1372 2297 2298 2335
2 4 1372 2334 2297 2335
2 4 1373 1374 1411 2336
2 4 1373 2299 1374 2336
2 4 1373 1411 1410 2336
2 4 1373 1410 2335 2336
2 4 1373 2298 2299 2336
2 4 1373 2335 2298 2336
2 4 1374 1375 1412 2337
2 4 1374 2300 1375 2337
2 4 1374 1412 1411 2337
2 4 1374 1411 2336 2337
2 4 1374 2299 2300 2337
2 4 1374 2336 2299 2337
2 4 1375 1376 1413 2338
2 4 1375 2301 1376 2338
2 4 1375 1413 1412 2338
2 4 1375 1412 2337 2338
2 4 1375 2300 2301 2338
2 4 1375 2337 2300 2338
2 4 1376 1377 1414 2339
2 4 1376 2302 1377 2339
2 4 1376 1414 1413 2339
2 4 1376 1413 2338 2339
2 4 1376 2301 2302 2339
2 4 1376 2338 2301 2339
2 4 1377 1378 1415 2340
2 4 1377 2303 1378 2340
2 4 1377 1415 1414 2340
2 4 1377 1414 2339 2340
2 4 1377 2302 2303 2340
2 4 1377 2339 2302 2340
2 4 1378 1379 1416 2341
2 4 1378 2304 1379 2341
2 4 1378 1416 1415 2341
2 4 1378 1415 2340 2341
2 4 1378 2303 2304 2341
2 4 1378 2340 2303 2341
2 4 1379 1380 1417 2342
2 4 1379 2305 1380 2342
2 4 1379 1417 1416 2342
2 4 1379 1416 2341 2342
2 4 1379 2304 2305 2342
2 4 1379 2341 2304 2342
2 4 1380 1381 1418 2343
2 4 1380 2306 1381 2343
2 4 1380 1418 1417 2343
2 4 1380 1417 2342 2343
2 4 1380 2305 2306 2343
2 4 1380 2342 2305 2343
2 4 1381 1382 1419 2344
2 4 1381 2307 1382 2344
2 4 1381 1419 1418 2344
2 4 1381 1418 2343 2344
2 4 1381 2306 2307 2344
2 4 1381 2343 2306 2344
2 4 1382 1383 1420 2345
2 4 1382 2308 1383 2345
2 4 1382 1420 1419 2345
2 4 1382 1419 2344 2345
2 4 1382 2307 2308 2345
2 4 1382 2344 2307 2345
2 4 1383 1384 1421 2346
2 4 1383 2309 1384 2346
2 4 1383 1421 1420 2346
2 4 1383 1420 2345 2346
2 4 1383 2308 2309 2346
2 4 1383 2345 2308 2346
2 4 1384 1385 1422 2347
2 4 1384 2310 1385 2347
2 4 1384 1422 1421 2347
2 4 1384 1421 2346 2347
2 4 1384 2309 2310 2347
2 4 1384 2346 2309 2347
2 4 1385 1386 1423 2348
2 4 1385 2311 1386 2348
2 4 1385 1423 1422 2348
2 4 1385 1422 2347 2348
2 4 1385 2310 2311 2348
2 4 1385 2347 2310 2348
2 4 1386 1387 1424 2349
2 4 1386 2312 1387 2349
2 4 1386 1424 1423 2349
2 4 1386 1423 2348 2349
2 4 1386 2311 2312 2349
2 4 1386 2348 2311 2349
2 4 1387 1388 1425 2350
2 4 1387 2313 1388 2350
2 4 1387 1425 1424 2350
2 4 1387 1424 2349 2350
2 4 1387 2312 2313 2350
2 4 1387 2349 2312 2350
2 4 1388 1389 1426 2351
2 4 1388 2314 1389 2351
2 4 1388 1426 1425 2351
2 4 1388 1425 2350 2351
2 4 1388 2313 2314 2351
2 4 1388 2350 2313 2351
2 4 1389 1390 1427 2352
2 4 1389 2315 1390 2352
2 4 1389 1427 1426 2352
2 4 1389 1426 2351 2352
2 4 1389 2314 2315 2352
2 4 1389 2351 2314 2352
2 4 1390 1391 1428 2353
2 4 1390 2316 1391 2353
2 4 1390 1428 1427 2353
2 4 1390 1427 2352 2353
2 4 1390 2315 2316 2353
2 4 1390 2352 2315 2353
2 4 1391 1392 1429 2354
2 4 1391 2317 1392 2354
2 4 1391 1429 1428 2354
2 4 1391 1428 2353 2354
2 4 1391 2316 2317 2354
2 4 1391 2353 2316 2354
2 4 1392 1393 1430 2355
2 4 1392 2318 1393 2355
2 4 1392 1430 1429 2355
2 4 1392 1429 2354 2355
2 4 1392 2317 2318 2355
2 4 1392 2354 2317 2355
2 4 1393 1394 1431 2356
2 4 1393 2319 1394 2356
2 4 1393 1431 1430 2356
2 4 1393 1430 2355 2356
2 4 1393 2318 2319 2356
2 4 1393 2355 2318 2356
2 4 1394 1395 1432 2357
2 4 1394 2320 1395 2357
2 4 1394 1432 1431 2357
2 4 1394 1431 2356 2357
2 4 1394 2319 2320 2357
2 4 1394 2356 2319 2357
2 4 1395 1396 1433 2358
2 4 1395 2321 1396 2358
2 4 1395 1433 1432 2358
2 4 1395 1432 2357 2358
2 4 1395 2320 2321 2358
2 4 1395 2357 2320 2358
2 4 1396 1397 1434 2359
2 4 1396 2322 1397 2359
2 4 1396 1434 1433 2359
2 4 1396 1433 2358 2359
2 4 1396 2321 2322 2359
2 4 1396 2358 2321 2359
2 4 1397 1398 1435 2360
2 4 1397 2323 1398 2360
2 4 1397 1435 1434 2360
2 4 1397 1434 2359 2360
2 4 1397 2322 2323 2360
2 4 1397 2359 2322 2360
2 4 1398 1399 1436 2361
2 4 1398 2324 1399 2361
2 4 1398 1436 1435 2361
2 4 1398 1435 2360 2361
2 4 1398 2323 2324 2361
2 4 1398 2360 2323 2361
2 4 1399 1400 1437 2362
2 4 1399 2325 1400 2362
2 4 1399 1437 1436 2362
2 4 1399 1436 2361 2362
2 4 1399 2324 2325 2362
2 4 1399 2361 2324 2362
2 4 1400 1401 1438 2363
2 4 1400 2326 1401 2363
2 4 1400 1438 1437 2363
2 4 1400 1437 2362 2363
2 4 1400 2325 2326 2363
2 4 1400 2362 2325 2363
2 4 1401 1402 1439 2364
2 4 1401 2327 1402 2364
2 4 1401 1439 1438 2364
2 4 1401 1438 2363 2364
2 4 1401 2326 2327 2364
2 4 1401 2363 2326 2364
2 4 1402 1403 1440 2365
2 4 1402 2328 1403 2365
2 4 1402 1440 1439 2365
2 4 1402 1439 2364 2365
2 4 1402 2327 2328 2365
2 4 1402 2364 2327 2365
2 4 1403 1404 1441 2366
2 4 1403 2329 1404 2366
2 4 1403 1441 1440 2366
2 4 1403 1440 2365 2366
2 4 1403 2328 2329 2366
2 4 1403 2365 2328 2366
2 4 1404 1405 1442 2367
2 4 1404 2330 1405 2367
2 4 1404 1442 1441 2367
2 4 1404 1441 2366 2367
2 4 1404 2329 2330 2367
2 4 1404 2366 2329 2367
2 4 1406 1407 1444 2369
2 4 1406 2332 1407 2369
2 4 1406 1444 1443 2369
2 4 1406 1443 2368 2369
2 4 1406 2331 2332 2369
2 4 1406 2368 2331 2369
2 4 1407 1408 1445 2370
2 4 1407 2333 1408 2370
2 4 1407 1445 1444 2370
2 4 1407 1444 2369 2370
2 4 1407 2332 2333 2370
2 4 1407 2369 2332 2370
2 4 1408 1409 1446 2371
2 4 1408 2334 1409 2371
2 4 1408 1446 1445 2371
2 4 1408 1445 2370 2371
2 4 1408 2333 2334 2371
2 4 1408 2370 2333 2371
2 4 1409 1410 1447 2372
2 4 1409 2335 1410 2372
2 4 1409 1447 1446 2372
2 4 1409 1446 2371 2372
2 4 1409 2334 2335 2372
2 4 1409 2371 2334 2372
2 4 1410 1411 1448 2373
2 4 1410 2336 1411 2373
2 4 1410 1448 1447 2373
2 4 1410 1447 2372 2373
2 4 1410 2335 2336 2373
2 4 1410 2372 2335 2373
2 4 1411 1412 1449 2374
2 4 1411 2337 1412 2374
2 4 1411 1449 1448 2374
2 4 1411 1448 2373 2374
2 4 1411 2336 2337 2374
2 4 1411 2373 2336 2374
2 4 1412 1413 1450 2375
2 4 1412 2338 1413 2375
2 4 1412 1450 1449 2375
2 4 1412 1449 2374 2375
2 4 1412 2337 2338 2375
2 4 1412 2374 2337 2375
2 4 1413 1414 1451 2376
2 4 1413 2339 1414 2376
2 4 1413 1451 1450 2376
2 4 1413 1450 2375 2376
2 4 1413 2338 2339 2376
2 4 1413 2375 2338 2376
2 4 1414 1415 1452 2377
2 4 1414 2340 1415 2377
2 4 1414 1452 1451 2377
2 4 1414 1451 2376 2377
2 4 1414 2339 2340 2377
2 4 1414 2376 2339 2377
2 4 1415 1416 1453 2378
2 4 1415 2341 1416 2378
2 4 1415 1453 1452 2378
2 4 1415 1452 2377 2378
2 4 1415 2340 2341 2378
2 4 1415 2377 2340 2378
2 4 1416 1417 1454 2379
2 4 1416 2342 1417 2379
2 4 1416 1454 1453 2379
2 4 1416 1453 2378 2379
2 4 1416 2341 2342 2379
2 4 1416 2378 2341 2379
2 4 1417 1418 1455 2380
2 4 1417 2343 1418 2380
2 4 1417 1455 1454 2380
2 4 1417 1454 2379 2380
2 4 1417 2342 2343 2380
2 4 1417 2379 2342 2380
2 4 1418 1419 1456 2381
2 4 1418 2344 1419 2381
2 4 1418 1456 1455 2381
2 4 1418 1455 2380 2381
2 4 1418 2343 2344 2381
2 4 1418 2380 2343 2381
2 4 1419 1420 1457 2382
2 4 1419 2345 1420 2382
2 4 1419 1457 1456 2382
2 4 1419 1456 2381 2382
2 4 1419 2344 2345 2382
2 4 1419 2381 2344 2382
2 4 1420 1421 1458 2383
2 4 1420 2346 1421 2383
2 4 1420 1458 1457 2383
2 4 1420 1457 2382 2383
2 4 1420 2345 2346 2383
2 4 1420 2382 2345 2383
2 4 1421 1422 1459 2384
2 4 1421 2347 1422 2384
2 4 1421 1459 1458 2384
2 4 1421 1458 2383 2384
2 4 1421 2346 2347 2384
2 4 1421 2383 2346 2384
2 4 1422 1423 1460 2385
2 4 1422 2348 1423 2385
2 4 1422 1460 1459 2385
2 4 1422 1459 2384 2385
2 4 1422 2347 2348 2385
2 4 1422 2384 2347 2385
2 4 1423 1424 1461 2386
2 4 1423 2349 1424 2386
2 4 1423 1461 1460 2386
2 4 1423 1460 2385 2386
2 4 1423 2348 2349 2386
2 4 1423 2385 2348 2386
2 4 1424 1425 1462 2387
2 4 1424 2350 1425 2387
2 4 1424 1462 1461 2387
2 4 1424 1461 2386 2387
2 4 1424 2349 2350 2387
2 4 1424 2386 2349 2387
2 4 1425 1426 1463 2388
2 4 1425 2351 1426 2388
2 4 1425 1463 1462 2388
2 4 1425 1462 2387 2388
2 4 1425 2350 2351 2388
2 4 1425 2387 2350 2388
2 4 1426 1427 1464 2389
2 4 1426 2352 1427 2389
2 4 1426 1464 1463 2389
2 4 1426 1463 2388 2389
2 4 1426 2351 2352 2389
2 4 1426 2388 2351 2389
2 4 1427 1428 1465 2390
2 4 1427 2353 1428 2390
2 4 1427 1465 1464 2390
2 4 1427 1464 2389 2390
2 4 1427 2352 2353 2390
2 4 1427 2389 2352 2390
2 4 1428 1429 1466 2391
2 4 1428 2354 1429 2391
2 4 1428 1466 1465 2391
2 4 1428 1465 2390 2391
2 4 1428 2353 2354 2391
2 4 1428 2390 2353 2391
2 4 1429 1430 1467 2392
2 4 1429 2355 1430 2392
2 4 1429 1467 1466 2392
2 4 1429 1466 2391 2392
2 4 1429 2354 2355 2392
2 4 1429 2391 2354 2392
2 4 1430 1431 1468 2393
2 4 1430 2356 1431 2393
2 4 1430 1468 1467 2393
2 4 1430 1467 2392 2393
2 4 1430 2355 2356 2393
2 4 1430 2392 2355 2393
2 4 1431 1432 1469 2394
2 4 1431 2357 1432 2394
2 4 1431 1469 1468 2394
2 4 1431 1468 2393 2394
2 4 1431 2356 2357 2394
2 4 1431 2393 2356 2394
2 4 1432 1433 1470 2395
2 4 1432 2358 1433 2395
2 4 1432 1470 1469 2395
2 4 1432 1469 2394 2395
2 4 1432 2357 2358 2395
2 4 1432 2394 2357 2395
2 4 1433 1434 1471 2396
2 4 1433 2359 1434 2396
2 4 1433 1471 1470 2396
2 4 1433 1470 2395 2396
2 4 1433 2358 2359 2396
2 4 1433 2395 2358 2396
2 4 1434 1435 1472 2397
2 4 1434 2360 1435 2397
2 4 1434 1472 1471 2397
2 4 1434 1471 2396 2397
2 4 1434 2359 2360 2397
2 4 1434 2396 2359 2397
2 4 1435 1436 1473 2398
2 4 1435 2361 1436 2398
2 4 1435 1473 1472 2398
2 4 1435 1472 2397 2398
2 4 1435 2360 2361 2398
2 4 1435 2397 2360 2398
2 4 1436 1437 1474 2399
2 4 1436 2362 1437 2399
2 4 1436 1474 1473 2399
2 4 1436 1473 2398 2399
2 4 1436 2361 2362 2399
2 4 1436 2398 2361 2399
2 4 1437 1438 1475 2400
2 4 1437 2363 1438 2400
2 4 1437 1475 1474 2400
2 4 1437 1474 2399 2400
2 4 1437 2362 2363 2400
2 4 1437 2399 2362 2400
2 4 1438 1439 1476 2401
2 4 1438 2364 1439 2401
2 4 1438 1476 1475 2401
2 4 1438 1475 2400 2401
2 4 1438 2363 2364 2401
2 4 1438 2400 2363 2401
2 4 1439 1440 1477 2402
2 4 1439 2365 1440 2402
2 4 1439 1477 1476 2402
2 4 1439 1476 2401 2402
2 4 1439 2364 2365 2402
2 4 1439 2401 2364 2402
2 4 1440 1441 1478 2403
2 4 1440 2366 1441 2403
2 4 1440 1478 1477 2403
2 4 1440 1477 2402 2403
2 4 1440 2365 2366 2403
2 4 1440 2402 2365 2403
2 4 1441 1442 1479 2404
2 4 1441 2367 1442 2404
2 4 1441 1479 1478 2404
2 4 1441 1478 2403 2404
2 4 1441 2366 2367 2404
2 4 1441 2403 2366 2404
2 4 1443 1444 1481 2406
2 4 1443 2369 1444 2406
2 4 1443 1481 1480 2406
2 4 1443 1480 2405 2406
2 4 1443 2368 2369 2406
2 4 1443 2405 2368 2406
2 4 1444 1445 1482 2407
2 4 1444 2370 1445 2407
2 4 1444 1482 1481 2407
2 4 1444 1481 2406 2407
2 4 1444 2369 2370 2407
2 4 1444 2406 2369 2407
2 4 1445 1446 1483 2408
2 4 1445 2371 1446 2408
2 4 1445 1483 1482 2408
2 4 1445 1482 2407 2408
2 4 1445 2370 2371 2408
2 4 1445 2407 2370 2408
2 4 1446 1447 1484 2409
2 4 1446 2372 1447 2409
2 4 1446 1484 1483 2409
2 4 1446 1483 2408 2409
2 4 1446 2371 2372 2409
2 4 1446 2408 2371 2409
2 4 1447 1448 1485 2410
2 4 1447 2373 1448 2410
2 4 1447 1485 1484 2410
2 4 1447 1484 2409 2410
2 4 1447 2372 2373 2410
2 4 1447 2409 2372 2410
2 4 1448 1449 1486 2411
2 4 1448 2374 1449 2411
2 4 1448 1486 1485 2411
2 4 1448 1485 2410 2411
2 4 1448 2373 2374 2411
2 4 1448 2410 2373 2411
2 4 1449 1450 1487 2412
2 4 1449 2375 1450 2412
2 4 1449 1487 1486 2412
2 4 1449 1486 2411 2412
2 4 1449 2374 2375 2412
2 4 1449 2411 2374 2412
2 4 1450 1451 1488 2413
2 4 1450 2376 1451 2413
2 4 1450 1488 1487 2413
2 4 1450 1487 2412 2413
2 4 1450 2375 2376 2413
2 4 1450 2412 2375 2413
2 4 1451 1452 1489 2414
2 4 1451 2377 1452 2414
2 4 1451 1489 1488 2414
2 4 1451 1488 2413 2414
2 4 1451 2376 2377 2414
2 4 1451 2413 2376 2414
2 4 1452 1453 1490 2415
2 4 1452 2378 1453 2415
2 4 1452 1490 1489 2415
2 4 1452 1489 2414 2415
2 4 1452 2377 2378 2415
2 4 1452 2414 2377 2415
2 4 1453 1454 1491 2416
2 4 1453 2379 1454 2416
2 4 1453 1491 1490 2416
2 4 1453 1490 2415 2416
2 4 1453 2378 2379 2416
2 4 1453 2415 2378 2416
2 4 1454 1455 1492 2417
2 4 1454 2380 1455 2417
2 4 1454 1492 1491 2417
2 4 1454 1491 2416 2417
2 4 1454 2379 2380 2417
2 4 1454 2416 2379 2417
2 4 1455 1456 1493 2418
2 4 1455 2381 1456 2418
2 4 1455 1493 1492 2418
2 4 1455 1492 2417 2418
2 4 1455 2380 2381 2418
2 4 1455 2417 2380 2418
2 4 1456 1457 1494 2419
2 4 1456 2382 1457 2419
2 4 1456 1494 1493 2419
2 4 1456 1493 2418 2419
2 4 1456 2381 2382 2419
2 4 1456 2418 2381 2419
2 4 1457 1458 1495 2420
2 4 1457 2383 1458 2420
2 4 1457 1495 1494 2420
2 4 1457 1494 2419 2420
2 4 1457 2382 2383 2420
2 4 1457 2419 2382 2420
2 4 1458 1459 1496 2421
2 4 1458 2384 1459 2421
2 4 1458 1496 1495 2421
2 4 1458 1495 2420 2421
2 4 1458 2383 2384 2421
2 4 1458 2420 2383 2421
2 4 1459 1460 1497 2422
2 4 1459 2385 1460 2422
2 4 1459 1497 1496 2422
2 4 1459 1496 2421 2422
2 4 1459 2384 2385 2422
2 4 1459 2421 2384 2422
2 4 1460 1461 1498 2423
2 4 1460 2386 1461 2423
2 4 1460 1498 1497 2423
2 4 1460 1497 2422 2423
2 4 1460 2385 2386 2423
2 4 1460 2422 2385 2423
2 4 1461 1462 1499 2424
2 4 1461 2387 1462 2424
2 4 1461 1499 1498 2424
2 4 1461 1498 2423 2424
2 4 1461 2386 2387 2424
2 4 1461 2423 2386 2424
2 4 1462 1463 1500 2425
2 4 1462 2388 1463 2425
2 4 1462 1500 1499 2425
2 4 1462 1499 2424 2425
2 4 1462 2387 2388 2425
2 4 1462 2424 2387 2425
2 4 1463 1464 1501 2426
2 4 1463 2389 1464 2426
2 4 1463 1501 1500 2426
2 4 1463 1500 2425 2426
2 4 1463 2388 2389 2426
2 4 1463 2425 2388 2426
2 4 1464 1465 1502 2427
2 4 1464 2390 1465 2427
2 4 1464 1502 1501 2427
2 4 1464 1501 2426 2427
2 4 1464 2389 2390 2427
2 4 1464 2426 2389 2427
2 4 1465 1466 1503 2428
2 4 1465 2391 1466 2428
2 4 1465 1503 1502 2428
2 4 1465 1502 2427 2428
2 4 1465 2390 2391 2428
2 4 1465 2427 2390 2428
2 4 1466 1467 1504 2429
2 4 1466 2392 1467 2429
2 4 1466 1504 1503 2429
2 4 1466 1503 2428 2429
2 4 1466 2391 2392 2429
2 4 1466 2428 2391 2429
2 4 1467 1468 1505 2430
2 4 1467 2393 1468 2430
2 4 1467 1505 1504 2430
2 4 1467 1504 2429 2430
2 4 1467 2392 2393 2430
2 4 1467 2429 2392 2430
2 4 1468 1469 1506 2431
2 4 1468 2394 1469 2431
2 4 1468 1506 1505 2431
2 4 1468 1505 2430 2431
2 4 1468 2393 2394 2431
2 4 1468 2430 2393 2431
2 4 1469 1470 1507 2432
2 4 1469 2395 1470 2432
2 4 1469 1507 1506 2432
2 4 1469 1506 2431 2432
2 4 1469 2394 2395 2432
2 4 1469 2431 2394 2432
2 4 1470 1471 1508 2433
2 4 1470 2396 1471 2433
2 4 1470 1508 1507 2433
2 4 1470 1507 2432 2433
2 4 1470 2395 2396 2433
2 4 1470 2432 2395 2433
2 4 1471 1472 1509 2434
2 4 1471 2397 1472 2434
2 4 1471 1509 1508 2434
2 4 1471 1508 2433 2434
2 4 1471 2396 2397 2434
2 4 1471 2433 2396 2434
2 4 1472 1473 1510 2435
2 4 1472 2398 1473 2435
2 4 1472 1510 1509 2435
2 4 1472 1509 2434 2435
2 4 1472 2397 2398 2435
2 4 1472 2434 2397 2435
2 4 1473 1474 1511 2436
2 4 1473 2399 1474 2436
2 4 1473 1511 1510 2436
2 4 1473 1510 2435 2436
2 4 1473 2398 2399 2436
2 4 1473 2435 2398 2436
2 4 1474 1475 1512 2437
2 4 1474 2400 1475 2437
2 4 1474 1512 1511 2437
2 4 1474 1511 2436 2437
2 4 1474 2399 2400 2437
2 4 1474 2436 2399 2437
2 4 1475 1476 1513 2438
2 4 1475 2401 1476 2438
2 4 1475 1513 1512 2438
2 4 1475 1512 2437 2438
2 4 1475 2400 2401 2438
2 4 1475 2437 2400 2438
2 4 1476 1477 1514 2439
2 4 1476 2402 1477 2439
2 4 1476 1514 1513 2439
2 4 1476 1513 2438 2439
2 4 1476 2401 2402 2439
2 4 1476 2438 2401 2439
2 4 1477 1478 1515 2440
2 4 1477 2403 1478 2440
2 4 1477 1515 1514 2440
2 4 1477 1514 2439 2440
2 4 1477 2402 2403 2440
2 4 1477 2439 2402 2440
2 4 1478 1479 1516 2441
2 4 1478 2404 1479 2441
2 4 1478 1516 1515 2441
2 4 1478 1515 2440 2441
2 4 1478 2403 2404 2441
2 4 1478 2440 2403 2441
2 4 1480 1481 1518 2443
2 4 1480 2406 1481 2443
2 4 1480 1518 1517 2443
2 4 1480 1517 2442 2443
2 4 1480 2405 2406 2443
2 4 1480 2442 2405 2443
2 4 1481 1482 1519 2444
2 4 1481 2407 1482 2444
2 4 1481 1519 1518 2444
2 4 1481 1518 2443 2444
2 4 1481 2406 2407 2444
2 4 1481 2443 2406 2444
2 4 1482 1483 1520 2445
2 4 1482 2408 1483 2445
2 4 1482 1520 1519 2445
2 4 1482 1519 2444 2445
2 4 1482 2407 2408 2445
2 4 1482 2444 2407 2445
2 4 1483 1484 1521 2446
2 4 1483 2409 1484 2446
2 4 1483 1521 1520 2446
2 4 1483 1520 2445 2446
2 4 1483 2408 2409 2446
2 4 1483 2445 2408 2446
2 4 1484 1485 1522 2447
2 4 1484 2410 1485 2447
2 4 1484 1522 1521 2447
2 4 1484 1521 2446 2447
2 4 1484 2409 2410 2447
2 4 1484 2446 2409 2447
2 4 1485 1486 1523 2448
2 4 1485 2411 1486 2448
2 4 1485 1523 1522 2448
2 4 1485 1522 2447 2448
2 4 1485 2410 2411 2448
2 4 1485 2447 2410 2448
2 4 1486 1487 1524 2449
2 4 1486 2412 1487 2449
2 4 1486 1524 1523 2449
2 4 1486 1523 2448 2449
2 4 1486 2411 2412 2449
2 4 1486 2448 2411 2449
2 4 1487 1488 1525 2450
2 4 1487 2413 1488 2450
2 4 1487 1525 1524 2450
2 4 1487 1524 2449 2450
2 4 1487 2412 2413 2450
2 4 1487 2449 2412 2450
2 4 1488 1489 1526 2451
2 4 1488 2414 1489 2451
2 4 1488 1526 1525 2451
2 4 1488 1525 2450 2451
2 4 1488 2413 2414 2451
2 4 1488 2450 2413 2451
2 4 1489 1490 1527 2452
2 4 1489 2415 1490 2452
2 4 1489 1527 1526 2452
2 4 1489 1526 2451 2452
2 4 1489 2414 2415 2452
2 4 1489 2451 2414 2452
2 4 1490 1491 1528 2453
2 4 1490 2416 1491 2453
2 4 1490 1528 1527 2453
2 4 1490 1527 2452 2453
2 4 1490 2415 2416 2453
2 4 1490 2452 2415 2453
2 4 1491 1492 1529 2454
2 4 1491 2417 1492 2454
2 4 1491 1529 1528 2454
2 4 1491 1528 2453 2454
2 4 1491 2416 2417 2454
2 4 1491 2453 2416 2454
2 4 1492 1493 1530 2455
2 4 1492 2418 1493 2455
2 4 1492 1530 1529 2455
2 4 1492 1529 2454 2455
2 4 1492 2417 2418 2455
2 4 1492 2454 2417 2455
2 4 1493 1494 1531 2456
2 4 1493 2419 1494 2456
2 4 1493 1531 1530 2456
2 4 1493 1530 2455 2456
2 4 1493 2418 2419 2456
2 4 1493 2455 2418 2456
2 4 1494 1495 1532 2457
2 4 1494 2420 1495 2457
2 4 1494 1532 1531 2457
2 4 1494 1531 2456 2457
2 4 1494 2419 2420 2457
2 4 1494 2456 2419 2457
2 4 1495 1496 1533 2458
2 4 1495 2421 1496 2458
2 4 1495 1533 1532 2458
2 4 1495 1532 2457 2458
2 4 1495 2420 2421 2458
2 4 1495 2457 2420 2458
2 4 1496 1497 1534 2459
2 4 1496 2422 1497 2459
2 4 1496 1534 1533 2459
2 4 1496 1533 2458 2459
2 4 1496 2421 2422 2459
2 4 1496 2458 2421 2459
2 4 1497 1498 1535 2460
2 4 1497 2423 1498 2460
2 4 1497 1535 1534 2460
2 4 1497 1534 2459 2460
2 4 1497 2422 2423 2460
2 4 1497 2459 2422 2460
2 4 1498 1499 1536 2461
2 4 1498 2424 1499 2461
2 4 1498 1536 1535 2461
2 4 1498 1535 2460 2461
2 4 1498 2423 2424 2461
2 4 1498 2460 2423 2461
2 4 1499 1500 1537 2462
2 4 1499 2425 1500 2462
2 4 1499 1537 1536 2462
2 4 1499 1536 2461 2462
2 4 1499 2424 2425 2462
2 4 1499 2461 2424 2462
2 4 1500 1501 1538 2463
2 4 1500 2426 1501 2463
2 4 1500 1538 1537 2463
2 4 1500 1537 2462 2463
2 4 1500 2425 2426 2463
2 4 1500 2462 2425 2463
2 4 1501 1502 1539 2464
2 4 1501 2427 1502 2464
2 4 1501 1539 1538 2464
2 4 1501 1538 2463 2464
2 4 1501 2426 2427 2464
2 4 1501 2463 2426 2464
2 4 1502 1503 1540 2465
2 4 1502 2428 1503 2465
2 4 1502 1540 1539 2465
2 4 1502 1539 2464 2465
2 4 1502 2427 2428 2465
2 4 1502 2464 2427 2465
2 4 1503 1504 1541 2466
2 4 1503 2429 1504 2466
2 4 1503 1541 1540 2466
2 4 1503 1540 2465 2466
2 4 1503 2428 2429 2466
2 4 1503 2465 2428 2466
2 4 1504 1505 1542 2467
2 4 1504 2430 1505 2467
2 4 1504 1542 1541 2467
2 4 1504 1541 2466 2467
2 4 1504 2429 2430 2467
2 4 1504 2466 2429 2467
2 4 1505 1506 1543 2468
2 4 1505 2431 1506 2468
2 4 1505 1543 1542 2468
2 4 1505 1542 2467 2468
2 4 1505 2430 2431 2468
2 4 1505 2467 2430 2468
2 4 1506 1507 1544 2469
2 4 1506 2432 1507 2469
2 4 1506 1544 1543 2469
2 4 1506 1543 2468 2469
2 4 1506 2431 2432 2469
2 4 1506 2468 2431 2469
2 4 1507 1508 1545 2470
2 4 1507 2433 1508 2470
2 4 1507 1545 1544 2470
2 4 1507 1544 2469 2470
2 4 1507 2432 2433 2470
2 4 1507 2469 2432 2470
2 4 1508 1509 1546 2471
2 4 1508 2434 1509 2471
2 4 1508 1546 1545 2471
2 4 1508 1545 2470 2471
2 4 1508 2433 2434 2471
2 4 1508 2470 2433 2471
2 4 1509 1510 1547 2472
2 4 1509 2435 1510 2472
2 4 1509 1547 1546 2472
2 4 1509 1546 2471 2472
2 4 1509 2434 2435 2472
2 4 1509 2471 2434 2472
2 4 1510 1511 1548 2473
2 4 1510 2436 1511 2473
2 4 1510 1548 1547 2473
2 4 1510 1547 2472 2473
2 4 1510 2435 2436 2473
2 4 1510 2472 2435 2473
2 4 1511 1512 1549 2474
2 4 1511 2437 1512 2474
2 4 1511 1549 1548 2474
2 4 1511 1548 2473 2474
2 4 1511 2436 2437 2474
2 4 1511 2473 2436 2474
2 4 1512 1513 1550 2475
2 4 1512 2438 1513 2475
2 4 1512 1550 1549 2475
2 4 1512 1549 2474 2475
2 4 1512 2437 2438 2475
2 4 1512 2474 2437 2475
2 4 1513 1514 1551 2476
2 4 1513 2439 1514 2476
2 4 1513 1551 1550 2476
2 4 1513 1550 2475 2476
2 4 1513 2438 2439 2476
2 4 1513 2475 2438 2476
2 4 1514 1515 1552 2477
2 4 1514 2440 1515 2477
2 4 1514 1552 1551 2477
2 4 1514 1551 2476 2477
2 4 1514 2439 2440 2477
2 4 1514 2476 2439 2477
2 4 1515 1516 1553 2478
2 4 1515 2441 1516 2478
2 4 1515 1553 1552 2478
2 4 1515 1552 2477 2478
2 4 1515 2440 2441 2478
2 4 1515 2477 2440 2478
2 4 1517 1518 1555 2480
2 4 1517 2443 1518 2480
2 4 1517 1555 1554 2480
2 4 1517 1554 2479 2480
2 4 1517 2442 2443 2480
2 4 1517 2479 2442 2480
2 4 1518 1519 1556 2481
2 4 1518 2444 1519 2481
2 4 1518 1556 1555 2481
2 4 1518 1555 2480 2481
2 4 1518 2443 2444 2481
2 4 1518 2480 2443 2481
2 4 1519 1520 1557 2482
2 4 1519 2445 1520 2482
2 4 1519 1557 1556 2482
2 4 1519 1556 2481 2482
2 4 1519 2444 2445 2482
2 4 1519 2481 2444 2482
2 4 1520 1521 1558 2483
2 4 1520 2446 1521 2483
2 4 1520 1558 1557 2483
2 4 1520 1557 2482 2483
2 4 1520 2445 2446 2483
2 4 1520 2482 2445 2483
2 4 1521 1522 1559 2484
2 4 1521 2447 1522 2484
2 4 1521 1559 1558 2484
2 4 1521 1558 2483 2484
2 4 1521 2446 2447 2484
2 4 1521 2483 2446 2484
2 4 1522 1523 1560 2485
2 4 1522 2448 1523 2485
2 4 1522 1560 1559 2485
2 4 1522 1559 2484 2485
2 4 1522 2447 2448 2485
2 4 1522 2484 2447 2485
2 4 1523 1524 1561 2486
2 4 1523 2449 1524 2486
2 4 1523 1561 1560 2486
2 4 1523 1560 2485 2486
2 4 1523 2448 2449 2486
2 4 1523 2485 2448 2486
2 4 1524 1525 1562 2487
2 4 1524 2450 1525 2487
2 4 1524 1562 1561 2487
2 4 1524 1561 2486 2487
2 4 1524 2449 2450 2487
2 4 1524 2486 2449 2487
2 4 1525 1526 1563 2488
2 4 1525 2451 1526 2488
2 4 1525 1563 1562 2488
2 4 1525 1562 2487 2488
2 4 1525 2450 2451 2488
2 4 1525 2487 2450 2488
2 4 1526 1527 1564 2489
2 4 1526 2452 1527 2489
2 4 1526 1564 1563 2489
2 4 1526 1563 2488 2489
2 4 1526 2451 2452 2489
2 4 1526 2488 2451 2489
2 4 1527 1528 1565 2490
2 4 1527 2453 1528 2490
2 4 1527 1565 1564 2490
2 4 1527 1564 2489 2490
2 4 1527 2452 2453 2490
2 4 1527 2489 2452 2490
2 4 1528 1529 1566 2491
2 4 1528 2454 1529 2491
2 4 1528 1566 1565 2491
2 4 1528 1565 2490 2491
2 4 1528 2453 2454 2491
2 4 1528 2490 2453 2491
2 4 1529 1530 1567 2492
2 4 1529 2455 1530 2492
2 4 1529 1567 1566 2492
2 4 1529 1566 2491 2492
2 4 1529 2454 2455 2492
2 4 1529 2491 2454 2492
2 4 1530 1531 1568 2493
2 4 1530 2456 1531 2493
2 4 1530 1568 1567 2493
2 4 1530 1567 2492 2493
2 4 1530 2455 2456 2493
2 4 1530 2492 2455 2493
2 4 1531 1532 1569 2494
2 4 1531 2457 1532 2494
2 4 1531 1569 1568 2494
2 4 1531 1568 2493 2494
2 4 1531 2456 2457 2494
2 4 1531 2493 2456 2494
2 4 1532 1533 1570 2495
2 4 1532 2458 1533 2495
2 4 1532 1570 1569 2495
2 4 1532 1569 2494 2495
2 4 1532 2457 2458 2495
2 4 1532 2494 2457 2495
2 4 1533 1534 1571 2496
2 4 1533 2459 1534 2496
2 4 1533 1571 1570 2496
2 4 1533 1570 2495 2496
2 4 1533 2458 2459 2496
2 4 1533 2495 2458 2496
2 4 1534 1535 1572 2497
2 4 1534 2460 1535 2497
2 4 1534 1572 1571 2497
2 4 1534 1571 2496 2497
2 4 1534 2459 2460 2497
2 4 1534 2496 2459 2497
2 4 1535 1536 1573 2498
2 4 1535 2461 1536 2498
2 4 1535 1573 1572 2498
2 4 1535 1572 2497 2498
2 4 1535 2460 2461 2498
2 4 1535 2497 2460 2498
2 4 1536 1537 1574 2499
2 4 1536 2462 1537 2499
2 4 1536 1574 1573 2499
2 4 1536 1573 2498 2499
2 4 1536 2461 2462 2499
2 4 1536 2498 2461 2499
2 4 1537 1538 1575 2500
2 4 1537 2463 1538 2500
2 4 1537 1575 1574 2500
2 4 1537 1574 2499 2500
2 4 1537 2462 2463 2500
2 4 1537 2499 2462 2500
2 4 1538 1539 1576 2501
2 4 1538 2464 1539 2501
2 4 1538 1576 1575 2501
2 4 1538 1575 2500 2501
2 4 1538 2463 2464 2501
2 4 1538 2500 2463 2501
2 4 1539 1540 1577 2502
2 4 1539 2465 1540 2502
2 4 1539 1577 1576 2502
2 4 1539 1576 2501 2502
2 4 1539 2464 2465 2502
2 4 1539 2501 2464 2502
2 4 1540 1541 1578 2503
2 4 1540 2466 1541 2503
2 4 1540 1578 1577 2503
2 4 1540 1577 2502 2503
2 4 1540 2465 2466 2503
2 4 1540 2502 2465 2503
2 4 1541 1542 1579 2504
2 4 1541 2467 1542 2504
2 4 1541 1579 1578 2504
2 4 1541 1578 2503 2504
2 4 1541 2466 2467 2504
2 4 1541 2503 2466 2504
2 4 1542 1543 1580 2505
2 4 1542 2468 1543 2505
2 4 1542 1580 1579 2505
2 4 1542 1579 2504 2505
2 4 1542 2467 2468 2505
2 4 1542 2504 2467 2505
2 4 1543 1544 1581 2506
2 4 1543 2469 1544 2506
2 4 1543 1581 1580 2506
2 4 1543 1580 2505 2506
2 4 1543 2468 2469 2506
2 4 1543 2505 2468 2506
2 4 1544 1545 1582 2507
2 4 1544 2470 1545 2507
2 4 1544 1582 1581 2507
2 4 1544 1581 2506 2507
2 4 1544 2469 2470 2507
2 4 1544 2506 2469 2507
2 4 1545 1546 1583 2508
2 4 1545 2471 1546 2508
2 4 1545 1583 1582 2508
2 4 1545 1582 2507 2508
2 4 1545 2470 2471 2508
2 4 1545 2507 2470 2508
2 4 1546 1547 1584 2509
2 4 1546 2472 1547 2509
2 4 1546 1584 1583 2509
2 4 1546 1583 2508 2509
2 4 1546 2471 2472 2509
2 4 1546 2508 2471 2509
2 4 1547 1548 1585 2510
2 4 1547 2473 1548 2510
2 4 1547 1585 1584 2510
2 4 1547 1584 2509 2510
2 4 1547 2472 2473 2510
2 4 1547 2509 2472 2510
2 4 1548 1549 1586 2511
2 4 1548 2474 1549 2511
2 4 1548 1586 1585 2511
2 4 1548 1585 2510 2511
2 4 1548 2473 2474 2511
2 4 1548 2510 2473 2511
2 4 1549 1550 1587 2512
2 4 1549 2475 1550 2512
2 4 1549 1587 1586 2512
2 4 1549 1586 2511 2512
2 4 1549 2474 2475 2512
2 4 1549 2511 2474 2512
2 4 1550 1551 1588 2513
2 4 1550 2476 1551 2513
2 4 1550 1588 1587 2513
2 4 1550 1587 2512 2513
2 4 1550 2475 2476 2513
2 4 1550 2512 2475 2513
2 4 1551 1552 1589 2514
2 4 1551 2477 1552 2514
2 4 1551 1589 1588 2514
2 4 1551 1588 2513 2514
2 4 1551 2476 2477 2514
2 4 1551 2513 2476 2514
2 4 1552 1553 1590 2515
2 4 1552 2478 1553 2515
2 4 1552 1590 1589 2515
2 4 1552 1589 2514 2515
2 4 1552 2477 2478 2515
2 4 1552 2514 2477 2515
2 4 1554 1555 1592 2517
2 4 1554 2480 1555 2517
2 4 1554 1592 1591 2517
2 4 1554 1591 2516 2517
2 4 1554 2479 2480 2517
2 4 1554 2516 2479 2517
2 4 1555 1556 1593 2518
2 4 1555 2481 1556 2518
2 4 1555 1593 1592 2518
2 4 1555 1592 2517 2518
2 4 1555 2480 2481 2518
2 4 1555 2517 2480 2518
2 4 1556 1557 1594 2519
2 4 1556 2482 1557 2519
2 4 1556 1594 1593 2519
2 4 1556 1593 2518 2519
2 4 1556 2481 2482 2519
2 4 1556 2518 2481 2519
2 4 1557 1558 1595 2520
2 4 1557 2483 1558 2520
2 4 1557 1595 1594 2520
2 4 1557 1594 2519 2520
2 4 1557 2482 2483 2520
2 4 1557 2519 2482 2520
2 4 1558 1559 1596 2521
2 4 1558 2484 1559 2521
2 4 1558 1596 1595 2521
2 4 1558 1595 2520 2521
2 4 1558 2483 2484 2521
2 4 1558 2520 2483 2521
2 4 1559 1560 1597 2522
2 4 1559 2485 1560 2522
2 4 1559 1597 1596 2522
2 4 1559 1596 2521 2522
2 4 1559 2484 2485 2522
2 4 1559 2521 2484 2522
2 4 1560 1561 1598 2523
2 4 1560 2486 1561 2523
2 4 1560 1598 1597 2523
2 4 1560 1597 2522 2523
2 4 1560 2485 2486 2523
2 4 1560 2522 2485 2523
2 4 1561 1562 1599 2524
2 4 1561 2487 1562 2524
2 4 1561 1599 1598 2524
2 4 1561 1598 2523 2524
2 4 1561 2486 2487 2524
2 4 1561 2523 2486 2524
2 4 1562 1563 1600 2525
2 4 1562 2488 1563 2525
2 4 1562 1600 1599 2525
2 4 1562 1599 2524 2525
2 4 1562 2487 2488 2525
2 4 1562 2524 2487 2525
2 4 1563 1564 1601 2526
2 4 1563 2489 1564 2526
2 4 1563 1601 1600 2526
2 4 1563 1600 2525 2526
2 4 1563 2488 2489 2526
2 4 1563 2525 2488 2526
2 4 1564 1565 1602 2527
2 4 1564 2490 1565 2527
2 4 1564 1602 1601 2527
2 4 1564 1601 2526 2527
2 4 1564 2489 2490 2527
2 4 1564 2526 2489 2527
2 4 1565 1566 1603 2528
2 4 1565 2491 1566 2528
2 4 1565 1603 1602 2528
2 4 1565 1602 2527 2528
2 4 1565 2490 2491 2528
2 4 1565 2527 2490 2528
2 4 1566 1567 1604 2529
2 4 1566 2492 1567 2529
2 4 1566 1604 1603 2529
2 4 1566 1603 2528 2529
2 4 1566 2491 2492 2529
2 4 1566 2528 2491 2529
2 4 1567 1568 1605 2530
2 4 1567 2493 1568 2530
2 4 1567 1605 1604 2530
2 4 1567 1604 2529 2530
2 4 1567 2492 2493 2530
2 4 1567 2529 2492 2530
2 4 1568 1569 1606 2531
2 4 1568 2494 1569 2531
2 4 1568 1606 1605 2531
2 4 1568 1605 2530 2531
2 4 1568 2493 2494 2531
2 4 1568 2530 2493 2531
2 4 1569 1570 1607 2532
2 4 1569 2495 1570 2532
2 4 1569 1607 1606 2532
2 4 1569 1606 2531 2532
2 4 1569 2494 2495 2532
2 4 1569 2531 2494 2532
2 4 1570 1571 1608 2533
2 4 1570 2496 1571 2533
2 4 1570 1608 1607 2533
2 4 1570 1607 2532 2533
2 4 1570 2495 2496 2533
2 4 1570 2532 2495 2533
2 4 1571 1572 1609 2534
2 4 1571 2497 1572 2534
2 4 1571 1609 1608 2534
2 4 1571 1608 2533 2534
2 4 1571 2496 2497 2534
2 4 1571 2533 2496 2534
2 4 1572 1573 1610 2535
2 4 1572 2498 1573 2535
2 4 1572 1610 1609 2535
2 4 1572 1609 2534 2535
2 4 1572 2497 2498 2535
2 4 1572 2534 2497 2535
2 4 1573 1574 1611 2536
2 4 1573 2499 1574 2536
2 4 1573 1611 1610 2536
2 4 1573 1610 2535 2536
2 4 1573 2498 2499 2536
2 4 1573 2535 2498 2536
2 4 1574 1575 1612 2537
2 4 1574 2500 1575 2537
2 4 1574 1612 1611 2537
2 4 1574 1611 2536 2537
2 4 1574 2499 2500 2537
2 4 1574 2536 2499 2537
2 4 1575 1576 1613 2538
2 4 1575 2501 1576 2538
2 4 1575 1613 1612 2538
2 4 1575 1612 2537 2538
2 4 1575 2500 2501 2538
2 4 1575 2537 2500 2538
2 4 1576 1577 1614 2539
2 4 1576 2502 1577 2539
2 4 1576 1614 1613 2539
2 4 1576 1613 2538 2539
2 4 1576 2501 2502 2539
2 4 1576 2538 2501 2539
2 4 1577 1578 1615 2540
2 4 1577 2503 1578 2540
2 4 1577 1615 1614 2540
2 4 1577 1614 2539 2540
2 4 1577 2502 2503 2540
2 4 1577 2539 2502 2540
2 4 1578 1579 1616 2541
2 4 1578 2504 1579 2541
2 4 1578 1616 1615 2541
2 4 1578 1615 2540 2541
2 4 1578 2503 2504 2541
2 4 1578 2540 2503 2541
2 4 1579 1580 1617 2542
2 4 1579 2505 1580 2542
2 4 1579 1617 1616 2542
2 4 1579 1616 2541 2542
2 4 1579 2504 2505 2542
2 4 1579 2541 2504 2542
2 4 1580 1581 1618 2543
2 4 1580 2506 1581 2543
2 4 1580 1618 1617 2543
2 4 1580 1617 2542 2543
2 4 1580 2505 2506 2543
2 4 1580 2542 2505 2543
2 4 1581 1582 1619 2544
2 4 1581 2507 1582 2544
2 4 1581 1619 1618 2544
2 4 1581 1618 2543 2544
2 4 1581 2506 2507 2544
2 4 1581 2543 2506 2544
2 4 1582 1583 1620 2545
2 4 1582 2508 1583 2545
2 4 1582 1620 1619 2545
2 4 1582 1619 2544 2545
2 4 1582 2507 2508 2545
2 4 1582 2544 2507 2545
2 4 1583 1584 1621 2546
2 4 1583 2509 1584 2546
2 4 1583 1621 1620 2546
2 4 1583 1620 2545 2546
2 4 1583 2508 2509 2546
2 4 1583 2545 2508 2546
2 4 1584 1585 1622 2547
2 4 1584 2510 1585 2547
2 4 1584 1622 1621 2547
2 4 1584 1621 2546 2547
2 4 1584 2509 2510 2547
2 4 1584 2546 2509 2547
2 4 1585 1586 1623 2548
2 4 1585 2511 1586 2548
2 4 1585 1623 1622 2548
2 4 1585 1622 2547 2548
2 4 1585 2510 2511 2548
2 4 1585 2547 2510 2548
2 4 1586 1587 1624 2549
2 4 1586 2512 1587 2549
2 4 1586 1624 1623 2549
2 4 1586 1623 2548 2549
2 4 1586 2511 2512 2549
2 4 1586 2548 2511 2549
2 4 1587 1588 1625 2550
2 4 1587 2513 1588 2550
2 4 1587 1625 1624 2550
2 4 1587 1624 2549 2550
2 4 1587 2512 2513 2550
2 4 1587 2549 2512 2550
2 4 1588 1589 1626 2551
2 4 1588 2514 1589 2551
2 4 1588 1626 1625 2551
2 4 1588 1625 2550 2551
2 4 1588 2513 2514 2551
2 4 1588 2550 2513 2551
2 4 1589 1590 1627 2552
2 4 1589 2515 1590 2552
2 4 1589 1627 1626 2552
2 4 1589 1626 2551 2552
2 4 1589 2514 2515 2552
2 4 1589 2551 2514 2552
2 4 1591 1592 1629 2554
2 4 1591 2517 1592 2554
2 4 1591 1629 1628 2554
2 4 1591 1628 2553 2554
2 4 1591 2516 2517 2554
2 4 1591 2553 2516 2554
2 4 1592 1593 1630 2555
2 4 1592 2518 1593 2555
2 4 1592 1630 1629 2555
2 4 1592 1629 2554 2555
2 4 1592 2517 2518 2555
2 4 1592 2554 2517 2555
2 4 1593 1594 1631 2556
2 4 1593 2519 1594 2556
2 4 1593 1631 1630 2556
2 4 1593 1630 2555 2556
2 4 1593 2518 2519 2556
2 4 1593 2555 2518 2556
2 4 1594 1595 1632 2557
2 4 1594 2520 1595 2557
2 4 1594 1632 1631 2557
2 4 1594 1631 2556 2557
2 4 1594 2519 2520 2557
2 4 1594 2556 2519 2557
2 4 1595 1596 1633 2558
2 4 1595 2521 1596 2558
2 4 1595 1633 1632 2558
2 4 1595 1632 2557 2558
2 4 1595 2520 2521 2558
2 4 1595 2557 2520 2558
2 4 1596 1597 1634 2559
2 4 1596 2522 1597 2559
2 4 1596 1634 1633 2559
2 4 1596 1633 2558 2559
2 4 1596 2521 2522 2559
2 4 1596 2558 2521 2559
2 4 1597 1598 1635 2560
2 4 1597 2523 1598 2560
2 4 1597 1635 1634 2560
2 4 1597 1634 2559 2560
2 4 1597 2522 2523 2560
2 4 1597 2559 2522 2560
2 4 1598 1599 1636 2561
2 4 1598 2524 1599 2561
2 4 1598 1636 1635 2561
2 4 1598 1635 2560 2561
2 4 1598 2523 2524 2561
2 4 1598 2560 2523 2561
2 4 1599 1600 1637 2562
2 4 1599 2525 1600 2562
2 4 1599 1637 1636 2562
2 4 1599 1636 2561 2562
2 4 1599 2524 2525 2562
2 4 1599 2561 2524 2562
2 4 1600 1601 1638 2563
2 4 1600 2526 1601 2563
2 4 1600 1638 1637 2563
2 4 1600 1637 2562 2563
2 4 1600 2525 2526 2563
2 4 1600 2562 2525 2563
2 4 1601 1602 1639 2564
2 4 1601 2527 1602 2564
2 4 1601 1639 1638 2564
2 4 1601 1638 2563 2564
2 4 1601 2526 2527 2564
2 4 1601 2563 2526 2564
2 4 1602 1603 1640 2565
2 4 1602 2528 1603 2565
2 4 1602 1640 1639 2565
2 4 1602 1639 2564 2565
2 4 1602 2527 2528 2565
2 4 1602 2564 2527 2565
2 4 1603 1604 1641 2566
2 4 1603 2529 1604 2566
2 4 1603 1641 1640 2566
2 4 1603 1640 2565 2566
2 4 1603 2528 2529 2566
2 4 1603 2565 2528 2566
2 4 1604 1605 1642 2567
2 4 1604 2530 1605 2567
2 4 1604 1642 1641 2567
2 4 1604 1641 2566 2567
2 4 1604 2529 2530 2567
2 4 1604 2566 2529 2567
2 4 1605 1606 1643 2568
2 4 1605 2531 1606 2568
2 4 1605 1643 1642 2568
2 4 1605 1642 2567 2568
2 4 1605 2530 2531 2568
2 4 1605 2567 2530 2568
2 4 1606 1607 1644 2569
2 4 1606 2532 1607 2569
2 4 1606 1644 1643 2569
2 4 1606 1643 2568 2569
2 4 1606 2531 2532 2569
2 4 1606 2568 2531 2569
2 4 1607 1608 1645 2570
2 4 1607 2533 1608 2570
2 4 1607 1645 1644 2570
2 4 1607 1644 2569 2570
2 4 1607 2532 2533 2570
2 4 1607 2569 2532 2570
2 4 1608 1609 1646 2571
2 4 1608 2534 1609 2571
2 4 1608 1646 1645 2571
2 4 1608 1645 2570 2571
2 4 1608 2533 2534 2571
2 4 1608 2570 2533 2571
2 4 1609 1610 1647 2572
2 4 1609 2535 1610 2572
2 4 1609 1647 1646 2572
2 4 1609 1646 2571 2572
2 4 1609 2534 2535 2572
2 4 1609 2571 2534 2572
2 4 1610 1611 1648 2573
2 4 1610 2536 1611 2573
2 4 1610 1648 1647 2573
2 4 1610 1647 2572 2573
2 4 1610 2535 2536 2573
2 4 1610 2572 2535 2573
2 4 1611 1612 1649 2574
2 4 1611 2537 1612 2574
2 4 1611 1649 1648 2574
2 4 1611 1648 2573 2574
2 4 1611 2536 2537 2574
2 4 1611 2573 2536 2574
2 4 1612 1613 1650 2575
2 4 1612 2538 1613 2575
2 4 1612 1650 1649 2575
2 4 1612 1649 2574 2575
2 4 1612 2537 2538 2575
2 4 1612 2574 2537 2575
2 4 1613 1614 1651 2576
2 4 1613 2539 1614 2576
2 4 1613 1651 1650 2576
2 4 1613 1650 2575 2576
2 4 1613 2538 2539 2576
2 4 1613 2575 2538 2576
2 4 1614 1615 1652 2577
2 4 1614 2540 1615 2577
2 4 1614 1652 1651 2577
2 4 1614 1651 2576 2577
2 4 1614 2539 2540 2577
2 4 1614 2576 2539 2577
2 4 1615 1616 1653 2578
2 4 1615 2541 1616 2578
2 4 1615 1653 1652 2578
2 4 1615 1652 2577 2578
2 4 1615 2540 2541 2578
2 4 1615 2577 2540 2578
2 4 1616 1617 1654 2579
2 4 1616 2542 1617 2579
2 4 1616 1654 1653 2579
2 4 1616 1653 2578 2579
2 4 1616 2541 2542 2579
2 4 1616 2578 2541 2579
2 4 1617 1618 1655 2580
2 4 1617 2543 1618 2580
2 4 1617 1655 1654 2580
2 4 1617 1654 2579 2580
2 4 1617 2542 2543 2580
2 4 1617 2579 2542 2580
2 4 1618 1619 1656 2581
2 4 1618 2544 1619 2581
2 4 1618 1656 1655 2581
2 4 1618 1655 2580 2581
2 4 1618 2543 2544 2581
2 4 1618 2580 2543 2581
2 4 1619 1620 1657 2582
2 4 1619 2545 1620 2582
2 4 1619 1657 1656 2582
2 4 1619 1656 2581 2582
2 4 1619 2544 2545 2582
2 4 1619 2581 2544 2582
2 4 1620 1621 1658 2583
2 4 1620 2546 1621 2583
2 4 1620 1658 1657 2583
2 4 1620 1657 2582 2583
2 4 1620 2545 2546 2583
2 4 1620 2582 2545 2583
2 4 1621 1622 1659 2584
2 4 1621 2547 1622 2584
2 4 1621 1659 1658 2584
2 4 1621 1658 2583 2584
2 4 1621 2546 2547 2584
2 4 1621 2583 2546 2584
2 4 1622 1623 1660 2585
2 4 1622 2548 1623 2585
2 4 1622 1660 1659 2585
2 4 1622 1659 2584 2585
2 4 1622 2547 2548 2585
2 4 1622 2584 2547 2585
2 4 1623 1624 1661 2586
2 4 1623 2549 1624 2586
2 4 1623 1661 1660 2586
2 4 1623 1660 2585 2586
2 4 1623 2548 2549 2586
2 4 1623 2585 2548 2586
2 4 1624 1625 1662 2587
2 4 1624 2550 1625 2587
2 4 1624 1662 1661 2587
2 4 1624 1661 2586 2587
2 4 1624 2549 2550 2587
2 4 1624 2586 2549 2587
2 4 1625 1626 1663 2588
2 4 1625 2551 1626 2588
2 4 1625 1663 1662 2588
2 4 1625 1662 2587 2588
2 4 1625 2550 2551 2588
2 4 1625 2587 2550 2588
2 4 1626 1627 1664 2589
2 4 1626 2552 1627 2589
2 4 1626 1664 1663 2589
2 4 1626 1663 2588 2589
2 4 1626 2551 2552 2589
2 4 1626 2588 2551 2589
2 4 1628 1629 1666 2591
2 4 1628 2554 1629 2591
2 4 1628 1666 1665 2591
2 4 1628 1665 2590 2591
2 4 1628 2553 2554 2591
2 4 1628 2590 2553 2591
2 4 1629 1630 1667 2592
2 4 1629 2555 1630 2592
2 4 1629 1667 1666 2592
2 4 1629 1666 2591 2592
2 4 1629 2554 2555 2592
2 4 1629 2591 2554 2592
2 4 1630 1631 1668 2593
2 4 1630 2556 1631 2593
2 4 1630 1668 1667 2593
2 4 1630 1667 2592 2593
2 4 1630 2555 2556 2593
2 4 1630 2592 2555 2593
2 4 1631 1632 1669 2594
2 4 1631 2557 1632 2594
2 4 1631 1669 1668 2594
2 4 1631 1668 2593 2594
2 4 1631 2556 2557 2594
2 4 1631 2593 2556 2594
2 4 1632 1633 1670 2595
2 4 1632 2558 1633 2595
2 4 1632 1670 1669 2595
2 4 1632 1669 2594 2595
2 4 1632 2557 2558 2595
2 4 1632 2594 2557 2595
2 4 1633 1634 1671 2596
2 4 1633 2559 1634 2596
2 4 1633 1671 1670 2596
2 4 1633 1670 2595 2596
2 4 1633 2558 2559 2596
2 4 1633 2595 2558 2596
2 4 1634 1635 1672 2597
2 4 1634 2560 1635 2597
2 4 1634 1672 1671 2597
2 4 1634 1671 2596 2597
2 4 1634 2559 2560 2597
2 4 1634 2596 2559 2597
2 4 1635 1636 1673 2598
2 4 1635 2561 1636 2598
2 4 1635 1673 1672 2598
2 4 1635 1672 2597 2598
2 4 1635 2560 2561 2598
2 4 1635 2597 2560 2598
2 4 1636 1637 1674 2599
2 4 1636 2562 1637 2599
2 4 1636 1674 1673 2599
2 4 1636 1673 2598 2599
2 4 1636 2561 2562 2599
2 4 1636 2598 2561 2599
2 4 1637 1638 1675 2600
2 4 1637 2563 1638 2600
2 4 1637 1675 1674 2600
2 4 1637 1674 2599 2600
2 4 1637 2562 2563 2600
2 4 1637 2599 2562 2600
2 4 1638 1639 1676 2601
2 4 1638 2564 1639 2601
2 4 1638 1676 1675 2601
2 4 1638 1675 2600 2601
2 4 1638 2563 2564 2601
2 4 1638 2600 2563 2601
2 4 1639 1640 1677 2602
2 4 1639 2565 1640 2602
2 4 1639 1677 1676 2602
2 4 1639 1676 2601 2602
2 4 1639 2564 2565 2602
2 4 1639 2601 2564 2602
2 4 1640 1641 1678 2603
2 4 1640 2566 1641 2603
2 4 1640 1678 1677 2603
2 4 1640 1677 2602 2603
2 4 1640 2565 2566 2603
2 4 1640 2602 2565 2603
2 4 1641 1642 1679 2604
2 4 1641 2567 1642 2604
2 4 1641 1679 1678 2604
2 4 1641 1678 2603 2604
2 4 1641 2566 2567 2604
2 4 1641 2603 2566 2604
2 4 1642 1643 1680 2605
2 4 1642 2568 1643 2605
2 4 1642 1680 1679 2605
2 4 1642 1679 2604 2605
2 4 1642 2567 2568 2605
2 4 1642 2604 2567 2605
2 4 1643 1644 1681 2606
2 4 1643 2569 1644 2606
2 4 1643 1681 1680 2606
2 4 1643 1680 2605 2606
2 4 1643 2568 2569 2606
2 4 1643 2605 2568 2606
2 4 1644 1645 1682 2607
2 4 1644 2570 1645 2607
2 4 1644 1682 1681 2607
2 4 1644 1681 2606 2607
2 4 1644 2569 2570 2607
2 4 1644 2606 2569 2607
2 4 1645 1646 1683 2608
2 4 1645 2571 1646 2608
2 4 1645 1683 1682 2608
2 4 1645 1682 2607 2608
2 4 1645 2570 2571 2608
2 4 1645 2607 2570 2608
2 4 1646 1647 1684 2609
2 4 1646 2572 1647 2609
2 4 1646 1684 1683 2609
2 4 1646 1683 2608 2609
2 4 1646 2571 2572 2609
2 4 1646 2608 2571 2609
2 4 1647 1648 1685 2610
2 4 1647 2573 1648 2610
2 4 1647 1685 1684 2610
2 4 1647 1684 2609 2610
2 4 1647 2572 2573 2610
2 4 1647 2609 2572 2610
2 4 1648 1649 1686 2611
2 4 1648 2574 1649 2611
2 4 1648 1686 1685 2611
2 4 1648 1685 2610 2611
2 4 1648 2573 2574 2611
2 4 1648 2610 2573 2611
2 4 1649 1650 1687 2612
2 4 1649 2575 1650 2612
2 4 1649 1687 1686 2612
2 4 1649 1686 2611 2612
2 4 1649 2574 2575 2612
2 4 1649 2611 2574 2612
2 4 1650 1651 1688 2613
2 4 1650 2576 1651 2613
2 4 1650 1688 1687 2613
2 4 1650 1687 2612 2613
2 4 1650 2575 2576 2613
2 4 1650 2612 2575 2613
2 4 1651 1652 1689 2614
2 4 1651 2577 1652 2614
2 4 1651 1689 1688 2614
2 4 1651 1688 2613 2614
2 4 1651 2576 2577 2614
2 4 1651 2613 2576 2614
2 4 1652 1653 1690 2615
2 4 1652 2578 1653 2615
2 4 1652 1690 1689 2615
2 4 1652 1689 2614 2615
2 4 1652 2577 2578 2615
2 4 1652 2614 2577 2615
2 4 1653 1654 1691 2616
2 4 1653 2579 1654 2616
2 4 1653 1691 1690 2616
2 4 1653 1690 2615 2616
2 4 1653 2578 2579 2616
2 4 1653 2615 2578 2616
2 4 1654 1655 1692 2617
2 4 1654 2580 1655 2617
2 4 1654 1692 1691 2617
2 4 1654 1691 2616 2617
2 4 1654 2579 2580 2617
2 4 1654 2616 2579 2617
2 4 1655 1656 1693 2618
2 4 1655 2581 1656 2618
2 4 1655 1693 1692 2618
2 4 1655 1692 2617 2618
2 4 1655 2580 2581 2618
2 4 1655 2617 2580 2618
2 4 1656 1657 1694 2619
2 4 1656 2582 1657 2619
2 4 1656 1694 1693 2619
2 4 1656 1693 2618 2619
2 4 1656 2581 2582 2619
2 4 1656 2618 2581 2619
2 4 1657 1658 1695 2620
2 4 1657 2583 1658 2620
2 4 1657 1695 1694 2620
2 4 1657 1694 2619 2620
2 4 1657 2582 2583 2620
2 4 1657 2619 2582 2620
2 4 1658 1659 1696 2621
2 4 1658 2584 1659 2621
2 4 1658 1696 1695 2621
2 4 1658 1695 2620 2621
2 4 1658 2583 2584 2621
2 4 1658 2620 2583 2621
2 4 1659 1660 1697 2622
2 4 1659 2585 1660 2622
2 4 1659 1697 1696 2622
2 4 1659 1696 2621 2622
2 4 1659 2584 2585 2622
2 4 1659 2621 2584 2622
2 4 1660 1661 1698 2623
2 4 1660 2586 1661 2623
2 4 1660 1698 1697 2623
2 4 1660 1697 2622 2623
2 4 1660 2585 2586 2623
2 4 1660 2622 2585 2623
2 4 1661 1662 1699 2624
2 4 1661 2587 1662 2624
2 4 1661 1699 1698 2624
2 4 1661 1698 2623 2624
2 4 1661 2586 2587 2624
2 4 1661 2623 2586 2624
2 4 1662 1663 1700 2625
2 4 1662 2588 1663 2625
2 4 1662 1700 1699 2625
2 4 1662 1699 2624 2625
2 4 1662 2587 2588 2625
2 4 1662 2624 2587 2625
2 4 1663 1664 1701 2626
2 4 1663 2589 1664 2626
2 4 1663 1701 1700 2626
2 4 1663 1700 2625 2626
2 4 1663 2588 2589 2626
2 4 1663 2625 2588 2626
2 4 1665 1666 1703 2628
2 4 1665 2591 1666 2628
2 4 1665 1703 1702 2628
2 4 1665 1702 2627 2628
2 4 1665 2590 2591 2628
2 4 1665 2627 2590 2628
2 4 1666 1667 1704 2629
2 4 1666 2592 1667 2629
2 4 1666 1704 1703 2629
2 4 1666 1703 2628 2629
2 4 1666 2591 2592 2629
2 4 1666 2628 2591 2629
2 4 1667 1668 1705 2630
2 4 1667 2593 1668 2630
2 4 1667 1705 1704 2630
2 4 1667 1704 2629 2630
2 4 1667 2592 2593 2630
2 4 1667 2629 2592 2630
2 4 1668 1669 1706 2631
2 4 1668 2594 1669 2631
2 4 1668 1706 1705 2631
2 4 1668 1705 2630 2631
2 4 1668 2593 2594 2631
2 4 1668 2630 2593 2631
2 4 1669 1670 1707 2632
2 4 1669 2595 1670 2632
2 4 1669 1707 1706 2632
2 4 1669 1706 2631 2632
2 4 1669 2594 2595 2632
2 4 1669 2631 2594 2632
2 4 1670 1671 1708 2633
2 4 1670 2596 1671 2633
2 4 1670 1708 1707 2633
2 4 1670 1707 2632 2633
2 4 1670 2595 2596 2633
2 4 1670 2632 2595 2633
2 4 1671 1672 1709 2634
2 4 1671 2597 1672 2634
2 4 1671 1709 1708 2634
2 4 1671 1708 2633 2634
2 4 1671 2596 2597 2634
2 4 1671 2633 2596 2634
2 4 1672 1673 1710 2635
2 4 1672 2598 1673 2635
2 4 1672 1710 1709 2635
2 4 1672 1709 2634 2635
2 4 1672 2597 2598 2635
2 4 1672 2634 2597 2635
2 4 1673 1674 1711 2636
2 4 1673 2599 1674 2636
2 4 1673 1711 1710 2636
2 4 1673 1710 2635 2636
2 4 1673 2598 2599 2636
2 4 1673 2635 2598 2636
2 4 1674 1675 1712 2637
2 4 1674 2600 1675 2637
2 4 1674 1712 1711 2637
2 4 1674 1711 2636 2637
2 4 1674 2599 2600 2637
2 4 1674 2636 2599 2637
2 4 1675 1676 1713 2638
2 4 1675 2601 1676 2638
2 4 1675 1713 1712 2638
2 4 1675 1712 2637 2638
2 4 1675 2600 2601 2638
2 4 1675 2637 2600 2638
2 4 1676 1677 1714 2639
2 4 1676 2602 1677 2639
2 4 1676 1714 1713 2639
2 4 1676 1713 2638 2639
2 4 1676 2601 2602 2639
2 4 1676 2638 2601 2639
2 4 1677 1678 1715 2640
2 4 1677 2603 1678 2640
2 4 1677 1715 1714 2640
2 4 1677 1714 2639 2640
2 4 1677 2602 2603 2640
2 4 1677 2639 2602 2640
2 4 1678 1679 1716 2641
2 4 1678 2604 1679 2641
2 4 1678 1716 1715 2641
2 4 1678 1715 2640 2641
2 4 1678 2603 2604 2641
2 4 1678 2640 2603 2641
2 4 1679 1680 1717 2642
2 4 1679 2605 1680 2642
2 4 1679 1717 1716 2642
2 4 1679 1716 2641 2642
2 4 1679 2604 2605 2642
2 4 1679 2641 2604 2642
2 4 1680 1681 1718 2643
2 4 1680 2606 1681 2643
2 4 1680 1718 1717 2643
2 4 1680 1717 2642 2643
2 4 1680 2605 2606 2643
2 4 1680 2642 2605 2643
2 4 1681 1682 1719 2644
2 4 1681 2607 1682 2644
2 4 1681 1719 1718 2644
2 4 1681 1718 2643 2644
2 4 1681 2606 2607 2644
2 4 1681 2643 2606 2644
2 4 1682 1683 1720 2645
2 4 1682 2608 1683 2645
2 4 1682 1720 1719 2645
2 4 1682 1719 2644 2645
2 4 1682 2607 2608 2645
2 4 1682 2644 2607 2645
2 4 1683 1684 1721 2646
2 4 1683 2609 1684 2646
2 4 1683 1721 1720 2646
2 4 1683 1720 2645 2646
2 4 1683 2608 2609 2646
2 4 1683 2645 2608 2646
2 4 1684 1685 1722 2647
2 4 1684 2610 1685 2647
2 4 1684 1722 1721 2647
2 4 1684 1721 2646 2647
2 4 1684 2609 2610 2647
2 4 1684 2646 2609 2647
2 4 1685 1686 1723 2648
2 4 1685 2611 1686 2648
2 4 1685 1723 1722 2648
2 4 1685 1722 2647 2648
2 4 1685 2610 2611 2648
2 4 1685 2647 2610 2648
2 4 1686 1687 1724 2649
2 4 1686 2612 1687 2649
2 4 1686 1724 1723 2649
2 4 1686 1723 2648 2649
2 4 1686 2611 2612 2649
2 4 1686 2648 2611 2649
2 4 1687 1688 1725 2650
2 4 1687 2613 1688 2650
2 4 1687 1725 1724 2650
2 4 1687 1724 2649 2650
2 4 1687 2612 2613 2650
2 4 1687 2649 2612 2650
2 4 1688 1689 1726 2651
2 4 1688 2614 1689 2651
2 4 1688 1726 1725 2651
2 4 1688 1725 2650 2651
2 4 1688 2613 2614 2651
2 4 1688 2650 2613 2651
2 4 1689 1690 1727 2652
2 4 1689 2615 1690 2652
2 4 1689 1727 1726 2652
2 4 1689 1726 2651 2652
2 4 1689 2614 2615 2652
2 4 1689 2651 2614 2652
2 4 1690 1691 1728 2653
2 4 1690 2616 1691 2653
2 4 1690 1728 1727 2653
2 4 1690 1727 2652 2653
2 4 1690 2615 2616 2653
2 4 1690 2652 2615 2653
2 4 1691 1692 1729 2654
2 4 1691 2617 1692 2654
2 4 1691 1729 1728 2654
2 4 1691 1728 2653 2654
2 4 1691 2616 2617 2654
2 4 1691 2653 2616 2654
2 4 1692 1693 1730 2655
2 4 1692 2618 1693 2655
2 4 1692 1730 1729 2655
2 4 1692 1729 2654 2655
2 4 1692 2617 2618 2655
2 4 1692 2654 2617 2655
2 4 1693 1694 1731 2656
2 4 1693 2619 1694 2656
2 4 1693 1731 1730 2656
2 4 1693 1730 2655 2656
2 4 1693 2618 2619 2656
2 4 1693 2655 2618 2656
2 4 1694 1695 1732 2657
2 4 1694 2620 1695 2657
2 4 1694 1732 1731 2657
2 4 1694 1731 2656 2657
2 4 1694 2619 2620 2657
2 4 1694 2656 2619 2657
2 4 1695 1696 1733 2658
2 4 1695 2621 1696 2658
2 4 1695 1733 1732 2658
2 4 1695 1732 2657 2658
2 4 1695 2620 2621 2658
2 4 1695 2657 2620 2658
2 4 1696 1697 1734 2659
2 4 1696 2622 1697 2659
2 4 1696 1734 1733 2659
2 4 1696 1733 2658 2659
2 4 1696 2621 2622 2659
2 4 1696 2658 2621 2659
2 4 1697 1698 1735 2660
2 4 1697 2623 1698 2660
2 4 1697 1735 1734 2660
2 4 1697 1734 2659 2660
2 4 1697 2622 2623 2660
2 4 1697 2659 2622 2660
2 4 1698 1699 1736 2661
2 4 1698 2624 1699 2661
2 4 1698 1736 1735 2661
2 4 1698 1735 2660 2661
2 4 1698 2623 2624 2661
2 4 1698 2660 2623 2661
2 4 1699 1700 1737 2662
2 4 1699 2625 1700 2662
2 4 1699 1737 1736 2662
2 4 1699 1736 2661 2662
2 4 1699 2624 2625 2662
2 4 1699 2661 2624 2662
2 4 1700 1701 1738 2663
2 4 1700 2626 1701 2663
2 4 1700 1738 1737 2663
2 4 1700 1737 2662 2663
2 4 1700 2625 2626 2663
2 4 1700 2662 2625 2663
2 4 1702 1703 1740 2665
2 4 1702 2628 1703 2665
2 4 1702 1740 1739 2665
2 4 1702 1739 2664 2665
2 4 1702 2627 2628 2665
2 4 1702 2664 2627 2665
2 4 1703 1704 1741 2666
2 4 1703 2629 1704 2666
2 4 1703 1741 1740 2666
2 4 1703 1740 2665 2666
2 4 1703 2628 2629 2666
2 4 1703 2665 2628 2666
2 4 1704 1705 1742 2667
2 4 1704 2630 1705 2667
2 4 1704 1742 1741 2667
2 4 1704 1741 2666 2667
2 4 1704 2629 2630 2667
2 4 1704 2666 2629 2667
2 4 1705 1706 1743 2668
2 4 1705 2631 1706 2668
2 4 1705 1743 1742 2668
2 4 1705 1742 2667 2668
2 4 1705 2630 2631 2668
2 4 1705 2667 2630 2668
2 4 1706 1707 1744 2669
2 4 1706 2632 1707 2669
2 4 1706 1744 1743 2669
2 4 1706 1743 2668 2669
2 4 1706 2631 2632 2669
2 4 1706 2668 2631 2669
2 4 1707 1708 1745 2670
2 4 1707 2633 1708 2670
2 4 1707 1745 1744 2670
2 4 1707 1744 2669 2670
2 4 1707 2632 2633 2670
2 4 1707 2669 2632 2670
2 4 1708 1709 1746 2671
2 4 1708 2634 1709 2671
2 4 1708 1746 1745 2671
2 4 1708 1745 2670 2671
2 4 1708 2633 2634 2671
2 4 1708 2670 2633 2671
2 4 1709 1710 1747 2672
2 4 1709 2635 1710 2672
2 4 1709 1747 1746 2672
2 4 1709 1746 2671 2672
2 4 1709 2634 2635 2672
2 4 1709 2671 2634 2672
2 4 1710 1711 1748 2673
2 4 1710 2636 1711 2673
2 4 1710 1748 1747 2673
2 4 1710 1747 2672 2673
2 4 1710 2635 2636 2673
2 4 1710 2672 2635 2673
2 4 1711 1712 1749 2674
2 4 1711 2637 1712 2674
2 4 1711 1749 1748 2674
2 4 1711 1748 2673 2674
2 4 1711 2636 2637 2674
2 4 1711 2673 2636 2674
2 4 1712 1713 1750 2675
2 4 1712 2638 1713 2675
2 4 1712 1750 1749 2675
2 4 1712 1749 2674 2675
2 4 1712 2637 2638 2675
2 4 1712 2674 2637 2675
2 4 1713 1714 1751 2676
2 4 1713 2639 1714 2676
2 4 1713 1751 1750 2676
2 4 1713 1750 2675 2676
2 4 1713 2638 2639 2676
2 4 1713 2675 2638 2676
2 4 1714 1715 1752 2677
2 4 1714 2640 1715 2677
2 4 1714 1752 1751 2677
2 4 1714 1751 2676 2677
2 4 1714 2639 2640 2677
2 4 1714 2676 2639 2677
2 4 1715 1716 1753 2678
2 4 1715 2641 1716 2678
2 4 1715 1753 1752 2678
2 4 1715 1752 2677 2678
2 4 1715 2640 2641 2678
2 4 1715 2677 2640 2678
2 4 1716 1717 1754 2679
2 4 1716 2642 1717 2679
2 4 1716 1754 1753 2679
2 4 1716 1753 2678 2679
2 4 1716 2641 2642 2679
2 4 1716 2678 2641 2679
2 4 1717 1718 1755 2680
2 4 1717 2643 1718 2680
2 4 1717 1755 1754 2680
2 4 1717 1754 2679 2680
2 4 1717 2642 2643 2680
2 4 1717 2679 2642 2680
2 4 1718 1719 1756 2681
2 4 1718 2644 1719 2681
2 4 1718 1756 1755 2681
2 4 1718 1755 2680 2681
2 4 1718 2643 2644 2681
2 4 1718 2680 2643 2681
2 4 1719 1720 1757 2682
2 4 1719 2645 1720 2682
2 4 1719 1757 1756 2682
2 4 1719 1756 2681 2682
2 4 1719 2644 2645 2682
2 4 1719 2681 2644 2682
2 4 1720 1721 1758 2683
2 4 1720 2646 1721 2683
2 4 1720 1758 1757 2683
2 4 1720 1757 2682 2683
2 4 1720 2645 2646 2683
2 4 1720 2682 2645 2683
2 4 1721 1722 1759 2684
2 4 1721 2647 1722 2684
2 4 1721 1759 1758 2684
2 4 1721 1758 2683 2684
2 4 1721 2646 2647 2684
2 4 1721 2683 2646 2684
2 4 1722 1723 1760 2685
2 4 1722 2648 1723 2685
2 4 1722 1760 1759 2685
2 4 1722 1759 2684 2685
2 4 1722 2647 2648 2685
2 4 1722 2684 2647 2685
2 4 1723 1724 1761 2686
2 4 1723 2649 1724 2686
2 4 1723 1761 1760 2686
2 4 1723 1760 2685 2686
2 4 1723 2648 2649 2686
2 4 1723 2685 2648 2686
2 4 1724 1725 1762 2687
2 4 1724 2650 1725 2687
2 4 1724 1762 1761 2687
2 4 1724 1761 2686 2687
2 4 1724 2649 2650 2687
2 4 1724 2686 2649 2687
2 4 1725 1726 1763 2688
2 4 1725 2651 1726 2688
2 4 1725 1763 1762 2688
2 4 1725 1762 2687 2688
2 4 1725 2650 2651 2688
2 4 1725 2687 2650 2688
2 4 1726 1727 1764 2689
2 4 1726 2652 1727 2689
2 4 1726 1764 1763 2689
2 4 1726 1763 2688 2689
2 4 1726 2651 2652 2689
2 4 1726 2688 2651 2689
2 4 1727 1728 1765 2690
2 4 1727 2653 1728 2690
2 4 1727 1765 1764 2690
2 4 1727 1764 2689 2690
2 4 1727 2652 2653 2690
2 4 1727 2689 2652 2690
2 4 1728 1729 1766 2691
2 4 1728 2654 1729 2691
2 4 1728 1766 1765 2691
2 4 1728 1765 2690 2691
2 4 1728 2653 2654 2691
2 4 1728 2690 2653 2691
2 4 1729 1730 1767 2692
2 4 1729 2655 1730 2692
2 4 1729 1767 1766 2692
2 4 1729 1766 2691 2692
2 4 1729 2654 2655 2692
2 4 1729 2691 2654 2692
2 4 1730 1731 1768 2693
2 4 1730 2656 1731 2693
2 4 1730 1768 1767 2693
2 4 1730 1767 2692 2693
2 4 1730 2655 2656 2693
2 4 1730 2692 2655 2693
2 4 1731 1732 1769 2694
2 4 1731 2657 1732 2694
2 4 1731 1769 1768 2694
2 4 1731 1768 2693 2694
2 4 1731 2656 2657 2694
2 4 1731 2693 2656 2694
2 4 1732 1733 1770 2695
2 4 1732 2658 1733 2695
2 4 1732 1770 1769 2695
2 4 1732 1769 2694 2695
2 4 1732 2657 2658 2695
2 4 1732 2694 2657 2695
2 4 1733 1734 1771 2696
2 4 1733 2659 1734 2696
2 4 1733 1771 1770 2696
2 4 1733 1770 2695 2696
2 4 1733 2658 2659 2696
2 4 1733 2695 2658 2696
2 4 1734 1735 1772 2697
2 4 1734 2660 1735 2697
2 4 1734 1772 1771 2697
2 4 1734 1771 2696 2697
2 4 1734 2659 2660 2697
2 4 1734 2696 2659 2697
2 4 1735 1736 1773 2698
2 4 1735 2661 1736 2698
2 4 1735 1773 1772 2698
2 4 1735 1772 2697 2698
2 4 1735 2660 2661 2698
2 4 1735 2697 2660 2698
2 4 1736 1737 1774 2699
2 4 1736 2662 1737 2699
2 4 1736 1774 1773 2699
2 4 1736 1773 2698 2699
2 4 1736 2661 2662 2699
2 4 1736 2698 2661 2699
2 4 1737 1738 1775 2700
2 4 1737 2663 1738 2700
2 4 1737 1775 1774 2700
2 4 1737 1774 2699 2700
2 4 1737 2662 2663 2700
2 4 1737 2699 2662 2700
2 4 1739 1740 1777 2702
2 4 1739 2665 1740 2702
2 4 1739 1777 1776 2702
2 4 1739 1776 2701 2702
2 4 1739 2664 2665 2702
2 4 1739 2701 2664 2702
2 4 1740 1741 1778 2703
2 4 1740 2666 1741 2703
2 4 1740 1778 1777 2703
2 4 1740 1777 2702 2703
2 4 1740 2665 2666 2703
2 4 1740 2702 2665 2703
2 4 1741 1742 1779 2704
2 4 1741 2667 1742 2704
2 4 1741 1779 1778 2704
2 4 1741 1778 2703 2704
2 4 1741 2666 2667 2704
2 4 1741 2703 2666 2704
2 4 1742 1743 1780 2705
2 4 1742 2668 1743 2705
2 4 1742 1780 1779 2705
2 4 1742 1779 2704 2705
2 4 1742 2667 2668 2705
2 4 1742 2704 2667 2705
2 4 1743 1744 1781 2706
2 4 1743 2669 1744 2706
2 4 1743 1781 1780 2706
2 4 1743 1780 2705 2706
2 4 1743 2668 2669 2706
2 4 1743 2705 2668 2706
2 4 1744 1745 1782 2707
2 4 1744 2670 1745 2707
2 4 1744 1782 1781 2707
2 4 1744 1781 2706 2707
2 4 1744 2669 2670 2707
2 4 1744 2706 2669 2707
2 4 1745 1746 1783 2708
2 4 1745 2671 1746 2708
2 4 1745 1783 1782 2708
2 4 1745 1782 2707 2708
2 4 1745 2670 2671 2708
2 4 1745 2707 2670 2708
2 4 1746 1747 1784 2709
2 4 1746 2672 1747 2709
2 4 1746 1784 1783 2709
2 4 1746 1783 2708 2709
2 4 1746 2671 2672 2709
2 4 1746 2708 2671 2709
2 4 1747 1748 1785 2710
2 4 1747 2673 1748 2710
2 4 1747 1785 1784 2710
2 4 1747 1784 2709 2710
2 4 1747 2672 2673 2710
2 4 1747 2709 2672 2710
2 4 1748 1749 1786 2711
2 4 1748 2674 1749 2711
2 4 1748 1786 1785 2711
2 4 1748 1785 2710 2711
2 4 1748 2673 2674 2711
2 4 1748 2710 2673 2711
2 4 1749 1750 1787 2712
2 4 1749 2675 1750 2712
2 4 1749 1787 1786 2712
2 4 1749 1786 2711 2712
2 4 1749 2674 2675 2712
2 4 1749 2711 2674 2712
2 4 1750 1751 1788 2713
2 4 1750 2676 1751 2713
2 4 1750 1788 1787 2713
2 4 1750 1787 2712 2713
2 4 1750 2675 2676 2713
2 4 1750 2712 2675 2713
2 4 1751 1752 1789 2714
2 4 1751 2677 1752 2714
2 4 1751 1789 1788 2714
2 4 1751 1788 2713 2714
2 4 1751 2676 2677 2714
2 4 1751 2713 2676 2714
2 4 1752 1753 1790 2715
2 4 1752 2678 1753 2715
2 4 1752 1790 1789 2715
2 4 1752 1789 2714 2715
2 4 1752 2677 2678 2715
2 4 1752 2714 2677 2715
2 4 1753 1754 1791 2716
2 4 1753 2679 1754 2716
2 4 1753 1791 1790 2716
2 4 1753 1790 2715 2716
2 4 1753 2678 2679 2716
2 4 1753 2715 2678 2716
2 4 1754 1755 1792 2717
2 4 1754 2680 1755 2717
2 4 1754 1792 1791 2717
2 4 1754 1791 2716 2717
2 4 1754 2679 2680 2717
2 4 1754 2716 2679 2717
2 4 1755 1756 1793 2718
2 4 1755 2681 1756 2718
2 4 1755 1793 1792 2718
2 4 1755 1792 2717 2718
2 4 1755 2680 2681 2718
2 4 1755 2717 2680 2718
2 4 1756 1757 1794 2719
2 4 1756 2682 1757 2719
2 4 1756 1794 1793 2719
2 4 1756 1793 2718 2719
2 4 1756 2681 2682 2719
2 4 1756 2718 2681 2719
2 4 1757 1758 1795 2720
2 4 1757 2683 1758 2720
2 4 1757 1795 1794 2720
2 4 1757 1794 2719 2720
2 4 1757 2682 2683 2720
2 4 1757 2719 2682 2720
2 4 1758 1759 1796 2721
2 4 1758 2684 1759 2721
2 4 1758 1796 1795 2721
2 4 1758 1795 2720 2721
2 4 1758 2683 2684 2721
2 4 1758 2720 2683 2721
2 4 1759 1760 1797 2722
2 4 1759 2685 1760 2722
2 4 1759 1797 1796 2722
2 4 1759 1796 2721 2722
2 4 1759 2684 2685 2722
2 4 1759 2721 2684 2722
2 4 1760 1761 1798 2723
2 4 1760 2686 1761 2723
2 4 1760 1798 1797 2723
2 4 1760 1797 2722 2723
2 4 1760 2685 2686 2723
2 4 1760 2722 2685 2723
2 4 1761 1762 1799 2724
2 4 1761 2687 1762 2724
2 4 1761 1799 1798 2724
2 4 1761 1798 2723 2724
2 4 1761 2686 2687 2724
2 4 1761 2723 2686 2724
2 4 1762 1763 1800 2725
2 4 1762 2688 1763 2725
2 4 1762 1800 1799 2725
2 4 1762 1799 2724 2725
2 4 1762 2687 2688 2725
2 4 1762 2724 2687 2725
2 4 1763 1764 1801 2726
2 4 1763 2689 1764 2726
2 4 1763 1801 1800 2726
2 4 1763 1800 2725 2726
2 4 1763 2688 2689 2726
2 4 1763 2725 2688 2726
2 4 1764 1765 1802 2727
2 4 1764 2690 1765 2727
2 4 1764 1802 1801 2727
2 4 1764 1801 2726 2727
2 4 1764 2689 2690 2727
2 4 1764 2726 2689 2727
2 4 1765 1766 1803 2728
2 4 1765 2691 1766 2728
2 4 1765 1803 1802 2728
2 4 1765 1802 2727 2728
2 4 1765 2690 2691 2728
2 4 1765 2727 2690 2728
2 4 1766 1767 1804 2729
2 4 1766 2692 1767 2729
2 4 1766 1804 1803 2729
2 4 1766 1803 2728 2729
2 4 1766 2691 2692 2729
2 4 1766 2728 2691 2729
2 4 1767 1768 1805 2730
2 4 1767 2693 1768 2730
2 4 1767 1805 1804 2730
2 4 1767 1804 2729 2730
2 4 1767 2692 2693 2730
2 4 1767 2729 2692 2730
2 4 1768 1769 1806 2731
2 4 1768 2694 1769 2731
2 4 1768 1806 1805 2731
2 4 1768 1805 2730 2731
2 4 1768 2693 2694 2731
2 4 1768 2730 2693 2731
2 4 1769 1770 1807 2732
2 4 1769 2695 1770 2732
2 4 1769 1807 1806 2732
2 4 1769 1806 2731 2732
2 4 1769 2694 2695 2732
2 4 1769 2731 2694 2732
2 4 1770 1771 1808 2733
2 4 1770 2696 1771 2733
2 4 1770 1808 1807 2733
2 4 1770 1807 2732 2733
2 4 1770 2695 2696 2733
2 4 1770 2732 2695 2733
2 4 1771 1772 1809 2734
2 4 1771 2697 1772 2734
2 4 1771 1809 1808 2734
2 4 1771 1808 2733 2734
2 4 1771 2696 2697 2734
2 4 1771 2733 2696 2734
2 4 1772 1773 1810 2735
2 4 1772 2698 1773 2735
2 4 1772 1810 1809 2735
2 4 1772 1809 2734 2735
2 4 1772 2697 2698 2735
2 4 1772 2734 2697 2735
2 4 1773 1774 1811 2736
2 4 1773 2699 1774 2736
2 4 1773 1811 1810 2736
2 4 1773 1810 2735 2736
2 4 1773 2698 2699 2736
2 4 1773 2735 2698 2736
2 4 1774 1775 1812 2737
2 4 1774 2700 1775 2737
2 4 1774 1812 1811 2737
2 4 1774 1811 2736 2737
2 4 1774 2699 2700 2737
2 4 1774 2736 2699 2737
2 4 1776 1777 1814 2739
2 4 1776 2702 1777 2739
2 4 1776 1814 1813 2739
2 4 1776 1813 2738 2739
2 4 1776 2701 2702 2739
2 4 1776 2738 2701 2739
2 4 1777 1778 1815 2740
2 4 1777 2703 1778 2740
2 4 1777 1815 1814 2740
2 4 1777 1814 2739 2740
2 4 1777 2702 2703 2740
2 4 1777 2739 2702 2740
2 4 1778 1779 1816 2741
2 4 1778 2704 1779 2741
2 4 1778 1816 1815 2741
2 4 1778 1815 2740 2741
2 4 1778 2703 2704 2741
2 4 1778 2740 2703 2741
2 4 1779 1780 1817 2742
2 4 1779 2705 1780 2742
2 4 1779 1817 1816 2742
2 4 1779 1816 2741 2742
2 4 1779 2704 2705 2742
2 4 1779 2741 2704 2742
2 4 1780 1781 1818 2743
2 4 1780 2706 1781 2743
2 4 1780 1818 1817 2743
2 4 1780 1817 2742 2743
2 4 1780 2705 2706 2743
2 4 1780 2742 2705 2743
2 4 1781 1782 1819 2744
2 4 1781 2707 1782 2744
2 4 1781 1819 1818 2744
2 4 1781 1818 2743 2744
2 4 1781 2706 2707 2744
2 4 1781 2743 2706 2744
2 4 1782 1783 1820 2745
2 4 1782 2708 1783 2745
2 4 1782 1820 1819 2745
2 4 1782 1819 2744 2745
2 4 1782 2707 2708 2745
2 4 1782 2744 2707 2745
2 4 1783 1784 1821 2746
2 4 1783 2709 1784 2746
2 4 1783 1821 1820 2746
2 4 1783 1820 2745 2746
2 4 1783 2708 2709 2746
2 4 1783 2745 2708 2746
2 4 1784 1785 1822 2747
2 4 1784 2710 1785 2747
2 4 1784 1822 1821 2747
2 4 1784 1821 2746 2747
2 4 1784 2709 2710 2747
2 4 1784 2746 2709 2747
2 4 1785 1786 1823 2748
2 4 1785 2711 1786 2748
2 4 1785 1823 1822 2748
2 4 1785 1822 2747 2748
2 4 1785 2710 2711 2748
2 4 1785 2747 2710 2748
2 4 1786 1787 1824 2749
2 4 1786 2712 1787 2749
2 4 1786 1824 1823 2749
2 4 1786 1823 2748 2749
2 4 1786 2711 2712 2749
2 4 1786 2748 2711 2749
2 4 1787 1788 1825 2750
2 4 1787 2713 1788 2750
2 4 1787 1825 1824 2750
2 4 1787 1824 2749 2750
2 4 1787 2712 2713 2750
2 4 1787 2749 2712 2750
2 4 1788 1789 1826 2751
2 4 1788 2714 1789 2751
2 4 1788 1826 1825 2751
2 4 1788 1825 2750 2751
2 4 1788 2713 2714 2751
2 4 1788 2750 2713 2751
2 4 1789 1790 1827 2752
2 4 1789 2715 1790 2752
2 4 1789 1827 1826 2752
2 4 1789 1826 2751 2752
2 4 1789 2714 2715 2752
2 4 1789 2751 2714 2752
2 4 1790 1791 1828 2753
2 4 1790 2716 1791 2753
2 4 1790 1828 1827 2753
2 4 1790 1827 2752 2753
2 4 1790 2715 2716 2753
2 4 1790 2752 2715 2753
2 4 1791 1792 1829 2754
2 4 1791 2717 1792 2754
2 4 1791 1829 1828 2754
2 4 1791 1828 2753 2754
2 4 1791 2716 2717 2754
2 4 1791 2753 2716 2754
2 4 1792 1793 1830 2755
2 4 1792 2718 1793 2755
2 4 1792 1830 1829 2755
2 4 1792 1829 2754 2755
2 4 1792 2717 2718 2755
2 4 1792 2754 2717 2755
2 4 1793 1794 1831 2756
2 4 1793 2719 1794 2756
2 4 1793 1831 1830 2756
2 4 1793 1830 2755 2756
2 4 1793 2718 2719 2756
2 4 1793 2755 2718 2756
2 4 1794 1795 1832 2757
2 4 1794 2720 1795 2757
2 4 1794 1832 1831 2757
2 4 1794 1831 2756 2757
2 4 1794 2719 2720 2757
2 4 1794 2756 2719 2757
2 4 1795 1796 1833 2758
2 4 1795 2721 1796 2758
2 4 1795 1833 1832 2758
2 4 1795 1832 2757 2758
2 4 1795 2720 2721 2758
2 4 1795 2757 2720 2758
2 4 1796 1797 1834 2759
2 4 1796 2722 1797 2759
2 4 1796 1834 1833 2759
2 4 1796 1833 2758 2759
2 4 1796 2721 2722 2759
2 4 1796 2758 2721 2759
2 4 1797 1798 1835 2760
2 4 1797 2723 1798 2760
2 4 1797 1835 1834 2760
2 4 1797 1834 2759 2760
2 4 1797 2722 2723 2760
2 4 1797 2759 2722 2760
2 4 1798 1799 1836 2761
2 4 1798 2724 1799 2761
2 4 1798 1836 1835 2761
2 4 1798 1835 2760 2761
2 4 1798 2723 2724 2761
2 4 1798 2760 2723 2761
2 4 1799 1800 1837 2762
2 4 1799 2725 1800 2762
2 4 1799 1837 1836 2762
2 4 1799 1836 2761 2762
2 4 1799 2724 2725 2762
2 4 1799 2761 2724 2762
2 4 1800 1801 1838 2763
2 4 1800 2726 1801 2763
2 4 1800 1838 1837 2763
2 4 1800 1837 2762 2763
2 4 1800 2725 2726 2763
2 4 1800 2762 2725 2763
2 4 1801 1802 1839 2764
2 4 1801 2727 1802 2764
2 4 1801 1839 1838 2764
2 4 1801 1838 2763 2764
2 4 1801 2726 2727 2764
2 4 1801 2763 2726 2764
2 4 1802 1803 1840 2765
2 4 1802 2728 1803 2765
2 4 1802 1840 1839 2765
2 4 1802 1839 2764 2765
2 4 1802 2727 2728 2765
2 4 1802 2764 2727 2765
2 4 1803 1804 1841 2766
2 4 1803 2729 1804 2766
2 4 1803 1841 1840 2766
2 4 1803 1840 2765 2766
2 4 1803 2728 2729 2766
2 4 1803 2765 2728 2766
2 4 1804 1805 1842 2767
2 4 1804 2730 1805 2767
2 4 1804 1842 1841 2767
2 4 1804 1841 2766 2767
2 4 1804 2729 2730 2767
2 4 1804 2766 2729 2767
2 4 1805 1806 1843 2768
2 4 1805 2731 1806 2768
2 4 1805 1843 1842 2768
2 4 1805 1842 2767 2768
2 4 1805 2730 2731 2768
2 4 1805 2767 2730 2768
2 4 1806 1807 1844 2769
2 4 1806 2732 1807 2769
2 4 1806 1844 1843 2769
2 4 1806 1843 2768 2769
2 4 1806 2731 2732 2769
2 4 1806 2768 2731 2769
2 4 1807 1808 1845 2770
2 4 1807 2733 1808 2770
2 4 1807 1845 1844 2770
2 4 1807 1844 2769 2770
2 4 1807 2732 2733 2770
2 4 1807 2769 2732 2770
2 4 1808 1809 1846 2771
2 4 1808 2734 1809 2771
2 4 1808 1846 1845 2771
2 4 1808 1845 2770 2771
2 4 1808 2733 2734 2771
2 4 1808 2770 2733 2771
2 4 1809 1810 1847 2772
2 4 1809 2735 1810 2772
2 4 1809 1847 1846 2772
2 4 1809 1846 2771 2772
2 4 1809 2734 2735 2772
2 4 1809 2771 2734 2772
2 4 1810 1811 1848 2773
2 4 1810 2736 1811 2773
2 4 1810 1848 1847 2773
2 4 1810 1847 2772 2773
2 4 1810 2735 2736 2773
2 4 1810 2772 2735 2773
2 4 1811 1812 1849 2774
2 4 1811 2737 1812 2774
2 4 1811 1849 1848 2774
2 4 1811 1848 2773 2774
2 4 1811 2736 2737 2774
2 4 1811 2773 2736 2774
1 4 1850 1851 1888 2813
1 4 1850 2776 1851 2813
1 4 1850 1888 1887 2813
1 4 1850 1887 2812 2813
1 4 1850 2775 2776 2813
1 4 1850 2812 2775 2813
1 4 1851 1852 1889 2814
1 4 1851 2777 1852 2814
1 4 1851 1889 1888 2814
1 4 1851 1888 2813 2814
1 4 1851 2776 2777 2814
1 4 1851 2813 2776 2814
1 4 1852 1853 1890 2815
1 4 1852 2778 1853 2815
1 4 1852 1890 1889 2815
1 4 1852 1889 2814 2815
1 4 1852 2777 2778 2815
1 4 1852 2814 2777 2815
1 4 1853 1854 1891 2816
1 4 1853 2779 1854 2816
1 4 1853 1891 1890 2816
1 4 1853 1890 2815 2816
1 4 1853 2778 2779 2816
1 4 1853 2815 2778 2816
1 4 1854 1855 1892 2817
1 4 1854 2780 1855 2817
1 4 1854 1892 1891 2817
1 4 1854 1891 2816 2817
1 4 1854 2779 2780 2817
1 4 1854 2816 2779 2817
1 4 1855 1856 1893 2818
1 4 1855 2781 1856 2818
1 4 1855 1893 1892 2818
1 4 1855 1892 2817 2818
1 4 1855 2780 2781 2818
1 4 1855 2817 2780 2818
1 4 1856 1857 1894 2819
1 4 1856 2782 1857 2819
1 4 1856 1894 1893 2819
1 4 1856 1893 2818 2819
1 4 1856 2781 2782 2819
1 4 1856 2818 2781 2819
1 4 1857 1858 1895 2820
1 4 1857 2783 1858 2820
1 4 1857 1895 1894 2820
1 4 1857 1894 2819 2820
1 4 1857 2782 2783 2820
1 4 1857 2819 2782 2820
1 4 1858 1859 1896 2821
1 4 1858 2784 1859 2821
1 4 1858 1896 1895 2821
1 4 1858 1895 2820 2821
1 4 1858 2783 2784 2821
1 4 1858 2820 2783 2821
1 4 1859 1860 1897 2822
1 4 1859 2785 1860 2822
1 4 1859 1897 1896 2822
1 4 1859 1896 2821 2822
1 4 1859 2784 2785 2822
1 4 1859 2821 2784 2822
1 4 1860 1861 1898 2823
1 4 1860 2786 1861 2823
1 4 1860 1898 1897 2823
1 4 1860 1897 2822 2823
1 4 1860 2785 2786 2823
1 4 1860 2822 2785 2823
1 4 1861 1862 1899 2824
1 4 1861 2787 1862 2824
1 4 1861 1899 1898 2824
1 4 1861 1898 2823 2824
1 4 1861 2786 2787 2824
1 4 1861 2823 2786 2824
1 4 1862 1863 1900 2825
1 4 1862 2788 1863 2825
1 4 1862 1900 1899 2825
1 4 1862 1899 2824 2825
1 4 1862 2787 2788 2825
1 4 1862 2824 2787 2825
1 4 1863 1864 1901 2826
1 4 1863 2789 1864 2826
1 4 1863 1901 1900 2826
1 4 1863 1900 2825 2826
1 4 1863 2788 2789 2826
1 4 1863 2825 2788 2826
1 4 1864 1865 1902 2827
1 4 1864 2790 1865 2827
1 4 1864 1902 1901 2827
1 4 1864 1901 2826 2827
1 4 1864 2789 2790 2827
1 4 1864 2826 2789 2827
1 4 1865 1866 1903 2828
1 4 1865 2791 1866 2828
1 4 1865 1903 1902 2828
1 4 1865 1902 2827 2828
1 4 1865 2790 2791 2828
1 4 1865 2827 2790 2828
1 4 1866 1867 1904 2829
1 4 1866 2792 1867 2829
1 4 1866 1904 1903 2829
1 4 1866 1903 2828 2829
1 4 1866 2791 2792 2829
1 4 1866 2828 2791 2829
1 4 1867 1868 1905 2830
1 4 1867 2793 1868 2830
1 4 1867 1905 1904 2830
1 4 1867 1904 2829 2830
1 4 1867 2792 2793 2830
1 4 1867 2829 2792 2830
1 4 1868 1869 1906 2831
1 4 1868 2794 1869 2831
1 4 1868 1906 1905 2831
1 4 1868 1905 2830 2831
1 4 1868 2793 2794 2831
1 4 1868 2830 2793 2831
1 4 1869 1870 1907 2832
1 4 1869 2795 1870 2832
1 4 1869 1907 1906 2832
1 4 1869 1906 2831 2832
1 4 1869 2794 2795 2832
1 4 1869 2831 2794 2832
1 4 1870 1871 1908 2833
1 4 1870 2796 1871 2833
1 4 1870 1908 1907 2833
1 4 1870 1907 2832 2833
1 4 1870 2795 2796 2833
1 4 1870 2832 2795 2833
1 4 1871 1872 1909 2834
1 4 1871 2797 1872 2834
1 4 1871 1909 1908 2834
1 4 1871 1908 2833 2834
1 4 1871 2796 2797 2834
1 4 1871 2833 2796 2834
1 4 1872 1873 1910 2835
1 4 1872 2798 1873 2835
1 4 1872 1910 1909 2835
1 4 1872 1909 2834 2835
1 4 1872 2797 2798 2835
1 4 1872 2834 2797 2835
1 4 1873 1874 1911 2836
1 4 1873 2799 1874 2836
1 4 1873 1911 1910 2836
1 4 1873 1910 2835 2836
1 4 1873 2798 2799 2836
1 4 1873 2835 2798 2836
1 4 1874 1875 1912 2837
1 4 1874 2800 1875 2837
1 4 1874 1912 1911 2837
1 4 1874 1911 2836 2837
1 4 1874 2799 2800 2837
1 4 1874 2836 2799 2837
1 4 1875 1876 1913 2838
1 4 1875 2801 1876 2838
1 4 1875 1913 1912 2838
1 4 1875 1912 2837 2838
1 4 1875 2800 2801 2838
1 4 1875 2837 2800 2838
1 4 1876 1877 1914 2839
1 4 1876 2802 1877 2839
1 4 1876 1914 1913 2839
1 4 1876 1913 2838 2839
1 4 1876 2801 2802 2839
1 4 1876 2838 2801 2839
1 4 1877 1878 1915 2840
1 4 1877 2803 1878 2840
1 4 1877 1915 1914 2840
1 4 1877 1914 2839 2840
1 4 1877 2802 2803 2840
1 4 1877 2839 2802 2840
1 4 1878 1879 1916 2841
1 4 1878 2804 1879 2841
1 4 1878 1916 1915 2841
1 4 1878 1915 2840 2841
1 4 1878 2803 2804 2841
1 4 1878 2840 2803 2841
1 4 1879 1880 1917 2842
1 4 1879 2805 1880 2842
1 4 1879 1917 1916 2842
1 4 1879 1916 2841 2842
1 4 1879 2804 2805 2842
1 4 1879 2841 2804 2842
1 4 1880 1881 1918 2843
1 4 1880 2806 1881 2843
1 4 1880 1918 1917 2843
1 4 1880 1917 2842 2843
1 4 1880 2805 2806 2843
1 4 1880 2842 2805 2843
1 4 1881 1882 1919 2844
1 4 1881 2807 1882 2844
1 4 1881 1919 1918 2844
1 4 1881 1918 2843 2844
1 4 1881 2806 2807 2844
1 4 1881 2843 2806 2844
1 4 1882 1883 1920 2845
1 4 1882 2808 1883 2845
1 4 1882 1920 1919 2845
1 4 1882 1919 2844 2845
1 4 1882 2807 2808 2845
1 4 1882 2844 2807 2845
1 4 1883 1884 1921 2846
1 4 1883 2809 1884 2846
1 4 1883 1921 1920 2846
1 4 1883 1920 2845 2846
1 4 1883 2808 2809 2846
1 4 1883 2845 2808 2846
1 4 1884 1885 1922 2847
1 4 1884 2810 1885 2847
1 4 1884 1922 1921 2847
1 4 1884 1921 2846 2847
1 4 1884 2809 2810 2847
1 4 1884 2846 2809 2847
1 4 1885 1886 1923 2848
1 4 1885 2811 1886 2848
1 4 1885 1923 1922 2848
1 4 1885 1922 2847 2848
1 4 1885 2810 2811 2848
1 4 1885 2847 2810 2848
1 4 1887 1888 1925 2850
1 4 1887 2813 1888 2850
1 4 1887 1925 1924 2850
1 4 1887 1924 2849 2850
1 4 1887 2812 2813 2850
1 4 1887 2849 2812 2850
1 4 1888 1889 1926 2851
1 4 1888 2814 1889 2851
1 4 1888 1926 1925 2851
1 4 1888 1925 2850 2851
1 4 1888 2813 2814 2851
1 4 1888 2850 2813 2851
1 4 1889 1890 1927 2852
1 4 1889 2815 1890 2852
1 4 1889 1927 1926 2852
1 4 1889 1926 2851 2852
1 4 1889 2814 2815 2852
1 4 1889 2851 2814 2852
1 4 1890 1891 1928 2853
1 4 1890 2816 1891 2853
1 4 1890 1928 1927 2853
1 4 1890 1927 2852 2853
1 4 1890 2815 2816 2853
1 4 1890 2852 2815 2853
1 4 1891 1892 1929 2854
1 4 1891 2817 1892 2854
1 4 1891 1929 1928 2854
1 4 1891 1928 2853 2854
1 4 1891 2816 2817 2854
1 4 1891 2853 2816 2854
1 4 1892 1893 1930 2855
1 4 1892 2818 1893 2855
1 4 1892 1930 1929 2855
1 4 1892 1929 2854 2855
1 4 1892 2817 2818 2855
1 4 1892 2854 2817 2855
1 4 1893 1894 1931 2856
1 4 1893 2819 1894 2856
1 4 1893 1931 1930 2856
1 4 1893 1930 2855 2856
1 4 1893 2818 2819 2856
1 4 1893 2855 2818 2856
1 4 1894 1895 1932 2857
1 4 1894 2820 1895 2857
1 4 1894 1932 1931 2857
1 4 1894 1931 2856 2857
1 4 1894 2819 2820 2857
1 4 1894 2856 2819 2857
1 4 1895 1896 1933 2858
1 4 1895 2821 1896 2858
1 4 1895 1933 1932 2858
1 4 1895 1932 2857 2858
1 4 1895 2820 2821 2858
1 4 1895 2857 2820 2858
1 4 1896 1897 1934 2859
1 4 1896 2822 1897 2859
1 4 1896 1934 1933 2859
1 4 1896 1933 2858 2859
1 4 1896 2821 2822 2859
1 4 1896 2858 2821 2859
1 4 1897 1898 1935 2860
1 4 1897 2823 1898 2860
1 4 1897 1935 1934 2860
1 4 1897 1934 2859 2860
1 4 1897 2822 2823 2860
1 4 1897 2859 2822 2860
1 4 1898 1899 1936 2861
1 4 1898 2824 1899 2861
1 4 1898 1936 1935 2861
1 4 1898 1935 2860 2861
1 4 1898 2823 2824 2861
1 4 1898 2860 2823 2861
1 4 1899 1900 1937 2862
1 4 1899 2825 1900 2862
1 4 1899 1937 1936 2862
1 4 1899 1936 2861 2862
1 4 1899 2824 2825 2862
1 4 1899 2861 2824 2862
1 4 1900 1901 1938 2863
1 4 1900 2826 1901 2863
1 4 1900 1938 1937 2863
1 4 1900 1937 2862 2863
1 4 1900 2825 2826 2863
1 4 1900 2862 2825 2863
1 4 1901 1902 1939 2864
1 4 1901 2827 1902 2864
1 4 1901 1939 1938 2864
1 4 1901 1938 2863 2864
1 4 1901 2826 2827 2864
1 4 1901 2863 2826 2864
1 4 1902 1903 1940 2865
1 4 1902 2828 1903 2865
1 4 1902 1940 1939 2865
1 4 1902 1939 2864 2865
1 4 1902 2827 2828 2865
1 4 1902 2864 2827 2865
1 4 1903 1904 1941 2866
1 4 1903 2829 1904 2866
1 4 1903 1941 1940 2866
1 4 1903 1940 2865 2866
1 4 1903 2828 2829 2866
1 4 1903 2865 2828 2866
1 4 1904 1905 1942 2867
1 4 1904 2830 1905 2867
1 4 1904 1942 1941 2867
1 4 1904 1941 2866 2867
1 4 1904 2829 2830 2867
1 4 1904 2866 2829 2867
1 4 1905 1906 1943 2868
1 4 1905 2831 1906 2868
1 4 1905 1943 1942 2868
1 4 1905 1942 2867 2868
1 4 1905 2830 2831 2868
1 4 1905 2867 2830 2868
1 4 1906 1907 1944 2869
1 4 1906 2832 1907 2869
1 4 1906 1944 1943 2869
1 4 1906 1943 2868 2869
1 4 1906 2831 2832 2869
1 4 1906 2868 2831 2869
1 4 1907 1908 1945 2870
1 4 1907 2833 1908 2870
1 4 1907 1945 1944 2870
1 4 1907 1944 2869 2870
1 4 1907 2832 2833 2870
1 4 1907 2869 2832 2870
1 4 1908 1909 1946 2871
1 4 1908 2834 1909 2871
1 4 1908 1946 1945 2871
1 4 1908 1945 2870 2871
1 4 1908 2833 2834 2871
1 4 1908 2870 2833 2871
1 4 1909 1910 1947 2872
1 4 1909 2835 1910 2872
1 4 1909 1947 1946 2872
1 4 1909 1946 2871 2872
1 4 1909 2834 2835 2872
1 4 1909 2871 2834 2872
1 4 1910 1911 1948 2873
1 4 1910 2836 1911 2873
1 4 1910 1948 1947 2873
1 4 1910 1947 2872 2873
1 4 1910 2835 2836 2873
1 4 1910 2872 2835 2873
1 4 1911 1912 1949 2874
1 4 1911 2837 1912 2874
1 4 1911 1949 1948 2874
1 4 1911 1948 2873 2874
1 4 1911 2836 2837 2874
1 4 1911 2873 2836 2874
1 4 1912 1913 1950 2875
1 4 1912 2838 1913 2875
1 4 1912 1950 1949 2875
1 4 1912 1949 2874 2875
1 4 1912 2837 2838 2875
1 4 1912 2874 2837 2875
1 4 1913 1914 1951 2876
1 4 1913 2839 1914 2876
1 4 1913 1951 1950 2876
1 4 1913 1950 2875 2876
1 4 1913 2838 2839 2876
1 4 1913 2875 2838 2876
1 4 1914 1915 1952 2877
1 4 1914 2840 1915 2877
1 4 1914 1952 1951 2877
1 4 1914 1951 2876 2877
1 4 1914 2839 2840 2877
1 4 1914 2876 2839 2877
1 4 1915 1916 1953 2878
1 4 1915 2841 1916 2878
1 4 1915 1953 1952 2878
1 4 1915 1952 2877 2878
1 4 1915 2840 2841 2878
1 4 1915 2877 2840 2878
1 4 1916 1917 1954 2879
1 4 1916 2842 1917 2879
1 4 1916 1954 1953 2879
1 4 1916 1953 2878 2879
1 4 1916 2841 2842 2879
1 4 1916 2878 2841 2879
1 4 1917 1918 1955 2880
1 4 1917 2843 1918 2880
1 4 1917 1955 1954 2880
1 4 1917 1954 2879 2880
1 4 1917 2842 2843 2880
1 4 1917 2879 2842 2880
1 4 1918 1919 1956 2881
1 4 1918 2844 1919 2881
1 4 1918 1956 1955 2881
1 4 1918 1955 2880 2881
1 4 1918 2843 2844 2881
1 4 1918 2880 2843 2881
1 4 1919 1920 1957 2882
1 4 1919 2845 1920 2882
1 4 1919 1957 1956 2882
1 4 1919 1956 2881 2882
1 4 1919 2844 2845 2882
1 4 1919 2881 2844 2882
1 4 1920 1921 1958 2883
1 4 1920 2846 1921 2883
1 4 1920 1958 1957 2883
1 4 1920 1957 2882 2883
1 4 1920 2845 2846 2883
1 4 1920 2882 2845 2883
1 4 1921 1922 1959 2884
1 4 1921 2847 1922 2884
1 4 1921 1959 1958 2884
1 4 1921 1958 2883 2884
1 4 1921 2846 2847 2884
1 4 1921 2883 2846 2884
1 4 1922 1923 1960 2885
1 4 1922 2848 1923 2885
1 4 1922 1960 1959 2885
1 4 1922 1959 2884 2885
1 4 1922 2847 2848 2885
1 4 1922 2884 2847 2885
1 4 1924 1925 1962 2887
1 4 1924 2850 1925 2887
1 4 1924 1962 1961 2887
1 4 1924 1961 2886 2887
1 4 1924 2849 2850 2887
1 4 1924 2886 2849 2887
1 4 1925 1926 1963 2888
1 4 1925 2851 1926 2888
1 4 1925 1963 1962 2888
1 4 1925 1962 2887 2888
1 4 1925 2850 2851 2888
1 4 1925 2887 2850 2888
1 4 1926 1927 1964 2889
1 4 1926 2852 1927 2889
1 4 1926 1964 1963 2889
1 4 1926 1963 2888 2889
1 4 1926 2851 2852 2889
1 4 1926 2888 2851 2889
1 4 1927 1928 1965 2890
1 4 1927 2853 1928 2890
1 4 1927 1965 1964 2890
1 4 1927 1964 2889 2890
1 4 1927 2852 2853 2890
1 4 1927 2889 2852 2890
1 4 1928 1929 1966 2891
1 4 1928 2854 1929 2891
1 4 1928 1966 1965 2891
1 4 1928 1965 2890 2891
1 4 1928 2853 2854 2891
1 4 1928 2890 2853 2891
1 4 1929 1930 1967 2892
1 4 1929 2855 1930 2892
1 4 1929 1967 1966 2892
1 4 1929 1966 2891 2892
1 4 1929 2854 2855 2892
1 4 1929 2891 2854 2892
1 4 1930 1931 1968 2893
1 4 1930 2856 1931 2893
1 4 1930 1968 1967 2893
1 4 1930 1967 2892 2893
1 4 1930 2855 2856 2893
1 4 1930 2892 2855 2893
1 4 1931 1932 1969 2894
1 4 1931 2857 1932 2894
1 4 1931 1969 1968 2894
1 4 1931 1968 2893 2894
1 4 1931 2856 2857 2894
1 4 1931 2893 2856 2894
1 4 1932 1933 1970 2895
1 4 1932 2858 1933 2895
1 4 1932 1970 1969 2895
1 4 1932 1969 2894 2895
1 4 1932 2857 2858 2895
1 4 1932 2894 2857 2895
1 4 1933 1934 1971 2896
1 4 1933 2859 1934 2896
1 4 1933 1971 1970 2896
1 4 1933 1970 2895 2896
1 4 1933 2858 2859 2896
1 4 1933 2895 2858 2896
1 4 1934 1935 1972 2897
1 4 1934 2860 1935 2897
1 4 1934 1972 1971 2897
1 4 1934 1971 2896 2897
1 4 1934 2859 2860 2897
1 4 1934 2896 2859 2897
1 4 1935 1936 1973 2898
1 4 1935 2861 1936 2898
1 4 1935 1973 1972 2898
1 4 1935 1972 2897 2898
1 4 1935 2860 2861 2898
1 4 1935 2897 2860 2898
1 4 1936 1937 1974 2899
1 4 1936 2862 1937 2899
1 4 1936 1974 1973 2899
1 4 1936 1973 2898 2899
1 4 1936 2861 2862 2899
1 4 1936 2898 2861 2899
1 4 1937 1938 1975 2900
1 4 1937 2863 1938 2900
1 4 1937 1975 1974 2900
1 4 1937 1974 2899 2900
1 4 1937 2862 2863 2900
1 4 1937 2899 2862 2900
1 4 1938 1939 1976 2901
1 4 1938 2864 1939 2901
1 4 1938 1976 1975 2901
1 4 1938 1975 2900 2901
1 4 1938 2863 2864 2901
1 4 1938 2900 2863 2901
1 4 1939 1940 1977 2902
1 4 1939 2865 1940 2902
1 4 1939 1977 1976 2902
1 4 1939 1976 2901 2902
1 4 1939 2864 2865 2902
1 4 1939 2901 2864 2902
1 4 1940 1941 1978 2903
1 4 1940 2866 1941 2903
1 4 1940 1978 1977 2903
1 4 1940 1977 2902 2903
1 4 1940 2865 2866 2903
1 4 1940 2902 2865 2903
1 4 1941 1942 1979 2904
1 4 1941 2867 1942 2904
1 4 1941 1979 1978 2904
1 4 1941 1978 2903 2904
1 4 1941 2866 2867 2904
1 4 1941 2903 2866 2904
1 4 1942 1943 1980 2905
1 4 1942 2868 1943 2905
1 4 1942 1980 1979 2905
1 4 1942 1979 2904 2905
1 4 1942 2867 2868 2905
1 4 1942 2904 2867 2905
1 4 1943 1944 1981 2906
1 4 1943 2869 1944 2906
1 4 1943 1981 1980 2906
1 4 1943 1980 2905 2906
1 4 1943 2868 2869 2906
1 4 1943 2905 2868 2906
1 4 1944 1945 1982 2907
1 4 1944 2870 1945 2907
1 4 1944 1982 1981 2907
1 4 1944 1981 2906 2907
1 4 1944 2869 2870 2907
1 4 1944 2906 2869 2907
1 4 1945 1946 1983 2908
1 4 1945 2871 1946 2908
1 4 1945 1983 1982 2908
1 4 1945 1982 2907 2908
1 4 1945 2870 2871 2908
1 4 1945 2907 2870 2908
1 4 1946 1947 1984 2909
1 4 1946 2872 1947 2909
1 4 1946 1984 1983 2909
1 4 1946 1983 2908 2909
1 4 1946 2871 2872 2909
1 4 1946 2908 2871 2909
1 4 1947 1948 1985 2910
1 4 1947 2873 1948 2910
1 4 1947 1985 1984 2910
1 4 1947 1984 2909 2910
1 4 1947 2872 2873 2910
1 4 1947 2909 2872 2910
1 4 1948 1949 1986 2911
1 4 1948 2874 1949 2911
1 4 1948 1986 1985 2911
1 4 1948 1985 2910 2911
1 4 1948 2873 2874 2911
1 4 1948 2910 2873 2911
1 4 1949 1950 1987 2912
1 4 1949 2875 1950 2912
1 4 1949 1987 1986 2912
1 4 1949 1986 2911 2912
1 4 1949 2874 2875 2912
1 4 1949 2911 2874 2912
1 4 1950 1951 1988 2913
1 4 1950 2876 1951 2913
1 4 1950 1988 1987 2913
1 4 1950 1987 2912 2913
1 4 1950 2875 2876 2913
1 4 1950 2912 2875 2913
1 4 1951 1952 1989 2914
1 4 1951 2877 1952 2914
1 4 1951 1989 1988 2914
1 4 1951 1988 2913 2914
1 4 1951 2876 2877 2914
1 4 1951 2913 2876 2914
1 4 1952 1953 1990 2915
1 4 1952 2878 1953 2915
1 4 1952 1990 1989 2915
1 4 1952 1989 2914 2915
1 4 1952 2877 2878 2915
1 4 1952 2914 2877 2915
1 4 1953 1954 1991 2916
1 4 1953 2879 1954 2916
1 4 1953 1991 1990 2916
1 4 1953 1990 2915 2916
1 4 1953 2878 2879 2916
1 4 1953 2915 2878 2916
1 4 1954 1955 1992 2917
1 4 1954 2880 1955 2917
1 4 1954 1992 1991 2917
1 4 1954 1991 2916 2917
1 4 1954 2879 2880 2917
1 4 1954 2916 2879 2917
1 4 1955 1956 1993 2918
1 4 1955 2881 1956 2918
1 4 1955 1993 1992 2918
1 4 1955 1992 2917 2918
1 4 1955 2880 2881 2918
1 4 1955 2917 2880 2918
1 4 1956 1957 1994 2919
1 4 1956 2882 1957 2919
1 4 1956 1994 1993 2919
1 4 1956 1993 2918 2919
1 4 1956 2881 2882 2919
1 4 1956 2918 2881 2919
1 4 1957 1958 1995 2920
1 4 1957 2883 1958 2920
1 4 1957 1995 1994 2920
1 4 1957 1994 2919 2920
1 4 1957 2882 2883 2920
1 4 1957 2919 2882 2920
1 4 1958 1959 1996 2921
1 4 1958 2884 1959 2921
1 4 1958 1996 1995 2921
1 4 1958 1995 2920 2921
1 4 1958 2883 2884 2921
1 4 1958 2920 2883 2921
1 4 1959 1960 1997 2922
1 4 1959 2885 1960 2922
1 4 1959 1997 1996 2922
1 4 1959 1996 2921 2922
1 4 1959 2884 2885 2922
1 4 1959 2921 2884 2922
1 4 1961 1962 1999 2924
1 4 1961 2887 1962 2924
1 4 1961 1999 1998 2924
1 4 1961 1998 2923 2924
1 4 1961 2886 2887 2924
1 4 1961 2923 2886 2924
1 4 1962 1963 2000 2925
1 4 1962 2888 1963 2925
1 4 1962 2000 1999 2925
1 4 1962 1999 2924 2925
1 4 1962 2887 2888 2925
1 4 1962 2924 2887 2925
1 4 1963 1964 2001 2926
1 4 1963 2889 1964 2926
1 4 1963 2001 2000 2926
1 4 1963 2000 2925 2926
1 4 1963 2888 2889 2926
1 4 1963 2925 2888 2926
1 4 1964 1965 2002 2927
1 4 1964 2890 1965 2927
1 4 1964 2002 2001 2927
1 4 1964 2001 2926 2927
1 4 1964 2889 2890 2927
1 4 1964 2926 2889 2927
1 4 1965 1966 2003 2928
1 4 1965 2891 1966 2928
1 4 1965 2003 2002 2928
1 4 1965 2002 2927 2928
1 4 1965 2890 2891 2928
1 4 1965 2927 2890 2928
1 4 1966 1967 2004 2929
1 4 1966 2892 1967 2929
1 4 1966 2004 2003 2929
1 4 1966 2003 2928 2929
1 4 1966 2891 2892 2929
1 4 1966 2928 2891 2929
1 4 1967 1968 2005 2930
1 4 1967 2893 1968 2930
1 4 1967 2005 2004 2930
1 4 1967 2004 2929 2930
1 4 1967 2892 2893 2930
1 4 1967 2929 2892 2930
1 4 1968 1969 2006 2931
1 4 1968 2894 1969 2931
1 4 1968 2006 2005 2931
1 4 1968 2005 2930 2931
1 4 1968 2893 2894 2931
1 4 1968 2930 2893 2931
1 4 1969 1970 2007 2932
1 4 1969 2895 1970 2932
1 4 1969 2007 2006 2932
1 4 1969 2006 2931 2932
1 4 1969 2894 2895 2932
1 4 1969 2931 2894 2932
1 4 1970 1971 2008 2933
1 4 1970 2896 1971 2933
1 4 1970 2008 2007 2933
1 4 1970 2007 2932 2933
1 4 1970 2895 2896 2933
1 4 1970 2932 2895 2933
1 4 1971 1972 2009 2934
1 4 1971 2897 1972 2934
1 4 1971 2009 2008 2934
1 4 1971 2008 2933 2934
1 4 1971 2896 2897 2934
1 4 1971 2933 2896 2934
1 4 1972 1973 2010 2935
1 4 1972 2898 1973 2935
1 4 1972 2010 2009 2935
1 4 1972 2009 2934 2935
1 4 1972 2897 2898 2935
1 4 1972 2934 2897 2935
1 4 1973 1974 2011 2936
1 4 1973 2899 1974 2936
1 4 1973 2011 2010 2936
1 4 1973 2010 2935 2936
1 4 1973 2898 2899 2936
1 4 1973 2935 2898 2936
1 4 1974 1975 2012 2937
1 4 1974 2900 1975 2937
1 4 1974 2012 2011 2937
1 4 1974 2011 2936 2937
1 4 1974 2899 2900 2937
1 4 1974 2936 2899 2937
1 4 1975 1976 2013 2938
1 4 1975 2901 1976 2938
1 4 1975 2013 2012 2938
1 4 1975 2012 2937 2938
1 4 1975 2900 2901 2938
1 4 1975 2937 2900 2938
1 4 1976 1977 2014 2939
1 4 1976 2902 1977 2939
1 4 1976 2014 2013 2939
1 4 1976 2013 2938 2939
1 4 1976 2901 2902 2939
1 4 1976 2938 2901 2939
1 4 1977 1978 2015 2940
1 4 1977 2903 1978 2940
1 4 1977 2015 2014 2940
1 4 1977 2014 2939 2940
1 4 1977 2902 2903 2940
1 4 1977 2939 2902 2940
1 4 1978 1979 2016 2941
1 4 1978 2904 1979 2941
1 4 1978 2016 2015 2941
1 4 1978 2015 2940 2941
1 4 1978 2903 2904 2941
1 4 1978 2940 2903 2941
1 4 1979 1980 2017 2942
1 4 1979 2905 1980 2942
1 4 1979 2017 2016 2942
1 4 1979 2016 2941 2942
1 4 1979 2904 2905 2942
1 4 1979 2941 2904 2942
1 4 1980 1981 2018 2943
1 4 1980 2906 1981 2943
1 4 1980 2018 2017 2943
1 4 1980 2017 2942 2943
1 4 1980 2905 2906 2943
1 4 1980 2942 2905 2943
1 4 1981 1982 2019 2944
1 4 1981 2907 1982 2944
1 4 1981 2019 2018 2944
1 4 1981 2018 2943 2944
1 4 1981 2906 2907 2944
1 4 1981 2943 2906 2944
1 4 1982 1983 2020 2945
1 4 1982 2908 1983 2945
1 4 1982 2020 2019 2945
1 4 1982 2019 2944 2945
1 4 1982 2907 2908 2945
1 4 1982 2944 2907 2945
1 4 1983 1984 2021 2946
1 4 1983 2909 1984 2946
1 4 1983 2021 2020 2946
1 4 1983 2020 2945 2946
1 4 1983 2908 2909 2946
1 4 1983 2945 2908 2946
1 4 1984 1985 2022 2947
1 4 1984 2910 1985 2947
1 4 1984 2022 2021 2947
1 4 1984 2021 2946 2947
1 4 1984 2909 2910 2947
1 4 1984 2946 2909 2947
1 4 1985 1986 2023 2948
1 4 1985 2911 1986 2948
1 4 1985 2023 2022 2948
1 4 1985 2022 2947 2948
1 4 1985 2910 2911 2948
1 4 1985 2947 2910 2948
1 4 1986 1987 2024 2949
1 4 1986 2912 1987 2949
1 4 1986 2024 2023 2949
1 4 1986 2023 2948 2949
1 4 1986 2911 2912 2949
1 4 1986 2948 2911 2949
1 4 1987 1988 2025 2950
1 4 1987 2913 1988 2950
1 4 1987 2025 2024 2950
1 4 1987 2024 2949 2950
1 4 1987 2912 2913 2950
1 4 1987 2949 2912 2950
1 4 1988 1989 2026 2951
1 4 1988 2914 1989 2951
1 4 1988 2026 2025 2951
1 4 1988 2025 2950 2951
1 4 1988 2913 2914 2951
1 4 1988 2950 2913 2951
1 4 1989 1990 2027 2952
1 4 1989 2915 1990 2952
1 4 1989 2027 2026 2952
1 4 1989 2026 2951 2952
1 4 1989 2914 2915 2952
1 4 1989 2951 2914 2952
1 4 1990 1991 2028 2953
1 4 1990 2916 1991 2953
1 4 1990 2028 2027 2953
1 4 1990 2027 2952 2953
1 4 1990 2915 2916 2953
1 4 1990 2952 2915 2953
1 4 1991 1992 2029 2954
1 4 1991 2917 1992 2954
1 4 1991 2029 2028 2954
1 4 1991 2028 2953 2954
1 4 1991 2916 2917 2954
1 4 1991 2953 2916 2954
1 4 1992 1993 2030 2955
1 4 1992 2918 1993 2955
1 4 1992 2030 2029 2955
1 4 1992 2029 2954 2955
1 4 1992 2917 2918 2955
1 4 1992 2954 2917 2955
1 4 1993 1994 2031 2956
1 4 1993 2919 1994 2956
1 4 1993 2031 2030 2956
1 4 1993 2030 2955 2956
1 4 1993 2918 2919 2956
1 4 1993 2955 2918 2956
1 4 1994 1995 2032 2957
1 4 1994 2920 1995 2957
1 4 1994 2032 2031 2957
1 4 1994 2031 2956 2957
1 4 1994 2919 2920 2957
1 4 1994 2956 2919 2957
1 4 1995 1996 2033 2958
1 4 1995 2921 1996 2958
1 4 1995 2033 2032 2958
1 4 1995 2032 2957 2958
1 4 1995 2920 2921 2958
1 4 1995 2957 2920 2958
1 4 1996 1997 2034 2959
1 4 1996 2922 1997 2959
1 4 1996 2034 2033 2959
1 4 1996 2033 2958 2959
1 4 1996 2921 2922 2959
1 4 1996 2958 2921 2959
1 4 1998 1999 2036 2961
1 4 1998 2924 1999 2961
1 4 1998 2036 2035 2961
1 4 1998 2035 2960 2961
1 4 1998 2923 2924 2961
1 4 1998 2960 2923 2961
1 4 1999 2000 2037 2962
1 4 1999 2925 2000 2962
1 4 1999 2037 2036 2962
1 4 1999 2036 2961 2962
1 4 1999 2924 2925 2962
1 4 1999 2961 2924 2962
1 4 2000 2001 2038 2963
1 4 2000 2926 2001 2963
1 4 2000 2038 2037 2963
1 4 2000 2037 2962 2963
1 4 2000 2925 2926 2963
1 4 2000 2962 2925 2963
1 4 2001 2002 2039 2964
1 4 2001 2927 2002 2964
1 4 2001 2039 2038 2964
1 4 2001 2038 2963 2964
1 4 2001 2926 2927 2964
1 4 2001 2963 2926 2964
1 4 2002 2003 2040 2965
1 4 2002 2928 2003 2965
1 4 2002 2040 2039 2965
1 4 2002 2039 2964 2965
1 4 2002 2927 2928 2965
1 4 2002 2964 2927 2965
1 4 2003 2004 2041 2966
1 4 2003 2929 2004 2966
1 4 2003 2041 2040 2966
1 4 2003 2040 2965 2966
1 4 2003 2928 2929 2966
1 4 2003 2965 2928 2966
1 4 2004 2005 2042 2967
1 4 2004 2930 2005 2967
1 4 2004 2042 2041 2967
1 4 2004 2041 2966 2967
1 4 2004 2929 2930 2967
1 4 2004 2966 2929 2967
1 4 2005 2006 2043 2968
1 4 2005 2931 2006 2968
1 4 2005 2043 2042 2968
1 4 2005 2042 2967 2968
1 4 2005 2930 2931 2968
1 4 2005 2967 2930 2968
1 4 2006 2007 2044 2969
1 4 2006 2932 2007 2969
1 4 2006 2044 2043 2969
1 4 2006 2043 2968 2969
1 4 2006 2931 2932 2969
1 4 2006 2968 2931 2969
1 4 2007 2008 2045 2970
1 4 2007 2933 2008 2970
1 4 2007 2045 2044 2970
1 4 2007 2044 2969 2970
1 4 2007 2932 2933 2970
1 4 2007 2969 2932 2970
1 4 2008 2009 2046 2971
1 4 2008 2934 2009 2971
1 4 2008 2046 2045 2971
1 4 2008 2045 2970 2971
1 4 2008 2933 2934 2971
1 4 2008 2970 2933 2971
1 4 2009 2010 2047 2972
1 4 2009 2935 2010 2972
1 4 2009 2047 2046 2972
1 4 2009 2046 2971 2972
1 4 2009 2934 2935 2972
1 4 2009 2971 2934 2972
1 4 2010 2011 2048 2973
1 4 2010 2936 2011 2973
1 4 2010 2048 2047 2973
1 4 2010 2047 2972 2973
1 4 2010 2935 2936 2973
1 4 2010 2972 2935 2973
1 4 2011 2012 2049 2974
1 4 2011 2937 2012 2974
1 4 2011 2049 2048 2974
1 4 2011 2048 2973 2974
1 4 2011 2936 2937 2974
1 4 2011 2973 2936 2974
1 4 2012 2013 2050 2975
1 4 2012 2938 2013 2975
1 4 2012 2050 2049 2975
1 4 2012 2049 2974 2975
1 4 2012 2937 2938 2975
1 4 2012 2974 2937 2975
1 4 2013 2014 2051 2976
1 4 2013 2939 2014 2976
1 4 2013 2051 2050 2976
1 4 2013 2050 2975 2976
1 4 2013 2938 2939 2976
1 4 2013 2975 2938 2976
1 4 2014 2015 2052 2977
1 4 2014 2940 2015 2977
1 4 2014 2052 2051 2977
1 4 2014 2051 2976 2977
1 4 2014 2939 2940 2977
1 4 2014 2976 2939 2977
1 4 2015 2016 2053 2978
1 4 2015 2941 2016 2978
1 4 2015 2053 2052 2978
1 4 2015 2052 2977 2978
1 4 2015 2940 2941 2978
1 4 2015 2977 2940 2978
1 4 2016 2017 2054 2979
1 4 2016 2942 2017 2979
1 4 2016 2054 2053 2979
1 4 2016 2053 2978 2979
1 4 2016 2941 2942 2979
1 4 2016 2978 2941 2979
1 4 2017 2018 2055 2980
1 4 2017 2943 2018 2980
1 4 2017 2055 2054 2980
1 4 2017 2054 2979 2980
1 4 2017 2942 2943 2980
1 4 2017 2979 2942 2980
1 4 2018 2019 2056 2981
1 4 2018 2944 2019 2981
1 4 2018 2056 2055 2981
1 4 2018 2055 2980 2981
1 4 2018 2943 2944 2981
1 4 2018 2980 2943 2981
1 4 2019 2020 2057 2982
1 4 2019 2945 2020 2982
1 4 2019 2057 2056 2982
1 4 2019 2056 2981 2982
1 4 2019 2944 2945 2982
1 4 2019 2981 2944 2982
1 4 2020 2021 2058 2983
1 4 2020 2946 2021 2983
1 4 2020 2058 2057 2983
1 4 2020 2057 2982 2983
1 4 2020 2945 2946 2983
1 4 2020 2982 2945 2983
1 4 2021 2022 2059 2984
1 4 2021 2947 2022 2984
1 4 2021 2059 2058 2984
1 4 2021 2058 2983 2984
1 4 2021 2946 2947 2984
1 4 2021 2983 2946 2984
1 4 2022 2023 2060 2985
1 4 2022 2948 2023 2985
1 4 2022 2060 2059 2985
1 4 2022 2059 2984 2985
1 4 2022 2947 2948 2985
1 4 2022 2984 2947 2985
1 4 2023 2024 2061 2986
1 4 2023 2949 2024 2986
1 4 2023 2061 2060 2986
1 4 2023 2060 2985 2986
1 4 2023 2948 2949 2986
1 4 2023 2985 2948 2986
1 4 2024 2025 2062 2987
1 4 2024 2950 2025 2987
1 4 2024 2062 2061 2987
1 4 2024 2061 2986 2987
1 4 2024 2949 2950 2987
1 4 2024 2986 2949 2987
1 4 2025 2026 2063 2988
1 4 2025 2951 2026 2988
1 4 2025 2063 2062 2988
1 4 2025 2062 2987 2988
1 4 2025 2950 2951 2988
1 4 2025 2987 2950 2988
1 4 2026 2027 2064 2989
1 4 2026 2952 2027 2989
1 4 2026 2064 2063 2989
1 4 2026 2063 2988 2989
1 4 2026 2951 2952 2989
1 4 2026 2988 2951 2989
1 4 2027 2028 2065 2990
1 4 2027 2953 2028 2990
1 4 2027 2065 2064 2990
1 4 2027 2064 2989 2990
1 4 2027 2952 2953 2990
1 4 2027 2989 2952 2990
1 4 2028 2029 2066 2991
1 4 2028 2954 2029 2991
1 4 2028 2066 2065 2991
1 4 2028 2065 2990 2991
1 4 2028 2953 2954 2991
1 4 2028 2990 2953 2991
1 4 2029 2030 2067 2992
1 4 2029 2955 2030 2992
1 4 2029 2067 2066 2992
1 4 2029 2066 2991 2992
1 4 2029 2954 2955 2992
1 4 2029 2991 2954 2992
1 4 2030 2031 2068 2993
1 4 2030 2956 2031 2993
1 4 2030 2068 2067 2993
1 4 2030 2067 2992 2993
1 4 2030 2955 2956 2993
1 4 2030 2992 2955 2993
1 4 2031 2032 2069 2994
1 4 2031 2957 2032 2994
1 4 2031 2069 2068 2994
1 4 2031 2068 2993 2994
1 4 2031 2956 2957 2994
1 4 2031 2993 2956 2994
1 4 2032 2033 2070 2995
1 4 2032 2958 2033 2995
1 4 2032 2070 2069 2995
1 4 2032 2069 2994 2995
1 4 2032 2957 2958 2995
1 4 2032 2994 2957 2995
1 4 2033 2034 2071 2996
1 4 2033 2959 2034 2996
1 4 2033 2071 2070 2996
1 4 2033 2070 2995 2996
1 4 2033 2958 2959 2996
1 4 2033 2995 2958 2996
1 4 2035 2036 2073 2998
1 4 2035 2961 2036 2998
1 4 2035 2073 2072 2998
1 4 2035 2072 2997 2998
1 4 2035 2960 2961 2998
1 4 2035 2997 2960 2998
1 4 2036 2037 2074 2999
1 4 2036 2962 2037 2999
1 4 2036 2074 2073 2999
1 4 2036 2073 2998 2999
1 4 2036 2961 2962 2999
1 4 2036 2998 2961 2999
1 4 2037 2038 2075 3000
1 4 2037 2963 2038 3000
1 4 2037 2075 2074 3000
1 4 2037 2074 2999 3000
1 4 2037 2962 2963 3000
1 4 2037 2999 2962 3000
1 4 2038 2039 2076 3001
1 4 2038 2964 2039 3001
1 4 2038 2076 2075 3001
1 4 2038 2075 3000 3001
1 4 2038 2963 2964 3001
1 4 2038 3000 2963 3001
1 4 2039 2040 2077 3002
1 4 2039 2965 2040 3002
1 4 2039 2077 2076 3002
1 4 2039 2076 3001 3002
1 4 2039 2964 2965 3002
1 4 2039 3001 2964 3002
1 4 2040 2041 2078 3003
1 4 2040 2966 2041 3003
1 4 2040 2078 2077 3003
1 4 2040 2077 3002 3003
1 4 2040 2965 2966 3003
1 4 2040 3002 2965 3003
1 4 2041 2042 2079 3004
1 4 2041 2967 2042 3004
1 4 2041 2079 2078 3004
1 4 2041 2078 3003 3004
1 4 2041 2966 2967 3004
1 4 2041 3003 2966 3004
1 4 2042 2043 2080 3005
1 4 2042 2968 2043 3005
1 4 2042 2080 2079 3005
1 4 2042 2079 3004 3005
1 4 2042 2967 2968 3005
1 4 2042 3004 2967 3005
1 4 2043 2044 2081 3006
1 4 2043 2969 2044 3006
1 4 2043 2081 2080 3006
1 4 2043 2080 3005 3006
1 4 2043 2968 2969 3006
1 4 2043 3005 2968 3006
1 4 2044 2045 2082 3007
1 4 2044 2970 2045 3007
1 4 2044 2082 2081 3007
1 4 2044 2081 3006 3007
1 4 2044 2969 2970 3007
1 4 2044 3006 2969 3007
1 4 2045 2046 2083 3008
1 4 2045 2971 2046 3008
1 4 2045 2083 2082 3008
1 4 2045 2082 3007 3008
1 4 2045 2970 2971 3008
1 4 2045 3007 2970 3008
1 4 2046 2047 2084 3009
1 4 2046 2972 2047 3009
1 4 2046 2084 2083 3009
1 4 2046 2083 3008 3009
1 4 2046 2971 2972 3009
1 4 2046 3008 2971 3009
1 4 2047 2048 2085 3010
1 4 2047 2973 2048 3010
1 4 2047 2085 2084 3010
1 4 2047 2084 3009 3010
1 4 2047 2972 2973 3010
1 4 2047 3009 2972 3010
1 4 2048 2049 2086 3011
1 4 2048 2974 2049 3011
1 4 2048 2086 2085 3011
1 4 2048 2085 3010 3011
1 4 2048 2973 2974 3011
1 4 2048 3010 2973 3011
1 4 2049 2050 2087 3012
1 4 2049 2975 2050 3012
1 4 2049 2087 2086 3012
1 4 2049 2086 3011 3012
1 4 2049 2974 2975 3012
1 4 2049 3011 2974 3012
1 4 2050 2051 2088 3013
1 4 2050 2976 2051 3013
1 4 2050 2088 2087 3013
1 4 2050 2087 3012 3013
1 4 2050 2975 2976 3013
1 4 2050 3012 2975 3013
1 4 2051 2052 2089 3014
1 4 2051 2977 2052 3014
1 4 2051 2089 2088 3014
1 4 2051 2088 3013 3014
1 4 2051 2976 2977 3014
1 4 2051 3013 2976 3014
1 4 2052 2053 2090 3015
1 4 2052 2978 2053 3015
1 4 2052 2090 2089 3015
1 4 2052 2089 3014 3015
1 4 2052 2977 2978 3015
1 4 2052 3014 2977 3015
1 4 2053 2054 2091 3016
1 4 2053 2979 2054 3016
1 4 2053 2091 2090 3016
1 4 2053 2090 3015 3016
1 4 2053 2978 2979 3016
1 4 2053 3015 2978 3016
1 4 2054 2055 2092 3017
1 4 2054 2980 2055 3017
1 4 2054 2092 2091 3017
1 4 2054 2091 3016 3017
1 4 2054 2979 2980 3017
1 4 2054 3016 2979 3017
1 4 2055 2056 2093 3018
1 4 2055 2981 2056 3018
1 4 2055 2093 2092 3018
1 4 2055 2092 3017 3018
1 4 2055 2980 2981 3018
1 4 2055 3017 2980 3018
1 4 2056 2057 2094 3019
1 4 2056 2982 2057 3019
1 4 2056 2094 2093 3019
1 4 2056 2093 3018 3019
1 4 2056 2981 2982 3019
1 4 2056 3018 2981 3019
1 4 2057 2058 2095 3020
1 4 2057 2983 2058 3020
1 4 2057 2095 2094 3020
1 4 2057 2094 3019 3020
1 4 2057 2982 2983 3020
1 4 2057 3019 2982 3020
1 4 2058 2059 2096 3021
1 4 2058 2984 2059 3021
1 4 2058 2096 2095 3021
1 4 2058 2095 3020 3021
1 4 2058 2983 2984 3021
1 4 2058 3020 2983 3021
1 4 2059 2060 2097 3022
1 4 2059 2985 2060 3022
1 4 2059 2097 2096 3022
1 4 2059 2096 3021 3022
1 4 2059 2984 2985 3022
1 4 2059 3021 2984 3022
1 4 2060 2061 2098 3023
1 4 2060 2986 2061 3023
1 4 2060 2098 2097 3023
1 4 2060 2097 3022 3023
1 4 2060 2985 2986 3023
1 4 2060 3022 2985 3023
1 4 2061 2062 2099 3024
1 4 2061 2987 2062 3024
1 4 2061 2099 2098 3024
1 4 2061 2098 3023 3024
1 4 2061 2986 2987 3024
1 4 2061 3023 2986 3024
1 4 2062 2063 2100 3025
1 4 2062 2988 2063 3025
1 4 2062 2100 2099 3025
1 4 2062 2099 3024 3025
1 4 2062 2987 2988 3025
1 4 2062 3024 2987 3025
1 4 2063 2064 2101 3026
1 4 2063 2989 2064 3026
1 4 2063 2101 2100 3026
1 4 2063 2100 3025 3026
1 4 2063 2988 2989 3026
1 4 2063 3025 2988 3026
1 4 2064 2065 2102 3027
1 4 2064 2990 2065 3027
1 4 2064 2102 2101 3027
1 4 2064 2101 3026 3027
1 4 2064 2989 2990 3027
1 4 2064 3026 2989 3027
1 4 2065 2066 2103 3028
1 4 2065 2991 2066 3028
1 4 2065 2103 2102 3028
1 4 2065 2102 3027 3028
1 4 2065 2990 2991 3028
1 4 2065 3027 2990 3028
1 4 2066 2067 2104 3029
1 4 2066 2992 2067 3029
1 4 2066 2104 2103 3029
1 4 2066 2103 3028 3029
1 4 2066 2991 2992 3029
1 4 2066 3028 2991 3029
1 4 2067 2068 2105 3030
1 4 2067 2993 2068 3030
1 4 2067 2105 2104 3030
1 4 2067 2104 3029 3030
1 4 2067 2992 2993 3030
1 4 2067 3029 2992 3030
1 4 2068 2069 2106 3031
1 4 2068 2994 2069 3031
1 4 2068 2106 2105 3031
1 4 2068 2105 3030 3031
1 4 2068 2993 2994 3031
1 4 2068 3030 2993 3031
1 4 2069 2070 2107 3032
1 4 2069 2995 2070 3032
1 4 2069 2107 2106 3032
1 4 2069 2106 3031 3032
1 4 2069 2994 2995 3032
1 4 2069 3031 2994 3032
1 4 2070 2071 2108 3033
1 4 2070 2996 2071 3033
1 4 2070 2108 2107 3033
1 4 2070 2107 3032 3033
1 4 2070 2995 2996 3033
1 4 2070 3032 2995 3033
1 4 2072 2073 2110 3035
1 4 2072 2998 2073 3035
1 4 2072 2110 2109 3035
1 4 2072 2109 3034 3035
1 4 2072 2997 2998 3035
1 4 2072 3034 2997 3035
1 4 2073 2074 2111 3036
1 4 2073 2999 2074 3036
1 4 2073 2111 2110 3036
1 4 2073 2110 3035 3036
1 4 2073 2998 2999 3036
1 4 2073 3035 2998 3036
1 4 2074 2075 2112 3037
1 4 2074 3000 2075 3037
1 4 2074 2112 2111 3037
1 4 2074 2111 3036 3037
1 4 2074 2999 3000 3037
1 4 2074 3036 2999 3037
1 4 2075 2076 2113 3038
1 4 2075 3001 2076 3038
1 4 2075 2113 2112 3038
1 4 2075 2112 3037 3038
1 4 2075 3000 3001 3038
1 4 2075 3037 3000 3038
1 4 2076 2077 2114 3039
1 4 2076 3002 2077 3039
1 4 2076 2114 2113 3039
1 4 2076 2113 3038 3039
1 4 2076 3001 3002 3039
1 4 2076 3038 3001 3039
1 4 2077 2078 2115 3040
1 4 2077 3003 2078 3040
1 4 2077 2115 2114 3040
1 4 2077 2114 3039 3040
1 4 2077 3002 3003 3040
1 4 2077 3039 3002 3040
1 4 2078 2079 2116 3041
1 4 2078 3004 2079 3041
1 4 2078 2116 2115 3041
1 4 2078 2115 3040 3041
1 4 2078 3003 3004 3041
1 4 2078 3040 3003 3041
1 4 2079 2080 2117 3042
1 4 2079 3005 2080 3042
1 4 2079 2117 2116 3042
1 4 2079 2116 3041 3042
1 4 2079 3004 3005 3042
1 4 2079 3041 3004 3042
1 4 2080 2081 2118 3043
1 4 2080 3006 2081 3043
1 4 2080 2118 2117 3043
1 4 2080 2117 3042 3043
1 4 2080 3005 3006 3043
1 4 2080 3042 3005 3043
1 4 2081 2082 2119 3044
1 4 2081 3007 2082 3044
1 4 2081 2119 2118 3044
1 4 2081 2118 3043 3044
1 4 2081 3006 3007 3044
1 4 2081 3043 3006 3044
1 4 2082 2083 2120 3045
1 4 2082 3008 2083 3045
1 4 2082 2120 2119 3045
1 4 2082 2119 3044 3045
1 4 2082 3007 3008 3045
1 4 2082 3044 3007 3045
1 4 2083 2084 2121 3046
1 4 2083 3009 2084 3046
1 4 2083 2121 2120 3046
1 4 2083 2120 3045 3046
1 4 2083 3008 3009 3046
1 4 2083 3045 3008 3046
1 4 2084 2085 2122 3047
1 4 2084 3010 2085 3047
1 4 2084 2122 2121 3047
1 4 2084 2121 3046 3047
1 4 2084 3009 3010 3047
1 4 2084 3046 3009 3047
1 4 2085 2086 2123 3048
1 4 2085 3011 2086 3048
1 4 2085 2123 2122 3048
1 4 2085 2122 3047 3048
1 4 2085 3010 3011 3048
1 4 2085 3047 3010 3048
1 4 2086 2087 2124 3049
1 4 2086 3012 2087 3049
1 4 2086 2124 2123 3049
1 4 2086 2123 3048 3049
1 4 2086 3011 3012 3049
1 4 2086 3048 3011 3049
1 4 2087 2088 2125 3050
1 4 2087 3013 2088 3050
1 4 2087 2125 2124 3050
1 4 2087 2124 3049 3050
1 4 2087 3012 3013 3050
1 4 2087 3049 3012 3050
1 4 2088 2089 2126 3051
1 4 2088 3014 2089 3051
1 4 2088 2126 2125 3051
1 4 2088 2125 3050 3051
1 4 2088 3013 3014 3051
1 4 2088 3050 3013 3051
1 4 2089 2090 2127 3052
1 4 2089 3015 2090 3052
1 4 2089 2127 2126 3052
1 4 2089 2126 3051 3052
1 4 2089 3014 3015 3052
1 4 2089 3051 3014 3052
1 4 2090 2091 2128 3053
1 4 2090 3016 2091 3053
1 4 2090 2128 2127 3053
1 4 2090 2127 3052 3053
1 4 2090 3015 3016 3053
1 4 2090 3052 3015 3053
1 4 2091 2092 2129 3054
1 4 2091 3017 2092 3054
1 4 2091 2129 2128 3054
1 4 2091 2128 3053 3054
1 4 2091 3016 3017 3054
1 4 2091 3053 3016 3054
1 4 2092 2093 2130 3055
1 4 2092 3018 2093 3055
1 4 2092 2130 2129 3055
1 4 2092 2129 3054 3055
1 4 2092 3017 3018 3055
1 4 2092 3054 3017 3055
1 4 2093 2094 2131 3056
1 4 2093 3019 2094 3056
1 4 2093 2131 2130 3056
1 4 2093 2130 3055 3056
1 4 2093 3018 3019 3056
1 4 2093 3055 3018 3056
1 4 2094 2095 2132 3057
1 4 2094 3020 2095 3057
1 4 2094 2132 2131 3057
1 4 2094 2131 3056 3057
1 4 2094 3019 3020 3057
1 4 2094 3056 3019 3057
1 4 2095 2096 2133 3058
1 4 2095 3021 2096 3058
1 4 2095 2133 2132 3058
1 4 2095 2132 3057 3058
1 4 2095 3020 3021 3058
1 4 2095 3057 3020 3058
1 4 2096 2097 2134 3059
1 4 2096 3022 2097 3059
1 4 2096 2134 2133 3059
1 4 2096 2133 3058 3059
1 4 2096 3021 3022 3059
1 4 2096 3058 3021 3059
1 4 2097 2098 2135 3060
1 4 2097 3023 2098 3060
1 4 2097 2135 2134 3060
1 4 2097 2134 3059 3060
1 4 2097 3022 3023 3060
1 4 2097 3059 3022 3060
1 4 2098 2099 2136 3061
1 4 2098 3024 2099 3061
1 4 2098 2136 2135 3061
1 4 2098 2135 3060 3061
1 4 2098 3023 3024 3061
1 4 2098 3060 3023 3061
1 4 2099 2100 2137 3062
1 4 2099 3025 2100 3062
1 4 2099 2137 2136 3062
1 4 2099 2136 3061 3062
1 4 2099 3024 3025 3062
1 4 2099 3061 3024 3062
1 4 2100 2101 2138 3063
1 4 2100 3026 2101 3063
1 4 2100 2138 2137 3063
1 4 2100 2137 3062 3063
1 4 2100 3025 3026 3063
1 4 2100 3062 3025 3063
1 4 2101 2102 2139 3064
1 4 2101 3027 2102 3064
1 4 2101 2139 2138 3064
1 4 2101 2138 3063 3064
1 4 2101 3026 3027 3064
1 4 2101 3063 3026 3064
1 4 2102 2103 2140 3065
1 4 2102 3028 2103 3065
1 4 2102 2140 2139 3065
1 4 2102 2139 3064 3065
1 4 2102 3027 3028 3065
1 4 2102 3064 3027 3065
1 4 2103 2104 2141 3066
1 4 2103 3029 2104 3066
1 4 2103 2141 2140 3066
1 4 2103 2140 3065 3066
1 4 2103 3028 3029 3066
1 4 2103 3065 3028 3066
1 4 2104 2105 2142 3067
1 4 2104 3030 2105 3067
1 4 2104 2142 2141 3067
1 4 2104 2141 3066 3067
1 4 2104 3029 3030 3067
1 4 2104 3066 3029 3067
1 4 2105 2106 2143 3068
1 4 2105 3031 2106 3068
1 4 2105 2143 2142 3068
1 4 2105 2142 3067 3068
1 4 2105 3030 3031 3068
1 4 2105 3067 3030 3068
1 4 2106 2107 2144 3069
1 4 2106 3032 2107 3069
1 4 2106 2144 2143 3069
1 4 2106 2143 3068 3069
1 4 2106 3031 3032 3069
1 4 2106 3068 3031 3069
1 4 2107 2108 2145 3070
1 4 2107 3033 2108 3070
1 4 2107 2145 2144 3070
1 4 2107 2144 3069 3070
1 4 2107 3032 3033 3070
1 4 2107 3069 3032 3070
1 4 2109 2110 2147 3072
1 4 2109 3035 2110 3072
1 4 2109 2147 2146 3072
1 4 2109 2146 3071 3072
1 4 2109 3034 3035 3072
1 4 2109 3071 3034 3072
1 4 2110 2111 2148 3073
1 4 2110 3036 2111 3073
1 4 2110 2148 2147 3073
1 4 2110 2147 3072 3073
1 4 2110 3035 3036 3073
1 4 2110 3072 3035 3073
1 4 2111 2112 2149 3074
1 4 2111 3037 2112 3074
1 4 2111 2149 2148 3074
1 4 2111 2148 3073 3074
1 4 2111 3036 3037 3074
1 4 2111 3073 3036 3074
1 4 2112 2113 2150 3075
1 4 2112 3038 2113 3075
1 4 2112 2150 2149 3075
1 4 2112 2149 3074 3075
1 4 2112 3037 3038 3075
1 4 2112 3074 3037 3075
1 4 2113 2114 2151 3076
1 4 2113 3039 2114 3076
1 4 2113 2151 2150 3076
1 4 2113 2150 3075 3076
1 4 2113 3038 3039 3076
1 4 2113 3075 3038 3076
1 4 2114 2115 2152 3077
1 4 2114 3040 2115 3077
1 4 2114 2152 2151 3077
1 4 2114 2151 3076 3077
1 4 2114 3039 3040 3077
1 4 2114 3076 3039 3077
1 4 2115 2116 2153 3078
1 4 2115 3041 2116 3078
1 4 2115 2153 2152 3078
1 4 2115 2152 3077 3078
1 4 2115 3040 3041 3078
1 4 2115 3077 3040 3078
1 4 2116 2117 2154 3079
1 4 2116 3042 2117 3079
1 4 2116 2154 2153 3079
1 4 2116 2153 3078 3079
1 4 2116 3041 3042 3079
1 4 2116 3078 3041 3079
1 4 2117 2118 2155 3080
1 4 2117 3043 2118 3080
1 4 2117 2155 2154 3080
1 4 2117 2154 3079 3080
1 4 2117 3042 3043 3080
1 4 2117 3079 3042 3080
1 4 2118 2119 2156 3081
1 4 2118 3044 2119 3081
1 4 2118 2156 2155 3081
1 4 2118 2155 3080 3081
1 4 2118 3043 3044 3081
1 4 2118 3080 3043 3081
1 4 2119 2120 2157 3082
1 4 2119 3045 2120 3082
1 4 2119 2157 2156 3082
1 4 2119 2156 3081 3082
1 4 2119 3044 3045 3082
1 4 2119 3081 3044 3082
1 4 2120 2121 2158 3083
1 4 2120 3046 2121 3083
1 4 2120 2158 2157 3083
1 4 2120 2157 3082 3083
1 4 2120 3045 3046 3083
1 4 2120 3082 3045 3083
1 4 2121 2122 2159 3084
1 4 2121 3047 2122 3084
1 4 2121 2159 2158 3084
1 4 2121 2158 3083 3084
1 4 2121 3046 3047 3084
1 4 2121 3083 3046 3084
1 4 2122 2123 2160 3085
1 4 2122 3048 2123 3085
1 4 2122 2160 2159 3085
1 4 2122 2159 3084 3085
1 4 2122 3047 3048 3085
1 4 2122 3084 3047 3085
1 4 2123 2124 2161 3086
1 4 2123 3049 2124 3086
1 4 2123 2161 2160 3086
1 4 2123 2160 3085 3086
1 4 2123 3048 3049 3086
1 4 2123 3085 3048 3086
1 4 2124 2125 2162 3087
1 4 2124 3050 2125 3087
1 4 2124 2162 2161 3087
1 4 2124 2161 3086 3087
1 4 2124 3049 3050 3087
1 4 2124 3086 3049 3087
1 4 2125 2126 2163 3088
1 4 2125 3051 2126 3088
1 4 2125 2163 2162 3088
1 4 2125 2162 3087 3088
1 4 2125 3050 3051 3088
1 4 2125 3087 3050 3088
1 4 2126 2127 2164 3089
1 4 2126 3052 2127 3089
1 4 2126 2164 2163 3089
1 4 2126 2163 3088 3089
1 4 2126 3051 3052 3089
1 4 2126 3088 3051 3089
1 4 2127 2128 2165 3090
1 4 2127 3053 2128 3090
1 4 2127 2165 2164 3090
1 4 2127 2164 3089 3090
1 4 2127 3052 3053 3090
1 4 2127 3089 3052 3090
1 4 2128 2129 2166 3091
1 4 2128 3054 2129 3091
1 4 2128 2166 2165 3091
1 4 2128 2165 3090 3091
1 4 2128 3053 3054 3091
1 4 2128 3090 3053 3091
1 4 2129 2130 2167 3092
1 4 2129 3055 2130 3092
1 4 2129 2167 2166 3092
1 4 2129 2166 3091 3092
1 4 2129 3054 3055 3092
1 4 2129 3091 3054 3092
1 4 2130 2131 2168 3093
1 4 2130 3056 2131 3093
1 4 2130 2168 2167 3093
1 4 2130 2167 3092 3093
1 4 2130 3055 3056 3093
1 4 2130 3092 3055 3093
1 4 2131 2132 2169 3094
1 4 2131 3057 2132 3094
1 4 2131 2169 2168 3094
1 4 2131 2168 3093 3094
1 4 2131 3056 3057 3094
1 4 2131 3093 3056 3094
1 4 2132 2133 2170 3095
1 4 2132 3058 2133 3095
1 4 2132 2170 2169 3095
1 4 2132 2169 3094 3095
1 4 2132 3057 3058 3095
1 4 2132 3094 3057 3095
1 4 2133 2134 2171 3096
1 4 2133 3059 2134 3096
1 4 2133 2171 2170 3096
1 4 2133 2170 3095 3096
1 4 2133 3058 3059 3096
1 4 2133 3095 3058 3096
1 4 2134 2135 2172 3097
1 4 2134 3060 2135 3097
1 4 2134 2172 2171 3097
1 4 2134 2171 3096 3097
1 4 2134 3059 3060 3097
1 4 2134 3096 3059 3097
1 4 2135 2136 2173 3098
1 4 2135 3061 2136 3098
1 4 2135 2173 2172 3098
1 4 2135 2172 3097 3098
1 4 2135 3060 3061 3098
1 4 2135 3097 3060 3098
1 4 2136 2137 2174 3099
1 4 2136 3062 2137 3099
1 4 2136 2174 2173 3099
1 4 2136 2173 3098 3099
1 4 2136 3061 3062 3099
1 4 2136 3098 3061 3099
1 4 2137 2138 2175 3100
1 4 2137 3063 2138 3100
1 4 2137 2175 2174 3100
1 4 2137 2174 3099 3100
1 4 2137 3062 3063 3100
1 4 2137 3099 3062 3100
1 4 2138 2139 2176 3101
1 4 2138 3064 2139 3101
1 4 2138 2176 2175 3101
1 4 2138 2175 3100 3101
1 4 2138 3063 3064 3101
1 4 2138 3100 3063 3101
1 4 2139 2140 2177 3102
1 4 2139 3065 2140 3102
1 4 2139 2177 2176 3102
1 4 2139 2176 3101 3102
1 4 2139 3064 3065 3102
1 4 2139 3101 3064 3102
1 4 2140 2141 2178 3103
1 4 2140 3066 2141 3103
1 4 2140 2178 2177 3103
1 4 2140 2177 3102 3103
1 4 2140 3065 3066 3103
1 4 2140 3102 3065 3103
1 4 2141 2142 2179 3104
1 4 2141 3067 2142 3104
1 4 2141 2179 2178 3104
1 4 2141 2178 3103 3104
1 4 2141 3066 3067 3104
1 4 2141 3103 3066 3104
1 4 2142 2143 2180 3105
1 4 2142 3068 2143 3105
1 4 2142 2180 2179 3105
1 4 2142 2179 3104 3105
1 4 2142 3067 3068 3105
1 4 2142 3104 3067 3105
1 4 2143 2144 2181 3106
1 4 2143 3069 2144 3106
1 4 2143 2181 2180 3106
1 4 2143 2180 3105 3106
1 4 2143 3068 3069 3106
1 4 2143 3105 3068 3106
1 4 2144 2145 2182 3107
1 4 2144 3070 2145 3107
1 4 2144 2182 2181 3107
1 4 2144 2181 3106 3107
1 4 2144 3069 3070 3107
1 4 2144 3106 3069 3107
1 4 2146 2147 2184 3109
1 4 2146 3072 2147 3109
1 4 2146 2184 2183 3109
1 4 2146 2183 3108 3109
1 4 2146 3071 3072 3109
1 4 2146 3108 3071 3109
1 4 2147 2148 2185 3110
1 4 2147 3073 2148 3110
1 4 2147 2185 2184 3110
1 4 2147 2184 3109 3110
1 4 2147 3072 3073 3110
1 4 2147 3109 3072 3110
1 4 2148 2149 2186 3111
1 4 2148 3074 2149 3111
1 4 2148 2186 2185 3111
1 4 2148 2185 3110 3111
1 4 2148 3073 3074 3111
1 4 2148 3110 3073 3111
1 4 2149 2150 2187 3112
1 4 2149 3075 2150 3112
1 4 2149 2187 2186 3112
1 4 2149 2186 3111 3112
1 4 2149 3074 3075 3112
1 4 2149 3111 3074 3112
1 4 2150 2151 2188 3113
1 4 2150 3076 2151 3113
1 4 2150 2188 2187 3113
1 4 2150 2187 3112 3113
1 4 2150 3075 3076 3113
1 4 2150 3112 3075 3113
1 4 2151 2152 2189 3114
1 4 2151 3077 2152 3114
1 4 2151 2189 2188 3114
1 4 2151 2188 3113 3114
1 4 2151 3076 3077 3114
1 4 2151 3113 3076 3114
1 4 2152 2153 2190 3115
1 4 2152 3078 2153 3115
1 4 2152 2190 2189 3115
1 4 2152 2189 3114 3115
1 4 2152 3077 3078 3115
1 4 2152 3114 3077 3115
1 4 2153 2154 2191 3116
1 4 2153 3079 2154 3116
1 4 2153 2191 2190 3116
1 4 2153 2190 3115 3116
1 4 2153 3078 3079 3116
1 4 2153 3115 3078 3116
1 4 2154 2155 2192 3117
1 4 2154 3080 2155 3117
1 4 2154 2192 2191 3117
1 4 2154 2191 3116 3117
1 4 2154 3079 3080 3117
1 4 2154 3116 3079 3117
1 4 2155 2156 2193 3118
1 4 2155 3081 2156 3118
1 4 2155 2193 2192 3118
1 4 2155 2192 3117 3118
1 4 2155 3080 3081 3118
1 4 2155 3117 3080 3118
1 4 2156 2157 2194 3119
1 4 2156 3082 2157 3119
1 4 2156 2194 2193 3119
1 4 2156 2193 3118 3119
1 4 2156 3081 3082 3119
1 4 2156 3118 3081 3119
1 4 2157 2158 2195 3120
1 4 2157 3083 2158 3120
1 4 2157 2195 2194 3120
1 4 2157 2194 3119 3120
1 4 2157 3082 3083 3120
1 4 2157 3119 3082 3120
1 4 2158 2159 2196 3121
1 4 2158 3084 2159 3121
1 4 2158 2196 2195 3121
1 4 2158 2195 3120 3121
1 4 2158 3083 3084 3121
1 4 2158 3120 3083 3121
1 4 2159 2160 2197 3122
1 4 2159 3085 2160 3122
1 4 2159 2197 2196 3122
1 4 2159 2196 3121 3122
1 4 2159 3084 3085 3122
1 4 2159 3121 3084 3122
1 4 2160 2161 2198 3123
1 4 2160 3086 2161 3123
1 4 2160 2198 2197 3123
1 4 2160 2197 3122 3123
1 4 2160 3085 3086 3123
1 4 2160 3122 3085 3123
1 4 2161 2162 2199 3124
1 4 2161 3087 2162 3124
1 4 2161 2199 2198 3124
1 4 2161 2198 3123 3124
1 4 2161 3086 3087 3124
1 4 2161 3123 3086 3124
1 4 2162 2163 2200 3125
1 4 2162 3088 2163 3125
1 4 2162 2200 2199 3125
1 4 2162 2199 3124 3125
1 4 2162 3087 3088 3125
1 4 2162 3124 3087 3125
1 4 2163 2164 2201 3126
1 4 2163 3089 2164 3126
1 4 2163 2201 2200 3126
1 4 2163 2200 3125 3126
1 4 2163 3088 3089 3126
1 4 2163 3125 3088 3126
1 4 2164 2165 2202 3127
1 4 2164 3090 2165 3127
1 4 2164 2202 2201 3127
1 4 2164 2201 3126 3127
1 4 2164 3089 3090 3127
1 4 2164 3126 3089 3127
1 4 2165 2166 2203 3128
1 4 2165 3091 2166 3128
1 4 2165 2203 2202 3128
1 4 2165 2202 3127 3128
1 4 2165 3090 3091 3128
1 4 2165 3127 3090 3128
1 4 2166 2167 2204 3129
1 4 2166 3092 2167 3129
1 4 2166 2204 2203 3129
1 4 2166 2203 3128 3129
1 4 2166 3091 3092 3129
1 4 2166 3128 3091 3129
1 4 2167 2168 2205 3130
1 4 2167 3093 2168 3130
1 4 2167 2205 2204 3130
1 4 2167 2204 3129 3130
1 4 2167 3092 3093 3130
1 4 2167 3129 3092 3130
1 4 2168 2169 2206 3131
1 4 2168 3094 2169 3131
1 4 2168 2206 2205 3131
1 4 2168 2205 3130 3131
1 4 2168 3093 3094 3131
1 4 2168 3130 3093 3131
1 4 2169 2170 2207 3132
1 4 2169 3095 2170 3132
1 4 2169 2207 2206 3132
1 4 2169 2206 3131 3132
1 4 2169 3094 3095 3132
1 4 2169 3131 3094 3132
1 4 2170 2171 2208 3133
1 4 2170 3096 2171 3133
1 4 2170 2208 2207 3133
1 4 2170 2207 3132 3133
1 4 2170 3095 3096 3133
1 4 2170 3132 3095 3133
1 4 2171 2172 2209 3134
1 4 2171 3097 2172 3134
1 4 2171 2209 2208 3134
1 4 2171 2208 3133 3134
1 4 2171 3096 3097 3134
1 4 2171 3133 3096 3134
1 4 2172 2173 2210 3135
1 4 2172 3098 2173 3135
1 4 2172 2210 2209 3135
1 4 2172 2209 3134 3135
1 4 2172 3097 3098 3135
1 4 2172 3134 3097 3135
1 4 2173 2174 2211 3136
1 4 2173 3099 2174 3136
1 4 2173 2211 2210 3136
1 4 2173 2210 3135 3136
1 4 2173 3098 3099 3136
1 4 2173 3135 3098 3136
1 4 2174 2175 2212 3137
1 4 2174 3100 2175 3137
1 4 2174 2212 2211 3137
1 4 2174 2211 3136 3137
1 4 2174 3099 3100 3137
1 4 2174 3136 3099 3137
1 4 2175 2176 2213 3138
1 4 2175 3101 2176 3138
1 4 2175 2213 2212 3138
1 4 2175 2212 3137 3138
1 4 2175 3100 3101 3138
1 4 2175 3137 3100 3138
1 4 2176 2177 2214 3139
1 4 2176 3102 2177 3139
1 4 2176 2214 2213 3139
1 4 2176 2213 3138 3139
1 4 2176 3101 3102 3139
1 4 2176 3138 3101 3139
1 4 2177 2178 2215 3140
1 4 2177 3103 2178 3140
1 4 2177 2215 2214 3140
1 4 2177 2214 3139 3140
1 4 2177 3102 3103 3140
1 4 2177 3139 3102 3140
1 4 2178 2179 2216 3141
1 4 2178 3104 2179 3141
1 4 2178 2216 2215 3141
1 4 2178 2215 3140 3141
1 4 2178 3103 3104 3141
1 4 2178 3140 3103 3141
1 4 2179 2180 2217 3142
1 4 2179 3105 2180 3142
1 4 2179 2217 2216 3142
1 4 2179 2216 3141 3142
1 4 2179 3104 3105 3142
1 4 2179 3141 3104 3142
1 4 2180 2181 2218 3143
1 4 2180 3106 2181 3143
1 4 2180 2218 2217 3143
1 4 2180 2217 3142 3143
1 4 2180 3105 3106 3143
1 4 2180 3142 3105 3143
1 4 2181 2182 2219 3144
1 4 2181 3107 2182 3144
1 4 2181 2219 2218 3144
1 4 2181 2218 3143 3144
1 4 2181 3106 3107 3144
1 4 2181 3143 3106 3144
1 4 2183 2184 2221 3146
1 4 2183 3109 2184 3146
1 4 2183 2221 2220 3146
1 4 2183 2220 3145 3146
1 4 2183 3108 3109 3146
1 4 2183 3145 3108 3146
1 4 2184 2185 2222 3147
1 4 2184 3110 2185 3147
1 4 2184 2222 2221 3147
1 4 2184 2221 3146 3147
1 4 2184 3109 3110 3147
1 4 2184 3146 3109 3147
1 4 2185 2186 2223 3148
1 4 2185 3111 2186 3148
1 4 2185 2223 2222 3148
1 4 2185 2222 3147 3148
1 4 2185 3110 3111 3148
1 4 2185 3147 3110 3148
1 4 2186 2187 2224 3149
1 4 2186 3112 2187 3149
1 4 2186 2224 2223 3149
1 4 2186 2223 3148 3149
1 4 2186 3111 3112 3149
1 4 2186 3148 3111 3149
1 4 2187 2188 2225 3150
1 4 2187 3113 2188 3150
1 4 2187 2225 2224 3150
1 4 2187 2224 3149 3150
1 4 2187 3112 3113 3150
1 4 2187 3149 3112 3150
1 4 2188 2189 2226 3151
1 4 2188 3114 2189 3151
1 4 2188 2226 2225 3151
1 4 2188 2225 3150 3151
1 4 2188 3113 3114 3151
1 4 2188 3150 3113 3151
1 4 2189 2190 2227 3152
1 4 2189 3115 2190 3152
1 4 2189 2227 2226 3152
1 4 2189 2226 3151 3152
1 4 2189 3114 3115 3152
1 4 2189 3151 3114 3152
1 4 2190 2191 2228 3153
1 4 2190 3116 2191 3153
1 4 2190 2228 2227 3153
1 4 2190 2227 3152 3153
1 4 2190 3115 3116 3153
1 4 2190 3152 3115 3153
1 4 2191 2192 2229 3154
1 4 2191 3117 2192 3154
1 4 2191 2229 2228 3154
1 4 2191 2228 3153 3154
1 4 2191 3116 3117 3154
1 4 2191 3153 3116 3154
1 4 2192 2193 2230 3155
1 4 2192 3118 2193 3155
1 4 2192 2230 2229 3155
1 4 2192 2229 3154 3155
1 4 2192 3117 3118 3155
1 4 2192 3154 3117 3155
1 4 2193 2194 2231 3156
1 4 2193 3119 2194 3156
1 4 2193 2231 2230 3156
1 4 2193 2230 3155 3156
1 4 2193 3118 3119 3156
1 4 2193 3155 3118 3156
1 4 2194 2195 2232 3157
1 4 2194 3120 2195 3157
1 4 2194 2232 2231 3157
1 4 2194 2231 3156 3157
1 4 2194 3119 3120 3157
1 4 2194 3156 3119 3157
1 4 2195 2196 2233 3158
1 4 2195 3121 2196 3158
1 4 2195 2233 2232 3158
1 4 2195 2232 3157 3158
1 4 2195 3120 3121 3158
1 4 2195 3157 3120 3158
1 4 2196 2197 2234 3159
1 4 2196 3122 2197 3159
1 4 2196 2234 2233 3159
1 4 2196 2233 3158 3159
1 4 2196 3121 3122 3159
1 4 2196 3158 3121 3159
1 4 2197 2198 2235 3160
1 4 2197 3123 2198 3160
1 4 2197 2235 2234 3160
1 4 2197 2234 3159 3160
1 4 2197 3122 3123 3160
1 4 2197 3159 3122 3160
1 4 2198 2199 2236 3161
1 4 2198 3124 2199 3161
1 4 2198 2236 2235 3161
1 4 2198 2235 3160 3161
1 4 2198 3123 3124 3161
1 4 2198 3160 3123 3161
1 4 2199 2200 2237 3162
1 4 2199 3125 2200 3162
1 4 2199 2237 2236 3162
1 4 2199 2236 3161 3162
1 4 2199 3124 3125 3162
1 4 2199 3161 3124 3162
1 4 2200 2201 2238 3163
1 4 2200 3126 2201 3163
1 4 2200 2238 2237 3163
1 4 2200 2237 3162 3163
1 4 2200 3125 3126 3163
1 4 2200 3162 3125 3163
1 4 2201 2202 2239 3164
1 4 2201 3127 2202 3164
1 4 2201 2239 2238 3164
1 4 2201 2238 3163 3164
1 4 2201 3126 3127 3164
1 4 2201 3163 3126 3164
1 4 2202 2203 2240 3165
1 4 2202 3128 2203 3165
1 4 2202 2240 2239 3165
1 4 2202 2239 3164 3165
1 4 2202 3127 3128 3165
1 4 2202 3164 3127 3165
1 4 2203 2204 2241 3166
1 4 2203 3129 2204 3166
1 4 2203 2241 2240 3166
1 4 2203 2240 3165 3166
1 4 2203 3128 3129 3166
1 4 2203 3165 3128 3166
1 4 2204 2205 2242 3167
1 4 2204 3130 2205 3167
1 4 2204 2242 2241 3167
1 4 2204 2241 3166 3167
1 4 2204 3129 3130 3167
1 4 2204 3166 3129 3167
1 4 2205 2206 2243 3168
1 4 2205 3131 2206 3168
1 4 2205 2243 2242 3168
1 4 2205 2242 3167 3168
1 4 2205 3130 3131 3168
1 4 2205 3167 3130 3168
1 4 2206 2207 2244 3169
1 4 2206 3132 2207 3169
1 4 2206 2244 2243 3169
1 4 2206 2243 3168 3169
1 4 2206 3131 3132 3169
1 4 2206 3168 3131 3169
1 4 2207 2208 2245 3170
1 4 2207 3133 2208 3170
1 4 2207 2245 2244 3170
1 4 2207 2244 3169 3170
1 4 2207 3132 3133 3170
1 4 2207 3169 3132 3170
1 4 2208 2209 2246 3171
1 4 2208 3134 2209 3171
1 4 2208 2246 2245 3171
1 4 2208 2245 3170 3171
1 4 2208 3133 3134 3171
1 4 2208 3170 3133 3171
1 4 2209 2210 2247 3172
1 4 2209 3135 2210 3172
1 4 2209 2247 2246 3172
1 4 2209 2246 3171 3172
1 4 2209 3134 3135 3172
1 4 2209 3171 3134 3172
1 4 2210 2211 2248 3173
1 4 2210 3136 2211 3173
1 4 2210 2248 2247 3173
1 4 2210 2247 3172 3173
1 4 2210 3135 3136 3173
1 4 2210 3172 3135 3173
1 4 2211 2212 2249 3174
1 4 2211 3137 2212 3174
1 4 2211 2249 2248 3174
1 4 2211 2248 3173 3174
1 4 2211 3136 3137 3174
1 4 2211 3173 3136 3174
1 4 2212 2213 2250 3175
1 4 2212 3138 2213 3175
1 4 2212 2250 2249 3175
1 4 2212 2249 3174 3175
1 4 2212 3137 3138 3175
1 4 2212 3174 3137 3175
1 4 2213 2214 2251 3176
1 4 2213 3139 2214 3176
1 4 2213 2251 2250 3176
1 4 2213 2250 3175 3176
1 4 2213 3138 3139 3176
1 4 2213 3175 3138 3176
1 4 2214 2215 2252 3177
1 4 2214 3140 2215 3177
1 4 2214 2252 2251 3177
1 4 2214 2251 3176 3177
1 4 2214 3139 3140 3177
1 4 2214 3176 3139 3177
1 4 2215 2216 2253 3178
1 4 2215 3141 2216 3178
1 4 2215 2253 2252 3178
1 4 2215 2252 3177 3178
1 4 2215 3140 3141 3178
1 4 2215 3177 3140 3178
1 4 2216 2217 2254 3179
1 4 2216 3142 2217 3179
1 4 2216 2254 2253 3179
1 4 2216 2253 3178 3179
1 4 2216 3141 3142 3179
1 4 2216 3178 3141 3179
1 4 2217 2218 2255 3180
1 4 2217 3143 2218 3180
1 4 2217 2255 2254 3180
1 4 2217 2254 3179 3180
1 4 2217 3142 3143 3180
1 4 2217 3179 3142 3180
1 4 2218 2219 2256 3181
1 4 2218 3144 2219 3181
1 4 2218 2256 2255 3181
1 4 2218 2255 3180 3181
1 4 2218 3143 3144 3181
1 4 2218 3180 3143 3181
1 4 2220 2221 2258 3183
1 4 2220 3146 2221 3183
1 4 2220 2258 2257 3183
1 4 2220 2257 3182 3183
1 4 2220 3145 3146 3183
1 4 2220 3182 3145 3183
1 4 2221 2222 2259 3184
1 4 2221 3147 2222 3184
1 4 2221 2259 2258 3184
1 4 2221 2258 3183 3184
1 4 2221 3146 3147 3184
1 4 2221 3183 3146 3184
1 4 2222 2223 2260 3185
1 4 2222 3148 2223 3185
1 4 2222 2260 2259 3185
1 4 2222 2259 3184 3185
1 4 2222 3147 3148 3185
1 4 2222 3184 3147 3185
1 4 2223 2224 2261 3186
1 4 2223 3149 2224 3186
1 4 2223 2261 2260 3186
1 4 2223 2260 3185 3186
1 4 2223 3148 3149 3186
1 4 2223 3185 3148 3186
1 4 2224 2225 2262 3187
1 4 2224 3150 2225 3187
1 4 2224 2262 2261 3187
1 4 2224 2261 3186 3187
1 4 2224 3149 3150 3187
1 4 2224 3186 3149 3187
1 4 2225 2226 2263 3188
1 4 2225 3151 2226 3188
1 4 2225 2263 2262 3188
1 4 2225 2262 3187 3188
1 4 2225 3150 3151 3188
1 4 2225 3187 3150 3188
1 4 2226 2227 2264 3189
1 4 2226 3152 2227 3189
1 4 2226 2264 2263 3189
1 4 2226 2263 3188 3189
1 4 2226 3151 3152 3189
1 4 2226 3188 3151 3189
1 4 2227 2228 2265 3190
1 4 2227 3153 2228 3190
1 4 2227 2265 2264 3190
1 4 2227 2264 3189 3190
1 4 2227 3152 3153 3190
1 4 2227 3189 3152 3190
1 4 2228 2229 2266 3191
1 4 2228 3154 2229 3191
1 4 2228 2266 2265 3191
1 4 2228 2265 3190 3191
1 4 2228 3153 3154 3191
1 4 2228 3190 3153 3191
1 4 2229 2230 2267 3192
1 4 2229 3155 2230 3192
1 4 2229 2267 2266 3192
1 4 2229 2266 3191 3192
1 4 2229 3154 3155 3192
1 4 2229 3191 3154 3192
1 4 2230 2231 2268 3193
1 4 2230 3156 2231 3193
1 4 2230 2268 2267 3193
1 4 2230 2267 3192 3193
1 4 2230 3155 3156 3193
1 4 2230 3192 3155 3193
1 4 2231 2232 2269 3194
1 4 2231 3157 2232 3194
1 4 2231 2269 2268 3194
1 4 2231 2268 3193 3194
1 4 2231 3156 3157 3194
1 4 2231 3193 3156 3194
1 4 2232 2233 2270 3195
1 4 2232 3158 2233 3195
1 4 2232 2270 2269 3195
1 4 2232 2269 3194 3195
1 4 2232 3157 3158 3195
1 4 2232 3194 3157 3195
1 4 2233 2234 2271 3196
1 4 2233 3159 2234 3196
1 4 2233 2271 2270 3196
1 4 2233 2270 3195 3196
1 4 2233 3158 3159 3196
1 4 2233 3195 3158 3196
1 4 2234 2235 2272 3197
1 4 2234 3160 2235 3197
1 4 2234 2272 2271 3197
1 4 2234 2271 3196 3197
1 4 2234 3159 3160 3197
1 4 2234 3196 3159 3197
1 4 2235 2236 2273 3198
1 4 2235 3161 2236 3198
1 4 2235 2273 2272 3198
1 4 2235 2272 3197 3198
1 4 2235 3160 3161 3198
1 4 2235 3197 3160 3198
1 4 2236 2237 2274 3199
1 4 2236 3162 2237 3199
1 4 2236 2274 2273 3199
1 4 2236 2273 3198 3199
1 4 2236 3161 3162 3199
1 4 2236 3198 3161 3199
1 4 2237 2238 2275 3200
1 4 2237 3163 2238 3200
1 4 2237 2275 2274 3200
1 4 2237 2274 3199 3200
1 4 2237 3162 3163 3200
1 4 2237 3199 3162 3200
1 4 2238 2239 2276 3201
1 4 2238 3164 2239 3201
1 4 2238 2276 2275 3201
1 4 2238 2275 3200 3201
1 4 2238 3163 3164 3201
1 4 2238 3200 3163 3201
1 4 2239 2240 2277 3202
1 4 2239 3165 2240 3202
1 4 2239 2277 2276 3202
1 4 2239 2276 3201 3202
1 4 2239 3164 3165 3202
1 4 2239 3201 3164 3202
1 4 2240 2241 2278 3203
1 4 2240 3166 2241 3203
1 4 2240 2278 2277 3203
1 4 2240 2277 3202 3203
1 4 2240 3165 3166 3203
1 4 2240 3202 3165 3203
1 4 2241 2242 2279 3204
1 4 2241 3167 2242 3204
1 4 2241 2279 2278 3204
1 4 2241 2278 3203 3204
1 4 2241 3166 3167 3204
1 4 2241 3203 3166 3204
1 4 2242 2243 2280 3205
1 4 2242 3168 2243 3205
1 4 2242 2280 2279 3205
1 4 2242 2279 3204 3205
1 4 2242 3167 3168 3205
1 4 2242 3204 3167 3205
1 4 2243 2244 2281 3206
1 4 2243 3169 2244 3206
1 4 2243 2281 2280 3206
1 4 2243 2280 3205 3206
1 4 2243 3168 3169 3206
1 4 2243 3205 3168 3206
1 4 2244 2245 2282 3207
1 4 2244 3170 2245 3207
1 4 2244 2282 2281 3207
1 4 2244 2281 3206 3207
1 4 2244 3169 3170 3207
1 4 2244 3206 3169 3207
1 4 2245 2246 2283 3208
1 4 2245 3171 2246 3208
1 4 2245 2283 2282 3208
1 4 2245 2282 3207 3208
1 4 2245 3170 3171 3208
1 4 2245 3207 3170 3208
1 4 2246 2247 2284 3209
1 4 2246 3172 2247 3209
1 4 2246 2284 2283 3209
1 4 2246 2283 3208 3209
1 4 2246 3171 3172 3209
1 4 2246 3208 3171 3209
1 4 2247 2248 2285 3210
1 4 2247 3173 2248 3210
1 4 2247 2285 2284 3210
1 4 2247 2284 3209 3210
1 4 2247 3172 3173 3210
1 4 2247 3209 3172 3210
1 4 2248 2249 2286 3211
1 4 2248 3174 2249 3211
1 4 2248 2286 2285 3211
1 4 2248 2285 3210 3211
1 4 2248 3173 3174 3211
1 4 2248 3210 3173 3211
1 4 2249 2250 2287 3212
1 4 2249 3175 2250 3212
1 4 2249 2287 2286 3212
1 4 2249 2286 3211 3212
1 4 2249 3174 3175 3212
1 4 2249 3211 3174 3212
1 4 2250 2251 2288 3213
1 4 2250 3176 2251 3213
1 4 2250 2288 2287 3213
1 4 2250 2287 3212 3213
1 4 2250 3175 3176 3213
1 4 2250 3212 3175 3213
1 4 2251 2252 2289 3214
1 4 2251 3177 2252 3214
1 4 2251 2289 2288 3214
1 4 2251 2288 3213 3214
1 4 2251 3176 3177 3214
1 4 2251 3213 3176 3214
1 4 2252 2253 2290 3215
1 4 2252 3178 2253 3215
1 4 2252 2290 2289 3215
1 4 2252 2289 3214 3215
1 4 2252 3177 3178 3215
1 4 2252 3214 3177 3215
1 4 2253 2254 2291 3216
1 4 2253 3179 2254 3216
1 4 2253 2291 2290 3216
1 4 2253 2290 3215 3216
1 4 2253 3178 3179 3216
1 4 2253 3215 3178 3216
1 4 2254 2255 2292 3217
1 4 2254 3180 2255 3217
1 4 2254 2292 2291 3217
1 4 2254 2291 3216 3217
1 4 2254 3179 3180 3217
1 4 2254 3216 3179 3217
1 4 2255 2256 2293 3218
1 4 2255 3181 2256 3218
1 4 2255 2293 2292 3218
1 4 2255 2292 3217 3218
1 4 2255 3180 3181 3218
1 4 2255 3217 3180 3218
1 4 2257 2258 2295 3220
1 4 2257 3183 2258 3220
1 4 2257 2295 2294 3220
1 4 2257 2294 3219 3220
1 4 2257 3182 3183 3220
1 4 2257 3219 3182 3220
1 4 2258 2259 2296 3221
1 4 2258 3184 2259 3221
1 4 2258 2296 2295 3221
1 4 2258 2295 3220 3221
1 4 2258 3183 3184 3221
1 4 2258 3220 3183 3221
1 4 2259 2260 2297 3222
1 4 2259 3185 2260 3222
1 4 2259 2297 2296 3222
1 4 2259 2296 3221 3222
1 4 2259 3184 3185 3222
1 4 2259 3221 3184 3222
1 4 2260 2261 2298 3223
1 4 2260 3186 2261 3223
1 4 2260 2298 2297 3223
1 4 2260 2297 3222 3223
1 4 2260 3185 3186 3223
1 4 2260 3222 3185 3223
1 4 2261 2262 2299 3224
1 4 2261 3187 2262 3224
1 4 2261 2299 2298 3224
1 4 2261 2298 3223 3224
1 4 2261 3186 3187 3224
1 4 2261 3223 3186 3224
1 4 2262 2263 2300 3225
1 4 2262 3188 2263 3225
1 4 2262 2300 2299 3225
1 4 2262 2299 3224 3225
1 4 2262 3187 3188 3225
1 4 2262 3224 3187 3225
1 4 2263 2264 2301 3226
1 4 2263 3189 2264 3226
1 4 2263 2301 2300 3226
1 4 2263 2300 3225 3226
1 4 2263 3188 3189 3226
1 4 2263 3225 3188 3226
1 4 2264 2265 2302 3227
1 4 2264 3190 2265 3227
1 4 2264 2302 2301 3227
1 4 2264 2301 3226 3227
1 4 2264 3189 3190 3227
1 4 2264 3226 3189 3227
1 4 2265 2266 2303 3228
1 4 2265 3191 2266 3228
1 4 2265 2303 2302 3228
1 4 2265 2302 3227 3228
1 4 2265 3190 3191 3228
1 4 2265 3227 3190 3228
1 4 2266 2267 2304 3229
1 4 2266 3192 2267 3229
1 4 2266 2304 2303 3229
1 4 2266 2303 3228 3229
1 4 2266 3191 3192 3229
1 4 2266 3228 3191 3229
1 4 2267 2268 2305 3230
1 4 2267 3193 2268 3230
1 4 2267 2305 2304 3230
1 4 2267 2304 3229 3230
1 4 2267 3192 3193 3230
1 4 2267 3229 3192 3230
1 4 2268 2269 2306 3231
1 4 2268 3194 2269 3231
1 4 2268 2306 2305 3231
1 4 2268 2305 3230 3231
1 4 2268 3193 3194 3231
1 4 2268 3230 3193 3231
1 4 2269 2270 2307 3232
1 4 2269 3195 2270 3232
1 4 2269 2307 2306 3232
1 4 2269 2306 3231 3232
1 4 2269 3194 3195 3232
1 4 2269 3231 3194 3232
1 4 2270 2271 2308 3233
1 4 2270 3196 2271 3233
1 4 2270 2308 2307 3233
1 4 2270 2307 3232 3233
1 4 2270 3195 3196 3233
1 4 2270 3232 3195 3233
1 4 2271 2272 2309 3234
1 4 2271 3197 2272 3234
1 4 2271 2309 2308 3234
1 4 2271 2308 3233 3234
1 4 2271 3196 3197 3234
1 4 2271 3233 3196 3234
1 4 2272 2273 2310 3235
1 4 2272 3198 2273 3235
1 4 2272 2310 2309 3235
1 4 2272 2309 3234 3235
1 4 2272 3197 3198 3235
1 4 2272 3234 3197 3235
1 4 2273 2274 2311 3236
1 4 2273 3199 2274 3236
1 4 2273 2311 2310 3236
1 4 2273 2310 3235 3236
1 4 2273 3198 3199 3236
1 4 2273 3235 3198 3236
1 4 2274 2275 2312 3237
1 4 2274 3200 2275 3237
1 4 2274 2312 2311 3237
1 4 2274 2311 3236 3237
1 4 2274 3199 3200 3237
1 4 2274 3236 3199 3237
1 4 2275 2276 2313 3238
1 4 2275 3201 2276 3238
1 4 2275 2313 2312 3238
1 4 2275 2312 3237 3238
1 4 2275 3200 3201 3238
1 4 2275 3237 3200 3238
1 4 2276 2277 2314 3239
1 4 2276 3202 2277 3239
1 4 2276 2314 2313 3239
1 4 2276 2313 3238 3239
1 4 2276 3201 3202 3239
1 4 2276 3238 3201 3239
1 4 2277 2278 2315 3240
1 4 2277 3203 2278 3240
1 4 2277 2315 2314 3240
1 4 2277 2314 3239 3240
1 4 2277 3202 3203 3240
1 4 2277 3239 3202 3240
1 4 2278 2279 2316 3241
1 4 2278 3204 2279 3241
1 4 2278 2316 2315 3241
1 4 2278 2315 3240 3241
1 4 2278 3203 3204 3241
1 4 2278 3240 3203 3241
1 4 2279 2280 2317 3242
1 4 2279 3205 2280 3242
1 4 2279 2317 2316 3242
1 4 2279 2316 3241 3242
1 4 2279 3204 3205 3242
1 4 2279 3241 3204 3242
1 4 2280 2281 2318 3243
1 4 2280 3206 2281 3243
1 4 2280 2318 2317 3243
1 4 2280 2317 3242 3243
1 4 2280 3205 3206 3243
1 4 2280 3242 3205 3243
1 4 2281 2282 2319 3244
1 4 2281 3207 2282 3244
1 4 2281 2319 2318 3244
1 4 2281 2318 3243 3244
1 4 2281 3206 3207 3244
1 4 2281 3243 3206 3244
1 4 2282 2283 2320 3245
1 4 2282 3208 2283 3245
1 4 2282 2320 2319 3245
1 4 2282 2319 3244 3245
1 4 2282 3207 3208 3245
1 4 2282 3244 3207 3245
1 4 2283 2284 2321 3246
1 4 2283 3209 2284 3246
1 4 2283 2321 2320 3246
1 4 2283 2320 3245 3246
1 4 2283 3208 3209 3246
1 4 2283 3245 3208 3246
1 4 2284 2285 2322 3247
1 4 2284 3210 2285 3247
1 4 2284 2322 2321 3247
1 4 2284 2321 3246 3247
1 4 2284 3209 3210 3247
1 4 2284 3246 3209 3247
1 4 2285 2286 2323 3248
1 4 2285 3211 2286 3248
1 4 2285 2323 2322 3248
1 4 2285 2322 3247 3248
1 4 2285 3210 3211 3248
1 4 2285 3247 3210 3248
1 4 2286 2287 2324 3249
1 4 2286 3212 2287 3249
1 4 2286 2324 2323 3249
1 4 2286 2323 3248 3249
1 4 2286 3211 3212 3249
1 4 2286 3248 3211 3249
1 4 2287 2288 2325 3250
1 4 2287 3213 2288 3250
1 4 2287 2325 2324 3250
1 4 2287 2324 3249 3250
1 4 2287 3212 3213 3250
1 4 2287 3249 3212 3250
1 4 2288 2289 2326 3251
1 4 2288 3214 2289 3251
1 4 2288 2326 2325 3251
1 4 2288 2325 3250 3251
1 4 2288 3213 3214 3251
1 4 2288 3250 3213 3251
1 4 2289 2290 2327 3252
1 4 2289 3215 2290 3252
1 4 2289 2327 2326 3252
1 4 2289 2326 3251 3252
1 4 2289 3214 3215 3252
1 4 2289 3251 3214 3252
1 4 2290 2291 2328 3253
1 4 2290 3216 2291 3253
1 4 2290 2328 2327 3253
1 4 2290 2327 3252 3253
1 4 2290 3215 3216 3253
1 4 2290 3252 3215 3253
1 4 2291 2292 2329 3254
1 4 2291 3217 2292 3254
1 4 2291 2329 2328 3254
1 4 2291 2328 3253 3254
1 4 2291 3216 3217 3254
1 4 2291 3253 3216 3254
1 4 2292 2293 2330 3255
1 4 2292 3218 2293 3255
1 4 2292 2330 2329 3255
1 4 2292 2329 3254 3255
1 4 2292 3217 3218 3255
1 4 2292 3254 3217 3255
2 4 2294 2295 2332 3257
2 4 2294 3220 2295 3257
2 4 2294 2332 2331 3257
2 4 2294 2331 3256 3257
2 4 2294 3219 3220 3257
2 4 2294 3256 3219 3257
2 4 2295 2296 2333 3258
2 4 2295 3221 2296 3258
2 4 2295 2333 2332 3258
2 4 2295 2332 3257 3258
2 4 2295 3220 3221 3258
2 4 2295 3257 3220 3258
2 4 2296 2297 2334 3259
2 4 2296 3222 2297 3259
2 4 2296 2334 2333 3259
2 4 2296 2333 3258 3259
2 4 2296 3221 3222 3259
2 4 2296 3258 3221 3259
2 4 2297 2298 2335 3260
2 4 2297 3223 2298 3260
2 4 2297 2335 2334 3260
2 4 2297 2334 3259 3260
2 4 2297 3222 3223 3260
2 4 2297 3259 3222 3260
2 4 2298 2299 2336 3261
2 4 2298 3224 2299 3261
2 4 2298 2336 2335 3261
2 4 2298 2335 3260 3261
2 4 2298 3223 3224 3261
2 4 2298 3260 3223 3261
2 4 2299 2300 2337 3262
2 4 2299 3225 2300 3262
2 4 2299 2337 2336 3262
2 4 2299 2336 3261 3262
2 4 2299 3224 3225 3262
2 4 2299 3261 3224 3262
2 4 2300 2301 2338 3263
2 4 2300 3226 2301 3263
2 4 2300 2338 2337 3263
2 4 2300 2337 3262 3263
2 4 2300 3225 3226 3263
2 4 2300 3262 3225 3263
2 4 2301 2302 2339 3264
2 4 2301 3227 2302 3264
2 4 2301 2339 2338 3264
2 4 2301 2338 3263 3264
2 4 2301 3226 3227 3264
2 4 2301 3263 3226 3264
2 4 2302 2303 2340 3265
2 4 2302 3228 2303 3265
2 4 2302 2340 2339 3265
2 4 2302 2339 3264 3265
2 4 2302 3227 3228 3265
2 4 2302 3264 3227 3265
2 4 2303 2304 2341 3266
2 4 2303 3229 2304 3266
2 4 2303 2341 2340 3266
2 4 2303 2340 3265 3266
2 4 2303 3228 3229 3266
2 4 2303 3265 3228 3266
2 4 2304 2305 2342 3267
2 4 2304 3230 2305 3267
2 4 2304 2342 2341 3267
2 4 2304 2341 3266 3267
2 4 2304 3229 3230 3267
2 4 2304 3266 3229 3267
2 4 2305 2306 2343 3268
2 4 2305 3231 2306 3268
2 4 2305 2343 2342 3268
2 4 2305 2342 3267 3268
2 4 2305 3230 3231 3268
2 4 2305 3267 3230 3268
2 4 2306 2307 2344 3269
2 4 2306 3232 2307 3269
2 4 2306 2344 2343 3269
2 4 2306 2343 3268 3269
2 4 2306 3231 3232 3269
2 4 2306 3268 3231 3269
2 4 2307 2308 2345 3270
2 4 2307 3233 2308 3270
2 4 2307 2345 2344 3270
2 4 2307 2344 3269 3270
2 4 2307 3232 3233 3270
2 4 2307 3269 3232 3270
2 4 2308 2309 2346 3271
2 4 2308 3234 2309 3271
2 4 2308 2346 2345 3271
2 4 2308 2345 3270 3271
2 4 2308 3233 3234 3271
2 4 2308 3270 3233 3271
2 4 2309 2310 2347 3272
2 4 2309 3235 2310 3272
2 4 2309 2347 2346 3272
2 4 2309 2346 3271 3272
2 4 2309 3234 3235 3272
2 4 2309 3271 3234 3272
2 4 2310 2311 2348 3273
2 4 2310 3236 2311 3273
2 4 2310 2348 2347 3273
2 4 2310 2347 3272 3273
2 4 2310 3235 3236 3273
2 4 2310 3272 3235 3273
2 4 2311 2312 2349 3274
2 4 2311 3237 2312 3274
2 4 2311 2349 2348 3274
2 4 2311 2348 3273 3274
2 4 2311 3236 3237 3274
2 4 2311 3273 3236 3274
2 4 2312 2313 2350 3275
2 4 2312 3238 2313 3275
2 4 2312 2350 2349 3275
2 4 2312 2349 3274 3275
2 4 2312 3237 3238 3275
2 4 2312 3274 3237 3275
2 4 2313 2314 2351 3276
2 4 2313 3239 2314 3276
2 4 2313 2351 2350 3276
2 4 2313 2350 3275 3276
2 4 2313 3238 3239 3276
2 4 2313 3275 3238 3276
2 4 2314 2315 2352 3277
2 4 2314 3240 2315 3277
2 4 2314 2352 2351 3277
2 4 2314 2351 3276 3277
2 4 2314 3239 3240 3277
2 4 2314 3276 3239 3277
2 4 2315 2316 2353 3278
2 4 2315 3241 2316 3278
2 4 2315 2353 2352 3278
2 4 2315 2352 3277 3278
2 4 2315 3240 3241 3278
2 4 2315 3277 3240 3278
2 4 2316 2317 2354 3279
2 4 2316 3242 2317 3279
2 4 2316 2354 2353 3279
2 4 2316 2353 3278 3279
2 4 2316 3241 3242 3279
2 4 2316 3278 3241 3279
2 4 2317 2318 2355 3280
2 4 2317 3243 2318 3280
2 4 2317 2355 2354 3280
2 4 2317 2354 3279 3280
2 4 2317 3242 3243 3280
2 4 2317 3279 3242 3280
2 4 2318 2319 2356 3281
2 4 2318 3244 2319 3281
2 4 2318 2356 2355 3281
2 4 2318 2355 3280 3281
2 4 2318 3243 3244 3281
2 4 2318 3280 3243 3281
2 4 2319 2320 2357 3282
2 4 2319 3245 2320 3282
2 4 2319 2357 2356 3282
2 4 2319 2356 3281 3282
2 4 2319 3244 3245 3282
2 4 2319 3281 3244 3282
2 4 2320 2321 2358 3283
2 4 2320 3246 2321 3283
2 4 2320 2358 2357 3283
2 4 2320 2357 3282 3283
2 4 2320 3245 3246 3283
2 4 2320 3282 3245 3283
2 4 2321 2322 2359 3284
2 4 2321 3247 2322 3284
2 4 2321 2359 2358 3284
2 4 2321 2358 3283 3284
2 4 2321 3246 3247 3284
2 4 2321 3283 3246 3284
2 4 2322 2323 2360 3285
2 4 2322 3248 2323 3285
2 4 2322 2360 2359 3285
2 4 2322 2359 3284 3285
2 4 2322 3247 3248 3285
2 4 2322 3284 3247 3285
2 4 2323 2324 2361 3286
2 4 2323 3249 2324 3286
2 4 2323 2361 2360 3286
2 4 2323 2360 3285 3286
2 4 2323 3248 3249 3286
2 4 2323 3285 3248 3286
2 4 2324 2325 2362 3287
2 4 2324 3250 2325 3287
2 4 2324 2362 2361 3287
2 4 2324 2361 3286 3287
2 4 2324 3249 3250 3287
2 4 2324 3286 3249 3287
2 4 2325 2326 2363 3288
2 4 2325 3251 2326 3288
2 4 2325 2363 2362 3288
2 4 2325 2362 3287 3288
2 4 2325 3250 3251 3288
2 4 2325 3287 3250 3288
2 4 2326 2327 2364 3289
2 4 2326 3252 2327 3289
2 4 2326 2364 2363 3289
2 4 2326 2363 3288 3289
2 4 2326 3251 3252 3289
2 4 2326 3288 3251 3289
2 4 2327 2328 2365 3290
2 4 2327 3253 2328 3290
2 4 2327 2365 2364 3290
2 4 2327 2364 3289 3290
2 4 2327 3252 3253 3290
2 4 2327 3289 3252 3290
2 4 2328 2329 2366 3291
2 4 2328 3254 2329 3291
2 4 2328 2366 2365 3291
2 4 2328 2365 3290 3291
2 4 2328 3253 3254 3291
2 4 2328 3290 3253 3291
2 4 2329 2330 2367 3292
2 4 2329 3255 2330 3292
2 4 2329 2367 2366 3292
2 4 2329 2366 3291 3292
2 4 2329 3254 3255 3292
2 4 2329 3291 3254 3292
2 4 2331 2332 2369 3294
2 4 2331 3257 2332 3294
2 4 2331 2369 2368 3294
2 4 2331 2368 3293 3294
2 4 2331 3256 3257 3294
2 4 2331 3293 3256 3294
2 4 2332 2333 2370 3295
2 4 2332 3258 2333 3295
2 4 2332 2370 2369 3295
2 4 2332 2369 3294 3295
2 4 2332 3257 3258 3295
2 4 2332 3294 3257 3295
2 4 2333 2334 2371 3296
2 4 2333 3259 2334 3296
2 4 2333 2371 2370 3296
2 4 2333 2370 3295 3296
2 4 2333 3258 3259 3296
2 4 2333 3295 3258 3296
2 4 2334 2335 2372 3297
2 4 2334 3260 2335 3297
2 4 2334 2372 2371 3297
2 4 2334 2371 3296 3297
2 4 2334 3259 3260 3297
2 4 2334 3296 3259 3297
2 4 2335 2336 2373 3298
2 4 2335 3261 2336 3298
2 4 2335 2373 2372 3298
2 4 2335 2372 3297 3298
2 4 2335 3260 3261 3298
2 4 2335 3297 3260 3298
2 4 2336 2337 2374 3299
2 4 2336 3262 2337 3299
2 4 2336 2374 2373 3299
2 4 2336 2373 3298 3299
2 4 2336 3261 3262 3299
2 4 2336 3298 3261 3299
2 4 2337 2338 2375 3300
2 4 2337 3263 2338 3300
2 4 2337 2375 2374 3300
2 4 2337 2374 3299 3300
2 4 2337 3262 3263 3300
2 4 2337 3299 3262 3300
2 4 2338 2339 2376 3301
2 4 2338 3264 2339 3301
2 4 2338 2376 2375 3301
2 4 2338 2375 3300 3301
2 4 2338 3263 3264 3301
2 4 2338 3300 3263 3301
2 4 2339 2340 2377 3302
2 4 2339 3265 2340 3302
2 4 2339 2377 2376 3302
2 4 2339 2376 3301 3302
2 4 2339 3264 3265 3302
2 4 2339 3301 3264 3302
2 4 2340 2341 2378 3303
2 4 2340 3266 2341 3303
2 4 2340 2378 2377 3303
2 4 2340 2377 3302 3303
2 4 2340 3265 3266 3303
2 4 2340 3302 3265 3303
2 4 2341 2342 2379 3304
2 4 2341 3267 2342 3304
2 4 2341 2379 2378 3304
2 4 2341 2378 3303 3304
2 4 2341 3266 3267 3304
2 4 2341 3303 3266 3304
2 4 2342 2343 2380 3305
2 4 2342 3268 2343 3305
2 4 2342 2380 2379 3305
2 4 2342 2379 3304 3305
2 4 2342 3267 3268 3305
2 4 2342 3304 3267 3305
2 4 2343 2344 2381 3306
2 4 2343 3269 2344 3306
2 4 2343 2381 2380 3306
2 4 2343 2380 3305 3306
2 4 2343 3268 3269 3306
2 4 2343 3305 3268 3306
2 4 2344 2345 2382 3307
2 4 2344 3270 2345 3307
2 4 2344 2382 2381 3307
2 4 2344 2381 3306 3307
2 4 2344 3269 3270 3307
2 4 2344 3306 3269 3307
2 4 2345 2346 2383 3308
2 4 2345 3271 2346 3308
2 4 2345 2383 2382 3308
2 4 2345 2382 3307 3308
2 4 2345 3270 3271 3308
2 4 2345 3307 3270 3308
2 4 2346 2347 2384 3309
2 4 2346 3272 2347 3309
2 4 2346 2384 2383 3309
2 4 2346 2383 3308 3309
2 4 2346 3271 3272 3309
2 4 2346 3308 3271 3309
2 4 2347 2348 2385 3310
2 4 2347 3273 2348 3310
2 4 2347 2385 2384 3310
2 4 2347 2384 3309 3310
2 4 2347 3272 3273 3310
2 4 2347 3309 3272 3310
2 4 2348 2349 2386 3311
2 4 2348 3274 2349 3311
2 4 2348 2386 2385 3311
2 4 2348 2385 3310 3311
2 4 2348 3273 3274 3311
2 4 2348 3310 3273 3311
2 4 2349 2350 2387 3312
2 4 2349 3275 2350 3312
2 4 2349 2387 2386 3312
2 4 2349 2386 3311 3312
2 4 2349 3274 3275 3312
2 4 2349 3311 3274 3312
2 4 2350 2351 2388 3313
2 4 2350 3276 2351 3313
2 4 2350 2388 2387 3313
2 4 2350 2387 3312 3313
2 4 2350 3275 3276 3313
2 4 2350 3312 3275 3313
2 4 2351 2352 2389 3314
2 4 2351 3277 2352 3314
2 4 2351 2389 2388 3314
2 4 2351 2388 3313 3314
2 4 2351 3276 3277 3314
2 4 2351 3313 3276 3314
2 4 2352 2353 2390 3315
2 4 2352 3278 2353 3315
2 4 2352 2390 2389 3315
2 4 2352 2389 3314 3315
2 4 2352 3277 3278 3315
2 4 2352 3314 3277 3315
2 4 2353 2354 2391 3316
2 4 2353 3279 2354 3316
2 4 2353 2391 2390 3316
2 4 2353 2390 3315 3316
2 4 2353 3278 3279 3316
2 4 2353 3315 3278 3316
2 4 2354 2355 2392 3317
2 4 2354 3280 2355 3317
2 4 2354 2392 2391 3317
2 4 2354 2391 3316 3317
2 4 2354 3279 3280 3317
2 4 2354 3316 3279 3317
2 4 2355 2356 2393 3318
2 4 2355 3281 2356 3318
2 4 2355 2393 2392 3318
2 4 2355 2392 3317 3318
2 4 2355 3280 3281 3318
2 4 2355 3317 3280 3318
2 4 2356 2357 2394 3319
2 4 2356 3282 2357 3319
2 4 2356 2394 2393 3319
2 4 2356 2393 3318 3319
2 4 2356 3281 3282 3319
2 4 2356 3318 3281 3319
2 4 2357 2358 2395 3320
2 4 2357 3283 2358 3320
2 4 2357 2395 2394 3320
2 4 2357 2394 3319 3320
2 4 2357 3282 3283 3320
2 4 2357 3319 3282 3320
2 4 2358 2359 2396 3321
2 4 2358 3284 2359 3321
2 4 2358 2396 2395 3321
2 4 2358 2395 3320 3321
2 4 2358 3283 3284 3321
2 4 2358 3320 3283 3321
2 4 2359 2360 2397 3322
2 4 2359 3285 2360 3322
2 4 2359 2397 2396 3322
2 4 2359 2396 3321 3322
2 4 2359 3284 3285 3322
2 4 2359 3321 3284 3322
2 4 2360 2361 2398 3323
2 4 2360 3286 2361 3323
2 4 2360 2398 2397 3323
2 4 2360 2397 3322 3323
2 4 2360 3285 3286 3323
2 4 2360 3322 3285 3323
2 4 2361 2362 2399 3324
2 4 2361 3287 2362 3324
2 4 2361 2399 2398 3324
2 4 2361 2398 3323 3324
2 4 2361 3286 3287 3324
2 4 2361 3323 3286 3324
2 4 2362 2363 2400 3325
2 4 2362 3288 2363 3325
2 4 2362 2400 2399 3325
2 4 2362 2399 3324 3325
2 4 2362 3287 3288 3325
2 4 2362 3324 3287 3325
2 4 2363 2364 2401 3326
2 4 2363 3289 2364 3326
2 4 2363 2401 2400 3326
2 4 2363 2400 3325 3326
2 4 2363 3288 3289 3326
2 4 2363 3325 3288 3326
2 4 2364 2365 2402 3327
2 4 2364 3290 2365 3327
2 4 2364 2402 2401 3327
2 4 2364 2401 3326 3327
2 4 2364 3289 3290 3327
2 4 2364 3326 3289 3327
2 4 2365 2366 2403 3328
2 4 2365 3291 2366 3328
2 4 2365 2403 2402 3328
2 4 2365 2402 3327 3328
2 4 2365 3290 3291 3328
2 4 2365 3327 3290 3328
2 4 2366 2367 2404 3329
2 4 2366 3292 2367 3329
2 4 2366 2404 2403 3329
2 4 2366 2403 3328 3329
2 4 2366 3291 3292 3329
2 4 2366 3328 3291 3329
2 4 2368 2369 2406 3331
2 4 2368 3294 2369 3331
2 4 2368 2406 2405 3331
2 4 2368 2405 3330 3331
2 4 2368 3293 3294 3331
2 4 2368 3330 3293 3331
2 4 2369 2370 2407 3332
2 4 2369 3295 2370 3332
2 4 2369 2407 2406 3332
2 4 2369 2406 3331 3332
2 4 2369 3294 3295 3332
2 4 2369 3331 3294 3332
2 4 2370 2371 2408 3333
2 4 2370 3296 2371 3333
2 4 2370 2408 2407 3333
2 4 2370 2407 3332 3333
2 4 2370 3295 3296 3333
2 4 2370 3332 3295 3333
2 4 2371 2372 2409 3334
2 4 2371 3297 2372 3334
2 4 2371 2409 2408 3334
2 4 2371 2408 3333 3334
2 4 2371 3296 3297 3334
2 4 2371 3333 3296 3334
2 4 2372 2373 2410 3335
2 4 2372 3298 2373 3335
2 4 2372 2410 2409 3335
2 4 2372 2409 3334 3335
2 4 2372 3297 3298 3335
2 4 2372 3334 3297 3335
2 4 2373 2374 2411 3336
2 4 2373 3299 2374 3336
2 4 2373 2411 2410 3336
2 4 2373 2410 3335 3336
2 4 2373 3298 3299 3336
2 4 2373 3335 3298 3336
2 4 2374 2375 2412 3337
2 4 2374 3300 2375 3337
2 4 2374 2412 2411 3337
2 4 2374 2411 3336 3337
2 4 2374 3299 3300 3337
2 4 2374 3336 3299 3337
2 4 2375 2376 2413 3338
2 4 2375 3301 2376 3338
2 4 2375 2413 2412 3338
2 4 2375 2412 3337 3338
2 4 2375 3300 3301 3338
2 4 2375 3337 3300 3338
2 4 2376 2377 2414 3339
2 4 2376 3302 2377 3339
2 4 2376 2414 2413 3339
2 4 2376 2413 3338 3339
2 4 2376 3301 3302 3339
2 4 2376 3338 3301 3339
2 4 2377 2378 2415 3340
2 4 2377 3303 2378 3340
2 4 2377 2415 2414 3340
2 4 2377 2414 3339 3340
2 4 2377 3302 3303 3340
2 4 2377 3339 3302 3340
2 4 2378 2379 2416 3341
2 4 2378 3304 2379 3341
2 4 2378 2416 2415 3341
2 4 2378 2415 3340 3341
2 4 2378 3303 3304 3341
2 4 2378 3340 3303 3341
2 4 2379 2380 2417 3342
2 4 2379 3305 2380 3342
2 4 2379 2417 2416 3342
2 4 2379 2416 3341 3342
2 4 2379 3304 3305 3342
2 4 2379 3341 3304 3342
2 4 2380 2381 2418 3343
2 4 2380 3306 2381 3343
2 4 2380 2418 2417 3343
2 4 2380 2417 3342 3343
2 4 2380 3305 3306 3343
2 4 2380 3342 3305 3343
2 4 2381 2382 2419 3344
2 4 2381 3307 2382 3344
2 4 2381 2419 2418 3344
2 4 2381 2418 3343 3344
2 4 2381 3306 3307 3344
2 4 2381 3343 3306 3344
2 4 2382 2383 2420 3345
2 4 2382 3308 2383 3345
2 4 2382 2420 2419 3345
2 4 2382 2419 3344 3345
2 4 2382 3307 3308 3345
2 4 2382 3344 3307 3345
2 4 2383 2384 2421 3346
2 4 2383 3309 2384 3346
2 4 2383 2421 2420 3346
2 4 2383 2420 3345 3346
2 4 2383 3308 3309 3346
2 4 2383 3345 3308 3346
2 4 2384 2385 2422 3347
2 4 2384 3310 2385 3347
2 4 2384 2422 2421 3347
2 4 2384 2421 3346 3347
2 4 2384 3309 3310 3347
2 4 2384 3346 3309 3347
2 4 2385 2386 2423 3348
2 4 2385 3311 2386 3348
2 4 2385 2423 2422 3348
2 4 2385 2422 3347 3348
2 4 2385 3310 3311 3348
2 4 2385 3347 3310 3348
2 4 2386 2387 2424 3349
2 4 2386 3312 2387 3349
2 4 2386 2424 2423 3349
2 4 2386 2423 3348 3349
2 4 2386 3311 3312 3349
2 4 2386 3348 3311 3349
2 4 2387 2388 2425 3350
2 4 2387 3313 2388 3350
2 4 2387 2425 2424 3350
2 4 2387 2424 3349 3350
2 4 2387 3312 3313 3350
2 4 2387 3349 3312 3350
2 4 2388 2389 2426 3351
2 4 2388 3314 2389 3351
2 4 2388 2426 2425 3351
2 4 2388 2425 3350 3351
2 4 2388 3313 3314 3351
2 4 2388 3350 3313 3351
2 4 2389 2390 2427 3352
2 4 2389 3315 2390 3352
2 4 2389 2427 2426 3352
2 4 2389 2426 3351 3352
2 4 2389 3314 3315 3352
2 4 2389 3351 3314 3352
2 4 2390 2391 2428 3353
2 4 2390 3316 2391 3353
2 4 2390 2428 2427 3353
2 4 2390 2427 3352 3353
2 4 2390 3315 3316 3353
2 4 2390 3352 3315 3353
2 4 2391 2392 2429 3354
2 4 2391 3317 2392 3354
2 4 2391 2429 2428 3354
2 4 2391 2428 3353 3354
2 4 2391 3316 3317 3354
2 4 2391 3353 3316 3354
2 4 2392 2393 2430 3355
2 4 2392 3318 2393 3355
2 4 2392 2430 2429 3355
2 4 2392 2429 3354 3355
2 4 2392 3317 3318 3355
2 4 2392 3354 3317 3355
2 4 2393 2394 2431 3356
2 4 2393 3319 2394 3356
2 4 2393 2431 2430 3356
2 4 2393 2430 3355 3356
2 4 2393 3318 3319 3356
2 4 2393 3355 3318 3356
2 4 2394 2395 2432 3357
2 4 2394 3320 2395 3357
2 4 2394 2432 2431 3357
2 4 2394 2431 3356 3357
2 4 2394 3319 3320 3357
2 4 2394 3356 3319 3357
2 4 2395 2396 2433 3358
2 4 2395 3321 2396 3358
2 4 2395 2433 2432 3358
2 4 2395 2432 3357 3358
2 4 2395 3320 3321 3358
2 4 2395 3357 3320 3358
2 4 2396 2397 2434 3359
2 4 2396 3322 2397 3359
2 4 2396 2434 2433 3359
2 4 2396 2433 3358 3359
2 4 2396 3321 3322 3359
2 4 2396 3358 3321 3359
2 4 2397 2398 2435 3360
2 4 2397 3323 2398 3360
2 4 2397 2435 2434 3360
2 4 2397 2434 3359 3360
2 4 2397 3322 3323 3360
2 4 2397 3359 3322 3360
2 4 2398 2399 2436 3361
2 4 2398 3324 2399 3361
2 4 2398 2436 2435 3361
2 4 2398 2435 3360 3361
2 4 2398 3323 3324 3361
2 4 2398 3360 3323 3361
2 4 2399 2400 2437 3362
2 4 2399 3325 2400 3362
2 4 2399 2437 2436 3362
2 4 2399 2436 3361 3362
2 4 2399 3324 3325 3362
2 4 2399 3361 3324 3362
2 4 2400 2401 2438 3363
2 4 2400 3326 2401 3363
2 4 2400 2438 2437 3363
2 4 2400 2437 3362 3363
2 4 2400 3325 3326 3363
2 4 2400 3362 3325 3363
2 4 2401 2402 2439 3364
2 4 2401 3327 2402 3364
2 4 2401 2439 2438 3364
2 4 2401 2438 3363 3364
2 4 2401 3326 3327 3364
2 4 2401 3363 3326 3364
2 4 2402 2403 2440 3365
2 4 2402 3328 2403 3365
2 4 2402 2440 2439 3365
2 4 2402 2439 3364 3365
2 4 2402 3327 3328 3365
2 4 2402 3364 3327 3365
2 4 2403 2404 2441 3366
2 4 2403 3329 2404 3366
2 4 2403 2441 2440 3366
2 4 2403 2440 3365 3366
2 4 2403 3328 3329 3366
2 4 2403 3365 3328 3366
2 4 2405 2406 2443 3368
2 4 2405 3331 2406 3368
2 4 2405 2443 2442 3368
2 4 2405 2442 3367 3368
2 4 2405 3330 3331 3368
2 4 2405 3367 3330 3368
2 4 2406 2407 2444 3369
2 4 2406 3332 2407 3369
2 4 2406 2444 2443 3369
2 4 2406 2443 3368 3369
2 4 2406 3331 3332 3369
2 4 2406 3368 3331 3369
2 4 2407 2408 2445 3370
2 4 2407 3333 2408 3370
2 4 2407 2445 2444 3370
2 4 2407 2444 3369 3370
2 4 2407 3332 3333 3370
2 4 2407 3369 3332 3370
2 4 2408 2409 2446 3371
2 4 2408 3334 2409 3371
2 4 2408 2446 2445 3371
2 4 2408 2445 3370 3371
2 4 2408 3333 3334 3371
2 4 2408 3370 3333 3371
2 4 2409 2410 2447 3372
2 4 2409 3335 2410 3372
2 4 2409 2447 2446 3372
2 4 2409 2446 3371 3372
2 4 2409 3334 3335 3372
2 4 2409 3371 3334 3372
2 4 2410 2411 2448 3373
2 4 2410 3336 2411 3373
2 4 2410 2448 2447 3373
2 4 2410 2447 3372 3373
2 4 2410 3335 3336 3373
2 4 2410 3372 3335 3373
2 4 2411 2412 2449 3374
2 4 2411 3337 2412 3374
2 4 2411 2449 2448 3374
2 4 2411 2448 3373 3374
2 4 2411 3336 3337 3374
2 4 2411 3373 3336 3374
2 4 2412 2413 2450 3375
2 4 2412 3338 2413 3375
2 4 2412 2450 2449 3375
2 4 2412 2449 3374 3375
2 4 2412 3337 3338 3375
2 4 2412 3374 3337 3375
2 4 2413 2414 2451 3376
2 4 2413 3339 2414 3376
2 4 2413 2451 2450 3376
2 4 2413 2450 3375 3376
2 4 2413 3338 3339 3376
2 4 2413 3375 3338 3376
2 4 2414 2415 2452 3377
2 4 2414 3340 2415 3377
2 4 2414 2452 2451 3377
2 4 2414 2451 3376 3377
2 4 2414 3339 3340 3377
2 4 2414 3376 3339 3377
2 4 2415 2416 2453 3378
2 4 2415 3341 2416 3378
2 4 2415 2453 2452 3378
2 4 2415 2452 3377 3378
2 4 2415 3340 3341 3378
2 4 2415 3377 3340 3378
2 4 2416 2417 2454 3379
2 4 2416 3342 2417 3379
2 4 2416 2454 2453 3379
2 4 2416 2453 3378 3379
2 4 2416 3341 3342 3379
2 4 2416 3378 3341 3379
2 4 2417 2418 2455 3380
2 4 2417 3343 2418 3380
2 4 2417 2455 2454 3380
2 4 2417 2454 3379 3380
2 4 2417 3342 3343 3380
2 4 2417 3379 3342 3380
2 4 2418 2419 2456 3381
2 4 2418 3344 2419 3381
2 4 2418 2456 2455 3381
2 4 2418 2455 3380 3381
2 4 2418 3343 3344 3381
2 4 2418 3380 3343 3381
2 4 2419 2420 2457 3382
2 4 2419 3345 2420 3382
2 4 2419 2457 2456 3382
2 4 2419 2456 3381 3382
2 4 2419 3344 3345 3382
2 4 2419 3381 3344 3382
2 4 2420 2421 2458 3383
2 4 2420 3346 2421 3383
2 4 2420 2458 2457 3383
2 4 2420 2457 3382 3383
2 4 2420 3345 3346 3383
2 4 2420 3382 3345 3383
2 4 2421 2422 2459 3384
2 4 2421 3347 2422 3384
2 4 2421 2459 2458 3384
2 4 2421 2458 3383 3384
2 4 2421 3346 3347 3384
2 4 2421 3383 3346 3384
2 4 2422 2423 2460 3385
2 4 2422 3348 2423 3385
2 4 2422 2460 2459 3385
2 4 2422 2459 3384 3385
2 4 2422 3347 3348 3385
2 4 2422 3384 3347 3385
2 4 2423 2424 2461 3386
2 4 2423 3349 2424 3386
2 4 2423 2461 2460 3386
2 4 2423 2460 3385 3386
2 4 2423 3348 3349 3386
2 4 2423 3385 3348 3386
2 4 2424 2425 2462 3387
2 4 2424 3350 2425 3387
2 4 2424 2462 2461 3387
2 4 2424 2461 3386 3387
2 4 2424 3349 3350 3387
2 4 2424 3386 3349 3387
2 4 2425 2426 2463 3388
2 4 2425 3351 2426 3388
2 4 2425 2463 2462 3388
2 4 2425 2462 3387 3388
2 4 2425 3350 3351 3388
2 4 2425 3387 3350 3388
2 4 2426 2427 2464 3389
2 4 2426 3352 2427 3389
2 4 2426 2464 2463 3389
2 4 2426 2463 3388 3389
2 4 2426 3351 3352 3389
2 4 2426 3388 3351 3389
2 4 2427 2428 2465 3390
2 4 2427 3353 2428 3390
2 4 2427 2465 2464 3390
2 4 2427 2464 3389 3390
2 4 2427 3352 3353 3390
2 4 2427 3389 3352 3390
2 4 2428 2429 2466 3391
2 4 2428 3354 2429 3391
2 4 2428 2466 2465 3391
2 4 2428 2465 3390 3391
2 4 2428 3353 3354 3391
2 4 2428 3390 3353 3391
2 4 2429 2430 2467 3392
2 4 2429 3355 2430 3392
2 4 2429 2467 2466 3392
2 4 2429 2466 3391 3392
2 4 2429 3354 3355 3392
2 4 2429 3391 3354 3392
2 4 2430 2431 2468 3393
2 4 2430 3356 2431 3393
2 4 2430 2468 2467 3393
2 4 2430 2467 3392 3393
2 4 2430 3355 3356 3393
2 4 2430 3392 3355 3393
2 4 2431 2432 2469 3394
2 4 2431 3357 2432 3394
2 4 2431 2469 2468 3394
2 4 2431 2468 3393 3394
2 4 2431 3356 3357 3394
2 4 2431 3393 3356 3394
2 4 2432 2433 2470 3395
2 4 2432 3358 2433 3395
2 4 2432 2470 2469 3395
2 4 2432 2469 3394 3395
2 4 2432 3357 3358 3395
2 4 2432 3394 3357 3395
2 4 2433 2434 2471 3396
2 4 2433 3359 2434 3396
2 4 2433 2471 2470 3396
2 4 2433 2470 3395 3396
2 4 2433 3358 3359 3396
2 4 2433 3395 3358 3396
2 4 2434 2435 2472 3397
2 4 2434 3360 2435 3397
2 4 2434 2472 2471 3397
2 4 2434 2471 3396 3397
2 4 2434 3359 3360 3397
2 4 2434 3396 3359 3397
2 4 2435 2436 2473 3398
2 4 2435 3361 2436 3398
2 4 2435 2473 2472 3398
2 4 2435 2472 3397 3398
2 4 2435 3360 3361 3398
2 4 2435 3397 3360 3398
2 4 2436 2437 2474 3399
2 4 2436 3362 2437 3399
2 4 2436 2474 2473 3399
2 4 2436 2473 3398 3399
2 4 2436 3361 3362 3399
2 4 2436 3398 3361 3399
2 4 2437 2438 2475 3400
2 4 2437 3363 2438 3400
2 4 2437 2475 2474 3400
2 4 2437 2474 3399 3400
2 4 2437 3362 3363 3400
2 4 2437 3399 3362 3400
2 4 2438 2439 2476 3401
2 4 2438 3364 2439 3401
2 4 2438 2476 2475 3401
2 4 2438 2475 3400 3401
2 4 2438 3363 3364 3401
2 4 2438 3400 3363 3401
2 4 2439 2440 2477 3402
2 4 2439 3365 2440 3402
2 4 2439 2477 2476 3402
2 4 2439 2476 3401 3402
2 4 2439 3364 3365 3402
2 4 2439 3401 3364 3402
2 4 2440 2441 2478 3403
2 4 2440 3366 2441 3403
2 4 2440 2478 2477 3403
2 4 2440 2477 3402 3403
2 4 2440 3365 3366 3403
2 4 2440 3402 3365 3403
2 4 2442 2443 2480 3405
2 4 2442 3368 2443 3405
2 4 2442 2480 2479 3405
2 4 2442 2479 3404 3405
2 4 2442 3367 3368 3405
2 4 2442 3404 3367 3405
2 4 2443 2444 2481 3406
2 4 2443 3369 2444 3406
2 4 2443 2481 2480 3406
2 4 2443 2480 3405 3406
2 4 2443 3368 3369 3406
2 4 2443 3405 3368 3406
2 4 2444 2445 2482 3407
2 4 2444 3370 2445 3407
2 4 2444 2482 2481 3407
2 4 2444 2481 3406 3407
2 4 2444 3369 3370 3407
2 4 2444 3406 3369 3407
2 4 2445 2446 2483 3408
2 4 2445 3371 2446 3408
2 4 2445 2483 2482 3408
2 4 2445 2482 3407 3408
2 4 2445 3370 3371 3408
2 4 2445 3407 3370 3408
2 4 2446 2447 2484 3409
2 4 2446 3372 2447 3409
2 4 2446 2484 2483 3409
2 4 2446 2483 3408 3409
2 4 2446 3371 3372 3409
2 4 2446 3408 3371 3409
2 4 2447 2448 2485 3410
2 4 2447 3373 2448 3410
2 4 2447 2485 2484 3410
2 4 2447 2484 3409 3410
2 4 2447 3372 3373 3410
2 4 2447 3409 3372 3410
2 4 2448 2449 2486 3411
2 4 2448 3374 2449 3411
2 4 2448 2486 2485 3411
2 4 2448 2485 3410 3411
2 4 2448 3373 3374 3411
2 4 2448 3410 3373 3411
2 4 2449 2450 2487 3412
2 4 2449 3375 2450 3412
2 4 2449 2487 2486 3412
2 4 2449 2486 3411 3412
2 4 2449 3374 3375 3412
2 4 2449 3411 3374 3412
2 4 2450 2451 2488 3413
2 4 2450 3376 2451 3413
2 4 2450 2488 2487 3413
2 4 2450 2487 3412 3413
2 4 2450 3375 3376 3413
2 4 2450 3412 3375 3413
2 4 2451 2452 2489 3414
2 4 2451 3377 2452 3414
2 4 2451 2489 2488 3414
2 4 2451 2488 3413 3414
2 4 2451 3376 3377 3414
2 4 2451 3413 3376 3414
2 4 2452 2453 2490 3415
2 4 2452 3378 2453 3415
2 4 2452 2490 2489 3415
2 4 2452 2489 3414 3415
2 4 2452 3377 3378 3415
2 4 2452 3414 3377 3415
2 4 2453 2454 2491 3416
2 4 2453 3379 2454 3416
2 4 2453 2491 2490 3416
2 4 2453 2490 3415 3416
2 4 2453 3378 3379 3416
2 4 2453 3415 3378 3416
2 4 2454 2455 2492 3417
2 4 2454 3380 2455 3417
2 4 2454 2492 2491 3417
2 4 2454 2491 3416 3417
2 4 2454 3379 3380 3417
2 4 2454 3416 3379 3417
2 4 2455 2456 2493 3418
2 4 2455 3381 2456 3418
2 4 2455 2493 2492 3418
2 4 2455 2492 3417 3418
2 4 2455 3380 3381 3418
2 4 2455 3417 3380 3418
2 4 2456 2457 2494 3419
2 4 2456 3382 2457 3419
2 4 2456 2494 2493 3419
2 4 2456 2493 3418 3419
2 4 2456 3381 3382 3419
2 4 2456 3418 3381 3419
2 4 2457 2458 2495 3420
2 4 2457 3383 2458 3420
2 4 2457 2495 2494 3420
2 4 2457 2494 3419 3420
2 4 2457 3382 3383 3420
2 4 2457 3419 3382 3420
2 4 2458 2459 2496 3421
2 4 2458 3384 2459 3421
2 4 2458 2496 2495 3421
2 4 2458 2495 3420 3421
2 4 2458 3383 3384 3421
2 4 2458 3420 3383 3421
2 4 2459 2460 2497 3422
2 4 2459 3385 2460 3422
2 4 2459 2497 2496 3422
2 4 2459 2496 3421 3422
2 4 2459 3384 3385 3422
2 4 2459 3421 3384 3422
2 4 2460 2461 2498 3423
2 4 2460 3386 2461 3423
2 4 2460 2498 2497 3423
2 4 2460 2497 3422 3423
2 4 2460 3385 3386 3423
2 4 2460 3422 3385 3423
2 4 2461 2462 2499 3424
2 4 2461 3387 2462 3424
2 4 2461 2499 2498 3424
2 4 2461 2498 3423 3424
2 4 2461 3386 3387 3424
2 4 2461 3423 3386 3424
2 4 2462 2463 2500 3425
2 4 2462 3388 2463 3425
2 4 2462 2500 2499 3425
2 4 2462 2499 3424 3425
2 4 2462 3387 3388 3425
2 4 2462 3424 3387 3425
2 4 2463 2464 2501 3426
2 4 2463 3389 2464 3426
2 4 2463 2501 2500 3426
2 4 2463 2500 3425 3426
2 4 2463 3388 3389 3426
2 4 2463 3425 3388 3426
2 4 2464 2465 2502 3427
2 4 2464 3390 2465 3427
2 4 2464 2502 2501 3427
2 4 2464 2501 3426 3427
2 4 2464 3389 3390 3427
2 4 2464 3426 3389 3427
2 4 2465 2466 2503 3428
2 4 2465 3391 2466 3428
2 4 2465 2503 2502 3428
2 4 2465 2502 3427 3428
2 4 2465 3390 3391 3428
2 4 2465 3427 3390 3428
2 4 2466 2467 2504 3429
2 4 2466 3392 2467 3429
2 4 2466 2504 2503 3429
2 4 2466 2503 3428 3429
2 4 2466 3391 3392 3429
2 4 2466 3428 3391 3429
2 4 2467 2468 2505 3430
2 4 2467 3393 2468 3430
2 4 2467 2505 2504 3430
2 4 2467 2504 3429 3430
2 4 2467 3392 3393 3430
2 4 2467 3429 3392 3430
2 4 2468 2469 2506 3431
2 4 2468 3394 2469 3431
2 4 2468 2506 2505 3431
2 4 2468 2505 3430 3431
2 4 2468 3393 3394 3431
2 4 2468 3430 3393 3431
2 4 2469 2470 2507 3432
2 4 2469 3395 2470 3432
2 4 2469 2507 2506 3432
2 4 2469 2506 3431 3432
2 4 2469 3394 3395 3432
2 4 2469 3431 3394 3432
2 4 2470 2471 2508 3433
2 4 2470 3396 2471 3433
2 4 2470 2508 2507 3433
2 4 2470 2507 3432 3433
2 4 2470 3395 3396 3433
2 4 2470 3432 3395 3433
2 4 2471 2472 2509 3434
2 4 2471 3397 2472 3434
2 4 2471 2509 2508 3434
2 4 2471 2508 3433 3434
2 4 2471 3396 3397 3434
2 4 2471 3433 3396 3434
2 4 2472 2473 2510 3435
2 4 2472 3398 2473 3435
2 4 2472 2510 2509 3435
2 4 2472 2509 3434 3435
2 4 2472 3397 3398 3435
2 4 2472 3434 3397 3435
2 4 2473 2474 2511 3436
2 4 2473 3399 2474 3436
2 4 2473 2511 2510 3436
2 4 2473 2510 3435 3436
2 4 2473 3398 3399 3436
2 4 2473 3435 3398 3436
2 4 2474 2475 2512 3437
2 4 2474 3400 2475 3437
2 4 2474 2512 2511 3437
2 4 2474 2511 3436 3437
2 4 2474 3399 3400 3437
2 4 2474 3436 3399 3437
2 4 2475 2476 2513 3438
2 4 2475 3401 2476 3438
2 4 2475 2513 2512 3438
2 4 2475 2512 3437 3438
2 4 2475 3400 3401 3438
2 4 2475 3437 3400 3438
2 4 2476 2477 2514 3439
2 4 2476 3402 2477 3439
2 4 2476 2514 2513 3439
2 4 2476 2513 3438 3439
2 4 2476 3401 3402 3439
2 4 2476 3438 3401 3439
2 4 2477 2478 2515 3440
2 4 2477 3403 2478 3440
2 4 2477 2515 2514 3440
2 4 2477 2514 3439 3440
2 4 2477 3402 3403 3440
2 4 2477 3439 3402 3440
2 4 2479 2480 2517 3442
2 4 2479 3405 2480 3442
2 4 2479 2517 2516 3442
2 4 2479 2516 3441 3442
2 4 2479 3404 3405 3442
2 4 2479 3441 3404 3442
2 4 2480 2481 2518 3443
2 4 2480 3406 2481 3443
2 4 2480 2518 2517 3443
2 4 2480 2517 3442 3443
2 4 2480 3405 3406 3443
2 4 2480 3442 3405 3443
2 4 2481 2482 2519 3444
2 4 2481 3407 2482 3444
2 4 2481 2519 2518 3444
2 4 2481 2518 3443 3444
2 4 2481 3406 3407 3444
2 4 2481 3443 3406 3444
2 4 2482 2483 2520 3445
2 4 2482 3408 2483 3445
2 4 2482 2520 2519 3445
2 4 2482 2519 3444 3445
2 4 2482 3407 3408 3445
2 4 2482 3444 3407 3445
2 4 2483 2484 2521 3446
2 4 2483 3409 2484 3446
2 4 2483 2521 2520 3446
2 4 2483 2520 3445 3446
2 4 2483 3408 3409 3446
2 4 2483 3445 3408 3446
2 4 2484 2485 2522 3447
2 4 2484 3410 2485 3447
2 4 2484 2522 2521 3447
2 4 2484 2521 3446 3447
2 4 2484 3409 3410 3447
2 4 2484 3446 3409 3447
2 4 2485 2486 2523 3448
2 4 2485 3411 2486 3448
2 4 2485 2523 2522 3448
2 4 2485 2522 3447 3448
2 4 2485 3410 3411 3448
2 4 2485 3447 3410 3448
2 4 2486 2487 2524 3449
2 4 2486 3412 2487 3449
2 4 2486 2524 2523 3449
2 4 2486 2523 3448 3449
2 4 2486 3411 3412 3449
2 4 2486 3448 3411 3449
2 4 2487 2488 2525 3450
2 4 2487 3413 2488 3450
2 4 2487 2525 2524 3450
2 4 2487 2524 3449 3450
2 4 2487 3412 3413 3450
2 4 2487 3449 3412 3450
2 4 2488 2489 2526 3451
2 4 2488 3414 2489 3451
2 4 2488 2526 2525 3451
2 4 2488 2525 3450 3451
2 4 2488 3413 3414 3451
2 4 2488 3450 3413 3451
2 4 2489 2490 2527 3452
2 4 2489 3415 2490 3452
2 4 2489 2527 2526 3452
2 4 2489 2526 3451 3452
2 4 2489 3414 3415 3452
2 4 2489 3451 3414 3452
2 4 2490 2491 2528 3453
2 4 2490 3416 2491 3453
2 4 2490 2528 2527 3453
2 4 2490 2527 3452 3453
2 4 2490 3415 3416 3453
2 4 2490 3452 3415 3453
2 4 2491 2492 2529 3454
2 4 2491 3417 2492 3454
2 4 2491 2529 2528 3454
2 4 2491 2528 3453 3454
2 4 2491 3416 3417 3454
2 4 2491 3453 3416 3454
2 4 2492 2493 2530 3455
2 4 2492 3418 2493 3455
2 4 2492 2530 2529 3455
2 4 2492 2529 3454 3455
2 4 2492 3417 3418 3455
2 4 2492 3454 3417 3455
2 4 2493 2494 2531 3456
2 4 2493 3419 2494 3456
2 4 2493 2531 2530 3456
2 4 2493 2530 3455 3456
2 4 2493 3418 3419 3456
2 4 2493 3455 3418 3456
2 4 2494 2495 2532 3457
2 4 2494 3420 2495 3457
2 4 2494 2532 2531 3457
2 4 2494 2531 3456 3457
2 4 2494 3419 3420 3457
2 4 2494 3456 3419 3457
2 4 2495 2496 2533 3458
2 4 2495 3421 2496 3458
2 4 2495 2533 2532 3458
2 4 2495 2532 3457 3458
2 4 2495 3420 3421 3458
2 4 2495 3457 3420 3458
2 4 2496 2497 2534 3459
2 4 2496 3422 2497 3459
2 4 2496 2534 2533 3459
2 4 2496 2533 3458 3459
2 4 2496 3421 3422 3459
2 4 2496 3458 3421 3459
2 4 2497 2498 2535 3460
2 4 2497 3423 2498 3460
2 4 2497 2535 2534 3460
2 4 2497 2534 3459 3460
2 4 2497 3422 3423 3460
2 4 2497 3459 3422 3460
2 4 2498 2499 2536 3461
2 4 2498 3424 2499 3461
2 4 2498 2536 2535 3461
2 4 2498 2535 3460 3461
2 4 2498 3423 3424 3461
2 4 2498 3460 3423 3461
2 4 2499 2500 2537 3462
2 4 2499 3425 2500 3462
2 4 2499 2537 2536 3462
2 4 2499 2536 3461 3462
2 4 2499 3424 3425 3462
2 4 2499 3461 3424 3462
2 4 2500 2501 2538 3463
2 4 2500 3426 2501 3463
2 4 2500 2538 2537 3463
2 4 2500 2537 3462 3463
2 4 2500 3425 3426 3463
2 4 2500 3462 3425 3463
2 4 2501 2502 2539 3464
2 4 2501 3427 2502 3464
2 4 2501 2539 2538 3464
2 4 2501 2538 3463 3464
2 4 2501 3426 3427 3464
2 4 2501 3463 3426 3464
2 4 2502 2503 2540 3465
2 4 2502 3428 2503 3465
2 4 2502 2540 2539 3465
2 4 2502 2539 3464 3465
2 4 2502 3427 3428 3465
2 4 2502 3464 3427 3465
2 4 2503 2504 2541 3466
2 4 2503 3429 2504 3466
2 4 2503 2541 2540 3466
2 4 2503 2540 3465 3466
2 4 2503 3428 3429 3466
2 4 2503 3465 3428 3466
2 4 2504 2505 2542 3467
2 4 2504 3430 2505 3467
2 4 2504 2542 2541 3467
2 4 2504 2541 3466 3467
2 4 2504 3429 3430 3467
2 4 2504 3466 3429 3467
2 4 2505 2506 2543 3468
2 4 2505 3431 2506 3468
2 4 2505 2543 2542 3468
2 4 2505 2542 3467 3468
2 4 2505 3430 3431 3468
2 4 2505 3467 3430 3468
2 4 2506 2507 2544 3469
2 4 2506 3432 2507 3469
2 4 2506 2544 2543 3469
2 4 2506 2543 3468 3469
2 4 2506 3431 3432 3469
2 4 2506 3468 3431 3469
2 4 2507 2508 2545 3470
2 4 2507 3433 2508 3470
2 4 2507 2545 2544 3470
2 4 2507 2544 3469 3470
2 4 2507 3432 3433 3470
2 4 2507 3469 3432 3470
2 4 2508 2509 2546 3471
2 4 2508 3434 2509 3471
2 4 2508 2546 2545 3471
2 4 2508 2545 3470 3471
2 4 2508 3433 3434 3471
2 4 2508 3470 3433 3471
2 4 2509 2510 2547 3472
2 4 2509 3435 2510 3472
2 4 2509 2547 2546 3472
2 4 2509 2546 3471 3472
2 4 2509 3434 3435 3472
2 4 2509 3471 3434 3472
2 4 2510 2511 2548 3473
2 4 2510 3436 2511 3473
2 4 2510 2548 2547 3473
2 4 2510 2547 3472 3473
2 4 2510 3435 3436 3473
2 4 2510 3472 3435 3473
2 4 2511 2512 2549 3474
2 4 2511 3437 2512 3474
2 4 2511 2549 2548 3474
2 4 2511 2548 3473 3474
2 4 2511 3436 3437 3474
2 4 2511 3473 3436 3474
2 4 2512 2513 2550 3475
2 4 2512 3438 2513 3475
2 4 2512 2550 2549 3475
2 4 2512 2549 3474 3475
2 4 2512 3437 3438 3475
2 4 2512 3474 3437 3475
2 4 2513 2514 2551 3476
2 4 2513 3439 2514 3476
2 4 2513 2551 2550 3476
2 4 2513 2550 3475 3476
2 4 2513 3438 3439 3476
2 4 2513 3475 3438 3476
2 4 2514 2515 2552 3477
2 4 2514 3440 2515 3477
2 4 2514 2552 2551 3477
2 4 2514 2551 3476 3477
2 4 2514 3439 3440 3477
2 4 2514 3476 3439 3477
2 4 2516 2517 2554 3479
2 4 2516 3442 2517 3479
2 4 2516 2554 2553 3479
2 4 2516 2553 3478 3479
2 4 2516 3441 3442 3479
2 4 2516 3478 3441 3479
2 4 2517 2518 2555 3480
2 4 2517 3443 2518 3480
2 4 2517 2555 2554 3480
2 4 2517 2554 3479 3480
2 4 2517 3442 3443 3480
2 4 2517 3479 3442 3480
2 4 2518 2519 2556 3481
2 4 2518 3444 2519 3481
2 4 2518 2556 2555 3481
2 4 2518 2555 3480 3481
2 4 2518 3443 3444 3481
2 4 2518 3480 3443 3481
2 4 2519 2520 2557 3482
2 4 2519 3445 2520 3482
2 4 2519 2557 2556 3482
2 4 2519 2556 3481 3482
2 4 2519 3444 3445 3482
2 4 2519 3481 3444 3482
2 4 2520 2521 2558 3483
2 4 2520 3446 2521 3483
2 4 2520 2558 2557 3483
2 4 2520 2557 3482 3483
2 4 2520 3445 3446 3483
2 4 2520 3482 3445 3483
2 4 2521 2522 2559 3484
2 4 2521 3447 2522 3484
2 4 2521 2559 2558 3484
2 4 2521 2558 3483 3484
2 4 2521 3446 3447 3484
2 4 2521 3483 3446 3484
2 4 2522 2523 2560 3485
2 4 2522 3448 2523 3485
2 4 2522 2560 2559 3485
2 4 2522 2559 3484 3485
2 4 2522 3447 3448 3485
2 4 2522 3484 3447 3485
2 4 2523 2524 2561 3486
2 4 2523 3449 2524 3486
2 4 2523 2561 2560 3486
2 4 2523 2560 3485 3486
2 4 2523 3448 3449 3486
2 4 2523 3485 3448 3486
2 4 2524 2525 2562 3487
2 4 2524 3450 2525 3487
2 4 2524 2562 2561 3487
2 4 2524 2561 3486 3487
2 4 2524 3449 3450 3487
2 4 2524 3486 3449 3487
2 4 2525 2526 2563 3488
2 4 2525 3451 2526 3488
2 4 2525 2563 2562 3488
2 4 2525 2562 3487 3488
2 4 2525 3450 3451 3488
2 4 2525 3487 3450 3488
2 4 2526 2527 2564 3489
2 4 2526 3452 2527 3489
2 4 2526 2564 2563 3489
2 4 2526 2563 3488 3489
2 4 2526 3451 3452 3489
2 4 2526 3488 3451 3489
2 4 2527 2528 2565 3490
2 4 2527 3453 2528 3490
2 4 2527 2565 2564 3490
2 4 2527 2564 3489 3490
2 4 2527 3452 3453 3490
2 4 2527 3489 3452 3490
2 4 2528 2529 2566 3491
2 4 2528 3454 2529 3491
2 4 2528 2566 2565 3491
2 4 2528 2565 3490 3491
2 4 2528 3453 3454 3491
2 4 2528 3490 3453 3491
2 4 2529 2530 2567 3492
2 4 2529 3455 2530 3492
2 4 2529 2567 2566 3492
2 4 2529 2566 3491 3492
2 4 2529 3454 3455 3492
2 4 2529 3491 3454 3492
2 4 2530 2531 2568 3493
2 4 2530 3456 2531 3493
2 4 2530 2568 2567 3493
2 4 2530 2567 3492 3493
2 4 2530 3455 3456 3493
2 4 2530 3492 3455 3493
2 4 2531 2532 2569 3494
2 4 2531 3457 2532 3494
2 4 2531 2569 2568 3494
2 4 2531 2568 3493 3494
2 4 2531 3456 3457 3494
2 4 2531 3493 3456 3494
2 4 2532 2533 2570 3495
2 4 2532 3458 2533 3495
2 4 2532 2570 2569 3495
2 4 2532 2569 3494 3495
2 4 2532 3457 3458 3495
2 4 2532 3494 3457 3495
2 4 2533 2534 2571 3496
2 4 2533 3459 2534 3496
2 4 2533 2571 2570 3496
2 4 2533 2570 3495 3496
2 4 2533 3458 3459 3496
2 4 2533 3495 3458 3496
2 4 2534 2535 2572 3497
2 4 2534 3460 2535 3497
2 4 2534 2572 2571 3497
2 4 2534 2571 3496 3497
2 4 2534 3459 3460 3497
2 4 2534 3496 3459 3497
2 4 2535 2536 2573 3498
2 4 2535 3461 2536 3498
2 4 2535 2573 2572 3498
2 4 2535 2572 3497 3498
2 4 2535 3460 3461 3498
2 4 2535 3497 3460 3498
2 4 2536 2537 2574 3499
2 4 2536 3462 2537 3499
2 4 2536 2574 2573 3499
2 4 2536 2573 3498 3499
2 4 2536 3461 3462 3499
2 4 2536 3498 3461 3499
2 4 2537 2538 2575 3500
2 4 2537 3463 2538 3500
2 4 2537 2575 2574 3500
2 4 2537 2574 3499 3500
2 4 2537 3462 3463 3500
2 4 2537 3499 3462 3500
2 4 2538 2539 2576 3501
2 4 2538 3464 2539 3501
2 4 2538 2576 2575 3501
2 4 2538 2575 3500 3501
2 4 2538 3463 3464 3501
2 4 2538 3500 3463 3501
2 4 2539 2540 2577 3502
2 4 2539 3465 2540 3502
2 4 2539 2577 2576 3502
2 4 2539 2576 3501 3502
2 4 2539 3464 3465 3502
2 4 2539 3501 3464 3502
2 4 2540 2541 2578 3503
2 4 2540 3466 2541 3503
2 4 2540 2578 2577 3503
2 4 2540 2577 3502 3503
2 4 2540 3465 3466 3503
2 4 2540 3502 3465 3503
2 4 2541 2542 2579 3504
2 4 2541 3467 2542 3504
2 4 2541 2579 2578 3504
2 4 2541 2578 3503 3504
2 4 2541 3466 3467 3504
2 4 2541 3503 3466 3504
2 4 2542 2543 2580 3505
2 4 2542 3468 2543 3505
2 4 2542 2580 2579 3505
2 4 2542 2579 3504 3505
2 4 2542 3467 3468 3505
2 4 2542 3504 3467 3505
2 4 2543 2544 2581 3506
2 4 2543 3469 2544 3506
2 4 2543 2581 2580 3506
2 4 2543 2580 3505 3506
2 4 2543 3468 3469 3506
2 4 2543 3505 3468 3506
2 4 2544 2545 2582 3507
2 4 2544 3470 2545 3507
2 4 2544 2582 2581 3507
2 4 2544 2581 3506 3507
2 4 2544 3469 3470 3507
2 4 2544 3506 3469 3507
2 4 2545 2546 2583 3508
2 4 2545 3471 2546 3508
2 4 2545 2583 2582 3508
2 4 2545 2582 3507 3508
2 4 2545 3470 3471 3508
2 4 2545 3507 3470 3508
2 4 2546 2547 2584 3509
2 4 2546 3472 2547 3509
2 4 2546 2584 2583 3509
2 4 2546 2583 3508 3509
2 4 2546 3471 3472 3509
2 4 2546 3508 3471 3509
2 4 2547 2548 2585 3510
2 4 2547 3473 2548 3510
2 4 2547 2585 2584 3510
2 4 2547 2584 3509 3510
2 4 2547 3472 3473 3510
2 4 2547 3509 3472 3510
2 4 2548 2549 2586 3511
2 4 2548 3474 2549 3511
2 4 2548 2586 2585 3511
2 4 2548 2585 3510 3511
2 4 2548 3473 3474 3511
2 4 2548 3510 3473 3511
2 4 2549 2550 2587 3512
2 4 2549 3475 2550 3512
2 4 2549 2587 2586 3512
2 4 2549 2586 3511 3512
2 4 2549 3474 3475 3512
2 4 2549 3511 3474 3512
2 4 2550 2551 2588 3513
2 4 2550 3476 2551 3513
2 4 2550 2588 2587 3513
2 4 2550 2587 3512 3513
2 4 2550 3475 3476 3513
2 4 2550 3512 3475 3513
2 4 2551 2552 2589 3514
2 4 2551 3477 2552 3514
2 4 2551 2589 2588 3514
2 4 2551 2588 3513 3514
2 4 2551 3476 3477 3514
2 4 2551 3513 3476 3514
2 4 2553 2554 2591 3516
2 4 2553 3479 2554 3516
2 4 2553 2591 2590 3516
2 4 2553 2590 3515 3516
2 4 2553 3478 3479 3516
2 4 2553 3515 3478 3516
2 4 2554 2555 2592 3517
2 4 2554 3480 2555 3517
2 4 2554 2592 2591 3517
2 4 2554 2591 3516 3517
2 4 2554 3479 3480 3517
2 4 2554 3516 3479 3517
2 4 2555 2556 2593 3518
2 4 2555 3481 2556 3518
2 4 2555 2593 2592 3518
2 4 2555 2592 3517 3518
2 4 2555 3480 3481 3518
2 4 2555 3517 3480 3518
2 4 2556 2557 2594 3519
2 4 2556 3482 2557 3519
2 4 2556 2594 2593 3519
2 4 2556 2593 3518 3519
2 4 2556 3481 3482 3519
2 4 2556 3518 3481 3519
2 4 2557 2558 2595 3520
2 4 2557 3483 2558 3520
2 4 2557 2595 2594 3520
2 4 2557 2594 3519 3520
2 4 2557 3482 3483 3520
2 4 2557 3519 3482 3520
2 4 2558 2559 2596 3521
2 4 2558 3484 2559 3521
2 4 2558 2596 2595 3521
2 4 2558 2595 3520 3521
2 4 2558 3483 3484 3521
2 4 2558 3520 3483 3521
2 4 2559 2560 2597 3522
2 4 2559 3485 2560 3522
2 4 2559 2597 2596 3522
2 4 2559 2596 3521 3522
2 4 2559 3484 3485 3522
2 4 2559 3521 3484 3522
2 4 2560 2561 2598 3523
2 4 2560 3486 2561 3523
2 4 2560 2598 2597 3523
2 4 2560 2597 3522 3523
2 4 2560 3485 3486 3523
2 4 2560 3522 3485 3523
2 4 2561 2562 2599 3524
2 4 2561 3487 2562 3524
2 4 2561 2599 2598 3524
2 4 2561 2598 3523 3524
2 4 2561 3486 3487 3524
2 4 2561 3523 3486 3524
2 4 2562 2563 2600 3525
2 4 2562 3488 2563 3525
2 4 2562 2600 2599 3525
2 4 2562 2599 3524 3525
2 4 2562 3487 3488 3525
2 4 2562 3524 3487 3525
2 4 2563 2564 2601 3526
2 4 2563 3489 2564 3526
2 4 2563 2601 2600 3526
2 4 2563 2600 3525 3526
2 4 2563 3488 3489 3526
2 4 2563 3525 3488 3526
2 4 2564 2565 2602 3527
2 4 2564 3490 2565 3527
2 4 2564 2602 2601 3527
2 4 2564 2601 3526 3527
2 4 2564 3489 3490 3527
2 4 2564 3526 3489 3527
2 4 2565 2566 2603 3528
2 4 2565 3491 2566 3528
2 4 2565 2603 2602 3528
2 4 2565 2602 3527 3528
2 4 2565 3490 3491 3528
2 4 2565 3527 3490 3528
2 4 2566 2567 2604 3529
2 4 2566 3492 2567 3529
2 4 2566 2604 2603 3529
2 4 2566 2603 3528 3529
2 4 2566 3491 3492 3529
2 4 2566 3528 3491 3529
2 4 2567 2568 2605 3530
2 4 2567 3493 2568 3530
2 4 2567 2605 2604 3530
2 4 2567 2604 3529 3530
2 4 2567 3492 3493 3530
2 4 2567 3529 3492 3530
2 4 2568 2569 2606 3531
2 4 2568 3494 2569 3531
2 4 2568 2606 2605 3531
2 4 2568 2605 3530 3531
2 4 2568 3493 3494 3531
2 4 2568 3530 3493 3531
2 4 2569 2570 2607 3532
2 4 2569 3495 2570 3532
2 4 2569 2607 2606 3532
2 4 2569 2606 3531 3532
2 4 2569 3494 3495 3532
2 4 2569 3531 3494 3532
2 4 2570 2571 2608 3533
2 4 2570 3496 2571 3533
2 4 2570 2608 2607 3533
2 4 2570 2607 3532 3533
2 4 2570 3495 3496 3533
2 4 2570 3532 3495 3533
2 4 2571 2572 2609 3534
2 4 2571 3497 2572 3534
2 4 2571 2609 2608 3534
2 4 2571 2608 3533 3534
2 4 2571 3496 3497 3534
2 4 2571 3533 3496 3534
2 4 2572 2573 2610 3535
2 4 2572 3498 2573 3535
2 4 2572 2610 2609 3535
2 4 2572 2609 3534 3535
2 4 2572 3497 3498 3535
2 4 2572 3534 3497 3535
2 4 2573 2574 2611 3536
2 4 2573 3499 2574 3536
2 4 2573 2611 2610 3536
2 4 2573 2610 3535 3536
2 4 2573 3498 3499 3536
2 4 2573 3535 3498 3536
2 4 2574 2575 2612 3537
2 4 2574 3500 2575 3537
2 4 2574 2612 2611 3537
2 4 2574 2611 3536 3537
2 4 2574 3499 3500 3537
2 4 2574 3536 3499 3537
2 4 2575 2576 2613 3538
2 4 2575 3501 2576 3538
2 4 2575 2613 2612 3538
2 4 2575 2612 3537 3538
2 4 2575 3500 3501 3538
2 4 2575 3537 3500 3538
2 4 2576 2577 2614 3539
2 4 2576 3502 2577 3539
2 4 2576 2614 2613 3539
2 4 2576 2613 3538 3539
2 4 2576 3501 3502 3539
2 4 2576 3538 3501 3539
2 4 2577 2578 2615 3540
2 4 2577 3503 2578 3540
2 4 2577 2615 2614 3540
2 4 2577 2614 3539 3540
2 4 2577 3502 3503 3540
2 4 2577 3539 3502 3540
2 4 2578 2579 2616 3541
2 4 2578 3504 2579 3541
2 4 2578 2616 2615 3541
2 4 2578 2615 3540 3541
2 4 2578 3503 3504 3541
2 4 2578 3540 3503 3541
2 4 2579 2580 2617 3542
2 4 2579 3505 2580 3542
2 4 2579 2617 2616 3542
2 4 2579 2616 3541 3542
2 4 2579 3504 3505 3542
2 4 2579 3541 3504 3542
2 4 2580 2581 2618 3543
2 4 2580 3506 2581 3543
2 4 2580 2618 2617 3543
2 4 2580 2617 3542 3543
2 4 2580 3505 3506 3543
2 4 2580 3542 3505 3543
2 4 2581 2582 2619 3544
2 4 2581 3507 2582 3544
2 4 2581 2619 2618 3544
2 4 2581 2618 3543 3544
2 4 2581 3506 3507 3544
2 4 2581 3543 3506 3544
2 4 2582 2583 2620 3545
2 4 2582 3508 2583 3545
2 4 2582 2620 2619 3545
2 4 2582 2619 3544 3545
2 4 2582 3507 3508 3545
2 4 2582 3544 3507 3545
2 4 2583 2584 2621 3546
2 4 2583 3509 2584 3546
2 4 2583 2621 2620 3546
2 4 2583 2620 3545 3546
2 4 2583 3508 3509 3546
2 4 2583 3545 3508 3546
2 4 2584 2585 2622 3547
2 4 2584 3510 2585 3547
2 4 2584 2622 2621 3547
2 4 2584 2621 3546 3547
2 4 2584 3509 3510 3547
2 4 2584 3546 3509 3547
2 4 2585 2586 2623 3548
2 4 2585 3511 2586 3548
2 4 2585 2623 2622 3548
2 4 2585 2622 3547 3548
2 4 2585 3510 3511 3548
2 4 2585 3547 3510 3548
2 4 2586 2587 2624 3549
2 4 2586 3512 2587 3549
2 4 2586 2624 2623 3549
2 4 2586 2623 3548 3549
2 4 2586 3511 3512 3549
2 4 2586 3548 3511 3549
2 4 2587 2588 2625 3550
2 4 2587 3513 2588 3550
2 4 2587 2625 2624 3550
2 4 2587 2624 3549 3550
2 4 2587 3512 3513 3550
2 4 2587 3549 3512 3550
2 4 2588 2589 2626 3551
2 4 2588 3514 2589 3551
2 4 2588 2626 2625 3551
2 4 2588 2625 3550 3551
2 4 2588 3513 3514 3551
2 4 2588 3550 3513 3551
2 4 2590 2591 2628 3553
2 4 2590 3516 2591 3553
2 4 2590 2628 2627 3553
2 4 2590 2627 3552 3553
2 4 2590 3515 3516 3553
2 4 2590 3552 3515 3553
2 4 2591 2592 2629 3554
2 4 2591 3517 2592 3554
2 4 2591 2629 2628 3554
2 4 2591 2628 3553 3554
2 4 2591 3516 3517 3554
2 4 2591 3553 3516 3554
2 4 2592 2593 2630 3555
2 4 2592 3518 2593 3555
2 4 2592 2630 2629 3555
2 4 2592 2629 3554 3555
2 4 2592 3517 3518 3555
2 4 2592 3554 3517 3555
2 4 2593 2594 2631 3556
2 4 2593 3519 2594 3556
2 4 2593 2631 2630 3556
2 4 2593 2630 3555 3556
2 4 2593 3518 3519 3556
2 4 2593 3555 3518 3556
2 4 2594 2595 2632 3557
2 4 2594 3520 2595 3557
2 4 2594 2632 2631 3557
2 4 2594 2631 3556 3557
2 4 2594 3519 3520 3557
2 4 2594 3556 3519 3557
2 4 2595 2596 2633 3558
2 4 2595 3521 2596 3558
2 4 2595 2633 2632 3558
2 4 2595 2632 3557 3558
2 4 2595 3520 3521 3558
2 4 2595 3557 3520 3558
2 4 2596 2597 2634 3559
2 4 2596 3522 2597 3559
2 4 2596 2634 2633 3559
2 4 2596 2633 3558 3559
2 4 2596 3521 3522 3559
2 4 2596 3558 3521 3559
2 4 2597 2598 2635 3560
2 4 2597 3523 2598 3560
2 4 2597 2635 2634 3560
2 4 2597 2634 3559 3560
2 4 2597 3522 3523 3560
2 4 2597 3559 3522 3560
2 4 2598 2599 2636 3561
2 4 2598 3524 2599 3561
2 4 2598 2636 2635 3561
2 4 2598 2635 3560 3561
2 4 2598 3523 3524 3561
2 4 2598 3560 3523 3561
2 4 2599 2600 2637 3562
2 4 2599 3525 2600 3562
2 4 2599 2637 2636 3562
2 4 2599 2636 3561 3562
2 4 2599 3524 3525 3562
2 4 2599 3561 3524 3562
2 4 2600 2601 2638 3563
2 4 2600 3526 2601 3563
2 4 2600 2638 2637 3563
2 4 2600 2637 3562 3563
2 4 2600 3525 3526 3563
2 4 2600 3562 3525 3563
2 4 2601 2602 2639 3564
2 4 2601 3527 2602 3564
2 4 2601 2639 2638 3564
2 4 2601 2638 3563 3564
2 4 2601 3526 3527 3564
2 4 2601 3563 3526 3564
2 4 2602 2603 2640 3565
2 4 2602 3528 2603 3565
2 4 2602 2640 2639 3565
2 4 2602 2639 3564 3565
2 4 2602 3527 3528 3565
2 4 2602 3564 3527 3565
2 4 2603 2604 2641 3566
2 4 2603 3529 2604 3566
2 4 2603 2641 2640 3566
2 4 2603 2640 3565 3566
2 4 2603 3528 3529 3566
2 4 2603 3565 3528 3566
2 4 2604 2605 2642 3567
2 4 2604 3530 2605 3567
2 4 2604 2642 2641 3567
2 4 2604 2641 3566 3567
2 4 2604 3529 3530 3567
2 4 2604 3566 3529 3567
2 4 2605 2606 2643 3568
2 4 2605 3531 2606 3568
2 4 2605 2643 2642 3568
2 4 2605 2642 3567 3568
2 4 2605 3530 3531 3568
2 4 2605 3567 3530 3568
2 4 2606 2607 2644 3569
2 4 2606 3532 2607 3569
2 4 2606 2644 2643 3569
2 4 2606 2643 3568 3569
2 4 2606 3531 3532 3569
2 4 2606 3568 3531 3569
2 4 2607 2608 2645 3570
2 4 2607 3533 2608 3570
2 4 2607 2645 2644 3570
2 4 2607 2644 3569 3570
2 4 2607 3532 3533 3570
2 4 2607 3569 3532 3570
2 4 2608 2609 2646 3571
2 4 2608 3534 2609 3571
2 4 2608 2646 2645 3571
2 4 2608 2645 3570 3571
2 4 2608 3533 3534 3571
2 4 2608 3570 3533 3571
2 4 2609 2610 2647 3572
2 4 2609 3535 2610 3572
2 4 2609 2647 2646 3572
2 4 2609 2646 3571 3572
2 4 2609 3534 3535 3572
2 4 2609 3571 3534 3572
2 4 2610 2611 2648 3573
2 4 2610 3536 2611 3573
2 4 2610 2648 2647 3573
2 4 2610 2647 3572 3573
2 4 2610 3535 3536 3573
2 4 2610 3572 3535 3573
2 4 2611 2612 2649 3574
2 4 2611 3537 2612 3574
2 4 2611 2649 2648 3574
2 4 2611 2648 3573 3574
2 4 2611 3536 3537 3574
2 4 2611 3573 3536 3574
2 4 2612 2613 2650 3575
2 4 2612 3538 2613 3575
2 4 2612 2650 2649 3575
2 4 2612 2649 3574 3575
2 4 2612 3537 3538 3575
2 4 2612 3574 3537 3575
2 4 2613 2614 2651 3576
2 4 2613 3539 2614 3576
2 4 2613 2651 2650 3576
2 4 2613 2650 3575 3576
2 4 2613 3538 3539 3576
2 4 2613 3575 3538 3576
2 4 2614 2615 2652 3577
2 4 2614 3540 2615 3577
2 4 2614 2652 2651 3577
2 4 2614 2651 3576 3577
2 4 2614 3539 3540 3577
2 4 2614 3576 3539 3577
2 4 2615 2616 2653 3578
2 4 2615 3541 2616 3578
2 4 2615 2653 2652 3578
2 4 2615 2652 3577 3578
2 4 2615 3540 3541 3578
2 4 2615 3577 3540 3578
2 4 2616 2617 2654 3579
2 4 2616 3542 2617 3579
2 4 2616 2654 2653 3579
2 4 2616 2653 3578 3579
2 4 2616 3541 3542 3579
2 4 2616 3578 3541 3579
2 4 2617 2618 2655 3580
2 4 2617 3543 2618 3580
2 4 2617 2655 2654 3580
2 4 2617 2654 3579 3580
2 4 2617 3542 3543 3580
2 4 2617 3579 3542 3580
2 4 2618 2619 2656 3581
2 4 2618 3544 2619 3581
2 4 2618 2656 2655 3581
2 4 2618 2655 3580 3581
2 4 2618 3543 3544 3581
2 4 2618 3580 3543 3581
2 4 2619 2620 2657 3582
2 4 2619 3545 2620 3582
2 4 2619 2657 2656 3582
2 4 2619 2656 3581 3582
2 4 2619 3544 3545 3582
2 4 2619 3581 3544 3582
2 4 2620 2621 2658 3583
2 4 2620 3546 2621 3583
2 4 2620 2658 2657 3583
2 4 2620 2657 3582 3583
2 4 2620 3545 3546 3583
2 4 2620 3582 3545 3583
2 4 2621 2622 2659 3584
2 4 2621 3547 2622 3584
2 4 2621 2659 2658 3584
2 4 2621 2658 3583 3584
2 4 2621 3546 3547 3584
2 4 2621 3583 3546 3584
2 4 2622 2623 2660 3585
2 4 2622 3548 2623 3585
2 4 2622 2660 2659 3585
2 4 2622 2659 3584 3585
2 4 2622 3547 3548 3585
2 4 2622 3584 3547 3585
2 4 2623 2624 2661 3586
2 4 2623 3549 2624 3586
2 4 2623 2661 2660 3586
2 4 2623 2660 3585 3586
2 4 2623 3548 3549 3586
2 4 2623 3585 3548 3586
2 4 2624 2625 2662 3587
2 4 2624 3550 2625 3587
2 4 2624 2662 2661 3587
2 4 2624 2661 3586 3587
2 4 2624 3549 3550 3587
2 4 2624 3586 3549 3587
2 4 2625 2626 2663 3588
2 4 2625 3551 2626 3588
2 4 2625 2663 2662 3588
2 4 2625 2662 3587 3588
2 4 2625 3550 3551 3588
2 4 2625 3587 3550 3588
2 4 2627 2628 2665 3590
2 4 2627 3553 2628 3590
2 4 2627 2665 2664 3590
2 4 2627 2664 3589 3590
2 4 2627 3552 3553 3590
2 4 2627 3589 3552 3590
2 4 2628 2629 2666 3591
2 4 2628 3554 2629 3591
2 4 2628 2666 2665 3591
2 4 2628 2665 3590 3591
2 4 2628 3553 3554 3591
2 4 2628 3590 3553 3591
2 4 2629 2630 2667 3592
2 4 2629 3555 2630 3592
2 4 2629 2667 2666 3592
2 4 2629 2666 3591 3592
2 4 2629 3554 3555 3592
2 4 2629 3591 3554 3592
2 4 2630 2631 2668 3593
2 4 2630 3556 2631 3593
2 4 2630 2668 2667 3593
2 4 2630 2667 3592 3593
2 4 2630 3555 3556 3593
2 4 2630 3592 3555 3593
2 4 2631 2632 2669 3594
2 4 2631 3557 2632 3594
2 4 2631 2669 2668 3594
2 4 2631 2668 3593 3594
2 4 2631 3556 3557 3594
2 4 2631 3593 3556 3594
2 4 2632 2633 2670 3595
2 4 2632 3558 2633 3595
2 4 2632 2670 2669 3595
2 4 2632 2669 3594 3595
2 4 2632 3557 3558 3595
2 4 2632 3594 3557 3595
2 4 2633 2634 2671 3596
2 4 2633 3559 2634 3596
2 4 2633 2671 2670 3596
2 4 2633 2670 3595 3596
2 4 2633 3558 3559 3596
2 4 2633 3595 3558 3596
2 4 2634 2635 2672 3597
2 4 2634 3560 2635 3597
2 4 2634 2672 2671 3597
2 4 2634 2671 3596 3597
2 4 2634 3559 3560 3597
2 4 2634 3596 3559 3597
2 4 2635 2636 2673 3598
2 4 2635 3561 2636 3598
2 4 2635 2673 2672 3598
2 4 2635 2672 3597 3598
2 4 2635 3560 3561 3598
2 4 2635 3597 3560 3598
2 4 2636 2637 2674 3599
2 4 2636 3562 2637 3599
2 4 2636 2674 2673 3599
2 4 2636 2673 3598 3599
2 4 2636 3561 3562 3599
2 4 2636 3598 3561 3599
2 4 2637 2638 2675 3600
2 4 2637 3563 2638 3600
2 4 2637 2675 2674 3600
2 4 2637 2674 3599 3600
2 4 2637 3562 3563 3600
2 4 2637 3599 3562 3600
2 4 2638 2639 2676 3601
2 4 2638 3564 2639 3601
2 4 2638 2676 2675 3601
2 4 2638 2675 3600 3601
2 4 2638 3563 3564 3601
2 4 2638 3600 3563 3601
2 4 2639 2640 2677 3602
2 4 2639 3565 2640 3602
2 4 2639 2677 2676 3602
2 4 2639 2676 3601 3602
2 4 2639 3564 3565 3602
2 4 2639 3601 3564 3602
2 4 2640 2641 2678 3603
2 4 2640 3566 2641 3603
2 4 2640 2678 2677 3603
2 4 2640 2677 3602 3603
2 4 2640 3565 3566 3603
2 4 2640 3602 3565 3603
2 4 2641 2642 2679 3604
2 4 2641 3567 2642 3604
2 4 2641 2679 2678 3604
2 4 2641 2678 3603 3604
2 4 2641 3566 3567 3604
2 4 2641 3603 3566 3604
2 4 2642 2643 2680 3605
2 4 2642 3568 2643 3605
2 4 2642 2680 2679 3605
2 4 2642 2679 3604 3605
2 4 2642 3567 3568 3605
2 4 2642 3604 3567 3605
2 4 2643 2644 2681 3606
2 4 2643 3569 2644 3606
2 4 2643 2681 2680 3606
2 4 2643 2680 3605 3606
2 4 2643 3568 3569 3606
2 4 2643 3605 3568 3606
2 4 2644 2645 2682 3607
2 4 2644 3570 2645 3607
2 4 2644 2682 2681 3607
2 4 2644 2681 3606 3607
2 4 2644 3569 3570 3607
2 4 2644 3606 3569 3607
2 4 2645 2646 2683 3608
2 4 2645 3571 2646 3608
2 4 2645 2683 2682 3608
2 4 2645 2682 3607 3608
2 4 2645 3570 3571 3608
2 4 2645 3607 3570 3608
2 4 2646 2647 2684 3609
2 4 2646 3572 2647 3609
2 4 2646 2684 2683 3609
2 4 2646 2683 3608 3609
2 4 2646 3571 3572 3609
2 4 2646 3608 3571 3609
2 4 2647 2648 2685 3610
2 4 2647 3573 2648 3610
2 4 2647 2685 2684 3610
2 4 2647 2684 3609 3610
2 4 2647 3572 3573 3610
2 4 2647 3609 3572 3610
2 4 2648 2649 2686 3611
2 4 2648 3574 2649 3611
2 4 2648 2686 2685 3611
2 4 2648 2685 3610 3611
2 4 2648 3573 3574 3611
2 4 2648 3610 3573 3611
2 4 2649 2650 2687 3612
2 4 2649 3575 2650 3612
2 4 2649 2687 2686 3612
2 4 2649 2686 3611 3612
2 4 2649 3574 3575 3612
2 4 2649 3611 3574 3612
2 4 2650 2651 2688 3613
2 4 2650 3576 2651 3613
2 4 2650 2688 2687 3613
2 4 2650 2687 3612 3613
2 4 2650 3575 3576 3613
2 4 2650 3612 3575 3613
2 4 2651 2652 2689 3614
2 4 2651 3577 2652 3614
2 4 2651 2689 2688 3614
2 4 2651 2688 3613 3614
2 4 2651 3576 3577 3614
2 4 2651 3613 3576 3614
2 4 2652 2653 2690 3615
2 4 2652 3578 2653 3615
2 4 2652 2690 2689 3615
2 4 2652 2689 3614 3615
2 4 2652 3577 3578 3615
2 4 2652 3614 3577 3615
2 4 2653 2654 2691 3616
2 4 2653 3579 2654 3616
2 4 2653 2691 2690 3616
2 4 2653 2690 3615 3616
2 4 2653 3578 3579 3616
2 4 2653 3615 3578 3616
2 4 2654 2655 2692 3617
2 4 2654 3580 2655 3617
2 4 2654 2692 2691 3617
2 4 2654 2691 3616 3617
2 4 2654 3579 3580 3617
2 4 2654 3616 3579 3617
2 4 2655 2656 2693 3618
2 4 2655 3581 2656 3618
2 4 2655 2693 2692 3618
2 4 2655 2692 3617 3618
2 4 2655 3580 3581 3618
2 4 2655 3617 3580 3618
2 4 2656 2657 2694 3619
2 4 2656 3582 2657 3619
2 4 2656 2694 2693 3619
2 4 2656 2693 3618 3619
2 4 2656 3581 3582 3619
2 4 2656 3618 3581 3619
2 4 2657 2658 2695 3620
2 4 2657 3583 2658 3620
2 4 2657 2695 2694 3620
2 4 2657 2694 3619 3620
2 4 2657 3582 3583 3620
2 4 2657 3619 3582 3620
2 4 2658 2659 2696 3621
2 4 2658 3584 2659 3621
2 4 2658 2696 2695 3621
2 4 2658 2695 3620 3621
2 4 2658 3583 3584 3621
2 4 2658 3620 3583 3621
2 4 2659 2660 2697 3622
2 4 2659 3585 2660 3622
2 4 2659 2697 2696 3622
2 4 2659 2696 3621 3622
2 4 2659 3584 3585 3622
2 4 2659 3621 3584 3622
2 4 2660 2661 2698 3623
2 4 2660 3586 2661 3623
2 4 2660 2698 2697 3623
2 4 2660 2697 3622 3623
2 4 2660 3585 3586 3623
2 4 2660 3622 3585 3623
2 4 2661 2662 2699 3624
2 4 2661 3587 2662 3624
2 4 2661 2699 2698 3624
2 4 2661 2698 3623 3624
2 4 2661 3586 3587 3624
2 4 2661 3623 3586 3624
2 4 2662 2663 2700 3625
2 4 2662 3588 2663 3625
2 4 2662 2700 2699 3625
2 4 2662 2699 3624 3625
2 4 2662 3587 3588 3625
2 4 2662 3624 3587 3625
2 4 2664 2665 2702 3627
2 4 2664 3590 2665 3627
2 4 2664 2702 2701 3627
2 4 2664 2701 3626 3627
2 4 2664 3589 3590 3627
2 4 2664 3626 3589 3627
2 4 2665 2666 2703 3628
2 4 2665 3591 2666 3628
2 4 2665 2703 2702 3628
2 4 2665 2702 3627 3628
2 4 2665 3590 3591 3628
2 4 2665 3627 3590 3628
2 4 2666 2667 2704 3629
2 4 2666 3592 2667 3629
2 4 2666 2704 2703 3629
2 4 2666 2703 3628 3629
2 4 2666 3591 3592 3629
2 4 2666 3628 3591 3629
2 4 2667 2668 2705 3630
2 4 2667 3593 2668 3630
2 4 2667 2705 2704 3630
2 4 2667 2704 3629 3630
2 4 2667 3592 3593 3630
2 4 2667 3629 3592 3630
2 4 2668 2669 2706 3631
2 4 2668 3594 2669 3631
2 4 2668 2706 2705 3631
2 4 2668 2705 3630 3631
2 4 2668 3593 3594 3631
2 4 2668 3630 3593 3631
2 4 2669 2670 2707 3632
2 4 2669 3595 2670 3632
2 4 2669 2707 2706 3632
2 4 2669 2706 3631 3632
2 4 2669 3594 3595 3632
2 4 2669 3631 3594 3632
2 4 2670 2671 2708 3633
2 4 2670 3596 2671 3633
2 4 2670 2708 2707 3633
2 4 2670 2707 3632 3633
2 4 2670 3595 3596 3633
2 4 2670 3632 3595 3633
2 4 2671 2672 2709 3634
2 4 2671 3597 2672 3634
2 4 2671 2709 2708 3634
2 4 2671 2708 3633 3634
2 4 2671 3596 3597 3634
2 4 2671 3633 3596 3634
2 4 2672 2673 2710 3635
2 4 2672 3598 2673 3635
2 4 2672 2710 2709 3635
2 4 2672 2709 3634 3635
2 4 2672 3597 3598 3635
2 4 2672 3634 3597 3635
2 4 2673 2674 2711 3636
2 4 2673 3599 2674 3636
2 4 2673 2711 2710 3636
2 4 2673 2710 3635 3636
2 4 2673 3598 3599 3636
2 4 2673 3635 3598 3636
2 4 2674 2675 2712 3637
2 4 2674 3600 2675 3637
2 4 2674 2712 2711 3637
2 4 2674 2711 3636 3637
2 4 2674 3599 3600 3637
2 4 2674 3636 3599 3637
2 4 2675 2676 2713 3638
2 4 2675 3601 2676 3638
2 4 2675 2713 2712 3638
2 4 2675 2712 3637 3638
2 4 2675 3600 3601 3638
2 4 2675 3637 3600 3638
2 4 2676 2677 2714 3639
2 4 2676 3602 2677 3639
2 4 2676 2714 2713 3639
2 4 2676 2713 3638 3639
2 4 2676 3601 3602 3639
2 4 2676 3638 3601 3639
2 4 2677 2678 2715 3640
2 4 2677 3603 2678 3640
2 4 2677 2715 2714 3640
2 4 2677 2714 3639 3640
2 4 2677 3602 3603 3640
2 4 2677 3639 3602 3640
2 4 2678 2679 2716 3641
2 4 2678 3604 2679 3641
2 4 2678 2716 2715 3641
2 4 2678 2715 3640 3641
2 4 2678 3603 3604 3641
2 4 2678 3640 3603 3641
2 4 2679 2680 2717 3642
2 4 2679 3605 2680 3642
2 4 2679 2717 2716 3642
2 4 2679 2716 3641 3642
2 4 2679 3604 3605 3642
2 4 2679 3641 3604 3642
2 4 2680 2681 2718 3643
2 4 2680 3606 2681 3643
2 4 2680 2718 2717 3643
2 4 2680 2717 3642 3643
2 4 2680 3605 3606 3643
2 4 2680 3642 3605 3643
2 4 2681 2682 2719 3644
2 4 2681 3607 2682 3644
2 4 2681 2719 2718 3644
2 4 2681 2718 3643 3644
2 4 2681 3606 3607 3644
2 4 2681 3643 3606 3644
2 4 2682 2683 2720 3645
2 4 2682 3608 2683 3645
2 4 2682 2720 2719 3645
2 4 2682 2719 3644 3645
2 4 2682 3607 3608 3645
2 4 2682 3644 3607 3645
2 4 2683 2684 2721 3646
2 4 2683 3609 2684 3646
2 4 2683 2721 2720 3646
2 4 2683 2720 3645 3646
2 4 2683 3608 3609 3646
2 4 2683 3645 3608 3646
2 4 2684 2685 2722 3647
2 4 2684 3610 2685 3647
2 4 2684 2722 2721 3647
2 4 2684 2721 3646 3647
2 4 2684 3609 3610 3647
2 4 2684 3646 3609 3647
2 4 2685 2686 2723 3648
2 4 2685 3611 2686 3648
2 4 2685 2723 2722 3648
2 4 2685 2722 3647 3648
2 4 2685 3610 3611 3648
2 4 2685 3647 3610 3648
2 4 2686 2687 2724 3649
2 4 2686 3612 2687 3649
2 4 2686 2724 2723 3649
2 4 2686 2723 3648 3649
2 4 2686 3611 3612 3649
2 4 2686 3648 3611 3649
2 4 2687 2688 2725 3650
2 4 2687 3613 2688 3650
2 4 2687 2725 2724 3650
2 4 2687 2724 3649 3650
2 4 2687 3612 3613 3650
2 4 2687 3649 3612 3650
2 4 2688 2689 2726 3651
2 4 2688 3614 2689 3651
2 4 2688 2726 2725 3651
2 4 2688 2725 3650 3651
2 4 2688 3613 3614 3651
2 4 2688 3650 3613 3651
2 4 2689 2690 2727 3652
2 4 2689 3615 2690 3652
2 4 2689 2727 2726 3652
2 4 2689 2726 3651 3652
2 4 2689 3614 3615 3652
2 4 2689 3651 3614 3652
2 4 2690 2691 2728 3653
2 4 2690 3616 2691 3653
2 4 2690 2728 2727 3653
2 4 2690 2727 3652 3653
2 4 2690 3615 3616 3653
2 4 2690 3652 3615 3653
2 4 2691 2692 2729 3654
2 4 2691 3617 2692 3654
2 4 2691 2729 2728 3654
2 4 2691 2728 3653 3654
2 4 2691 3616 3617 3654
2 4 2691 3653 3616 3654
2 4 2692 2693 2730 3655
2 4 2692 3618 2693 3655
2 4 2692 2730 2729 3655
2 4 2692 2729 3654 3655
2 4 2692 3617 3618 3655
2 4 2692 3654 3617 3655
2 4 2693 2694 2731 3656
2 4 2693 3619 2694 3656
2 4 2693 2731 2730 3656
2 4 2693 2730 3655 3656
2 4 2693 3618 3619 3656
2 4 2693 3655 3618 3656
2 4 2694 2695 2732 3657
2 4 2694 3620 2695 3657
2 4 2694 2732 2731 3657
2 4 2694 2731 3656 3657
2 4 2694 3619 3620 3657
2 4 2694 3656 3619 3657
2 4 2695 2696 2733 3658
2 4 2695 3621 2696 3658
2 4 2695 2733 2732 3658
2 4 2695 2732 3657 3658
2 4 2695 3620 3621 3658
2 4 2695 3657 3620 3658
2 4 2696 2697 2734 3659
2 4 2696 3622 2697 3659
2 4 2696 2734 2733 3659
2 4 2696 2733 3658 3659
2 4 2696 3621 3622 3659
2 4 2696 3658 3621 3659
2 4 2697 2698 2735 3660
2 4 2697 3623 2698 3660
2 4 2697 2735 2734 3660
2 4 2697 2734 3659 3660
2 4 2697 3622 3623 3660
2 4 2697 3659 3622 3660
2 4 2698 2699 2736 3661
2 4 2698 3624 2699 3661
2 4 2698 2736 2735 3661
2 4 2698 2735 3660 3661
2 4 2698 3623 3624 3661
2 4 2698 3660 3623 3661
2 4 2699 2700 2737 3662
2 4 2699 3625 2700 3662
2 4 2699 2737 2736 3662
2 4 2699 2736 3661 3662
2 4 2699 3624 3625 3662
2 4 2699 3661 3624 3662
2 4 2701 2702 2739 3664
2 4 2701 3627 2702 3664
2 4 2701 2739 2738 3664
2 4 2701 2738 3663 3664
2 4 2701 3626 3627 3664
2 4 2701 3663 3626 3664
2 4 2702 2703 2740 3665
2 4 2702 3628 2703 3665
2 4 2702 2740 2739 3665
2 4 2702 2739 3664 3665
2 4 2702 3627 3628 3665
2 4 2702 3664 3627 3665
2 4 2703 2704 2741 3666
2 4 2703 3629 2704 3666
2 4 2703 2741 2740 3666
2 4 2703 2740 3665 3666
2 4 2703 3628 3629 3666
2 4 2703 3665 3628 3666
2 4 2704 2705 2742 3667
2 4 2704 3630 2705 3667
2 4 2704 2742 2741 3667
2 4 2704 2741 3666 3667
2 4 2704 3629 3630 3667
2 4 2704 3666 3629 3667
2 4 2705 2706 2743 3668
2 4 2705 3631 2706 3668
2 4 2705 2743 2742 3668
2 4 2705 2742 3667 3668
2 4 2705 3630 3631 3668
2 4 2705 3667 3630 3668
2 4 2706 2707 2744 3669
2 4 2706 3632 2707 3669
2 4 2706 2744 2743 3669
2 4 2706 2743 3668 3669
2 4 2706 3631 3632 3669
2 4 2706 3668 3631 3669
2 4 2707 2708 2745 3670
2 4 2707 3633 2708 3670
2 4 2707 2745 2744 3670
2 4 2707 2744 3669 3670
2 4 2707 3632 3633 3670
2 4 2707 3669 3632 3670
2 4 2708 2709 2746 3671
2 4 2708 3634 2709 3671
2 4 2708 2746 2745 3671
2 4 2708 2745 3670 3671
2 4 2708 3633 3634 3671
2 4 2708 3670 3633 3671
2 4 2709 2710 2747 3672
2 4 2709 3635 2710 3672
2 4 2709 2747 2746 3672
2 4 2709 2746 3671 3672
2 4 2709 3634 3635 3672
2 4 2709 3671 3634 3672
2 4 2710 2711 2748 3673
2 4 2710 3636 2711 3673
2 4 2710 2748 2747 3673
2 4 2710 2747 3672 3673
2 4 2710 3635 3636 3673
2 4 2710 3672 3635 3673
2 4 2711 2712 2749 3674
2 4 2711 3637 2712 3674
2 4 2711 2749 2748 3674
2 4 2711 2748 3673 3674
2 4 2711 3636 3637 3674
2 4 2711 3673 3636 3674
2 4 2712 2713 2750 3675
2 4 2712 3638 2713 3675
2 4 2712 2750 2749 3675
2 4 2712 2749 3674 3675
2 4 2712 3637 3638 3675
2 4 2712 3674 3637 3675
2 4 2713 2714 2751 3676
2 4 2713 3639 2714 3676
2 4 2713 2751 2750 3676
2 4 2713 2750 3675 3676
2 4 2713 3638 3639 3676
2 4 2713 3675 3638 3676
2 4 2714 2715 2752 3677
2 4 2714 3640 2715 3677
2 4 2714 2752 2751 3677
2 4 2714 2751 3676 3677
2 4 2714 3639 3640 3677
2 4 2714 3676 3639 3677
2 4 2715 2716 2753 3678
2 4 2715 3641 2716 3678
2 4 2715 2753 2752 3678
2 4 2715 2752 3677 3678
2 4 2715 3640 3641 3678
2 4 2715 3677 3640 3678
2 4 2716 2717 2754 3679
2 4 2716 3642 2717 3679
2 4 2716 2754 2753 3679
2 4 2716 2753 3678 3679
2 4 2716 3641 3642 3679
2 4 2716 3678 3641 3679
2 4 2717 2718 2755 3680
2 4 2717 3643 2718 3680
2 4 2717 2755 2754 3680
2 4 2717 2754 3679 3680
2 4 2717 3642 3643 3680
2 4 2717 3679 3642 3680
2 4 2718 2719 2756 3681
2 4 2718 3644 2719 3681
2 4 2718 2756 2755 3681
2 4 2718 2755 3680 3681
2 4 2718 3643 3644 3681
2 4 2718 3680 3643 3681
2 4 2719 2720 2757 3682
2 4 2719 3645 2720 3682
2 4 2719 2757 2756 3682
2 4 2719 2756 3681 3682
2 4 2719 3644 3645 3682
2 4 2719 3681 3644 3682
2 4 2720 2721 2758 3683
2 4 2720 3646 2721 3683
2 4 2720 2758 2757 3683
2 4 2720 2757 3682 3683
2 4 2720 3645 3646 3683
2 4 2720 3682 3645 3683
2 4 2721 2722 2759 3684
2 4 2721 3647 2722 3684
2 4 2721 2759 2758 3684
2 4 2721 2758 3683 3684
2 4 2721 3646 3647 3684
2 4 2721 3683 3646 3684
2 4 2722 2723 2760 3685
2 4 2722 3648 2723 3685
2 4 2722 2760 2759 3685
2 4 2722 2759 3684 3685
2 4 2722 3647 3648 3685
2 4 2722 3684 3647 3685
2 4 2723 2724 2761 3686
2 4 2723 3649 2724 3686
2 4 2723 2761 2760 3686
2 4 2723 2760 3685 3686
2 4 2723 3648 3649 3686
2 4 2723 3685 3648 3686
2 4 2724 2725 2762 3687
2 4 2724 3650 2725 3687
2 4 2724 2762 2761 3687
2 4 2724 2761 3686 3687
2 4 2724 3649 3650 3687
2 4 2724 3686 3649 3687
2 4 2725 2726 2763 3688
2 4 2725 3651 2726 3688
2 4 2725 2763 2762 3688
2 4 2725 2762 3687 3688
2 4 2725 3650 3651 3688
2 4 2725 3687 3650 3688
2 4 2726 2727 2764 3689
2 4 2726 3652 2727 3689
2 4 2726 2764 2763 3689
2 4 2726 2763 3688 3689
2 4 2726 3651 3652 3689
2 4 2726 3688 3651 3689
2 4 2727 2728 2765 3690
2 4 2727 3653 2728 3690
2 4 2727 2765 2764 3690
2 4 2727 2764 3689 3690
2 4 2727 3652 3653 3690
2 4 2727 3689 3652 3690
2 4 2728 2729 2766 3691
2 4 2728 3654 2729 3691
2 4 2728 2766 2765 3691
2 4 2728 2765 3690 3691
2 4 2728 3653 3654 3691
2 4 2728 3690 3653 3691
2 4 2729 2730 2767 3692
2 4 2729 3655 2730 3692
2 4 2729 2767 2766 3692
2 4 2729 2766 3691 3692
2 4 2729 3654 3655 3692
2 4 2729 3691 3654 3692
2 4 2730 2731 2768 3693
2 4 2730 3656 2731 3693
2 4 2730 2768 2767 3693
2 4 2730 2767 3692 3693
2 4 2730 3655 3656 3693
2 4 2730 3692 3655 3693
2 4 2731 2732 2769 3694
2 4 2731 3657 2732 3694
2 4 2731 2769 2768 3694
2 4 2731 2768 3693 3694
2 4 2731 3656 3657 3694
2 4 2731 3693 3656 3694
2 4 2732 2733 2770 3695
2 4 2732 3658 2733 3695
2 4 2732 2770 2769 3695
2 4 2732 2769 3694 3695
2 4 2732 3657 3658 3695
2 4 2732 3694 3657 3695
2 4 2733 2734 2771 3696
2 4 2733 3659 2734 3696
2 4 2733 2771 2770 3696
2 4 2733 2770 3695 3696
2 4 2733 3658 3659 3696
2 4 2733 3695 3658 3696
2 4 2734 2735 2772 3697
2 4 2734 3660 2735 3697
2 4 2734 2772 2771 3697
2 4 2734 2771 3696 3697
2 4 2734 3659 3660 3697
2 4 2734 3696 3659 3697
2 4 2735 2736 2773 3698
2 4 2735 3661 2736 3698
2 4 2735 2773 2772 3698
2 4 2735 2772 3697 3698
2 4 2735 3660 3661 3698
2 4 2735 3697 3660 3698
2 4 2736 2737 2774 3699
2 4 2736 3662 2737 3699
2 4 2736 2774 2773 3699
2 4 2736 2773 3698 3699
2 4 2736 3661 3662 3699
2 4 2736 3698 3661 3699

boundary
4296
20 2 0 1 38
12 2 0 1 926
20 2 0 37 38
12 2 0 37 962
12 2 0 925 926
12 2 0 925 962
20 2 1 2 39
12 2 1 2 927
20 2 1 38 39
12 2 1 926 927
20 2 2 3 40
12 2 2 3 928
20 2 2 39 40
12 2 2 927 928
20 2 3 4 41
12 2 3 4 929
20 2 3 40 41
12 2 3 928 929
20 2 4 5 42
12 2 4 5 930
20 2 4 41 42
12 2 4 929 930
20 2 5 6 43
12 2 5 6 931
20 2 5 42 43
12 2 5 930 931
20 2 6 7 44
12 2 6 7 932
20 2 6 43 44
12 2 6 931 932
20 2 7 8 45
12 2 7 8 933
20 2 7 44 45
12 2 7 932 933
20 2 8 9 46
12 2 8 9 934
20 2 8 45 46
12 2 8 933 934
20 2 9 10 47
12 2 9 10 935
20 2 9 46 47
12 2 9 934 935
20 2 10 11 48
12 2 10 11 936
20 2 10 47 48
12 2 10 935 936
20 2 11 12 49
12 2 11 12 937
20 2 11 48 49
12 2 11 936 937
20 2 12 13 50
12 2 12 13 938
20 2 12 49 50
12 2 12 937 938
20 2 13 14 51
12 2 13 14 939
20 2 13 50 51
12 2 13 938 939
20 2 14 15 52
12 2 14 15 940
20 2 14 51 52
12 2 14 939 940
20 2 15 16 53
12 2 15 16 941
20 2 15 52 53
12 2 15 940 941
20 2 16 17 54
12 2 16 17 942
20 2 16 53 54
12 2 16 941 942
20 2 17 18 55
12 2 17 18 943
20 2 17 54 55
12 2 17 942 943
20 2 18 19 56
12 2 18 19 944
20 2 18 55 56
12 2 18 943 944
20 2 19 20 57
12 2 19 20 945
20 2 19 56 57
12 2 19 944 945
20 2 20 21 58
12 2 20 21 946
20 2 20 57 58
12 2 20 945 946
20 2 21 22 59
12 2 21 22 947
20 2 21 58 59
12 2 21 946 947
20 2 22 23 60
12 2 22 23 948
20 2 22 59 60
12 2 22 947 948
20 2 23 24 61
12 2 23 24 949
20 2 23 60 61
12 2 23 948 949
20 2 24 25 62
12 2 24 25 950
20 2 24 61 62
12 2 24 949 950
20 2 25 26 63
12 2 25 26 951
20 2 25 62 63
12 2 25 950 951
20 2 26 27 64
12 2 26 27 952
20 2 26 63 64
12 2 26 951 952
20 2 27 28 65
12 2 27 28 953
20 2 27 64 65
12 2 27 952 953
20 2 28 29 66
12 2 28 29 954
20 2 28 65 66
12 2 28 953 954
20 2 29 30 67
12 2 29 30 955
20 2 29 66 67
12 2 29 954 955
20 2 30 31 68
12 2 30 31 956
20 2 30 67 68
12 2 30 955 956
20 2 31 32 69
12 2 31 32 957
20 2 31 68 69
12 2 31 956 957
20 2 32 33 70
12 2 32 33 958
20 2 32 69 70
12 2 32 957 958
20 2 33 34 71
12 2 33 34 959
20 2 33 70 71
12 2 33 958 959
20 2 34 35 72
12 2 34 35 960
20 2 34 71 72
12 2 34 959 960
12 2 36 73 998
20 2 35 36 73
12 2 36 961 998
12 2 35 36 961
20 2 35 72 73
12 2 35 960 961
20 2 37 38 75
20 2 37 74 75
12 2 37 74 999
12 2 37 962 999
20 2 38 39 76
20 2 38 75 76
20 2 39 40 77
20 2 39 76 77
20 2 40 41 78
20 2 40 77 78
20 2 41 42 79
20 2 41 78 79
20 2 42 43 80
20 2 42 79 80
20 2 43 44 81
20 2 43 80 81
20 2 44 45 82
20 2 44 81 82
20 2 45 46 83
20 2 45 82 83
20 2 46 47 84
20 2 46 83 84
20 2 47 48 85
20 2 47 84 85
20 2 48 49 86
20 2 48 85 86
20 2 49 50 87
20 2 49 86 87
20 2 50 51 88
20 2 50 87 88
20 2 51 52 89
20 2 51 88 89
20 2 52 53 90
20 2 52 89 90
20 2 53 54 91
20 2 53 90 91
20 2 54 55 92
20 2 54 91 92
20 2 55 56 93
20 2 55 92 93
20 2 56 57 94
20 2 56 93 94
20 2 57 58 95
20 2 57 94 95
20 2 58 59 96
20 2 58 95 96
20 2 59 60 97
20 2 59 96 97
20 2 60 61 98
20 2 60 97 98
20 2 61 62 99
20 2 61 98 99
20 2 62 63 100
20 2 62 99 100
20 2 63 64 101
20 2 63 100 101
20 2 64 65 102
20 2 64 101 102
20 2 65 66 103
20 2 65 102 103
20 2 66 67 104
20 2 66 103 104
20 2 67 68 105
20 2 67 104 105
20 2 68 69 106
20 2 68 105 106
20 2 69 70 107
20 2 69 106 107
20 2 70 71 108
20 2 70 107 108
20 2 71 72 109
20 2 71 108 109
12 2 73 110 1035
20 2 72 73 110
12 2 73 998 1035
20 2 72 109 110
20 2 74 75 112
20 2 74 111 112
12 2 74 111 1036
12 2 74 999 1036
20 2 75 76 113
20 2 75 112 113
20 2 76 77 114
20 2 76 113 114
20 2 77 78 115
20 2 77 114 115
20 2 78 79 116
20 2 78 115 116
20 2 79 80 117
20 2 79 116 117
20 2 80 81 118
20 2 80 117 118
20 2 81 82 119
20 2 81 118 119
20 2 82 83 120
20 2 82 119 120
20 2 83 84 121
20 2 83 120 121
20 2 84 85 122
20 2 84 121 122
20 2 85 86 123
20 2 85 122 123
20 2 86 87 124
20 2 86 123 124
20 2 87 88 125
20 2 87 124 125
20 2 88 89 126
20 2 88 125 126
20 2 89 90 127
20 2 89 126 127
20 2 90 91 128
20 2 90 127 128
20 2 91 92 129
20 2 91 128 129
20 2 92 93 130
20 2 92 129 130
20 2 93 94 131
20 2 93 130 131
20 2 94 95 132
20 2 94 131 132
20 2 95 96 133
20 2 95 132 133
20 2 96 97 134
20 2 96 133 134
20 2 97 98 135
20 2 97 134 135
20 2 98 99 136
20 2 98 135 136
20 2 99 100 137
20 2 99 136 137
20 2 100 101 138
20 2 100 137 138
20 2 101 102 139
20 2 101 138 139
20 2 102 103 140
20 2 102 139 140
20 2 103 104 141
20 2 103 140 141
20 2 104 105 142
20 2 104 141 142
20 2 105 106 143
20 2 105 142 143
20 2 106 107 144
20 2 106 143 144
20 2 107 108 145
20 2 107 144 145
20 2 108 109 146
20 2 108 145 146
12 2 110 147 1072
20 2 109 110 147
12 2 110 1035 1072
20 2 109 146 147
20 2 111 112 149
20 2 111 148 149
12 2 111 148 1073
12 2 111 1036 1073
20 2 112 113 150
20 2 112 149 150
20 2 113 114 151
20 2 113 150 151
20 2 114 115 152
20 2 114 151 152
20 2 115 116 153
20 2 115 152 153
20 2 116 117 154
20 2 116 153 154
20 2 117 118 155
20 2 117 154 155
20 2 118 119 156
20 2 118 155 156
20 2 119 120 157
20 2 119 156 157
20 2 120 121 158
20 2 120 157 158
20 2 121 122 159
20 2 121 158 159
20 2 122 123 160
20 2 122 159 160
20 2 123 124 161
20 2 123 160 161
20 2 124 125 162
20 2 124 161 162
20 2 125 126 163
20 2 125 162 163
20 2 126 127 164
20 2 126 163 164
20 2 127 128 165
20 2 127 164 165
20 2 128 129 166
20 2 128 165 166
20 2 129 130 167
20 2 129 166 167
20 2 130 131 168
20 2 130 167 168
20 2 131 132 169
20 2 131 168 169
20 2 132 133 170
20 2 132 169 170
20 2 133 134 171
20 2 133 170 171
20 2 134 135 172
20 2 134 171 172
20 2 135 136 173
20 2 135 172 173
20 2 136 137 174
20 2 136 173 174
20 2 137 138 175
20 2 137 174 175
20 2 138 139 176
20 2 138 175 176
20 2 139 140 177
20 2 139 176 177
20 2 140 141 178
20 2 140 177 178
20 2 141 142 179
20 2 141 178 179
20 2 142 143 180
20 2 142 179 180
20 2 143 144 181
20 2 143 180 181
20 2 144 145 182
20 2 144 181 182
20 2 145 146 183
20 2 145 182 183
12 2 147 184 1109
20 2 146 147 184
12 2 147 1072 1109
20 2 146 183 184
20 2 148 149 186
20 2 148 185 186
12 2 148 185 1110
12 2 148 1073 1110
20 2 149 150 187
20 2 149 186 187
20 2 150 151 188
20 2 150 187 188
20 2 151 152 189
20 2 151 188 189
20 2 152 153 190
20 2 152 189 190
20 2 153 154 191
20 2 153 190 191
20 2 154 155 192
20 2 154 191 192
20 2 155 156 193
20 2 155 192 193
20 2 156 157 194
20 2 156 193 194
20 2 157 158 195
20 2 157 194 195
20 2 158 159 196
20 2 158 195 196
20 2 159 160 197
20 2 159 196 197
20 2 160 161 198
20 2 160 197 198
20 2 161 162 199
20 2 161 198 199
20 2 162 163 200
20 2 162 199 200
20 2 163 164 201
20 2 163 200 201
20 2 164 165 202
20 2 164 201 202
20 2 165 166 203
20 2 165 202 203
20 2 166 167 204
20 2 166 203 204
20 2 167 168 205
20 2 167 204 205
20 2 168 169 206
20 2 168 205 206
20 2 169 170 207
20 2 169 206 207
20 2 170 171 208
20 2 170 207 208
20 2 171 172 209
20 2 171 208 209
20 2 172 173 210
20 2 172 209 210
20 2 173 174 211
20 2 173 210 211
20 2 174 175 212
20 2 174 211 212
20 2 175 176 213
20 2 175 212 213
20 2 176 177 214
20 2 176 213 214
20 2 177 178 215
20 2 177 214 215
20 2 178 179 216
20 2 178 215 216
20 2 179 180 217
20 2 179 216 217
20 2 180 181 218
20 2 180 217 218
20 2 181 182 219
20 2 181 218 219
20 2 182 183 220
20 2 182 219 220
12 2 184 221 1146
20 2 183 184 221
12 2 184 1109 1146
20 2 183 220 221
20 2 185 186 223
20 2 185 222 223
12 2 185 222 1147
12 2 185 1110 1147
20 2 186 187 224
20 2 186 223 224
20 2 187 188 225
20 2 187 224 225
20 2 188 189 226
20 2 188 225 226
20 2 189 190 227
20 2 189 226 227
20 2 190 191 228
20 2 190 227 228
20 2 191 192 229
20 2 191 228 229
20 2 192 193 230
20 2 192 229 230
20 2 193 194 231
20 2 193 230 231
20 2 194 195 232
20 2 194 231 232
20 2 195 196 233
20 2 195 232 233
20 2 196 197 234
20 2 196 233 234
20 2 197 198 235
20 2 197 234 235
20 2 198 199 236
20 2 198 235 236
20 2 199 200 237
20 2 199 236 237
20 2 200 201 238
20 2 200 237 238
20 2 201 202 239
20 2 201 238 239
20 2 202 203 240
20 2 202 239 240
20 2 203 204 241
20 2 203 240 241
20 2 204 205 242
20 2 204 241 242
20 2 205 206 243
20 2 205 242 243
20 2 206 207 244
20 2 206 243 244
20 2 207 208 245
20 2 207 244 245
20 2 208 209 246
20 2 208 245 246
20 2 209 210 247
20 2 209 246 247
20 2 210 211 248
20 2 210 247 248
20 2 211 212 249
20 2 211 248 249
20 2 212 213 250
20 2 212 249 250
20 2 213 214 251
20 2 213 250 251
20 2 214 215 252
20 2 214 251 252
20 2 215 216 253
20 2 215 252 253
20 2 216 217 254
20 2 216 253 254
20 2 217 218 255
20 2 217 254 255
20 2 218 219 256
20 2 218 255 256
20 2 219 220 257
20 2 219 256 257
12 2 221 258 1183
20 2 220 221 258
12 2 221 1146 1183
20 2 220 257 258
20 2 222 223 260
20 2 222 259 260
12 2 222 259 1184
12 2 222 1147 1184
20 2 223 224 261
20 2 223 260 261
20 2 224 225 262
20 2 224 261 262
20 2 225 226 263
20 2 225 262 263
20 2 226 227 264
20 2 226 263 264
20 2 227 228 265
20 2 227 264 265
20 2 228 229 266
20 2 228 265 266
20 2 229 230 267
20 2 229 266 267
20 2 230 231 268
20 2 230 267 268
20 2 231 232 269
20 2 231 268 269
20 2 232 233 270
20 2 232 269 270
20 2 233 234 271
20 2 233 270 271
20 2 234 235 272
20 2 234 271 272
20 2 235 236 273
20 2 235 272 273
20 2 236 237 274
20 2 236 273 274
20 2 237 238 275
20 2 237 274 275
20 2 238 239 276
20 2 238 275 276
20 2 239 240 277
20 2 239 276 277
20 2 240 241 278
20 2 240 277 278
20 2 241 242 279
20 2 241 278 279
20 2 242 243 280
20 2 242 279 280
20 2 243 244 281
20 2 243 280 281
20 2 244 245 282
20 2 244 281 282
20 2 245 246 283
20 2 245 282 283
20 2 246 247 284
20 2 246 283 284
20 2 247 248 285
20 2 247 284 285
20 2 248 249 286
20 2 248 285 286
20 2 249 250 287
20 2 249 286 287
20 2 250 251 288
20 2 250 287 288
20 2 251 252 289
20 2 251 288 289
20 2 252 253 290
20 2 252 289 290
20 2 253 254 291
20 2 253 290 291
20 2 254 255 292
20 2 254 291 292
20 2 255 256 293
20 2 255 292 293
20 2 256 257 294
20 2 256 293 294
12 2 258 295 1220
20 2 257 258 295
12 2 258 1183 1220
20 2 257 294 295
20 2 259 260 297
20 2 259 296 297
12 2 259 296 1221
12 2 259 1184 1221
20 2 260 261 298
20 2 260 297 298
20 2 261 262 299
20 2 261 298 299
20 2 262 263 300
20 2 262 299 300
20 2 263 264 301
20 2 263 300 301
20 2 264 265 302
20 2 264 301 302
20 2 265 266 303
20 2 265 302 303
20 2 266 267 304
20 2 266 303 304
20 2 267 268 305
20 2 267 304 305
20 2 268 269 306
20 2 268 305 306
20 2 269 270 307
20 2 269 306 307
20 2 270 271 308
20 2 270 307 308
20 2 271 272 309
20 2 271 308 309
20 2 272 273 310
20 2 272 309 310
20 2 273 274 311
20 2 273 310 311
20 2 274 275 312
20 2 274 311 312
20 2 275 276 313
20 2 275 312 313
20 2 276 277 314
20 2 276 313 314
20 2 277 278 315
20 2 277 314 315
20 2 278 279 316
20 2 278 315 316
20 2 279 280 317
20 2 279 316 317
20 2 280 281 318
20 2 280 317 318
20 2 281 282 319
20 2 281 318 319
20 2 282 283 320
20 2 282 319 320
20 2 283 284 321
20 2 283 320 321
20 2 284 285 322
20 2 284 321 322
20 2 285 286 323
20 2 285 322 323
20 2 286 287 324
20 2 286 323 324
20 2 287 288 325
20 2 287 324 325
20 2 288 289 326
20 2 288 325 326
20 2 289 290 327
20 2 289 326 327
20 2 290 291 328
20 2 290 327 328
20 2 291 292 329
20 2 291 328 329
20 2 292 293 330
20 2 292 329 330
20 2 293 294 331
20 2 293 330 331
12 2 295 332 1257
20 2 294 295 332
12 2 295 1220 1257
20 2 294 331 332
20 2 296 297 334
20 2 296 333 334
12 2 296 333 1258
12 2 296 1221 1258
20 2 297 298 335
20 2 297 334 335
20 2 298 299 336
20 2 298 335 336
20 2 299 300 337
20 2 299 336 337
20 2 300 301 338
20 2 300 337 338
20 2 301 302 339
20 2 301 338 339
20 2 302 303 340
20 2 302 339 340
20 2 303 304 341
20 2 303 340 341
20 2 304 305 342
20 2 304 341 342
20 2 305 306 343
20 2 305 342 343
20 2 306 307 344
20 2 306 343 344
20 2 307 308 345
20 2 307 344 345
20 2 308 309 346
20 2 308 345 346
20 2 309 310 347
20 2 309 346 347
20 2 310 311 348
20 2 310 347 348
20 2 311 312 349
20 2 311 348 349
20 2 312 313 350
20 2 312 349 350
20 2 313 314 351
20 2 313 350 351
20 2 314 315 352
20 2 314 351 352
20 2 315 316 353
20 2 315 352 353
20 2 316 317 354
20 2 316 353 354
20 2 317 318 355
20 2 317 354 355
20 2 318 319 356
20 2 318 355 356
20 2 319 320 357
20 2 319 356 357
20 2 320 321 358
20 2 320 357 358
20 2 321 322 359
20 2 321 358 359
20 2 322 323 360
20 2 322 359 360
20 2 323 324 361
20 2 323 360 361
20 2 324 325 362
20 2 324 361 362
20 2 325 326 363
20 2 325 362 363
20 2 326 327 364
20 2 326 363 364
20 2 327 328 365
20 2 327 364 365
20 2 328 329 366
20 2 328 365 366
20 2 329 330 367
20 2 329 366 367
20 2 330 331 368
20 2 330 367 368
12 2 332 369 1294
20 2 331 332 369
12 2 332 1257 1294
20 2 331 368 369
20 2 333 334 371
20 2 333 370 371
12 2 333 370 1295
12 2 333 1258 1295
20 2 334 335 372
20 2 334 371 372
20 2 335 336 373
20 2 335 372 373
20 2 336 337 374
20 2 336 373 374
20 2 337 338 375
20 2 337 374 375
20 2 338 339 376
20 2 338 375 376
20 2 339 340 377
20 2 339 376 377
20 2 340 341 378
20 2 340 377 378
20 2 341 342 379
20 2 341 378 379
20 2 342 343 380
20 2 342 379 380
20 2 343 344 381
20 2 343 380 381
20 2 344 345 382
20 2 344 381 382
20 2 345 346 383
20 2 345 382 383
20 2 346 347 384
20 2 346 383 384
20 2 347 348 385
20 2 347 384 385
20 2 348 349 386
20 2 348 385 386
20 2 349 350 387
20 2 349 386 387
20 2 350 351 388
20 2 350 387 388
20 2 351 352 389
20 2 351 388 389
20 2 352 353 390
20 2 352 389 390
20 2 353 354 391
20 2 353 390 391
20 2 354 355 392
20 2 354 391 392
20 2 355 356 393
20 2 355 392 393
20 2 356 357 394
20 2 356 393 394
20 2 357 358 395
20 2 357 394 395
20 2 358 359 396
20 2 358 395 396
20 2 359 360 397
20 2 359 396 397
20 2 360 361 398
20 2 360 397 398
20 2 361 362 399
20 2 361 398 399
20 2 362 363 400
20 2 362 399 400
20 2 363 364 401
20 2 363 400 401
20 2 364 365 402
20 2 364 401 402
20 2 365 366 403
20 2 365 402 403
20 2 366 367 404
20 2 366 403 404
20 2 367 368 405
20 2 367 404 405
12 2 369 406 1331
20 2 368 369 406
12 2 369 1294 1331
20 2 368 405 406
20 2 370 371 408
20 2 370 407 408
12 2 370 407 1332
12 2 370 1295 1332
20 2 371 372 409
20 2 371 408 409
20 2 372 373 410
20 2 372 409 410
20 2 373 374 411
20 2 373 410 411
20 2 374 375 412
20 2 374 411 412
20 2 375 376 413
20 2 375 412 413
20 2 376 377 414
20 2 376 413 414
20 2 377 378 415
20 2 377 414 415
20 2 378 379 416
20 2 378 415 416
20 2 379 380 417
20 2 379 416 417
20 2 380 381 418
20 2 380 417 418
20 2 381 382 419
20 2 381 418 419
20 2 382 383 420
20 2 382 419 420
20 2 383 384 421
20 2 383 420 421
20 2 384 385 422
20 2 384 421 422
20 2 385 386 423
20 2 385 422 423
20 2 386 387 424
20 2 386 423 424
20 2 387 388 425
20 2 387 424 425
20 2 388 389 426
20 2 388 425 426
20 2 389 390 427
20 2 389 426 427
20 2 390 391 428
20 2 390 427 428
20 2 391 392 429
20 2 391 428 429
20 2 392 393 430
20 2 392 429 430
20 2 393 394 431
20 2 393 430 431
20 2 394 395 432
20 2 394 431 432
20 2 395 396 433
20 2 395 432 433
20 2 396 397 434
20 2 396 433 434
20 2 397 398 435
20 2 397 434 435
20 2 398 399 436
20 2 398 435 436
20 2 399 400 437
20 2 399 436 437
20 2 400 401 438
20 2 400 437 438
20 2 401 402 439
20 2 401 438 439
20 2 402 403 440
20 2 402 439 440
20 2 403 404 441
20 2 403 440 441
20 2 404 405 442
20 2 404 441 442
12 2 406 443 1368
20 2 405 406 443
12 2 406 1331 1368
20 2 405 442 443
20 2 407 408 445
20 2 407 444 445
12 2 407 444 1369
12 2 407 1332 1369
20 2 408 409 446
20 2 408 445 446
20 2 409 410 447
20 2 409 446 447
20 2 410 411 448
20 2 410 447 448
20 2 411 412 449
20 2 411 448 449
20 2 412 413 450
20 2 412 449 450
20 2 413 414 451
11 2 450 451 1376
20 2 413 450 451
11 2 450 1375 1376
20 2 414 415 452
11 2 451 452 1377
20 2 414 451 452
11 2 451 1376 1377
20 2 415 416 453
11 2 452 453 1378
20 2 415 452 453
11 2 452 1377 1378
20 2 416 417 454
11 2 453 454 1379
20 2 416 453 454
11 2 453 1378 1379
20 2 417 418 455
11 2 454 455 1380
20 2 417 454 455
11 2 454 1379 1380
20 2 418 419 456
11 2 455 456 1381
20 2 418 455 456
11 2 455 1380 1381
20 2 419 420 457
11 2 456 457 1382
20 2 419 456 457
11 2 456 1381 1382
20 2 420 421 458
11 2 457 458 1383
20 2 420 457 458
11 2 457 1382 1383
20 2 421 422 459
20 2 421 458 459
20 2 422 423 460
20 2 422 459 460
20 2 423 424 461
10 2 460 461 1386
20 2 423 460 461
10 2 460 1385 1386
20 2 424 425 462
10 2 461 462 1387
20 2 424 461 462
10 2 461 1386 1387
20 2 425 426 463
10 2 462 463 1388
20 2 425 462 463
10 2 462 1387 1388
20 2 426 427 464
10 2 463 464 1389
20 2 426 463 464
10 2 463 1388 1389
20 2 427 428 465
20 2 427 464 465
20 2 428 429 466
20 2 428 465 466
20 2 429 430 467
11 2 466 467 1392
20 2 429 466 467
11 2 466 1391 1392
20 2 430 431 468
11 2 467 468 1393
20 2 430 467 468
11 2 467 1392 1393
20 2 431 432 469
11 2 468 469 1394
20 2 431 468 469
11 2 468 1393 1394
20 2 432 433 470
11 2 469 470 1395
20 2 432 469 470
11 2 469 1394 1395
20 2 433 434 471
11 2 470 471 1396
20 2 433 470 471
11 2 470 1395 1396
20 2 434 435 472
11 2 471 472 1397
20 2 434 471 472
11 2 471 1396 1397
20 2 435 436 473
11 2 472 473 1398
20 2 435 472 473
11 2 472 1397 1398
20 2 436 437 474
11 2 473 474 1399
20 2 436 473 474
11 2 473 1398 1399
20 2 437 438 475
20 2 437 474 475
20 2 438 439 476
20 2 438 475 476
20 2 439 440 477
20 2 439 476 477
20 2 440 441 478
20 2 440 477 478
20 2 441 442 479
20 2 441 478 479
12 2 443 480 1405
20 2 442 443 480
12 2 443 1368 1405
20 2 442 479 480
20 2 444 445 482
20 2 444 481 482
12 2 444 481 1406
12 2 444 1369 1406
20 2 445 446 483
20 2 445 482 483
20 2 446 447 484
20 2 446 483 484
20 2 447 448 485
20 2 447 484 485
20 2 448 449 486
20 2 448 485 486
20 2 449 450 487
20 2 449 486 487
20 2 450 451 488
20 2 450 487 488
20 2 451 452 489
20 2 451 488 489
20 2 452 453 490
20 2 452 489 490
20 2 453 454 491
20 2 453 490 491
20 2 454 455 492
20 2 454 491 492
20 2 455 456 493
20 2 455 492 493
20 2 456 457 494
20 2 456 493 494
20 2 457 458 495
20 2 457 494 495
20 2 458 459 496
20 2 458 495 496
20 2 459 460 497
20 2 459 496 497
20 2 460 461 498
20 2 460 497 498
20 2 461 462 499
20 2 461 498 499
20 2 462 463 500
20 2 462 499 500
20 2 463 464 501
20 2 463 500 501
20 2 464 465 502
20 2 464 501 502
20 2 465 466 503
20 2 465 502 503
20 2 466 467 504
20 2 466 503 504
20 2 467 468 505
20 2 467 504 505
20 2 468 469 506
20 2 468 505 506
20 2 469 470 507
20 2 469 506 507
20 2 470 471 508
20 2 470 507 508
20 2 471 472 509
20 2 471 508 509
20 2 472 473 510
20 2 472 509 510
20 2 473 474 511
20 2 473 510 511
20 2 474 475 512
20 2 474 511 512
20 2 475 476 513
20 2 475 512 513
20 2 476 477 514
20 2 476 513 514
20 2 477 478 515
20 2 477 514 515
20 2 478 479 516
20 2 478 515 516
12 2 480 517 1442
20 2 479 480 517
12 2 480 1405 1442
20 2 479 516 517
20 2 481 482 519
20 2 481 518 519
12 2 481 518 1443
12 2 481 1406 1443
20 2 482 483 520
20 2 482 519 520
20 2 483 484 521
20 2 483 520 521
20 2 484 485 522
20 2 484 521 522
20 2 485 486 523
20 2 485 522 523
20 2 486 487 524
20 2 486 523 524
20 2 487 488 525
20 2 487 524 525
20 2 488 489 526
20 2 488 525 526
20 2 489 490 527
20 2 489 526 527
20 2 490 491 528
20 2 490 527 528
20 2 491 492 529
20 2 491 528 529
20 2 492 493 530
20 2 492 529 530
20 2 493 494 531
20 2 493 530 531
20 2 494 495 532
20 2 494 531 532
20 2 495 496 533
20 2 495 532 533
20 2 496 497 534
20 2 496 533 534
20 2 497 498 535
20 2 497 534 535
20 2 498 499 536
20 2 498 535 536
20 2 499 500 537
20 2 499 536 537
20 2 500 501 538
20 2 500 537 538
20 2 501 502 539
20 2 501 538 539
20 2 502 503 540
20 2 502 539 540
20 2 503 504 541
20 2 503 540 541
20 2 504 505 542
20 2 504 541 542
20 2 505 506 543
20 2 505 542 543
20 2 506 507 544
20 2 506 543 544
20 2 507 508 545
20 2 507 544 545
20 2 508 509 546
20 2 508 545 546
20 2 509 510 547
20 2 509 546 547
20 2 510 511 548
20 2 510 547 548
20 2 511 512 549
20 2 511 548 549
20 2 512 513 550
20 2 512 549 550
20 2 513 514 551
20 2 513 550 551
20 2 514 515 552
20 2 514 551 552
20 2 515 516 553
20 2 515 552 553
12 2 517 554 1479
20 2 516 517 554
12 2 517 1442 1479
20 2 516 553 554
20 2 518 519 556
20 2 518 555 556
12 2 518 555 1480
12 2 518 1443 1480
20 2 519 520 557
20 2 519 556 557
20 2 520 521 558
20 2 520 557 558
20 2 521 522 559
20 2 521 558 559
20 2 522 523 560
20 2 522 559 560
20 2 523 524 561
20 2 523 560 561
20 2 524 525 562
20 2 524 561 562
20 2 525 526 563
20 2 525 562 563
20 2 526 527 564
20 2 526 563 564
20 2 527 528 565
20 2 527 564 565
20 2 528 529 566
20 2 528 565 566
20 2 529 530 567
20 2 529 566 567
20 2 530 531 568
20 2 530 567 568
20 2 531 532 569
20 2 531 568 569
20 2 532 533 570
20 2 532 569 570
20 2 533 534 571
20 2 533 570 571
20 2 534 535 572
20 2 534 571 572
20 2 535 536 573
20 2 535 572 573
20 2 536 537 574
20 2 536 573 574
20 2 537 538 575
20 2 537 574 575
20 2 538 539 576
20 2 538 575 576
20 2 539 540 577
20 2 539 576 577
20 2 540 541 578
20 2 540 577 578
20 2 541 542 579
20 2 541 578 579
20 2 542 543 580
20 2 542 579 580
20 2 543 544 581
20 2 543 580 581
20 2 544 545 582
20 2 544 581 582
20 2 545 546 583
20 2 545 582 583
20 2 546 547 584
20 2 546 583 584
20 2 547 548 585
20 2 547 584 585
20 2 548 549 586
20 2 548 585 586
20 2 549 550 587
20 2 549 586 587
20 2 550 551 588
20 2 550 587 588
20 2 551 552 589
20 2 551 588 589
20 2 552 553 590
20 2 552 589 590
12 2 554 591 1516
20 2 553 554 591
12 2 554 1479 1516
20 2 553 590 591
20 2 555 556 593
20 2 555 592 593
12 2 555 592 1517
12 2 555 1480 1517
20 2 556 557 594
20 2 556 593 594
20 2 557 558 595
20 2 557 594 595
20 2 558 559 596
20 2 558 595 596
20 2 559 560 597
20 2 559 596 597
20 2 560 561 598
20 2 560 597 598
20 2 561 562 599
20 2 561 598 599
20 2 562 563 600
20 2 562 599 600
20 2 563 564 601
20 2 563 600 601
20 2 564 565 602
20 2 564 601 602
20 2 565 566 603
20 2 565 602 603
20 2 566 567 604
20 2 566 603 604
20 2 567 568 605
20 2 567 604 605
20 2 568 569 606
20 2 568 605 606
20 2 569 570 607
20 2 569 606 607
20 2 570 571 608
20 2 570 607 608
20 2 571 572 609
20 2 571 608 609
20 2 572 573 610
20 2 572 609 610
20 2 573 574 611
20 2 573 610 611
20 2 574 575 612
20 2 574 611 612
20 2 575 576 613
20 2 575 612 613
20 2 576 577 614
20 2 576 613 614
20 2 577 578 615
20 2 577 614 615
20 2 578 579 616
20 2 578 615 616
20 2 579 580 617
20 2 579 616 617
20 2 580 581 618
20 2 580 617 618
20 2 581 582 619
20 2 581 618 619
20 2 582 583 620
20 2 582 619 620
20 2 583 584 621
20 2 583 620 621
20 2 584 585 622
20 2 584 621 622
20 2 585 586 623
20 2 585 622 623
20 2 586 587 624
20 2 586 623 624
20 2 587 588 625
20 2 587 624 625
20 2 588 589 626
20 2 588 625 626
20 2 589 590 627
20 2 589 626 627
12 2 591 628 1553
20 2 590 591 628
12 2 591 1516 1553
20 2 590 627 628
20 2 592 593 630
20 2 592 629 630
12 2 592 629 1554
12 2 592 1517 1554
20 2 593 594 631
20 2 593 630 631
20 2 594 595 632
20 2 594 631 632
20 2 595 596 633
20 2 595 632 633
20 2 596 597 634
20 2 596 633 634
20 2 597 598 635
20 2 597 634 635
20 2 598 599 636
20 2 598 635 636
20 2 599 600 637
20 2 599 636 637
20 2 600 601 638
20 2 600 637 638
20 2 601 602 639
20 2 601 638 639
20 2 602 603 640
20 2 602 639 640
20 2 603 604 641
20 2 603 640 641
20 2 604 605 642
20 2 604 641 642
20 2 605 606 643
20 2 605 642 643
20 2 606 607 644
20 2 606 643 644
20 2 607 608 645
20 2 607 644 645
20 2 608 609 646
20 2 608 645 646
20 2 609 610 647
20 2 609 646 647
20 2 610 611 648
20 2 610 647 648
20 2 611 612 649
20 2 611 648 649
20 2 612 613 650
20 2 612 649 650
20 2 613 614 651
20 2 613 650 651
20 2 614 615 652
20 2 614 651 652
20 2 615 616 653
20 2 615 652 653
20 2 616 617 654
20 2 616 653 654
20 2 617 618 655
20 2 617 654 655
20 2 618 619 656
20 2 618 655 656
20 2 619 620 657
20 2 619 656 657
20 2 620 621 658
20 2 620 657 658
20 2 621 622 659
20 2 621 658 659
20 2 622 623 660
20 2 622 659 660
20 2 623 624 661
20 2 623 660 661
20 2 624 625 662
20 2 624 661 662
20 2 625 626 663
20 2 625 662 663
20 2 626 627 664
20 2 626 663 664
12 2 628 665 1590
20 2 627 628 665
12 2 628 1553 1590
20 2 627 664 665
20 2 629 630 667
20 2 629 666 667
12 2 629 666 1591
12 2 629 1554 1591
20 2 630 631 668
20 2 630 667 668
20 2 631 632 669
20 2 631 668 669
20 2 632 633 670
20 2 632 669 670
20 2 633 634 671
20 2 633 670 671
20 2 634 635 672
20 2 634 671 672
20 2 635 636 673
20 2 635 672 673
20 2 636 637 674
20 2 636 673 674
20 2 637 638 675
20 2 637 674 675
20 2 638 639 676
20 2 638 675 676
20 2 639 640 677
20 2 639 676 677
20 2 640 641 678
20 2 640 677 678
20 2 641 642 679
20 2 641 678 679
20 2 642 643 680
20 2 642 679 680
20 2 643 644 681
20 2 643 680 681
20 2 644 645 682
20 2 644 681 682
20 2 645 646 683
20 2 645 682 683
20 2 646 647 684
20 2 646 683 684
20 2 647 648 685
20 2 647 684 685
20 2 648 649 686
20 2 648 685 686
20 2 649 650 687
20 2 649 686 687
20 2 650 651 688
20 2 650 687 688
20 2 651 652 689
20 2 651 688 689
20 2 652 653 690
20 2 652 689 690
20 2 653 654 691
20 2 653 690 691
20 2 654 655 692
20 2 654 691 692
20 2 655 656 693
20 2 655 692 693
20 2 656 657 694
20 2 656 693 694
20 2 657 658 695
20 2 657 694 695
20 2 658 659 696
20 2 658 695 696
20 2 659 660 697
20 2 659 696 697
20 2 660 661 698
20 2 660 697 698
20 2 661 662 699
20 2 661 698 699
20 2 662 663 700
20 2 662 699 700
20 2 663 664 701
20 2 663 700 701
12 2 665 702 1627
20 2 664 665 702
12 2 665 1590 1627
20 2 664 701 702
20 2 666 667 704
20 2 666 703 704
12 2 666 703 1628
12 2 666 1591 1628
20 2 667 668 705
20 2 667 704 705
20 2 668 669 706
20 2 668 705 706
20 2 669 670 707
20 2 669 706 707
20 2 670 671 708
20 2 670 707 708
20 2 671 672 709
20 2 671 708 709
20 2 672 673 710
20 2 672 709 710
20 2 673 674 711
20 2 673 710 711
20 2 674 675 712
20 2 674 711 712
20 2 675 676 713
20 2 675 712 713
20 2 676 677 714
20 2 676 713 714
20 2 677 678 715
20 2 677 714 715
20 2 678 679 716
20 2 678 715 716
20 2 679 680 717
20 2 679 716 717
20 2 680 681 718
20 2 680 717 718
20 2 681 682 719
20 2 681 718 719
20 2 682 683 720
20 2 682 719 720
20 2 683 684 721
20 2 683 720 721
20 2 684 685 722
20 2 684 721 722
20 2 685 686 723
20 2 685 722 723
20 2 686 687 724
20 2 686 723 724
20 2 687 688 725
20 2 687 724 725
20 2 688 689 726
20 2 688 725 726
20 2 689 690 727
20 2 689 726 727
20 2 690 691 728
20 2 690 727 728
20 2 691 692 729
20 2 691 728 729
20 2 692 693 730
20 2 692 729 730
20 2 693 694 731
20 2 693 730 731
20 2 694 695 732
20 2 694 731 732
20 2 695 696 733
20 2 695 732 733
20 2 696 697 734
20 2 696 733 734
20 2 697 698 735
20 2 697 734 735
20 2 698 699 736
20 2 698 735 736
20 2 699 700 737
20 2 699 736 737
20 2 700 701 738
20 2 700 737 738
12 2 702 739 1664
20 2 701 702 739
12 2 702 1627 1664
20 2 701 738 739
20 2 703 704 741
20 2 703 740 741
12 2 703 740 1665
12 2 703 1628 1665
20 2 704 705 742
20 2 704 741 742
20 2 705 706 743
20 2 705 742 743
20 2 706 707 744
20 2 706 743 744
20 2 707 708 745
20 2 707 744 745
20 2 708 709 746
20 2 708 745 746
20 2 709 710 747
20 2 709 746 747
20 2 710 711 748
20 2 710 747 748
20 2 711 712 749
20 2 711 748 749
20 2 712 713 750
20 2 712 749 750
20 2 713 714 751
20 2 713 750 751
20 2 714 715 752
20 2 714 751 752
20 2 715 716 753
20 2 715 752 753
20 2 716 717 754
20 2 716 753 754
20 2 717 718 755
20 2 717 754 755
20 2 718 719 756
20 2 718 755 756
20 2 719 720 757
20 2 719 756 757
20 2 720 721 758
20 2 720 757 758
20 2 721 722 759
20 2 721 758 759
20 2 722 723 760
20 2 722 759 760
20 2 723 724 761
20 2 723 760 761
20 2 724 725 762
20 2 724 761 762
20 2 725 726 763
20 2 725 762 763
20 2 726 727 764
20 2 726 763 764
20 2 727 728 765
20 2 727 764 765
20 2 728 729 766
20 2 728 765 766
20 2 729 730 767
20 2 729 766 767
20 2 730 731 768
20 2 730 767 768
20 2 731 732 769
20 2 731 768 769
20 2 732 733 770
20 2 732 769 770
20 2 733 734 771
20 2 733 770 771
20 2 734 735 772
20 2 734 771 772
20 2 735 736 773
20 2 735 772 773
20 2 736 737 774
20 2 736 773 774
20 2 737 738 775
20 2 737 774 775
12 2 739 776 1701
20 2 738 739 776
12 2 739 1664 1701
20 2 738 775 776
20 2 740 741 778
20 2 740 777 778
12 2 740 777 1702
12 2 740 1665 1702
20 2 741 742 779
20 2 741 778 779
20 2 742 743 780
20 2 742 779 780
20 2 743 744 781
20 2 743 780 781
20 2 744 745 782
20 2 744 781 782
20 2 745 746 783
20 2 745 782 783
20 2 746 747 784
20 2 746 783 784
20 2 747 748 785
20 2 747 784 785
20 2 748 749 786
20 2 748 785 786
20 2 749 750 787
20 2 749 786 787
20 2 750 751 788
20 2 750 787 788
20 2 751 752 789
20 2 751 788 789
20 2 752 753 790
20 2 752 789 790
20 2 753 754 791
20 2 753 790 791
20 2 754 755 792
20 2 754 791 792
20 2 755 756 793
20 2 755 792 793
20 2 756 757 794
20 2 756 793 794
20 2 757 758 795
20 2 757 794 795
20 2 758 759 796
20 2 758 795 796
20 2 759 760 797
20 2 759 796 797
20 2 760 761 798
20 2 760 797 798
20 2 761 762 799
20 2 761 798 799
20 2 762 763 800
20 2 762 799 800
20 2 763 764 801
20 2 763 800 801
20 2 764 765 802
20 2 764 801 802
20 2 765 766 803
20 2 765 802 803
20 2 766 767 804
20 2 766 803 804
20 2 767 768 805
20 2 767 804 805
20 2 768 769 806
20 2 768 805 806
20 2 769 770 807
20 2 769 806 807
20 2 770 771 808
20 2 770 807 808
20 2 771 772 809
20 2 771 808 809
20 2 772 773 810
20 2 772 809 810
20 2 773 774 811
20 2 773 810 811
20 2 774 775 812
20 2 774 811 812
12 2 776 813 1738
20 2 775 776 813
12 2 776 1701 1738
20 2 775 812 813
20 2 777 778 815
20 2 777 814 815
12 2 777 814 1739
12 2 777 1702 1739
20 2 778 779 816
20 2 778 815 816
20 2 779 780 817
20 2 779 816 817
20 2 780 781 818
20 2 780 817 818
20 2 781 782 819
20 2 781 818 819
20 2 782 783 820
20 2 782 819 820
20 2 783 784 821
20 2 783 820 821
20 2 784 785 822
20 2 784 821 822
20 2 785 786 823
20 2 785 822 823
20 2 786 787 824
20 2 786 823 824
20 2 787 788 825
20 2 787 824 825
20 2 788 789 826
20 2 788 825 826
20 2 789 790 827
20 2 789 826 827
20 2 790 791 828
20 2 790 827 828
20 2 791 792 829
20 2 791 828 829
20 2 792 793 830
20 2 792 829 830
20 2 793 794 831
20 2 793 830 831
20 2 794 795 832
20 2 794 831 832
20 2 795 796 833
20 2 795 832 833
20 2 796 797 834
20 2 796 833 834
20 2 797 798 835
20 2 797 834 835
20 2 798 799 836
20 2 798 835 836
20 2 799 800 837
20 2 799 836 837
20 2 800 801 838
20 2 800 837 838
20 2 801 802 839
20 2 801 838 839
20 2 802 803 840
20 2 802 839 840
20 2 803 804 841
20 2 803 840 841
20 2 804 805 842
20 2 804 841 842
20 2 805 806 843
20 2 805 842 843
20 2 806 807 844
20 2 806 843 844
20 2 807 808 845
20 2 807 844 845
20 2 808 809 846
20 2 808 845 846
20 2 809 810 847
20 2 809 846 847
20 2 810 811 848
20 2 810 847 848
20 2 811 812 849
20 2 811 848 849
12 2 813 850 1775
20 2 812 813 850
12 2 813 1738 1775
20 2 812 849 850
20 2 814 815 852
20 2 814 851 852
12 2 814 851 1776
12 2 814 1739 1776
20 2 815 816 853
20 2 815 852 853
20 2 816 817 854
20 2 816 853 854
20 2 817 818 855
20 2 817 854 855
20 2 818 819 856
20 2 818 855 856
20 2 819 820 857
20 2 819 856 857
20 2 820 821 858
20 2 820 857 858
20 2 821 822 859
20 2 821 858 859
20 2 822 823 860
20 2 822 859 860
20 2 823 824 861
20 2 823 860 861
20 2 824 825 862
20 2 824 861 862
20 2 825 826 863
20 2 825 862 863
20 2 826 827 864
20 2 826 863 864
20 2 827 828 865
20 2 827 864 865
20 2 828 829 866
20 2 828 865 866
20 2 829 830 867
20 2 829 866 867
20 2 830 831 868
20 2 830 867 868
20 2 831 832 869
20 2 831 868 869
20 2 832 833 870
20 2 832 869 870
20 2 833 834 871
20 2 833 870 871
20 2 834 835 872
20 2 834 871 872
20 2 835 836 873
20 2 835 872 873
20 2 836 837 874
20 2 836 873 874
20 2 837 838 875
20 2 837 874 875
20 2 838 839 876
20 2 838 875 876
20 2 839 840 877
20 2 839 876 877
20 2 840 841 878
20 2 840 877 878
20 2 841 842 879
20 2 841 878 879
20 2 842 843 880
20 2 842 879 880
20 2 843 844 881
20 2 843 880 881
20 2 844 845 882
20 2 844 881 882
20 2 845 846 883
20 2 845 882 883
20 2 846 847 884
20 2 846 883 884
20 2 847 848 885
20 2 847 884 885
20 2 848 849 886
20 2 848 885 886
12 2 850 887 1812
20 2 849 850 887
12 2 850 1775 1812
20 2 849 886 887
20 2 851 852 889
12 2 888 889 1814
20 2 851 888 889
12 2 888 1813 1814
12 2 851 888 1813
12 2 851 1776 1813
20 2 852 853 890
12 2 889 890 1815
20 2 852 889 890
12 2 889 1814 1815
20 2 853 854 891
12 2 890 891 1816
20 2 853 890 891
12 2 890 1815 1816
20 2 854 855 892
12 2 891 892 1817
20 2 854 891 892
12 2 891 1816 1817
20 2 855 856 893
12 2 892 893 1818
20 2 855 892 893
12 2 892 1817 1818
20 2 856 857 894
12 2 893 894 1819
20 2 856 893 894
12 2 893 1818 1819
20 2 857 858 895
12 2 894 895 1820
20 2 857 894 895
12 2 894 1819 1820
20 2 858 859 896
12 2 895 896 1821
20 2 858 895 896
12 2 895 1820 1821
20 2 859 860 897
12 2 896 897 1822
20 2 859 896 897
12 2 896 1821 1822
20 2 860 861 898
12 2 897 898 1823
20 2 860 897 898
12 2 897 1822 1823
20 2 861 862 899
12 2 898 899 1824
20 2 861 898 899
12 2 898 1823 1824
20 2 862 863 900
12 2 899 900 1825
20 2 862 899 900
12 2 899 1824 1825
20 2 863 864 901
12 2 900 901 1826
20 2 863 900 901
12 2 900 1825 1826
20 2 864 865 902
12 2 901 902 1827
20 2 864 901 902
12 2 901 1826 1827
20 2 865 866 903
12 2 902 903 1828
20 2 865 902 903
12 2 902 1827 1828
20 2 866 867 904
12 2 903 904 1829
20 2 866 903 904
12 2 903 1828 1829
20 2 867 868 905
12 2 904 905 1830
20 2 867 904 905
12 2 904 1829 1830
20 2 868 869 906
12 2 905 906 1831
20 2 868 905 906
12 2 905 1830 1831
20 2 869 870 907
12 2 906 907 1832
20 2 869 906 907
12 2 906 1831 1832
20 2 870 871 908
12 2 907 908 1833
20 2 870 907 908
12 2 907 1832 1833
20 2 871 872 909
12 2 908 909 1834
20 2 871 908 909
12 2 908 1833 1834
20 2 872 873 910
12 2 909 910 1835
20 2 872 909 910
12 2 909 1834 1835
20 2 873 874 911
12 2 910 911 1836
20 2 873 910 911
12 2 910 1835 1836
20 2 874 875 912
12 2 911 912 1837
20 2 874 911 912
12 2 911 1836 1837
20 2 875 876 913
12 2 912 913 1838
20 2 875 912 913
12 2 912 1837 1838
20 2 876 877 914
12 2 913 914 1839
20 2 876 913 914
12 2 913 1838 1839
20 2 877 878 915
12 2 914 915 1840
20 2 877 914 915
12 2 914 1839 1840
20 2 878 879 916
12 2 915 916 1841
20 2 878 915 916
12 2 915 1840 1841
20 2 879 880 917
12 2 916 917 1842
20 2 879 916 917
12 2 916 1841 1842
20 2 880 881 918
12 2 917 918 1843
20 2 880 917 918
12 2 917 1842 1843
20 2 881 882 919
12 2 918 919 1844
20 2 881 918 919
12 2 918 1843 1844
20 2 882 883 920
12 2 919 920 1845
20 2 882 919 920
12 2 919 1844 1845
20 2 883 884 921
12 2 920 921 1846
20 2 883 920 921
12 2 920 1845 1846
20 2 884 885 922
12 2 921 922 1847
20 2 884 921 922
12 2 921 1846 1847
20 2 885 886 923
12 2 922 923 1848
20 2 885 922 923
12 2 922 1847 1848
12 2 887 924 1849
20 2 886 887 924
12 2 887 1812 1849
12 2 923 924 1849
20 2 886 923 924
12 2 923 1848 1849
12 2 925 926 1851
12 2 925 962 1887
12 2 925 1850 1851
12 2 925 1850 1887
12 2 926 927 1852
12 2 926 1851 1852
12 2 927 928 1853
12 2 927 1852 1853
12 2 928 929 1854
12 2 928 1853 1854
12 2 929 930 1855
12 2 929 1854 1855
12 2 930 931 1856
12 2 930 1855 1856
12 2 931 932 1857
12 2 931 1856 1857
12 2 932 933 1858
12 2 932 1857 1858
12 2 933 934 1859
12 2 933 1858 1859
12 2 934 935 1860
12 2 934 1859 1860
12 2 935 936 1861
12 2 935 1860 1861
12 2 936 937 1862
12 2 936 1861 1862
12 2 937 938 1863
12 2 937 1862 1863
12 2 938 939 1864
12 2 938 1863 1864
12 2 939 940 1865
12 2 939 1864 1865
12 2 940 941 1866
12 2 940 1865 1866
12 2 941 942 1867
12 2 941 1866 1867
12 2 942 943 1868
12 2 942 1867 1868
12 2 943 944 1869
12 2 943 1868 1869
12 2 944 945 1870
12 2 944 1869 1870
12 2 945 946 1871
12 2 945 1870 1871
12 2 946 947 1872
12 2 946 1871 1872
12 2 947 948 1873
12 2 947 1872 1873
12 2 948 949 1874
12 2 948 1873 1874
12 2 949 950 1875
12 2 949 1874 1875
12 2 950 951 1876
12 2 950 1875 1876
12 2 951 952 1877
12 2 951 1876 1877
12 2 952 953 1878
12 2 952 1877 1878
12 2 953 954 1879
12 2 953 1878 1879
12 2 954 955 1880
12 2 954 1879 1880
12 2 955 956 1881
12 2 955 1880 1881
12 2 956 957 1882
12 2 956 1881 1882
12 2 957 958 1883
12 2 957 1882 1883
12 2 958 959 1884
12 2 958 1883 1884
12 2 959 960 1885
12 2 959 1884 1885
12 2 961 998 1923
12 2 961 1886 1923
12 2 960 961 1886
12 2 960 1885 1886
12 2 962 999 1924
12 2 962 1887 1924
12 2 998 1035 1960
12 2 998 1923 1960
12 2 999 1036 1961
12 2 999 1924 1961
12 2 1035 1072 1997
12 2 1035 1960 1997
12 2 1036 1073 1998
12 2 1036 1961 1998
12 2 1072 1109 2034
12 2 1072 1997 2034
12 2 1073 1110 2035
12 2 1073 1998 2035
12 2 1109 1146 2071
12 2 1109 2034 2071
12 2 1110 1147 2072
12 2 1110 2035 2072
12 2 1146 1183 2108
12 2 1146 2071 2108
12 2 1147 1184 2109
12 2 1147 2072 2109
12 2 1183 1220 2145
12 2 1183 2108 2145
12 2 1184 1221 2146
12 2 1184 2109 2146
12 2 1220 1257 2182
12 2 1220 2145 2182
12 2 1221 1258 2183
12 2 1221 2146 2183
12 2 1257 1294 2219
12 2 1257 2182 2219
12 2 1258 1295 2220
12 2 1258 2183 2220
12 2 1294 1331 2256
12 2 1294 2219 2256
12 2 1295 1332 2257
12 2 1295 2220 2257
12 2 1331 1368 2293
12 2 1331 2256 2293
12 2 1332 1369 2294
12 2 1332 2257 2294
11 2 1375 1376 2301
11 2 1375 2300 2301
11 2 1376 1377 2302
11 2 1376 2301 2302
11 2 1377 1378 2303
11 2 1377 2302 2303
11 2 1378 1379 2304
11 2 1378 2303 2304
11 2 1379 1380 2305
11 2 1379 2304 2305
11 2 1380 1381 2306
11 2 1380 2305 2306
11 2 1381 1382 2307
11 2 1381 2306 2307
11 2 1382 1383 2308
11 2 1382 2307 2308
10 2 1385 1386 2311
10 2 1385 2310 2311
10 2 1386 1387 2312
10 2 1386 2311 2312
10 2 1387 1388 2313
10 2 1387 2312 2313
10 2 1388 1389 2314
10 2 1388 2313 2314
11 2 1391 1392 2317
11 2 1391 2316 2317
11 2 1392 1393 2318
11 2 1392 2317 2318
11 2 1393 1394 2319
11 2 1393 2318 2319
11 2 1394 1395 2320
11 2 1394 2319 2320
11 2 1395 1396 2321
11 2 1395 2320 2321
11 2 1396 1397 2322
11 2 1396 2321 2322
11 2 1397 1398 2323
11 2 1397 2322 2323
11 2 1398 1399 2324
11 2 1398 2323 2324
12 2 1368 1405 2330
12 2 1368 2293 2330
12 2 1369 1406 2331
12 2 1369 2294 2331
12 2 1405 1442 2367
12 2 1405 2330 2367
12 2 1406 1443 2368
12 2 1406 2331 2368
12 2 1442 1479 2404
12 2 1442 2367 2404
12 2 1443 1480 2405
12 2 1443 2368 2405
12 2 1479 1516 2441
12 2 1479 2404 2441
12 2 1480 1517 2442
12 2 1480 2405 2442
12 2 1516 1553 2478
12 2 1516 2441 2478
12 2 1517 1554 2479
12 2 1517 2442 2479
12 2 1553 1590 2515
12 2 1553 2478 2515
12 2 1554 1591 2516
12 2 1554 2479 2516
12 2 1590 1627 2552
12 2 1590 2515 2552
12 2 1591 1628 2553
12 2 1591 2516 2553
12 2 1627 1664 2589
12 2 1627 2552 2589
12 2 1628 1665 2590
12 2 1628 2553 2590
12 2 1664 1701 2626
12 2 1664 2589 2626
12 2 1665 1702 2627
12 2 1665 2590 2627
12 2 1701 1738 2663
12 2 1701 2626 2663
12 2 1702 1739 2664
12 2 1702 2627 2664
12 2 1738 1775 2700
12 2 1738 2663 2700
12 2 1739 1776 2701
12 2 1739 2664 2701
12 2 1775 1812 2737
12 2 1775 2700 2737
12 2 1813 1814 2739
12 2 1813 2738 2739
12 2 1776 1813 2738
12 2 1776 2701 2738
12 2 1814 1815 2740
12 2 1814 2739 2740
12 2 1815 1816 2741
12 2 1815 2740 2741
12 2 1816 1817 2742
12 2 1816 2741 2742
12 2 1817 1818 2743
12 2 1817 2742 2743
12 2 1818 1819 2744
12 2 1818 2743 2744
12 2 1819 1820 2745
12 2 1819 2744 2745
12 2 1820 1821 2746
12 2 1820 2745 2746
12 2 1821 1822 2747
12 2 1821 2746 2747
12 2 1822 1823 2748
12 2 1822 2747 2748
12 2 1823 1824 2749
12 2 1823 2748 2749
12 2 1824 1825 2750
12 2 1824 2749 2750
12 2 1825 1826 2751
12 2 1825 2750 2751
12 2 1826 1827 2752
12 2 1826 2751 2752
12 2 1827 1828 2753
12 2 1827 2752 2753
12 2 1828 1829 2754
12 2 1828 2753 2754
12 2 1829 1830 2755
12 2 1829 2754 2755
12 2 1830 1831 2756
12 2 1830 2755 2756
12 2 1831 1832 2757
12 2 1831 2756 2757
12 2 1832 1833 2758
12 2 1832 2757 2758
12 2 1833 1834 2759
12 2 1833 2758 2759
12 2 1834 1835 2760
12 2 1834 2759 2760
12 2 1835 1836 2761
12 2 1835 2760 2761
12 2 1836 1837 2762
12 2 1836 2761 2762
12 2 1837 1838 2763
12 2 1837 2762 2763
12 2 1838 1839 2764
12 2 1838 2763 2764
12 2 1839 1840 2765
12 2 1839 2764 2765
12 2 1840 1841 2766
12 2 1840 2765 2766
12 2 1841 1842 2767
12 2 1841 2766 2767
12 2 1842 1843 2768
12 2 1842 2767 2768
12 2 1843 1844 2769
12 2 1843 2768 2769
12 2 1844 1845 2770
12 2 1844 2769 2770
12 2 1845 1846 2771
12 2 1845 2770 2771
12 2 1846 1847 2772
12 2 1846 2771 2772
12 2 1847 1848 2773
12 2 1847 2772 2773
12 2 1812 1849 2774
12 2 1812 2737 2774
12 2 1848 1849 2774
12 2 1848 2773 2774
12 2 1850 1851 2776
12 2 1850 1887 2812
21 2 2775 2776 2813
12 2 1850 2775 2776
21 2 2775 2812 2813
12 2 1850 2775 2812
12 2 1851 1852 2777
21 2 2776 2777 2814
12 2 1851 2776 2777
21 2 2776 2813 2814
12 2 1852 1853 2778
21 2 2777 2778 2815
12 2 1852 2777 2778
21 2 2777 2814 2815
12 2 1853 1854 2779
21 2 2778 2779 2816
12 2 1853 2778 2779
21 2 2778 2815 2816
12 2 1854 1855 2780
21 2 2779 2780 2817
12 2 1854 2779 2780
21 2 2779 2816 2817
12 2 1855 1856 2781
21 2 2780 2781 2818
12 2 1855 2780 2781
21 2 2780 2817 2818
12 2 1856 1857 2782
21 2 2781 2782 2819
12 2 1856 2781 2782
21 2 2781 2818 2819
12 2 1857 1858 2783
21 2 2782 2783 2820
12 2 1857 2782 2783
21 2 2782 2819 2820
12 2 1858 1859 2784
21 2 2783 2784 2821
12 2 1858 2783 2784
21 2 2783 2820 2821
12 2 1859 1860 2785
21 2 2784 2785 2822
12 2 1859 2784 2785
21 2 2784 2821 2822
12 2 1860 1861 2786
21 2 2785 2786 2823
12 2 1860 2785 2786
21 2 2785 2822 2823
12 2 1861 1862 2787
21 2 2786 2787 2824
12 2 1861 2786 2787
21 2 2786 2823 2824
12 2 1862 1863 2788
21 2 2787 2788 2825
12 2 1862 2787 2788
21 2 2787 2824 2825
12 2 1863 1864 2789
21 2 2788 2789 2826
12 2 1863 2788 2789
21 2 2788 2825 2826
12 2 1864 1865 2790
21 2 2789 2790 2827
12 2 1864 2789 2790
21 2 2789 2826 2827
12 2 1865 1866 2791
21 2 2790 2791 2828
12 2 1865 2790 2791
21 2 2790 2827 2828
12 2 1866 1867 2792
21 2 2791 2792 2829
12 2 1866 2791 2792
21 2 2791 2828 2829
12 2 1867 1868 2793
21 2 2792 2793 2830
12 2 1867 2792 2793
21 2 2792 2829 2830
12 2 1868 1869 2794
21 2 2793 2794 2831
12 2 1868 2793 2794
21 2 2793 2830 2831
12 2 1869 1870 2795
21 2 2794 2795 2832
12 2 1869 2794 2795
21 2 2794 2831 2832
12 2 1870 1871 2796
21 2 2795 2796 2833
12 2 1870 2795 2796
21 2 2795 2832 2833
12 2 1871 1872 2797
21 2 2796 2797 2834
12 2 1871 2796 2797
21 2 2796 2833 2834
12 2 1872 1873 2798
21 2 2797 2798 2835
12 2 1872 2797 2798
21 2 2797 2834 2835
12 2 1873 1874 2799
21 2 2798 2799 2836
12 2 1873 2798 2799
21 2 2798 2835 2836
12 2 1874 1875 2800
21 2 2799 2800 2837
12 2 1874 2799 2800
21 2 2799 2836 2837
12 2 1875 1876 2801
21 2 2800 2801 2838
12 2 1875 2800 2801
21 2 2800 2837 2838
12 2 1876 1877 2802
21 2 2801 2802 2839
12 2 1876 2801 2802
21 2 2801 2838 2839
12 2 1877 1878 2803
21 2 2802 2803 2840
12 2 1877 2802 2803
21 2 2802 2839 2840
12 2 1878 1879 2804
21 2 2803 2804 2841
12 2 1878 2803 2804
21 2 2803 2840 2841
12 2 1879 1880 2805
21 2 2804 2805 2842
12 2 1879 2804 2805
21 2 2804 2841 2842
12 2 1880 1881 2806
21 2 2805 2806 2843
12 2 1880 2805 2806
21 2 2805 2842 2843
12 2 1881 1882 2807
21 2 2806 2807 2844
12 2 1881 2806 2807
21 2 2806 2843 2844
12 2 1882 1883 2808
21 2 2807 2808 2845
12 2 1882 2807 2808
21 2 2807 2844 2845
12 2 1883 1884 2809
21 2 2808 2809 2846
12 2 1883 2808 2809
21 2 2808 2845 2846
12 2 1884 1885 2810
21 2 2809 2810 2847
12 2 1884 2809 2810
21 2 2809 2846 2847
12 2 1886 1923 2848
12 2 1886 2811 2848
12 2 1885 1886 2811
21 2 2810 2811 2848
12 2 1885 2810 2811
21 2 2810 2847 2848
12 2 1887 1924 2849
21 2 2812 2813 2850
21 2 2812 2849 2850
12 2 1887 2812 2849
21 2 2813 2814 2851
21 2 2813 2850 2851
21 2 2814 2815 2852
21 2 2814 2851 2852
21 2 2815 2816 2853
21 2 2815 2852 2853
21 2 2816 2817 2854
21 2 2816 2853 2854
21 2 2817 2818 2855
21 2 2817 2854 2855
21 2 2818 2819 2856
21 2 2818 2855 2856
21 2 2819 2820 2857
21 2 2819 2856 2857
21 2 2820 2821 2858
21 2 2820 2857 2858
21 2 2821 2822 2859
21 2 2821 2858 2859
21 2 2822 2823 2860
21 2 2822 2859 2860
21 2 2823 2824 2861
21 2 2823 2860 2861
21 2 2824 2825 2862
21 2 2824 2861 2862
21 2 2825 2826 2863
21 2 2825 2862 2863
21 2 2826 2827 2864
21 2 2826 2863 2864
21 2 2827 2828 2865
21 2 2827 2864 2865
21 2 2828 2829 2866
21 2 2828 2865 2866
21 2 2829 2830 2867
21 2 2829 2866 2867
21 2 2830 2831 2868
21 2 2830 2867 2868
21 2 2831 2832 2869
21 2 2831 2868 2869
21 2 2832 2833 2870
21 2 2832 2869 2870
21 2 2833 2834 2871
21 2 2833 2870 2871
21 2 2834 2835 2872
21 2 2834 2871 2872
21 2 2835 2836 2873
21 2 2835 2872 2873
21 2 2836 2837 2874
21 2 2836 2873 2874
21 2 2837 2838 2875
21 2 2837 2874 2875
21 2 2838 2839 2876
21 2 2838 2875 2876
21 2 2839 2840 2877
21 2 2839 2876 2877
21 2 2840 2841 2878
21 2 2840 2877 2878
21 2 2841 2842 2879
21 2 2841 2878 2879
21 2 2842 2843 2880
21 2 2842 2879 2880
21 2 2843 2844 2881
21 2 2843 2880 2881
21 2 2844 2845 2882
21 2 2844 2881 2882
21 2 2845 2846 2883
21 2 2845 2882 2883
21 2 2846 2847 2884
21 2 2846 2883 2884
12 2 1923 1960 2885
12 2 1923 2848 2885
21 2 2847 2848 2885
21 2 2847 2884 2885
12 2 1924 1961 2886
21 2 2849 2850 2887
21 2 2849 2886 2887
12 2 1924 2849 2886
21 2 2850 2851 2888
21 2 2850 2887 2888
21 2 2851 2852 2889
21 2 2851 2888 2889
21 2 2852 2853 2890
21 2 2852 2889 2890
21 2 2853 2854 2891
21 2 2853 2890 2891
21 2 2854 2855 2892
21 2 2854 2891 2892
21 2 2855 2856 2893
21 2 2855 2892 2893
21 2 2856 2857 2894
21 2 2856 2893 2894
21 2 2857 2858 2895
21 2 2857 2894 2895
21 2 2858 2859 2896
21 2 2858 2895 2896
21 2 2859 2860 2897
21 2 2859 2896 2897
21 2 2860 2861 2898
21 2 2860 2897 2898
21 2 2861 2862 2899
21 2 2861 2898 2899
21 2 2862 2863 2900
21 2 2862 2899 2900
21 2 2863 2864 2901
21 2 2863 2900 2901
21 2 2864 2865 2902
21 2 2864 2901 2902
21 2 2865 2866 2903
21 2 2865 2902 2903
21 2 2866 2867 2904
21 2 2866 2903 2904
21 2 2867 2868 2905
21 2 2867 2904 2905
21 2 2868 2869 2906
21 2 2868 2905 2906
21 2 2869 2870 2907
21 2 2869 2906 2907
21 2 2870 2871 2908
21 2 2870 2907 2908
21 2 2871 2872 2909
21 2 2871 2908 2909
21 2 2872 2873 2910
21 2 2872 2909 2910
21 2 2873 2874 2911
21 2 2873 2910 2911
21 2 2874 2875 2912
21 2 2874 2911 2912
21 2 2875 2876 2913
21 2 2875 2912 2913
21 2 2876 2877 2914
21 2 2876 2913 2914
21 2 2877 2878 2915
21 2 2877 2914 2915
21 2 2878 2879 2916
21 2 2878 2915 2916
21 2 2879 2880 2917
21 2 2879 2916 2917
21 2 2880 2881 2918
21 2 2880 2917 2918
21 2 2881 2882 2919
21 2 2881 2918 2919
21 2 2882 2883 2920
21 2 2882 2919 2920
21 2 2883 2884 2921
21 2 2883 2920 2921
12 2 1960 1997 2922
12 2 1960 2885 2922
21 2 2884 2885 2922
21 2 2884 2921 2922
12 2 1961 1998 2923
21 2 2886 2887 2924
21 2 2886 2923 2924
12 2 1961 2886 2923
21 2 2887 2888 2925
21 2 2887 2924 2925
21 2 2888 2889 2926
21 2 2888 2925 2926
21 2 2889 2890 2927
21 2 2889 2926 2927
21 2 2890 2891 2928
21 2 2890 2927 2928
21 2 2891 2892 2929
21 2 2891 2928 2929
21 2 2892 2893 2930
21 2 2892 2929 2930
21 2 2893 2894 2931
21 2 2893 2930 2931
21 2 2894 2895 2932
21 2 2894 2931 2932
21 2 2895 2896 2933
21 2 2895 2932 2933
21 2 2896 2897 2934
21 2 2896 2933 2934
21 2 2897 2898 2935
21 2 2897 2934 2935
21 2 2898 2899 2936
21 2 2898 2935 2936
21 2 2899 2900 2937
21 2 2899 2936 2937
21 2 2900 2901 2938
21 2 2900 2937 2938
21 2 2901 2902 2939
21 2 2901 2938 2939
21 2 2902 2903 2940
21 2 2902 2939 2940
21 2 2903 2904 2941
21 2 2903 2940 2941
21 2 2904 2905 2942
21 2 2904 2941 2942
21 2 2905 2906 2943
21 2 2905 2942 2943
21 2 2906 2907 2944
21 2 2906 2943 2944
21 2 2907 2908 2945
21 2 2907 2944 2945
21 2 2908 2909 2946
21 2 2908 2945 2946
21 2 2909 2910 2947
21 2 2909 2946 2947
21 2 2910 2911 2948
21 2 2910 2947 2948
21 2 2911 2912 2949
21 2 2911 2948 2949
21 2 2912 2913 2950
21 2 2912 2949 2950
21 2 2913 2914 2951
21 2 2913 2950 2951
21 2 2914 2915 2952
21 2 2914 2951 2952
21 2 2915 2916 2953
21 2 2915 2952 2953
21 2 2916 2917 2954
21 2 2916 2953 2954
21 2 2917 2918 2955
21 2 2917 2954 2955
21 2 2918 2919 2956
21 2 2918 2955 2956
21 2 2919 2920 2957
21 2 2919 2956 2957
21 2 2920 2921 2958
21 2 2920 2957 2958
12 2 1997 2034 2959
12 2 1997 2922 2959
21 2 2921 2922 2959
21 2 2921 2958 2959
12 2 1998 2035 2960
21 2 2923 2924 2961
21 2 2923 2960 2961
12 2 1998 2923 2960
21 2 2924 2925 2962
21 2 2924 2961 2962
21 2 2925 2926 2963
21 2 2925 2962 2963
21 2 2926 2927 2964
21 2 2926 2963 2964
21 2 2927 2928 2965
21 2 2927 2964 2965
21 2 2928 2929 2966
21 2 2928 2965 2966
21 2 2929 2930 2967
21 2 2929 2966 2967
21 2 2930 2931 2968
21 2 2930 2967 2968
21 2 2931 2932 2969
21 2 2931 2968 2969
21 2 2932 2933 2970
21 2 2932 2969 2970
21 2 2933 2934 2971
21 2 2933 2970 2971
21 2 2934 2935 2972
21 2 2934 2971 2972
21 2 2935 2936 2973
21 2 2935 2972 2973
21 2 2936 2937 2974
21 2 2936 2973 2974
21 2 2937 2938 2975
21 2 2937 2974 2975
21 2 2938 2939 2976
21 2 2938 2975 2976
21 2 2939 2940 2977
21 2 2939 2976 2977
21 2 2940 2941 2978
21 2 2940 2977 2978
21 2 2941 2942 2979
21 2 2941 2978 2979
21 2 2942 2943 2980
21 2 2942 2979 2980
21 2 2943 2944 2981
21 2 2943 2980 2981
21 2 2944 2945 2982
21 2 2944 2981 2982
21 2 2945 2946 2983
21 2 2945 2982 2983
21 2 2946 2947 2984
21 2 2946 2983 2984
21 2 2947 2948 2985
21 2 2947 2984 2985
21 2 2948 2949 2986
21 2 2948 2985 2986
21 2 2949 2950 2987
21 2 2949 2986 2987
21 2 2950 2951 2988
21 2 2950 2987 2988
21 2 2951 2952 2989
21 2 2951 2988 2989
21 2 2952 2953 2990
21 2 2952 2989 2990
21 2 2953 2954 2991
21 2 2953 2990 2991
21 2 2954 2955 2992
21 2 2954 2991 2992
21 2 2955 2956 2993
21 2 2955 2992 2993
21 2 2956 2957 2994
21 2 2956 2993 2994
21 2 2957 2958 2995
21 2 2957 2994 2995
12 2 2034 2071 2996
12 2 2034 2959 2996
21 2 2958 2959 2996
21 2 2958 2995 2996
12 2 2035 2072 2997
21 2 2960 2961 2998
21 2 2960 2997 2998
12 2 2035 2960 2997
21 2 2961 2962 2999
21 2 2961 2998 2999
21 2 2962 2963 3000
21 2 2962 2999 3000
21 2 2963 2964 3001
21 2 2963 3000 3001
21 2 2964 2965 3002
21 2 2964 3001 3002
21 2 2965 2966 3003
21 2 2965 3002 3003
21 2 2966 2967 3004
21 2 2966 3003 3004
21 2 2967 2968 3005
21 2 2967 3004 3005
21 2 2968 2969 3006
21 2 2968 3005 3006
21 2 2969 2970 3007
21 2 2969 3006 3007
21 2 2970 2971 3008
21 2 2970 3007 3008
21 2 2971 2972 3009
21 2 2971 3008 3009
21 2 2972 2973 3010
21 2 2972 3009 3010
21 2 2973 2974 3011
21 2 2973 3010 3011
21 2 2974 2975 3012
21 2 2974 3011 3012
21 2 2975 2976 3013
21 2 2975 3012 3013
21 2 2976 2977 3014
21 2 2976 3013 3014
21 2 2977 2978 3015
21 2 2977 3014 3015
21 2 2978 2979 3016
21 2 2978 3015 3016
21 2 2979 2980 3017
21 2 2979 3016 3017
21 2 2980 2981 3018
21 2 2980 3017 3018
21 2 2981 2982 3019
21 2 2981 3018 3019
21 2 2982 2983 3020
21 2 2982 3019 3020
21 2 2983 2984 3021
21 2 2983 3020 3021
21 2 2984 2985 3022
21 2 2984 3021 3022
21 2 2985 2986 3023
21 2 2985 3022 3023
21 2 2986 2987 3024
21 2 2986 3023 3024
21 2 2987 2988 3025
21 2 2987 3024 3025
21 2 2988 2989 3026
21 2 2988 3025 3026
21 2 2989 2990 3027
21 2 2989 3026 3027
21 2 2990 2991 3028
21 2 2990 3027 3028
21 2 2991 2992 3029
21 2 2991 3028 3029
21 2 2992 2993 3030
21 2 2992 3029 3030
21 2 2993 2994 3031
21 2 2993 3030 3031
21 2 2994 2995 3032
21 2 2994 3031 3032
12 2 2071 2108 3033
12 2 2071 2996 3033
21 2 2995 2996 3033
21 2 2995 3032 3033
12 2 2072 2109 3034
21 2 2997 2998 3035
21 2 2997 3034 3035
12 2 2072 2997 3034
21 2 2998 2999 3036
21 2 2998 3035 3036
21 2 2999 3000 3037
21 2 2999 3036 3037
21 2 3000 3001 3038
21 2 3000 3037 3038
21 2 3001 3002 3039
21 2 3001 3038 3039
21 2 3002 3003 3040
21 2 3002 3039 3040
21 2 3003 3004 3041
21 2 3003 3040 3041
21 2 3004 3005 3042
21 2 3004 3041 3042
21 2 3005 3006 3043
21 2 3005 3042 3043
21 2 3006 3007 3044
21 2 3006 3043 3044
21 2 3007 3008 3045
21 2 3007 3044 3045
21 2 3008 3009 3046
21 2 3008 3045 3046
21 2 3009 3010 3047
21 2 3009 3046 3047
21 2 3010 3011 3048
21 2 3010 3047 3048
21 2 3011 3012 3049
21 2 3011 3048 3049
21 2 3012 3013 3050
21 2 3012 3049 3050
21 2 3013 3014 3051
21 2 3013 3050 3051
21 2 3014 3015 3052
21 2 3014 3051 3052
21 2 3015 3016 3053
21 2 3015 3052 3053
21 2 3016 3017 3054
21 2 3016 3053 3054
21 2 3017 3018 3055
21 2 3017 3054 3055
21 2 3018 3019 3056
21 2 3018 3055 3056
21 2 3019 3020 3057
21 2 3019 3056 3057
21 2 3020 3021 3058
21 2 3020 3057 3058
21 2 3021 3022 3059
21 2 3021 3058 3059
21 2 3022 3023 3060
21 2 3022 3059 3060
21 2 3023 3024 3061
21 2 3023 3060 3061
21 2 3024 3025 3062
21 2 3024 3061 3062
21 2 3025 3026 3063
21 2 3025 3062 3063
21 2 3026 3027 3064
21 2 3026 3063 3064
21 2 3027 3028 3065
21 2 3027 3064 3065
21 2 3028 3029 3066
21 2 3028 3065 3066
21 2 3029 3030 3067
21 2 3029 3066 3067
21 2 3030 3031 3068
21 2 3030 3067 3068
21 2 3031 3032 3069
21 2 3031 3068 3069
12 2 2108 2145 3070
12 2 2108 3033 3070
21 2 3032 3033 3070
21 2 3032 3069 3070
12 2 2109 2146 3071
21 2 3034 3035 3072
21 2 3034 3071 3072
12 2 2109 3034 3071
21 2 3035 3036 3073
21 2 3035 3072 3073
21 2 3036 3037 3074
21 2 3036 3073 3074
21 2 3037 3038 3075
21 2 3037 3074 3075
21 2 3038 3039 3076
21 2 3038 3075 3076
21 2 3039 3040 3077
21 2 3039 3076 3077
21 2 3040 3041 3078
21 2 3040 3077 3078
21 2 3041 3042 3079
21 2 3041 3078 3079
21 2 3042 3043 3080
21 2 3042 3079 3080
21 2 3043 3044 3081
21 2 3043 3080 3081
21 2 3044 3045 3082
21 2 3044 3081 3082
21 2 3045 3046 3083
21 2 3045 3082 3083
21 2 3046 3047 3084
21 2 3046 3083 3084
21 2 3047 3048 3085
21 2 3047 3084 3085
21 2 3048 3049 3086
21 2 3048 3085 3086
21 2 3049 3050 3087
21 2 3049 3086 3087
21 2 3050 3051 3088
21 2 3050 3087 3088
21 2 3051 3052 3089
21 2 3051 3088 3089
21 2 3052 3053 3090
21 2 3052 3089 3090
21 2 3053 3054 3091
21 2 3053 3090 3091
21 2 3054 3055 3092
21 2 3054 3091 3092
21 2 3055 3056 3093
21 2 3055 3092 3093
21 2 3056 3057 3094
21 2 3056 3093 3094
21 2 3057 3058 3095
21 2 3057 3094 3095
21 2 3058 3059 3096
21 2 3058 3095 3096
21 2 3059 3060 3097
21 2 3059 3096 3097
21 2 3060 3061 3098
21 2 3060 3097 3098
21 2 3061 3062 3099
21 2 3061 3098 3099
21 2 3062 3063 3100
21 2 3062 3099 3100
21 2 3063 3064 3101
21 2 3063 3100 3101
21 2 3064 3065 3102
21 2 3064 3101 3102
21 2 3065 3066 3103
21 2 3065 3102 3103
21 2 3066 3067 3104
21 2 3066 3103 3104
21 2 3067 3068 3105
21 2 3067 3104 3105
21 2 3068 3069 3106
21 2 3068 3105 3106
12 2 2145 2182 3107
12 2 2145 3070 3107
21 2 3069 3070 3107
21 2 3069 3106 3107
12 2 2146 2183 3108
21 2 3071 3072 3109
21 2 3071 3108 3109
12 2 2146 3071 3108
21 2 3072 3073 3110
21 2 3072 3109 3110
21 2 3073 3074 3111
21 2 3073 3110 3111
21 2 3074 3075 3112
21 2 3074 3111 3112
21 2 3075 3076 3113
21 2 3075 3112 3113
21 2 3076 3077 3114
21 2 3076 3113 3114
21 2 3077 3078 3115
21 2 3077 3114 3115
21 2 3078 3079 3116
21 2 3078 3115 3116
21 2 3079 3080 3117
21 2 3079 3116 3117
21 2 3080 3081 3118
21 2 3080 3117 3118
21 2 3081 3082 3119
21 2 3081 3118 3119
21 2 3082 3083 3120
21 2 3082 3119 3120
21 2 3083 3084 3121
21 2 3083 3120 3121
21 2 3084 3085 3122
21 2 3084 3121 3122
21 2 3085 3086 3123
21 2 3085 3122 3123
21 2 3086 3087 3124
21 2 3086 3123 3124
21 2 3087 3088 3125
21 2 3087 3124 3125
21 2 3088 3089 3126
21 2 3088 3125 3126
21 2 3089 3090 3127
21 2 3089 3126 3127
21 2 3090 3091 3128
21 2 3090 3127 3128
21 2 3091 3092 3129
21 2 3091 3128 3129
21 2 3092 3093 3130
21 2 3092 3129 3130
21 2 3093 3094 3131
21 2 3093 3130 3131
21 2 3094 3095 3132
21 2 3094 3131 3132
21 2 3095 3096 3133
21 2 3095 3132 3133
21 2 3096 3097 3134
21 2 3096 3133 3134
21 2 3097 3098 3135
21 2 3097 3134 3135
21 2 3098 3099 3136
21 2 3098 3135 3136
21 2 3099 3100 3137
21 2 3099 3136 3137
21 2 3100 3101 3138
21 2 3100 3137 3138
21 2 3101 3102 3139
21 2 3101 3138 3139
21 2 3102 3103 3140
21 2 3102 3139 3140
21 2 3103 3104 3141
21 2 3103 3140 3141
21 2 3104 3105 3142
21 2 3104 3141 3142
21 2 3105 3106 3143
21 2 3105 3142 3143
12 2 2182 2219 3144
12 2 2182 3107 3144
21 2 3106 3107 3144
21 2 3106 3143 3144
12 2 2183 2220 3145
21 2 3108 3109 3146
21 2 3108 3145 3146
12 2 2183 3108 3145
21 2 3109 3110 3147
21 2 3109 3146 3147
21 2 3110 3111 3148
21 2 3110 3147 3148
21 2 3111 3112 3149
21 2 3111 3148 3149
21 2 3112 3113 3150
21 2 3112 3149 3150
21 2 3113 3114 3151
21 2 3113 3150 3151
21 2 3114 3115 3152
21 2 3114 3151 3152
21 2 3115 3116 3153
21 2 3115 3152 3153
21 2 3116 3117 3154
21 2 3116 3153 3154
21 2 3117 3118 3155
21 2 3117 3154 3155
21 2 3118 3119 3156
21 2 3118 3155 3156
21 2 3119 3120 3157
21 2 3119 3156 3157
21 2 3120 3121 3158
21 2 3120 3157 3158
21 2 3121 3122 3159
21 2 3121 3158 3159
21 2 3122 3123 3160
21 2 3122 3159 3160
21 2 3123 3124 3161
21 2 3123 3160 3161
21 2 3124 3125 3162
21 2 3124 3161 3162
21 2 3125 3126 3163
21 2 3125 3162 3163
21 2 3126 3127 3164
21 2 3126 3163 3164
21 2 3127 3128 3165
21 2 3127 3164 3165
21 2 3128 3129 3166
21 2 3128 3165 3166
21 2 3129 3130 3167
21 2 3129 3166 3167
21 2 3130 3131 3168
21 2 3130 3167 3168
21 2 3131 3132 3169
21 2 3131 3168 3169
21 2 3132 3133 3170
21 2 3132 3169 3170
21 2 3133 3134 3171
21 2 3133 3170 3171
21 2 3134 3135 3172
21 2 3134 3171 3172
21 2 3135 3136 3173
21 2 3135 3172 3173
21 2 3136 3137 3174
21 2 3136 3173 3174
21 2 3137 3138 3175
21 2 3137 3174 3175
21 2 3138 3139 3176
21 2 3138 3175 3176
21 2 3139 3140 3177
21 2 3139 3176 3177
21 2 3140 3141 3178
21 2 3140 3177 3178
21 2 3141 3142 3179
21 2 3141 3178 3179
21 2 3142 3143 3180
21 2 3142 3179 3180
12 2 2219 2256 3181
12 2 2219 3144 3181
21 2 3143 3144 3181
21 2 3143 3180 3181
12 2 2220 2257 3182
21 2 3145 3146 3183
21 2 3145 3182 3183
12 2 2220 3145 3182
21 2 3146 3147 3184
21 2 3146 3183 3184
21 2 3147 3148 3185
21 2 3147 3184 3185
21 2 3148 3149 3186
21 2 3148 3185 3186
21 2 3149 3150 3187
21 2 3149 3186 3187
21 2 3150 3151 3188
21 2 3150 3187 3188
21 2 3151 3152 3189
21 2 3151 3188 3189
21 2 3152 3153 3190
21 2 3152 3189 3190
21 2 3153 3154 3191
21 2 3153 3190 3191
21 2 3154 3155 3192
21 2 3154 3191 3192
21 2 3155 3156 3193
21 2 3155 3192 3193
21 2 3156 3157 3194
21 2 3156 3193 3194
21 2 3157 3158 3195
21 2 3157 3194 3195
21 2 3158 3159 3196
21 2 3158 3195 3196
21 2 3159 3160 3197
21 2 3159 3196 3197
21 2 3160 3161 3198
21 2 3160 3197 3198
21 2 3161 3162 3199
21 2 3161 3198 3199
21 2 3162 3163 3200
21 2 3162 3199 3200
21 2 3163 3164 3201
21 2 3163 3200 3201
21 2 3164 3165 3202
21 2 3164 3201 3202
21 2 3165 3166 3203
21 2 3165 3202 3203
21 2 3166 3167 3204
21 2 3166 3203 3204
21 2 3167 3168 3205
21 2 3167 3204 3205
21 2 3168 3169 3206
21 2 3168 3205 3206
21 2 3169 3170 3207
21 2 3169 3206 3207
21 2 3170 3171 3208
21 2 3170 3207 3208
21 2 3171 3172 3209
21 2 3171 3208 3209
21 2 3172 3173 3210
21 2 3172 3209 3210
21 2 3173 3174 3211
21 2 3173 3210 3211
21 2 3174 3175 3212
21 2 3174 3211 3212
21 2 3175 3176 3213
21 2 3175 3212 3213
21 2 3176 3177 3214
21 2 3176 3213 3214
21 2 3177 3178 3215
21 2 3177 3214 3215
21 2 3178 3179 3216
21 2 3178 3215 3216
21 2 3179 3180 3217
21 2 3179 3216 3217
12 2 2256 2293 3218
12 2 2256 3181 3218
21 2 3180 3181 3218
21 2 3180 3217 3218
12 2 2257 2294 3219
21 2 3182 3183 3220
21 2 3182 3219 3220
12 2 2257 3182 3219
21 2 3183 3184 3221
21 2 3183 3220 3221
21 2 3184 3185 3222
21 2 3184 3221 3222
21 2 3185 3186 3223
21 2 3185 3222 3223
21 2 3186 3187 3224
21 2 3186 3223 3224
21 2 3187 3188 3225
21 2 3187 3224 3225
11 2 2300 2301 3226
11 2 2300 3225 3226
21 2 3188 3189 3226
21 2 3188 3225 3226
11 2 2301 2302 3227
11 2 2301 3226 3227
21 2 3189 3190 3227
21 2 3189 3226 3227
11 2 2302 2303 3228
11 2 2302 3227 3228
21 2 3190 3191 3228
21 2 3190 3227 3228
11 2 2303 2304 3229
11 2 2303 3228 3229
21 2 3191 3192 3229
21 2 3191 3228 3229
11 2 2304 2305 3230
11 2 2304 3229 3230
21 2 3192 3193 3230
21 2 3192 3229 3230
11 2 2305 2306 3231
11 2 2305 3230 3231
21 2 3193 3194 3231
21 2 3193 3230 3231
11 2 2306 2307 3232
11 2 2306 3231 3232
21 2 3194 3195 3232
21 2 3194 3231 3232
11 2 2307 2308 3233
11 2 2307 3232 3233
21 2 3195 3196 3233
21 2 3195 3232 3233
21 2 3196 3197 3234
21 2 3196 3233 3234
21 2 3197 3198 3235
21 2 3197 3234 3235
10 2 2310 2311 3236
10 2 2310 3235 3236
21 2 3198 3199 3236
21 2 3198 3235 3236
10 2 2311 2312 3237
10 2 2311 3236 3237
21 2 3199 3200 3237
21 2 3199 3236 3237
10 2 2312 2313 3238
10 2 2312 3237 3238
21 2 3200 3201 3238
21 2 3200 3237 3238
10 2 2313 2314 3239
10 2 2313 3238 3239
21 2 3201 3202 3239
21 2 3201 3238 3239
21 2 3202 3203 3240
21 2 3202 3239 3240
21 2 3203 3204 3241
21 2 3203 3240 3241
11 2 2316 2317 3242
11 2 2316 3241 3242
21 2 3204 3205 3242
21 2 3204 3241 3242
11 2 2317 2318 3243
11 2 2317 3242 3243
21 2 3205 3206 3243
21 2 3205 3242 3243
11 2 2318 2319 3244
11 2 2318 3243 3244
21 2 3206 3207 3244
21 2 3206 3243 3244
11 2 2319 2320 3245
11 2 2319 3244 3245
21 2 3207 3208 3245
21 2 3207 3244 3245
11 2 2320 2321 3246
11 2 2320 3245 3246
21 2 3208 3209 3246
21 2 3208 3245 3246
11 2 2321 2322 3247
11 2 2321 3246 3247
21 2 3209 3210 3247
21 2 3209 3246 3247
11 2 2322 2323 3248
11 2 2322 3247 3248
21 2 3210 3211 3248
21 2 3210 3247 3248
11 2 2323 2324 3249
11 2 2323 3248 3249
21 2 3211 3212 3249
21 2 3211 3248 3249
21 2 3212 3213 3250
21 2 3212 3249 3250
21 2 3213 3214 3251
21 2 3213 3250 3251
21 2 3214 3215 3252
21 2 3214 3251 3252
21 2 3215 3216 3253
21 2 3215 3252 3253
21 2 3216 3217 3254
21 2 3216 3253 3254
12 2 2293 2330 3255
12 2 2293 3218 3255
21 2 3217 3218 3255
21 2 3217 3254 3255
12 2 2294 2331 3256
21 2 3219 3220 3257
21 2 3219 3256 3257
12 2 2294 3219 3256
21 2 3220 3221 3258
21 2 3220 3257 3258
21 2 3221 3222 3259
21 2 3221 3258 3259
21 2 3222 3223 3260
21 2 3222 3259 3260
21 2 3223 3224 3261
21 2 3223 3260 3261
21 2 3224 3225 3262
21 2 3224 3261 3262
21 2 3225 3226 3263
21 2 3225 3262 3263
21 2 3226 3227 3264
21 2 3226 3263 3264
21 2 3227 3228 3265
21 2 3227 3264 3265
21 2 3228 3229 3266
21 2 3228 3265 3266
21 2 3229 3230 3267
21 2 3229 3266 3267
21 2 3230 3231 3268
21 2 3230 3267 3268
21 2 3231 3232 3269
21 2 3231 3268 3269
21 2 3232 3233 3270
21 2 3232 3269 3270
21 2 3233 3234 3271
21 2 3233 3270 3271
21 2 3234 3235 3272
21 2 3234 3271 3272
21 2 3235 3236 3273
21 2 3235 3272 3273
21 2 3236 3237 3274
21 2 3236 3273 3274
21 2 3237 3238 3275
21 2 3237 3274 3275
21 2 3238 3239 3276
21 2 3238 3275 3276
21 2 3239 3240 3277
21 2 3239 3276 3277
21 2 3240 3241 3278
21 2 3240 3277 3278
21 2 3241 3242 3279
21 2 3241 3278 3279
21 2 3242 3243 3280
21 2 3242 3279 3280
21 2 3243 3244 3281
21 2 3243 3280 3281
21 2 3244 3245 3282
21 2 3244 3281 3282
21 2 3245 3246 3283
21 2 3245 3282 3283
21 2 3246 3247 3284
21 2 3246 3283 3284
21 2 3247 3248 3285
21 2 3247 3284 3285
21 2 3248 3249 3286
21 2 3248 3285 3286
21 2 3249 3250 3287
21 2 3249 3286 3287
21 2 3250 3251 3288
21 2 3250 3287 3288
21 2 3251 3252 3289
21 2 3251 3288 3289
21 2 3252 3253 3290
21 2 3252 3289 3290
21 2 3253 3254 3291
21 2 3253 3290 3291
12 2 2330 2367 3292
12 2 2330 3255 3292
21 2 3254 3255 3292
21 2 3254 3291 3292
12 2 2331 2368 3293
21 2 3256 3257 3294
21 2 3256 3293 3294
12 2 2331 3256 3293
21 2 3257 3258 3295
21 2 3257 3294 3295
21 2 3258 3259 3296
21 2 3258 3295 3296
21 2 3259 3260 3297
21 2 3259 3296 3297
21 2 3260 3261 3298
21 2 3260 3297 3298
21 2 3261 3262 3299
21 2 3261 3298 3299
21 2 3262 3263 3300
21 2 3262 3299 3300
21 2 3263 3264 3301
21 2 3263 3300 3301
21 2 3264 3265 3302
21 2 3264 3301 3302
21 2 3265 3266 3303
21 2 3265 3302 3303
21 2 3266 3267 3304
21 2 3266 3303 3304
21 2 3267 3268 3305
21 2 3267 3304 3305
21 2 3268 3269 3306
21 2 3268 3305 3306
21 2 3269 3270 3307
21 2 3269 3306 3307
21 2 3270 3271 3308
21 2 3270 3307 3308
21 2 3271 3272 3309
21 2 3271 3308 3309
21 2 3272 3273 3310
21 2 3272 3309 3310
21 2 3273 3274 3311
21 2 3273 3310 3311
21 2 3274 3275 3312
21 2 3274 3311 3312
21 2 3275 3276 3313
21 2 3275 3312 3313
21 2 3276 3277 3314
21 2 3276 3313 3314
21 2 3277 3278 3315
21 2 3277 3314 3315
21 2 3278 3279 3316
21 2 3278 3315 3316
21 2 3279 3280 3317
21 2 3279 3316 3317
21 2 3280 3281 3318
21 2 3280 3317 3318
21 2 3281 3282 3319
21 2 3281 3318 3319
21 2 3282 3283 3320
21 2 3282 3319 3320
21 2 3283 3284 3321
21 2 3283 3320 3321
21 2 3284 3285 3322
21 2 3284 3321 3322
21 2 3285 3286 3323
21 2 3285 3322 3323
21 2 3286 3287 3324
21 2 3286 3323 3324
21 2 3287 3288 3325
21 2 3287 3324 3325
21 2 3288 3289 3326
21 2 3288 3325 3326
21 2 3289 3290 3327
21 2 3289 3326 3327
21 2 3290 3291 3328
21 2 3290 3327 3328
12 2 2367 2404 3329
12 2 2367 3292 3329
21 2 3291 3292 3329
21 2 3291 3328 3329
12 2 2368 2405 3330
21 2 3293 3294 3331
21 2 3293 3330 3331
12 2 2368 3293 3330
21 2 3294 3295 3332
21 2 3294 3331 3332
21 2 3295 3296 3333
21 2 3295 3332 3333
21 2 3296 3297 3334
21 2 3296 3333 3334
21 2 3297 3298 3335
21 2 3297 3334 3335
21 2 3298 3299 3336
21 2 3298 3335 3336
21 2 3299 3300 3337
21 2 3299 3336 3337
21 2 3300 3301 3338
21 2 3300 3337 3338
21 2 3301 3302 3339
21 2 3301 3338 3339
21 2 3302 3303 3340
21 2 3302 3339 3340
21 2 3303 3304 3341
21 2 3303 3340 3341
21 2 3304 3305 3342
21 2 3304 3341 3342
21 2 3305 3306 3343
21 2 3305 3342 3343
21 2 3306 3307 3344
21 2 3306 3343 3344
21 2 3307 3308 3345
21 2 3307 3344 3345
21 2 3308 3309 3346
21 2 3308 3345 3346
21 2 3309 3310 3347
21 2 3309 3346 3347
21 2 3310 3311 3348
21 2 3310 3347 3348
21 2 3311 3312 3349
21 2 3311 3348 3349
21 2 3312 3313 3350
21 2 3312 3349 3350
21 2 3313 3314 3351
21 2 3313 3350 3351
21 2 3314 3315 3352
21 2 3314 3351 3352
21 2 3315 3316 3353
21 2 3315 3352 3353
21 2 3316 3317 3354
21 2 3316 3353 3354
21 2 3317 3318 3355
21 2 3317 3354 3355
21 2 3318 3319 3356
21 2 3318 3355 3356
21 2 3319 3320 3357
21 2 3319 3356 3357
21 2 3320 3321 3358
21 2 3320 3357 3358
21 2 3321 3322 3359
21 2 3321 3358 3359
21 2 3322 3323 3360
21 2 3322 3359 3360
21 2 3323 3324 3361
21 2 3323 3360 3361
21 2 3324 3325 3362
21 2 3324 3361 3362
21 2 3325 3326 3363
21 2 3325 3362 3363
21 2 3326 3327 3364
21 2 3326 3363 3364
21 2 3327 3328 3365
21 2 3327 3364 3365
12 2 2404 2441 3366
12 2 2404 3329 3366
21 2 3328 3329 3366
21 2 3328 3365 3366
12 2 2405 2442 3367
21 2 3330 3331 3368
21 2 3330 3367 3368
12 2 2405 3330 3367
21 2 3331 3332 3369
21 2 3331 3368 3369
21 2 3332 3333 3370
21 2 3332 3369 3370
21 2 3333 3334 3371
21 2 3333 3370 3371
21 2 3334 3335 3372
21 2 3334 3371 3372
21 2 3335 3336 3373
21 2 3335 3372 3373
21 2 3336 3337 3374
21 2 3336 3373 3374
21 2 3337 3338 3375
21 2 3337 3374 3375
21 2 3338 3339 3376
21 2 3338 3375 3376
21 2 3339 3340 3377
21 2 3339 3376 3377
21 2 3340 3341 3378
21 2 3340 3377 3378
21 2 3341 3342 3379
21 2 3341 3378 3379
21 2 3342 3343 3380
21 2 3342 3379 3380
21 2 3343 3344 3381
21 2 3343 3380 3381
21 2 3344 3345 3382
21 2 3344 3381 3382
21 2 3345 3346 3383
21 2 3345 3382 3383
21 2 3346 3347 3384
21 2 3346 3383 3384
21 2 3347 3348 3385
21 2 3347 3384 3385
21 2 3348 3349 3386
21 2 3348 3385 3386
21 2 3349 3350 3387
21 2 3349 3386 3387
21 2 3350 3351 3388
21 2 3350 3387 3388
21 2 3351 3352 3389
21 2 3351 3388 3389
21 2 3352 3353 3390
21 2 3352 3389 3390
21 2 3353 3354 3391
21 2 3353 3390 3391
21 2 3354 3355 3392
21 2 3354 3391 3392
21 2 3355 3356 3393
21 2 3355 3392 3393
21 2 3356 3357 3394
21 2 3356 3393 3394
21 2 3357 3358 3395
21 2 3357 3394 3395
21 2 3358 3359 3396
21 2 3358 3395 3396
21 2 3359 3360 3397
21 2 3359 3396 3397
21 2 3360 3361 3398
21 2 3360 3397 3398
21 2 3361 3362 3399
21 2 3361 3398 3399
21 2 3362 3363 3400
21 2 3362 3399 3400
21 2 3363 3364 3401
21 2 3363 3400 3401
21 2 3364 3365 3402
21 2 3364 3401 3402
12 2 2441 2478 3403
12 2 2441 3366 3403
21 2 3365 3366 3403
21 2 3365 3402 3403
12 2 2442 2479 3404
21 2 3367 3368 3405
21 2 3367 3404 3405
12 2 2442 3367 3404
21 2 3368 3369 3406
21 2 3368 3405 3406
21 2 3369 3370 3407
21 2 3369 3406 3407
21 2 3370 3371 3408
21 2 3370 3407 3408
21 2 3371 3372 3409
21 2 3371 3408 3409
21 2 3372 3373 3410
21 2 3372 3409 3410
21 2 3373 3374 3411
21 2 3373 3410 3411
21 2 3374 3375 3412
21 2 3374 3411 3412
21 2 3375 3376 3413
21 2 3375 3412 3413
21 2 3376 3377 3414
21 2 3376 3413 3414
21 2 3377 3378 3415
21 2 3377 3414 3415
21 2 3378 3379 3416
21 2 3378 3415 3416
21 2 3379 3380 3417
21 2 3379 3416 3417
21 2 3380 3381 3418
21 2 3380 3417 3418
21 2 3381 3382 3419
21 2 3381 3418 3419
21 2 3382 3383 3420
21 2 3382 3419 3420
21 2 3383 3384 3421
21 2 3383 3420 3421
21 2 3384 3385 3422
21 2 3384 3421 3422
21 2 3385 3386 3423
21 2 3385 3422 3423
21 2 3386 3387 3424
21 2 3386 3423 3424
21 2 3387 3388 3425
21 2 3387 3424 3425
21 2 3388 3389 3426
21 2 3388 3425 3426
21 2 3389 3390 3427
21 2 3389 3426 3427
21 2 3390 3391 3428
21 2 3390 3427 3428
21 2 3391 3392 3429
21 2 3391 3428 3429
21 2 3392 3393 3430
21 2 3392 3429 3430
21 2 3393 3394 3431
21 2 3393 3430 3431
21 2 3394 3395 3432
21 2 3394 3431 3432
21 2 3395 3396 3433
21 2 3395 3432 3433
21 2 3396 3397 3434
21 2 3396 3433 3434
21 2 3397 3398 3435
21 2 3397 3434 3435
21 2 3398 3399 3436
21 2 3398 3435 3436
21 2 3399 3400 3437
21 2 3399 3436 3437
21 2 3400 3401 3438
21 2 3400 3437 3438
21 2 3401 3402 3439
21 2 3401 3438 3439
12 2 2478 2515 3440
12 2 2478 3403 3440
21 2 3402 3403 3440
21 2 3402 3439 3440
12 2 2479 2516 3441
21 2 3404 3405 3442
21 2 3404 3441 3442
12 2 2479 3404 3441
21 2 3405 3406 3443
21 2 3405 3442 3443
21 2 3406 3407 3444
21 2 3406 3443 3444
21 2 3407 3408 3445
21 2 3407 3444 3445
21 2 3408 3409 3446
21 2 3408 3445 3446
21 2 3409 3410 3447
21 2 3409 3446 3447
21 2 3410 3411 3448
21 2 3410 3447 3448
21 2 3411 3412 3449
21 2 3411 3448 3449
21 2 3412 3413 3450
21 2 3412 3449 3450
21 2 3413 3414 3451
21 2 3413 3450 3451
21 2 3414 3415 3452
21 2 3414 3451 3452
21 2 3415 3416 3453
21 2 3415 3452 3453
21 2 3416 3417 3454
21 2 3416 3453 3454
21 2 3417 3418 3455
21 2 3417 3454 3455
21 2 3418 3419 3456
21 2 3418 3455 3456
21 2 3419 3420 3457
21 2 3419 3456 3457
21 2 3420 3421 3458
21 2 3420 3457 3458
21 2 3421 3422 3459
21 2 3421 3458 3459
21 2 3422 3423 3460
21 2 3422 3459 3460
21 2 3423 3424 3461
21 2 3423 3460 3461
21 2 3424 3425 3462
21 2 3424 3461 3462
21 2 3425 3426 3463
21 2 3425 3462 3463
21 2 3426 3427 3464
21 2 3426 3463 3464
21 2 3427 3428 3465
21 2 3427 3464 3465
21 2 3428 3429 3466
21 2 3428 3465 3466
21 2 3429 3430 3467
21 2 3429 3466 3467
21 2 3430 3431 3468
21 2 3430 3467 3468
21 2 3431 3432 3469
21 2 3431 3468 3469
21 2 3432 3433 3470
21 2 3432 3469 3470
21 2 3433 3434 3471
21 2 3433 3470 3471
21 2 3434 3435 3472
21 2 3434 3471 3472
21 2 3435 3436 3473
21 2 3435 3472 3473
21 2 3436 3437 3474
21 2 3436 3473 3474
21 2 3437 3438 3475
21 2 3437 3474 3475
21 2 3438 3439 3476
21 2 3438 3475 3476
12 2 2515 2552 3477
12 2 2515 3440 3477
21 2 3439 3440 3477
21 2 3439 3476 3477
12 2 2516 2553 3478
21 2 3441 3442 3479
21 2 3441 3478 3479
12 2 2516 3441 3478
21 2 3442 3443 3480
21 2 3442 3479 3480
21 2 3443 3444 3481
21 2 3443 3480 3481
21 2 3444 3445 3482
21 2 3444 3481 3482
21 2 3445 3446 3483
21 2 3445 3482 3483
21 2 3446 3447 3484
21 2 3446 3483 3484
21 2 3447 3448 3485
21 2 3447 3484 3485
21 2 3448 3449 3486
21 2 3448 3485 3486
21 2 3449 3450 3487
21 2 3449 3486 3487
21 2 3450 3451 3488
21 2 3450 3487 3488
21 2 3451 3452 3489
21 2 3451 3488 3489
21 2 3452 3453 3490
21 2 3452 3489 3490
21 2 3453 3454 3491
21 2 3453 3490 3491
21 2 3454 3455 3492
21 2 3454 3491 3492
21 2 3455 3456 3493
21 2 3455 3492 3493
21 2 3456 3457 3494
21 2 3456 3493 3494
21 2 3457 3458 3495
21 2 3457 3494 3495
21 2 3458 3459 3496
21 2 3458 3495 3496
21 2 3459 3460 3497
21 2 3459 3496 3497
21 2 3460 3461 3498
21 2 3460 3497 3498
21 2 3461 3462 3499
21 2 3461 3498 3499
21 2 3462 3463 3500
21 2 3462 3499 3500
21 2 3463 3464 3501
21 2 3463 3500 3501
21 2 3464 3465 3502
21 2 3464 3501 3502
21 2 3465 3466 3503
21 2 3465 3502 3503
21 2 3466 3467 3504
21 2 3466 3503 3504
21 2 3467 3468 3505
21 2 3467 3504 3505
21 2 3468 3469 3506
21 2 3468 3505 3506
21 2 3469 3470 3507
21 2 3469 3506 3507
21 2 3470 3471 3508
21 2 3470 3507 3508
21 2 3471 3472 3509
21 2 3471 3508 3509
21 2 3472 3473 3510
21 2 3472 3509 3510
21 2 3473 3474 3511
21 2 3473 3510 3511
21 2 3474 3475 3512
21 2 3474 3511 3512
21 2 3475 3476 3513
21 2 3475 3512 3513
12 2 2552 2589 3514
12 2 2552 3477 3514
21 2 3476 3477 3514
21 2 3476 3513 3514
12 2 2553 2590 3515
21 2 3478 3479 3516
21 2 3478 3515 3516
12 2 2553 3478 3515
21 2 3479 3480 3517
21 2 3479 3516 3517
21 2 3480 3481 3518
21 2 3480 3517 3518
21 2 3481 3482 3519
21 2 3481 3518 3519
21 2 3482 3483 3520
21 2 3482 3519 3520
21 2 3483 3484 3521
21 2 3483 3520 3521
21 2 3484 3485 3522
21 2 3484 3521 3522
21 2 3485 3486 3523
21 2 3485 3522 3523
21 2 3486 3487 3524
21 2 3486 3523 3524
21 2 3487 3488 3525
21 2 3487 3524 3525
21 2 3488 3489 3526
21 2 3488 3525 3526
21 2 3489 3490 3527
21 2 3489 3526 3527
21 2 3490 3491 3528
21 2 3490 3527 3528
21 2 3491 3492 3529
21 2 3491 3528 3529
21 2 3492 3493 3530
21 2 3492 3529 3530
21 2 3493 3494 3531
21 2 3493 3530 3531
21 2 3494 3495 3532
21 2 3494 3531 3532
21 2 3495 3496 3533
21 2 3495 3532 3533
21 2 3496 3497 3534
21 2 3496 3533 3534
21 2 3497 3498 3535
21 2 3497 3534 3535
21 2 3498 3499 3536
21 2 3498 3535 3536
21 2 3499 3500 3537
21 2 3499 3536 3537
21 2 3500 3501 3538
21 2 3500 3537 3538
21 2 3501 3502 3539
21 2 3501 3538 3539
21 2 3502 3503 3540
21 2 3502 3539 3540
21 2 3503 3504 3541
21 2 3503 3540 3541
21 2 3504 3505 3542
21 2 3504 3541 3542
21 2 3505 3506 3543
21 2 3505 3542 3543
21 2 3506 3507 3544
21 2 3506 3543 3544
21 2 3507 3508 3545
21 2 3507 3544 3545
21 2 3508 3509 3546
21 2 3508 3545 3546
21 2 3509 3510 3547
21 2 3509 3546 3547
21 2 3510 3511 3548
21 2 3510 3547 3548
21 2 3511 3512 3549
21 2 3511 3548 3549
21 2 3512 3513 3550
21 2 3512 3549 3550
12 2 2589 2626 3551
12 2 2589 3514 3551
21 2 3513 3514 3551
21 2 3513 3550 3551
12 2 2590 2627 3552
21 2 3515 3516 3553
21 2 3515 3552 3553
12 2 2590 3515 3552
21 2 3516 3517 3554
21 2 3516 3553 3554
21 2 3517 3518 3555
21 2 3517 3554 3555
21 2 3518 3519 3556
21 2 3518 3555 3556
21 2 3519 3520 3557
21 2 3519 3556 3557
21 2 3520 3521 3558
21 2 3520 3557 3558
21 2 3521 3522 3559
21 2 3521 3558 3559
21 2 3522 3523 3560
21 2 3522 3559 3560
21 2 3523 3524 3561
21 2 3523 3560 3561
21 2 3524 3525 3562
21 2 3524 3561 3562
21 2 3525 3526 3563
21 2 3525 3562 3563
21 2 3526 3527 3564
21 2 3526 3563 3564
21 2 3527 3528 3565
21 2 3527 3564 3565
21 2 3528 3529 3566
21 2 3528 3565 3566
21 2 3529 3530 3567
21 2 3529 3566 3567
21 2 3530 3531 3568
21 2 3530 3567 3568
21 2 3531 3532 3569
21 2 3531 3568 3569
21 2 3532 3533 3570
21 2 3532 3569 3570
21 2 3533 3534 3571
21 2 3533 3570 3571
21 2 3534 3535 3572
21 2 3534 3571 3572
21 2 3535 3536 3573
21 2 3535 3572 3573
21 2 3536 3537 3574
21 2 3536 3573 3574
21 2 3537 3538 3575
21 2 3537 3574 3575
21 2 3538 3539 3576
21 2 3538 3575 3576
21 2 3539 3540 3577
21 2 3539 3576 3577
21 2 3540 3541 3578
21 2 3540 3577 3578
21 2 3541 3542 3579
21 2 3541 3578 3579
21 2 3542 3543 3580
21 2 3542 3579 3580
21 2 3543 3544 3581
21 2 3543 3580 3581
21 2 3544 3545 3582
21 2 3544 3581 3582
21 2 3545 3546 3583
21 2 3545 3582 3583
21 2 3546 3547 3584
21 2 3546 3583 3584
21 2 3547 3548 3585
21 2 3547 3584 3585
21 2 3548 3549 3586
21 2 3548 3585 3586
21 2 3549 3550 3587
21 2 3549 3586 3587
12 2 2626 2663 3588
12 2 2626 3551 3588
21 2 3550 3551 3588
21 2 3550 3587 3588
12 2 2627 2664 3589
21 2 3552 3553 3590
21 2 3552 3589 3590
12 2 2627 3552 3589
21 2 3553 3554 3591
21 2 3553 3590 3591
21 2 3554 3555 3592
21 2 3554 3591 3592
21 2 3555 3556 3593
21 2 3555 3592 3593
21 2 3556 3557 3594
21 2 3556 3593 3594
21 2 3557 3558 3595
21 2 3557 3594 3595
21 2 3558 3559 3596
21 2 3558 3595 3596
21 2 3559 3560 3597
21 2 3559 3596 3597
21 2 3560 3561 3598
21 2 3560 3597 3598
21 2 3561 3562 3599
21 2 3561 3598 3599
21 2 3562 3563 3600
21 2 3562 3599 3600
21 2 3563 3564 3601
21 2 3563 3600 3601
21 2 3564 3565 3602
21 2 3564 3601 3602
21 2 3565 3566 3603
21 2 3565 3602 3603
21 2 3566 3567 3604
21 2 3566 3603 3604
21 2 3567 3568 3605
21 2 3567 3604 3605
21 2 3568 3569 3606
21 2 3568 3605 3606
21 2 3569 3570 3607
21 2 3569 3606 3607
21 2 3570 3571 3608
21 2 3570 3607 3608
21 2 3571 3572 3609
21 2 3571 3608 3609
21 2 3572 3573 3610
21 2 3572 3609 3610
21 2 3573 3574 3611
21 2 3573 3610 3611
21 2 3574 3575 3612
21 2 3574 3611 3612
21 2 3575 3576 3613
21 2 3575 3612 3613
21 2 3576 3577 3614
21 2 3576 3613 3614
21 2 3577 3578 3615
21 2 3577 3614 3615
21 2 3578 3579 3616
21 2 3578 3615 3616
21 2 3579 3580 3617
21 2 3579 3616 3617
21 2 3580 3581 3618
21 2 3580 3617 3618
21 2 3581 3582 3619
21 2 3581 3618 3619
21 2 3582 3583 3620
21 2 3582 3619 3620
21 2 3583 3584 3621
21 2 3583 3620 3621
21 2 3584 3585 3622
21 2 3584 3621 3622
21 2 3585 3586 3623
21 2 3585 3622 3623
21 2 3586 3587 3624
21 2 3586 3623 3624
12 2 2663 2700 3625
12 2 2663 3588 3625
21 2 3587 3588 3625
21 2 3587 3624 3625
12 2 2664 2701 3626
21 2 3589 3590 3627
21 2 3589 3626 3627
12 2 2664 3589 3626
21 2 3590 3591 3628
21 2 3590 3627 3628
21 2 3591 3592 3629
21 2 3591 3628 3629
21 2 3592 3593 3630
21 2 3592 3629 3630
21 2 3593 3594 3631
21 2 3593 3630 3631
21 2 3594 3595 3632
21 2 3594 3631 3632
21 2 3595 3596 3633
21 2 3595 3632 3633
21 2 3596 3597 3634
21 2 3596 3633 3634
21 2 3597 3598 3635
21 2 3597 3634 3635
21 2 3598 3599 3636
21 2 3598 3635 3636
21 2 3599 3600 3637
21 2 3599 3636 3637
21 2 3600 3601 3638
21 2 3600 3637 3638
21 2 3601 3602 3639
21 2 3601 3638 3639
21 2 3602 3603 3640
21 2 3602 3639 3640
21 2 3603 3604 3641
21 2 3603 3640 3641
21 2 3604 3605 3642
21 2 3604 3641 3642
21 2 3605 3606 3643
21 2 3605 3642 3643
21 2 3606 3607 3644
21 2 3606 3643 3644
21 2 3607 3608 3645
21 2 3607 3644 3645
21 2 3608 3609 3646
21 2 3608 3645 3646
21 2 3609 3610 3647
21 2 3609 3646 3647
21 2 3610 3611 3648
21 2 3610 3647 3648
21 2 3611 3612 3649
21 2 3611 3648 3649
21 2 3612 3613 3650
21 2 3612 3649 3650
21 2 3613 3614 3651
21 2 3613 3650 3651
21 2 3614 3615 3652
21 2 3614 3651 3652
21 2 3615 3616 3653
21 2 3615 3652 3653
21 2 3616 3617 3654
21 2 3616 3653 3654
21 2 3617 3618 3655
21 2 3617 3654 3655
21 2 3618 3619 3656
21 2 3618 3655 3656
21 2 3619 3620 3657
21 2 3619 3656 3657
21 2 3620 3621 3658
21 2 3620 3657 3658
21 2 3621 3622 3659
21 2 3621 3658 3659
21 2 3622 3623 3660
21 2 3622 3659 3660
21 2 3623 3624 3661
21 2 3623 3660 3661
12 2 2700 2737 3662
12 2 2700 3625 3662
21 2 3624 3625 3662
21 2 3624 3661 3662
12 2 2738 2739 3664
12 2 2738 3663 3664
12 2 2701 2738 3663
21 2 3626 3627 3664
21 2 3626 3663 3664
12 2 2701 3626 3663
12 2 2739 2740 3665
12 2 2739 3664 3665
21 2 3627 3628 3665
21 2 3627 3664 3665
12 2 2740 2741 3666
12 2 2740 3665 3666
21 2 3628 3629 3666
21 2 3628 3665 3666
12 2 2741 2742 3667
12 2 2741 3666 3667
21 2 3629 3630 3667
21 2 3629 3666 3667
12 2 2742 2743 3668
12 2 2742 3667 3668
21 2 3630 3631 3668
21 2 3630 3667 3668
12 2 2743 2744 3669
12 2 2743 3668 3669
21 2 3631 3632 3669
21 2 3631 3668 3669
12 2 2744 2745 3670
12 2 2744 3669 3670
21 2 3632 3633 3670
21 2 3632 3669 3670
12 2 2745 2746 3671
12 2 2745 3670 3671
21 2 3633 3634 3671
21 2 3633 3670 3671
12 2 2746 2747 3672
12 2 2746 3671 3672
21 2 3634 3635 3672
21 2 3634 3671 3672
12 2 2747 2748 3673
12 2 2747 3672 3673
21 2 3635 3636 3673
21 2 3635 3672 3673
12 2 2748 2749 3674
12 2 2748 3673 3674
21 2 3636 3637 3674
21 2 3636 3673 3674
12 2 2749 2750 3675
12 2 2749 3674 3675
21 2 3637 3638 3675
21 2 3637 3674 3675
12 2 2750 2751 3676
12 2 2750 3675 3676
21 2 3638 3639 3676
21 2 3638 3675 3676
12 2 2751 2752 3677
12 2 2751 3676 3677
21 2 3639 3640 3677
21 2 3639 3676 3677
12 2 2752 2753 3678
12 2 2752 3677 3678
21 2 3640 3641 3678
21 2 3640 3677 3678
12 2 2753 2754 3679
12 2 2753 3678 3679
21 2 3641 3642 3679
21 2 3641 3678 3679
12 2 2754 2755 3680
12 2 2754 3679 3680
21 2 3642 3643 3680
21 2 3642 3679 3680
12 2 2755 2756 3681
12 2 2755 3680 3681
21 2 3643 3644 3681
21 2 3643 3680 3681
12 2 2756 2757 3682
12 2 2756 3681 3682
21 2 3644 3645 3682
21 2 3644 3681 3682
12 2 2757 2758 3683
12 2 2757 3682 3683
21 2 3645 3646 3683
21 2 3645 3682 3683
12 2 2758 2759 3684
12 2 2758 3683 3684
21 2 3646 3647 3684
21 2 3646 3683 3684
12 2 2759 2760 3685
12 2 2759 3684 3685
21 2 3647 3648 3685
21 2 3647 3684 3685
12 2 2760 2761 3686
12 2 2760 3685 3686
21 2 3648 3649 3686
21 2 3648 3685 3686
12 2 2761 2762 3687
12 2 2761 3686 3687
21 2 3649 3650 3687
21 2 3649 3686 3687
12 2 2762 2763 3688
12 2 2762 3687 3688
21 2 3650 3651 3688
21 2 3650 3687 3688
12 2 2763 2764 3689
12 2 2763 3688 3689
21 2 3651 3652 3689
21 2 3651 3688 3689
12 2 2764 2765 3690
12 2 2764 3689 3690
21 2 3652 3653 3690
21 2 3652 3689 3690
12 2 2765 2766 3691
12 2 2765 3690 3691
21 2 3653 3654 3691
21 2 3653 3690 3691
12 2 2766 2767 3692
12 2 2766 3691 3692
21 2 3654 3655 3692
21 2 3654 3691 3692
12 2 2767 2768 3693
12 2 2767 3692 3693
21 2 3655 3656 3693
21 2 3655 3692 3693
12 2 2768 2769 3694
12 2 2768 3693 3694
21 2 3656 3657 3694
21 2 3656 3693 3694
12 2 2769 2770 3695
12 2 2769 3694 3695
21 2 3657 3658 3695
21 2 3657 3694 3695
12 2 2770 2771 3696
12 2 2770 3695 3696
21 2 3658 3659 3696
21 2 3658 3695 3696
12 2 2771 2772 3697
12 2 2771 3696 3697
21 2 3659 3660 3697
21 2 3659 3696 3697
12 2 2772 2773 3698
12 2 2772 3697 3698
21 2 3660 3661 3698
21 2 3660 3697 3698
12 2 2737 2774 3699
12 2 2737 3662 3699
12 2 2773 2774 3699
12 2 2773 3698 3699
21 2 3661 3662 3699
21 2 3661 3698 3699

vertices
3700
3
-320 -320 0
-175.6851217297575 -320 0
-117.78664502240618 -320 0
-94.558037929280644 -320 0
-85.238825781195004 -320 0
-81.5 -320 0
-80 -320 0
-77.259663170406327 -320 0
-69.455844122715718 -320 0
-57.776603565143226 -320 0
-43.999999999999993 -320 0
-30.223396434856767 -320 0
-18.54415587728429 -320 0
-10.740336829593677 -320 0
-8 -320 0
-6.5 -320 0
-5 -320 0
-2.5 -320 0
0 -320 0
2.5 -320 0
5 -320 0
6.5 -320 0
8 -320 0
10.740336829593677 -320 0
18.54415587728429 -320 0
30.223396434856767 -320 0
43.999999999999993 -320 0
57.776603565143226 -320 0
69.455844122715718 -320 0
77.259663170406327 -320 0
80 -320 0
81.5 -320 0
85.238825781195004 -320 0
94.558037929280644 -320 0
117.78664502240618 -320 0
175.6851217297575 -320 0
320 -320 0
-320 -216.79794182040541 0
-175.6851217297575 -216.79794182040541 0
-117.78664502240618 -216.79794182040541 0
-94.558037929280644 -216.79794182040541 0
-85.238825781195004 -216.79794182040541 0
-81.5 -216.79794182040541 0
-80 -216.79794182040541 0
-77.259663170406327 -216.79794182040541 0
-69.455844122715718 -216.79794182040541 0
-57.776603565143226 -216.79794182040541 0
-43.999999999999993 -216.79794182040541 0
-30.223396434856767 -216.79794182040541 0
-18.54415587728429 -216.79794182040541 0
-10.740336829593677 -216.79794182040541 0
-8 -216.79794182040541 0
-6.5 -216.79794182040541 0
-5 -216.79794182040541 0
-2.5 -216.79794182040541 0
0 -216.79794182040541 0
2.5 -216.79794182040541 0
5 -216.79794182040541 0
6.5 -216.79794182040541 0
8 -216.79794182040541 0
10.740336829593677 -216.79794182040541 0
18.54415587728429 -216.79794182040541 0
30.223396434856767 -216.79794182040541 0
43.999999999999993 -216.79794182040541 0
57.776603565143226 -216.79794182040541 0
69.455844122715718 -216.79794182040541 0
77.259663170406327 -216.79794182040541 0
80 -216.79794182040541 0
81.5 -216.79794182040541 0
85.238825781195004 -216.79794182040541 0
94.558037929280644 -216.79794182040541 0
117.78664502240618 -216.79794182040541 0
175.6851217297575 -216.79794182040541 0
320 -216.79794182040541 0
-320 -146.54992359445299 0
-175.6851217297575 -146.54992359445299 0
-117.78664502240618 -146.54992359445299 0
-94.558037929280644 -146.54992359445299 0
-85.238825781195004 -146.54992359445299 0
-81.5 -146.54992359445299 0
-80 -146.54992359445299 0
-77.259663170406327 -146.54992359445299 0
-69.455844122715718 -146.54992359445299 0
-57.776603565143226 -146.54992359445299 0
-43.999999999999993 -146.54992359445299 0
-30.223396434856767 -146.54992359445299 0
-18.54415587728429 -146.54992359445299 0
-10.740336829593677 -146.54992359445299 0
-8 -146.54992359445299 0
-6.5 -146.54992359445299 0
-5 -146.54992359445299 0
-2.5 -146.54992359445299 0
0 -146.54992359445299 0
2.5 -146.54992359445299 0
5 -146.54992359445299 0
6.5 -146.54992359445299 0
8 -146.54992359445299 0
10.740336829593677 -146.54992359445299 0
18.54415587728429 -146.54992359445299 0
30.223396434856767 -146.54992359445299 0
43.999999999999993 -146.54992359445299 0
57.776603565143226 -146.54992359445299 0
69.455844122715718 -146.54992359445299 0
77.259663170406327 -146.54992359445299 0
80 -146.54992359445299 0
81.5 -146.54992359445299 0
85.238825781195004 -146.54992359445299 0
94.558037929280644 -146.54992359445299 0
117.78664502240618 -146.54992359445299 0
175.6851217297575 -146.54992359445299 0
320 -146.54992359445299 0
-320 -98.73320218676443 0
-175.6851217297575 -98.73320218676443 0
-117.78664502240618 -98.73320218676443 0
-94.558037929280644 -98.73320218676443 0
-85.238825781195004 -98.73320218676443 0
-81.5 -98.73320218676443 0
-80 -98.73320218676443 0
-77.259663170406327 -98.73320218676443 0
-69.455844122715718 -98.73320218676443 0
-57.776603565143226 -98.73320218676443 0
-43.999999999999993 -98.73320218676443 0
-30.223396434856767 -98.73320218676443 0
-18.54415587728429 -98.73320218676443 0
-10.740336829593677 -98.73320218676443 0
-8 -98.73320218676443 0
-6.5 -98.73320218676443 0
-5 -98.73320218676443 0
-2.5 -98.73320218676443 0
0 -98.73320218676443 0
2.5 -98.73320218676443 0
5 -98.73320218676443 0
6.5 -98.73320218676443 0
8 -98.73320218676443 0
10.740336829593677 -98.73320218676443 0
18.54415587728429 -98.73320218676443 0
30.223396434856767 -98.73320218676443 0
43.999999999999993 -98.73320218676443 0
57.776603565143226 -98.73320218676443 0
69.455844122715718 -98.73320218676443 0
77.259663170406327 -98.73320218676443 0
80 -98.73320218676443 0
81.5 -98.73320218676443 0
85.238825781195004 -98.73320218676443 0
94.558037929280644 -98.73320218676443 0
117.78664502240618 -98.73320218676443 0
175.6851217297575 -98.73320218676443 0
320 -98.73320218676443 0
-320 -66.185111807528642 0
-175.6851217297575 -66.185111807528642 0
-117.78664502240618 -66.185111807528642 0
-94.558037929280644 -66.185111807528642 0
-85.238825781195004 -66.185111807528642 0
-81.5 -66.185111807528642 0
-80 -66.185111807528642 0
-77.259663170406327 -66.185111807528642 0
-69.455844122715718 -66.185111807528642 0
-57.776603565143226 -66.185111807528642 0
-43.999999999999993 -66.185111807528642 0
-30.223396434856767 -66.185111807528642 0
-18.54415587728429 -66.185111807528642 0
-10.740336829593677 -66.185111807528642 0
-8 -66.185111807528642 0
-6.5 -66.185111807528642 0
-5 -66.185111807528642 0
-2.5 -66.185111807528642 0
0 -66.185111807528642 0
2.5 -66.185111807528642 0
5 -66.185111807528642 0
6.5 -66.185111807528642 0
8 -66.185111807528642 0
10.740336829593677 -66.185111807528642 0
18.54415587728429 -66.185111807528642 0
30.223396434856767 -66.185111807528642 0
43.999999999999993 -66.185111807528642 0
57.776603565143226 -66.185111807528642 0
69.455844122715718 -66.185111807528642 0
77.259663170406327 -66.185111807528642 0
80 -66.185111807528642 0
81.5 -66.185111807528642 0
85.238825781195004 -66.185111807528642 0
94.558037929280644 -66.185111807528642 0
117.78664502240618 -66.185111807528642 0
175.6851217297575 -66.185111807528642 0
320 -66.185111807528642 0
-320 -44.030138481303027 0
-175.6851217297575 -44.030138481303027 0
-117.78664502240618 -44.030138481303027 0
-94.558037929280644 -44.030138481303027 0
-85.238825781195004 -44.030138481303027 0
-81.5 -44.030138481303027 0
-80 -44.030138481303027 0
-77.259663170406327 -44.030138481303027 0
-69.455844122715718 -44.030138481303027 0
-57.776603565143226 -44.030138481303027 0
-43.999999999999993 -44.030138481303027 0
-30.223396434856767 -44.030138481303027 0
-18.54415587728429 -44.030138481303027 0
-10.740336829593677 -44.030138481303027 0
-8 -44.030138481303027 0
-6.5 -44.030138481303027 0
-5 -44.030138481303027 0
-2.5 -44.030138481303027 0
0 -44.030138481303027 0
2.5 -44.030138481303027 0
5 -44.030138481303027 0
6.5 -44.030138481303027 0
8 -44.030138481303027 0
10.740336829593677 -44.030138481303027 0
18.54415587728429 -44.030138481303027 0
30.223396434856767 -44.030138481303027 0
43.999999999999993 -44.030138481303027 0
57.776603565143226 -44.030138481303027 0
69.455844122715718 -44.030138481303027 0
77.259663170406327 -44.030138481303027 0
80 -44.030138481303027 0
81.5 -44.030138481303027 0
85.238825781195004 -44.030138481303027 0
94.558037929280644 -44.030138481303027 0
117.78664502240618 -44.030138481303027 0
175.6851217297575 -44.030138481303027 0
320 -44.030138481303027 0
-320 -28.949596508895819 0
-175.6851217297575 -28.949596508895819 0
-117.78664502240618 -28.949596508895819 0
-94.558037929280644 -28.949596508895819 0
-85.238825781195004 -28.949596508895819 0
-81.5 -28.949596508895819 0
-80 -28.949596508895819 0
-77.259663170406327 -28.949596508895819 0
-69.455844122715718 -28.949596508895819 0
-57.776603565143226 -28.949596508895819 0
-43.999999999999993 -28.949596508895819 0
-30.223396434856767 -28.949596508895819 0
-18.54415587728429 -28.949596508895819 0
-10.740336829593677 -28.949596508895819 0
-8 -28.949596508895819 0
-6.5 -28.949596508895819 0
-5 -28.949596508895819 0
-2.5 -28.949596508895819 0
0 -28.949596508895819 0
2.5 -28.949596508895819 0
5 -28.949596508895819 0
6.5 -28.949596508895819 0
8 -28.949596508895819 0
10.740336829593677 -28.949596508895819 0
18.54415587728429 -28.949596508895819 0
30.223396434856767 -28.949596508895819 0
43.999999999999993 -28.949596508895819 0
57.776603565143226 -28.949596508895819 0
69.455844122715718 -28.949596508895819 0
77.259663170406327 -28.949596508895819 0
80 -28.949596508895819 0
81.5 -28.949596508895819 0
85.238825781195004 -28.949596508895819 0
94.558037929280644 -28.949596508895819 0
117.78664502240618 -28.949596508895819 0
175.6851217297575 -28.949596508895819 0
320 -28.949596508895819 0
-320 -18.684508718772996 0
-175.6851217297575 -18.684508718772996 0
-117.78664502240618 -18.684508718772996 0
-94.558037929280644 -18.684508718772996 0
-85.238825781195004 -18.684508718772996 0
-81.5 -18.684508718772996 0
-80 -18.684508718772996 0
-77.259663170406327 -18.684508718772996 0
-69.455844122715718 -18.684508718772996 0
-57.776603565143226 -18.684508718772996 0
-43.999999999999993 -18.684508718772996 0
-30.223396434856767 -18.684508718772996 0
-18.54415587728429 -18.684508718772996 0
-10.740336829593677 -18.684508718772996 0
-8 -18.684508718772996 0
-6.5 -18.684508718772996 0
-5 -18.684508718772996 0
-2.5 -18.684508718772996 0
0 -18.684508718772996 0
2.5 -18.684508718772996 0
5 -18.684508718772996 0
6.5 -18.684508718772996 0
8 -18.684508718772996 0
10.740336829593677 -18.684508718772996 0
18.54415587728429 -18.684508718772996 0
30.223396434856767 -18.684508718772996 0
43.999999999999993 -18.684508718772996 0
57.776603565143226 -18.684508718772996 0
69.455844122715718 -18.684508718772996 0
77.259663170406327 -18.684508718772996 0
80 -18.684508718772996 0
81.5 -18.684508718772996 0
85.238825781195004 -18.684508718772996 0
94.558037929280644 -18.684508718772996 0
117.78664502240618 -18.684508718772996 0
175.6851217297575 -18.684508718772996 0
320 -18.684508718772996 0
-320 -11.69722487103547 0
-175.6851217297575 -11.69722487103547 0
-117.78664502240618 -11.69722487103547 0
-94.558037929280644 -11.69722487103547 0
-85.238825781195004 -11.69722487103547 0
-81.5 -11.69722487103547 0
-80 -11.69722487103547 0
-77.259663170406327 -11.69722487103547 0
-69.455844122715718 -11.69722487103547 0
-57.776603565143226 -11.69722487103547 0
-43.999999999999993 -11.69722487103547 0
-30.223396434856767 -11.69722487103547 0
-18.54415587728429 -11.69722487103547 0
-10.740336829593677 -11.69722487103547 0
-8 -11.69722487103547 0
-6.5 -11.69722487103547 0
-5 -11.69722487103547 0
-2.5 -11.69722487103547 0
0 -11.69722487103547 0
2.5 -11.69722487103547 0
5 -11.69722487103547 0
6.5 -11.69722487103547 0
8 -11.69722487103547 0
10.740336829593677 -11.69722487103547 0
18.54415587728429 -11.69722487103547 0
30.223396434856767 -11.69722487103547 0
43.999999999999993 -11.69722487103547 0
57.776603565143226 -11.69722487103547 0
69.455844122715718 -11.69722487103547 0
77.259663170406327 -11.69722487103547 0
80 -11.69722487103547 0
81.5 -11.69722487103547 0
85.238825781195004 -11.69722487103547 0
94.558037929280644 -11.69722487103547 0
117.78664502240618 -11.69722487103547 0
175.6851217297575 -11.69722487103547 0
320 -11.69722487103547 0
-320 -6.9410906258095402 0
-175.6851217297575 -6.9410906258095402 0
-117.78664502240618 -6.9410906258095402 0
-94.558037929280644 -6.9410906258095402 0
-85.238825781195004 -6.9410906258095402 0
-81.5 -6.9410906258095402 0
-80 -6.9410906258095402 0
-77.259663170406327 -6.9410906258095402 0
-69.455844122715718 -6.9410906258095402 0
-57.776603565143226 -6.9410906258095402 0
-43.999999999999993 -6.9410906258095402 0
-30.223396434856767 -6.9410906258095402 0
-18.54415587728429 -6.9410906258095402 0
-10.740336829593677 -6.9410906258095402 0
-8 -6.9410906258095402 0
-6.5 -6.9410906258095402 0
-5 -6.9410906258095402 0
-2.5 -6.9410906258095402 0
0 -6.9410906258095402 0
2.5 -6.9410906258095402 0
5 -6.9410906258095402 0
6.5 -6.9410906258095402 0
8 -6.9410906258095402 0
10.740336829593677 -6.9410906258095402 0
18.54415587728429 -6.9410906258095402 0
30.223396434856767 -6.9410906258095402 0
43.999999999999993 -6.9410906258095402 0
57.776603565143226 -6.9410906258095402 0
69.455844122715718 -6.9410906258095402 0
77.259663170406327 -6.9410906258095402 0
80 -6.9410906258095402 0
81.5 -6.9410906258095402 0
85.238825781195004 -6.9410906258095402 0
94.558037929280644 -6.9410906258095402 0
117.78664502240618 -6.9410906258095402 0
175.6851217297575 -6.9410906258095402 0
320 -6.9410906258095402 0
-320 -3.7036648318172993 0
-175.6851217297575 -3.7036648318172993 0
-117.78664502240618 -3.7036648318172993 0
-94.558037929280644 -3.7036648318172993 0
-85.238825781195004 -3.7036648318172993 0
-81.5 -3.7036648318172993 0
-80 -3.7036648318172993 0
-77.259663170406327 -3.7036648318172993 0
-69.455844122715718 -3.7036648318172993 0
-57.776603565143226 -3.7036648318172993 0
-43.999999999999993 -3.7036648318172993 0
-30.223396434856767 -3.7036648318172993 0
-18.54415587728429 -3.7036648318172993 0
-10.740336829593677 -3.7036648318172993 0
-8 -3.7036648318172993 0
-6.5 -3.7036648318172993 0
-5 -3.7036648318172993 0
-2.5 -3.7036648318172993 0
0 -3.7036648318172993 0
2.5 -3.7036648318172993 0
5 -3.7036648318172993 0
6.5 -3.7036648318172993 0
8 -3.7036648318172993 0
10.740336829593677 -3.7036648318172993 0
18.54415587728429 -3.7036648318172993 0
30.223396434856767 -3.7036648318172993 0
43.999999999999993 -3.7036648318172993 0
57.776603565143226 -3.7036648318172993 0
69.455844122715718 -3.7036648318172993 0
77.259663170406327 -3.7036648318172993 0
80 -3.7036648318172993 0
81.5 -3.7036648318172993 0
85.238825781195004 -3.7036648318172993 0
94.558037929280644 -3.7036648318172993 0
117.78664502240618 -3.7036648318172993 0
175.6851217297575 -3.7036648318172993 0
320 -3.7036648318172993 0
-320 -1.5000000000000007 0
-175.6851217297575 -1.5000000000000007 0
-117.78664502240618 -1.5000000000000007 0
-94.558037929280644 -1.5000000000000007 0
-85.238825781195004 -1.5000000000000007 0
-81.5 -1.5000000000000007 0
-80 -1.5000000000000007 0
-77.259663170406327 -1.5000000000000007 0
-69.455844122715718 -1.5000000000000007 0
-57.776603565143226 -1.5000000000000007 0
-43.999999999999993 -1.5000000000000007 0
-30.223396434856767 -1.5000000000000007 0
-18.54415587728429 -1.5000000000000007 0
-10.740336829593677 -1.5000000000000007 0
-8 -1.5000000000000007 0
-6.5 -1.5000000000000007 0
-5 -1.5000000000000007 0
-2.5 -1.5000000000000007 0
0 -1.5000000000000007 0
2.5 -1.5000000000000007 0
5 -1.5000000000000007 0
6.5 -1.5000000000000007 0
8 -1.5000000000000007 0
10.740336829593677 -1.5000000000000007 0
18.54415587728429 -1.5000000000000007 0
30.223396434856767 -1.5000000000000007 0
43.999999999999993 -1.5000000000000007 0
57.776603565143226 -1.5000000000000007 0
69.455844122715718 -1.5000000000000007 0
77.259663170406327 -1.5000000000000007 0
80 -1.5000000000000007 0
81.5 -1.5000000000000007 0
85.238825781195004 -1.5000000000000007 0
94.558037929280644 -1.5000000000000007 0
117.78664502240618 -1.5000000000000007 0
175.6851217297575 -1.5000000000000007 0
320 -1.5000000000000007 0
-320 0 0
-175.6851217297575 0 0
-117.78664502240618 0 0
-94.558037929280644 0 0
-85.238825781195004 0 0
-81.5 0 0
-80 0 0
-77.259663170406327 0 0
-69.455844122715718 0 0
-57.776603565143226 0 0
-43.999999999999993 0 0
-30.223396434856767 0 0
-18.54415587728429 0 0
-10.740336829593677 0 0
-8 0 0
-6.5 0 0
-5 0 0
-2.5 0 0
0 0 0
2.5 0 0
5 0 0
6.5 0 0
8 0 0
10.740336829593677 0 0
18.54415587728429 0 0
30.223396434856767 0 0
43.999999999999993 0 0
57.776603565143226 0 0
69.455844122715718 0 0
77.259663170406327 0 0
80 0 0
81.5 0 0
85.238825781195004 0 0
94.558037929280644 0 0
117.78664502240618 0 0
175.6851217297575 0 0
320 0 0
-320 1.5000000000000007 0
-175.6851217297575 1.5000000000000007 0
-117.78664502240618 1.5000000000000007 0
-94.558037929280644 1.5000000000000007 0
-85.238825781195004 1.5000000000000007 0
-81.5 1.5000000000000007 0
-80 1.5000000000000007 0
-77.259663170406327 1.5000000000000007 0
-69.455844122715718 1.5000000000000007 0
-57.776603565143226 1.5000000000000007 0
-43.999999999999993 1.5000000000000007 0
-30.223396434856767 1.5000000000000007 0
-18.54415587728429 1.5000000000000007 0
-10.740336829593677 1.5000000000000007 0
-8 1.5000000000000007 0
-6.5 1.5000000000000007 0
-5 1.5000000000000007 0
-2.5 1.5000000000000007 0
0 1.5000000000000007 0
2.5 1.5000000000000007 0
5 1.5000000000000007 0
6.5 1.5000000000000007 0
8 1.5000000000000007 0
10.740336829593677 1.5000000000000007 0
18.54415587728429 1.5000000000000007 0
30.223396434856767 1.5000000000000007 0
43.999999999999993 1.5000000000000007 0
57.776603565143226 1.5000000000000007 0
69.455844122715718 1.5000000000000007 0
77.259663170406327 1.5000000000000007 0
80 1.5000000000000007 0
81.5 1.5000000000000007 0
85.238825781195004 1.5000000000000007 0
94.558037929280644 1.5000000000000007 0
117.78664502240618 1.5000000000000007 0
175.6851217297575 1.5000000000000007 0
320 1.5000000000000007 0
-320 3.7036648318172993 0
-175.6851217297575 3.7036648318172993 0
-117.78664502240618 3.7036648318172993 0
-94.558037929280644 3.7036648318172993 0
-85.238825781195004 3.7036648318172993 0
-81.5 3.7036648318172993 0
-80 3.7036648318172993 0
-77.259663170406327 3.7036648318172993 0
-69.455844122715718 3.7036648318172993 0
-57.776603565143226 3.7036648318172993 0
-43.999999999999993 3.7036648318172993 0
-30.223396434856767 3.7036648318172993 0
-18.54415587728429 3.7036648318172993 0
-10.740336829593677 3.7036648318172993 0
-8 3.7036648318172993 0
-6.5 3.7036648318172993 0
-5 3.7036648318172993 0
-2.5 3.7036648318172993 0
0 3.7036648318172993 0
2.5 3.7036648318172993 0
5 3.7036648318172993 0
6.5 3.7036648318172993 0
8 3.7036648318172993 0
10.740336829593677 3.7036648318172993 0
18.54415587728429 3.7036648318172993 0
30.223396434856767 3.7036648318172993 0
43.999999999999993 3.7036648318172993 0
57.776603565143226 3.7036648318172993 0
69.455844122715718 3.7036648318172993 0
77.259663170406327 3.7036648318172993 0
80 3.7036648318172993 0
81.5 3.7036648318172993 0
85.238825781195004 3.7036648318172993 0
94.558037929280644 3.7036648318172993 0
117.78664502240618 3.7036648318172993 0
175.6851217297575 3.7036648318172993 0
320 3.7036648318172993 0
-320 6.9410906258095402 0
-175.6851217297575 6.9410906258095402 0
-117.78664502240618 6.9410906258095402 0
-94.558037929280644 6.9410906258095402 0
-85.238825781195004 6.9410906258095402 0
-81.5 6.9410906258095402 0
-80 6.9410906258095402 0
-77.259663170406327 6.9410906258095402 0
-69.455844122715718 6.9410906258095402 0
-57.776603565143226 6.9410906258095402 0
-43.999999999999993 6.9410906258095402 0
-30.223396434856767 6.9410906258095402 0
-18.54415587728429 6.9410906258095402 0
-10.740336829593677 6.9410906258095402 0
-8 6.9410906258095402 0
-6.5 6.9410906258095402 0
-5 6.9410906258095402 0
-2.5 6.9410906258095402 0
0 6.9410906258095402 0
2.5 6.9410906258095402 0
5 6.9410906258095402 0
6.5 6.9410906258095402 0
8 6.9410906258095402 0
10.740336829593677 6.9410906258095402 0
18.54415587728429 6.9410906258095402 0
30.223396434856767 6.9410906258095402 0
43.999999999999993 6.9410906258095402 0
57.776603565143226 6.9410906258095402 0
69.455844122715718 6.9410906258095402 0
77.259663170406327 6.9410906258095402 0
80 6.9410906258095402 0
81.5 6.9410906258095402 0
85.238825781195004 6.9410906258095402 0
94.558037929280644 6.9410906258095402 0
117.78664502240618 6.9410906258095402 0
175.6851217297575 6.9410906258095402 0
320 6.9410906258095402 0
-320 11.69722487103547 0
-175.6851217297575 11.69722487103547 0
-117.78664502240618 11.69722487103547 0
-94.558037929280644 11.69722487103547 0
-85.238825781195004 11.69722487103547 0
-81.5 11.69722487103547 0
-80 11.69722487103547 0
-77.259663170406327 11.69722487103547 0
-69.455844122715718 11.69722487103547 0
-57.776603565143226 11.69722487103547 0
-43.999999999999993 11.69722487103547 0
-30.223396434856767 11.69722487103547 0
-18.54415587728429 11.69722487103547 0
-10.740336829593677 11.69722487103547 0
-8 11.69722487103547 0
-6.5 11.69722487103547 0
-5 11.69722487103547 0
-2.5 11.69722487103547 0
0 11.69722487103547 0
2.5 11.69722487103547 0
5 11.69722487103547 0
6.5 11.69722487103547 0
8 11.69722487103547 0
10.740336829593677 11.69722487103547 0
18.54415587728429 11.69722487103547 0
30.223396434856767 11.69722487103547 0
43.999999999999993 11.69722487103547 0
57.776603565143226 11.69722487103547 0
69.455844122715718 11.69722487103547 0
77.259663170406327 11.69722487103547 0
80 11.69722487103547 0
81.5 11.69722487103547 0
85.238825781195004 11.69722487103547 0
94.558037929280644 11.69722487103547 0
117.78664502240618 11.69722487103547 0
175.6851217297575 11.69722487103547 0
320 11.69722487103547 0
-320 18.684508718772996 0
-175.6851217297575 18.684508718772996 0
-117.78664502240618 18.684508718772996 0
-94.558037929280644 18.684508718772996 0
-85.238825781195004 18.684508718772996 0
-81.5 18.684508718772996 0
-80 18.684508718772996 0
-77.259663170406327 18.684508718772996 0
-69.455844122715718 18.684508718772996 0
-57.776603565143226 18.684508718772996 0
-43.999999999999993 18.684508718772996 0
-30.223396434856767 18.684508718772996 0
-18.54415587728429 18.684508718772996 0
-10.740336829593677 18.684508718772996 0
-8 18.684508718772996 0
-6.5 18.684508718772996 0
-5 18.684508718772996 0
-2.5 18.684508718772996 0
0 18.684508718772996 0
2.5 18.684508718772996 0
5 18.684508718772996 0
6.5 18.684508718772996 0
8 18.684508718772996 0
10.740336829593677 18.684508718772996 0
18.54415587728429 18.684508718772996 0
30.223396434856767 18.684508718772996 0
43.999999999999993 18.684508718772996 0
57.776603565143226 18.684508718772996 0
69.455844122715718 18.684508718772996 0
77.259663170406327 18.684508718772996 0
80 18.684508718772996 0
81.5 18.684508718772996 0
85.238825781195004 18.684508718772996 0
94.558037929280644 18.684508718772996 0
117.78664502240618 18.684508718772996 0
175.6851217297575 18.684508718772996 0
320 18.684508718772996 0
-320 28.949596508895819 0
-175.6851217297575 28.949596508895819 0
-117.78664502240618 28.949596508895819 0
-94.558037929280644 28.949596508895819 0
-85.238825781195004 28.949596508895819 0
-81.5 28.949596508895819 0
-80 28.949596508895819 0
-77.259663170406327 28.949596508895819 0
-69.455844122715718 28.949596508895819 0
-57.776603565143226 28.949596508895819 0
-43.999999999999993 28.949596508895819 0
-30.223396434856767 28.949596508895819 0
-18.54415587728429 28.949596508895819 0
-10.740336829593677 28.949596508895819 0
-8 28.949596508895819 0
-6.5 28.949596508895819 0
-5 28.949596508895819 0
-2.5 28.949596508895819 0
0 28.949596508895819 0
2.5 28.949596508895819 0
5 28.949596508895819 0
6.5 28.949596508895819 0
8 28.949596508895819 0
10.740336829593677 28.949596508895819 0
18.54415587728429 28.949596508895819 0
30.223396434856767 28.949596508895819 0
43.999999999999993 28.949596508895819 0
57.776603565143226 28.949596508895819 0
69.455844122715718 28.949596508895819 0
77.259663170406327 28.949596508895819 0
80 28.949596508895819 0
81.5 28.949596508895819 0
85.238825781195004 28.949596508895819 0
94.558037929280644 28.949596508895819 0
117.78664502240618 28.949596508895819 0
175.6851217297575 28.949596508895819 0
320 28.949596508895819 0
-320 44.030138481303027 0
-175.6851217297575 44.030138481303027 0
-117.78664502240618 44.030138481303027 0
-94.558037929280644 44.030138481303027 0
-85.238825781195004 44.030138481303027 0
-81.5 44.030138481303027 0
-80 44.030138481303027 0
-77.259663170406327 44.030138481303027 0
-69.455844122715718 44.030138481303027 0
-57.776603565143226 44.030138481303027 0
-43.999999999999993 44.030138481303027 0
-30.223396434856767 44.030138481303027 0
-18.54415587728429 44.030138481303027 0
-10.740336829593677 44.030138481303027 0
-8 44.030138481303027 0
-6.5 44.030138481303027 0
-5 44.030138481303027 0
-2.5 44.030138481303027 0
0 44.030138481303027 0
2.5 44.030138481303027 0
5 44.030138481303027 0
6.5 44.030138481303027 0
8 44.030138481303027 0
10.740336829593677 44.030138481303027 0
18.54415587728429 44.030138481303027 0
30.223396434856767 44.030138481303027 0
43.999999999999993 44.030138481303027 0
57.776603565143226 44.030138481303027 0
69.455844122715718 44.030138481303027 0
77.259663170406327 44.030138481303027 0
80 44.030138481303027 0
81.5 44.030138481303027 0
85.238825781195004 44.030138481303027 0
94.558037929280644 44.030138481303027 0
117.78664502240618 44.030138481303027 0
175.6851217297575 44.030138481303027 0
320 44.030138481303027 0
-320 66.185111807528642 0
-175.6851217297575 66.185111807528642 0
-117.78664502240618 66.185111807528642 0
-94.558037929280644 66.185111807528642 0
-85.238825781195004 66.185111807528642 0
-81.5 66.185111807528642 0
-80 66.185111807528642 0
-77.259663170406327 66.185111807528642 0
-69.455844122715718 66.185111807528642 0
-57.776603565143226 66.185111807528642 0
-43.999999999999993 66.185111807528642 0
-30.223396434856767 66.185111807528642 0
-18.54415587728429 66.185111807528642 0
-10.740336829593677 66.185111807528642 0
-8 66.185111807528642 0
-6.5 66.185111807528642 0
-5 66.185111807528642 0
-2.5 66.185111807528642 0
0 66.185111807528642 0
2.5 66.185111807528642 0
5 66.185111807528642 0
6.5 66.185111807528642 0
8 66.185111807528642 0
10.740336829593677 66.185111807528642 0
18.54415587728429 66.185111807528642 0
30.223396434856767 66.185111807528642 0
43.999999999999993 66.185111807528642 0
57.776603565143226 66.185111807528642 0
69.455844122715718 66.185111807528642 0
77.259663170406327 66.185111807528642 0
80 66.185111807528642 0
81.5 66.185111807528642 0
85.238825781195004 66.185111807528642 0
94.558037929280644 66.185111807528642 0
117.78664502240618 66.185111807528642 0
175.6851217297575 66.185111807528642 0
320 66.185111807528642 0
-320 98.73320218676443 0
-175.6851217297575 98.73320218676443 0
-117.78664502240618 98.73320218676443 0
-94.558037929280644 98.73320218676443 0
-85.238825781195004 98.73320218676443 0
-81.5 98.73320218676443 0
-80 98.73320218676443 0
-77.259663170406327 98.73320218676443 0
-69.455844122715718 98.73320218676443 0
-57.776603565143226 98.73320218676443 0
-43.999999999999993 98.73320218676443 0
-30.223396434856767 98.73320218676443 0
-18.54415587728429 98.73320218676443 0
-10.740336829593677 98.73320218676443 0
-8 98.73320218676443 0
-6.5 98.73320218676443 0
-5 98.73320218676443 0
-2.5 98.73320218676443 0
0 98.73320218676443 0
2.5 98.73320218676443 0
5 98.73320218676443 0
6.5 98.73320218676443 0
8 98.73320218676443 0
10.740336829593677 98.73320218676443 0
18.54415587728429 98.73320218676443 0
30.223396434856767 98.73320218676443 0
43.999999999999993 98.73320218676443 0
57.776603565143226 98.73320218676443 0
69.455844122715718 98.73320218676443 0
77.259663170406327 98.73320218676443 0
80 98.73320218676443 0
81.5 98.73320218676443 0
85.238825781195004 98.73320218676443 0
94.558037929280644 98.73320218676443 0
117.78664502240618 98.73320218676443 0
175.6851217297575 98.73320218676443 0
320 98.73320218676443 0
-320 146.54992359445299 0
-175.6851217297575 146.54992359445299 0
-117.78664502240618 146.54992359445299 0
-94.558037929280644 146.54992359445299 0
-85.238825781195004 146.54992359445299 0
-81.5 146.54992359445299 0
-80 146.54992359445299 0
-77.259663170406327 146.54992359445299 0
-69.455844122715718 146.54992359445299 0
-57.776603565143226 146.54992359445299 0
-43.999999999999993 146.54992359445299 0
-30.223396434856767 146.54992359445299 0
-18.54415587728429 146.54992359445299 0
-10.740336829593677 146.54992359445299 0
-8 146.54992359445299 0
-6.5 146.54992359445299 0
-5 146.54992359445299 0
-2.5 146.54992359445299 0
0 146.54992359445299 0
2.5 146.54992359445299 0
5 146.54992359445299 0
6.5 146.54992359445299 0
8 146.54992359445299 0
10.740336829593677 146.54992359445299 0
18.54415587728429 146.54992359445299 0
30.223396434856767 146.54992359445299 0
43.999999999999993 146.54992359445299 0
57.776603565143226 146.54992359445299 0
69.455844122715718 146.54992359445299 0
77.259663170406327 146.54992359445299 0
80 146.54992359445299 0
81.5 146.54992359445299 0
85.238825781195004 146.54992359445299 0
94.558037929280644 146.54992359445299 0
117.78664502240618 146.54992359445299 0
175.6851217297575 146.54992359445299 0
320 146.54992359445299 0
-320 216.79794182040541 0
-175.6851217297575 216.79794182040541 0
-117.78664502240618 216.79794182040541 0
-94.558037929280644 216.79794182040541 0
-85.238825781195004 216.79794182040541 0
-81.5 216.79794182040541 0
-80 216.79794182040541 0
-77.259663170406327 216.79794182040541 0
-69.455844122715718 216.79794182040541 0
-57.776603565143226 216.79794182040541 0
-43.999999999999993 216.79794182040541 0
-30.223396434856767 216.79794182040541 0
-18.54415587728429 216.79794182040541 0
-10.740336829593677 216.79794182040541 0
-8 216.79794182040541 0
-6.5 216.79794182040541 0
-5 216.79794182040541 0
-2.5 216.79794182040541 0
0 216.79794182040541 0
2.5 216.79794182040541 0
5 216.79794182040541 0
6.5 216.79794182040541 0
8 216.79794182040541 0
10.740336829593677 216.79794182040541 0
18.54415587728429 216.79794182040541 0
30.223396434856767 216.79794182040541 0
43.999999999999993 216.79794182040541 0
57.776603565143226 216.79794182040541 0
69.455844122715718 216.79794182040541 0
77.259663170406327 216.79794182040541 0
80 216.79794182040541 0
81.5 216.79794182040541 0
85.238825781195004 216.79794182040541 0
94.558037929280644 216.79794182040541 0
117.78664502240618 216.79794182040541 0
175.6851217297575 216.79794182040541 0
320 216.79794182040541 0
-320 320 0
-175.6851217297575 320 0
-117.78664502240618 320 0
-94.558037929280644 320 0
-85.238825781195004 320 0
-81.5 320 0
-80 320 0
-77.259663170406327 320 0
-69.455844122715718 320 0
-57.776603565143226 320 0
-43.999999999999993 320 0
-30.223396434856767 320 0
-18.54415587728429 320 0
-10.740336829593677 320 0
-8 320 0
-6.5 320 0
-5 320 0
-2.5 320 0
0 320 0
2.5 320 0
5 320 0
6.5 320 0
8 320 0
10.740336829593677 320 0
18.54415587728429 320 0
30.223396434856767 320 0
43.999999999999993 320 0
57.776603565143226 320 0
69.455844122715718 320 0
77.259663170406327 320 0
80 320 0
81.5 320 0
85.238825781195004 320 0
94.558037929280644 320 0
117.78664502240618 320 0
175.6851217297575 320 0
320 320 0
-320 -320 3.3333333333333335
-175.6851217297575 -320 3.3333333333333335
-117.78664502240618 -320 3.3333333333333335
-94.558037929280644 -320 3.3333333333333335
-85.238825781195004 -320 3.3333333333333335
-81.5 -320 3.3333333333333335
-80 -320 3.3333333333333335
-77.259663170406327 -320 3.3333333333333335
-69.455844122715718 -320 3.3333333333333335
-57.776603565143226 -320 3.3333333333333335
-43.999999999999993 -320 3.3333333333333335
-30.223396434856767 -320 3.3333333333333335
-18.54415587728429 -320 3.3333333333333335
-10.740336829593677 -320 3.3333333333333335
-8 -320 3.3333333333333335
-6.5 -320 3.3333333333333335
-5 -320 3.3333333333333335
-2.5 -320 3.3333333333333335
0 -320 3.3333333333333335
2.5 -320 3.3333333333333335
5 -320 3.3333333333333335
6.5 -320 3.3333333333333335
8 -320 3.3333333333333335
10.740336829593677 -320 3.3333333333333335
18.54415587728429 -320 3.3333333333333335
30.223396434856767 -320 3.3333333333333335
43.999999999999993 -320 3.3333333333333335
57.776603565143226 -320 3.3333333333333335
69.455844122715718 -320 3.3333333333333335
77.259663170406327 -320 3.3333333333333335
80 -320 3.3333333333333335
81.5 -320 3.3333333333333335
85.238825781195004 -320 3.3333333333333335
94.558037929280644 -320 3.3333333333333335
117.78664502240618 -320 3.3333333333333335
175.6851217297575 -320 3.3333333333333335
320 -320 3.3333333333333335
-320 -216.79794182040541 3.3333333333333335
-175.6851217297575 -216.79794182040541 3.3333333333333335
-117.78664502240618 -216.79794182040541 3.3333333333333335
-94.558037929280644 -216.79794182040541 3.3333333333333335
-85.238825781195004 -216.79794182040541 3.3333333333333335
-81.5 -216.79794182040541 3.3333333333333335
-80 -216.79794182040541 3.3333333333333335
-77.259663170406327 -216.79794182040541 3.3333333333333335
-69.455844122715718 -216.79794182040541 3.3333333333333335
-57.776603565143226 -216.79794182040541 3.3333333333333335
-43.999999999999993 -216.79794182040541 3.3333333333333335
-30.223396434856767 -216.79794182040541 3.3333333333333335
-18.54415587728429 -216.79794182040541 3.3333333333333335
-10.740336829593677 -216.79794182040541 3.3333333333333335
-8 -216.79794182040541 3.3333333333333335
-6.5 -216.79794182040541 3.3333333333333335
-5 -216.79794182040541 3.3333333333333335
-2.5 -216.79794182040541 3.3333333333333335
0 -216.79794182040541 3.3333333333333335
2.5 -216.79794182040541 3.3333333333333335
5 -216.79794182040541 3.3333333333333335
6.5 -216.79794182040541 3.3333333333333335
8 -216.79794182040541 3.3333333333333335
10.740336829593677 -216.79794182040541 3.3333333333333335
18.54415587728429 -216.79794182040541 3.3333333333333335
30.223396434856767 -216.79794182040541 3.3333333333333335
43.999999999999993 -216.79794182040541 3.3333333333333335
57.776603565143226 -216.79794182040541 3.3333333333333335
69.455844122715718 -216.79794182040541 3.3333333333333335
77.259663170406327 -216.79794182040541 3.3333333333333335
80 -216.79794182040541 3.3333333333333335
81.5 -216.79794182040541 3.3333333333333335
85.238825781195004 -216.79794182040541 3.3333333333333335
94.558037929280644 -216.79794182040541 3.3333333333333335
117.78664502240618 -216.79794182040541 3.3333333333333335
175.6851217297575 -216.79794182040541 3.3333333333333335
320 -216.79794182040541 3.3333333333333335
-320 -146.54992359445299 3.3333333333333335
-175.6851217297575 -146.54992359445299 3.3333333333333335
-117.78664502240618 -146.54992359445299 3.3333333333333335
-94.558037929280644 -146.54992359445299 3.3333333333333335
-85.238825781195004 -146.54992359445299 3.3333333333333335
-81.5 -146.54992359445299 3.3333333333333335
-80 -146.54992359445299 3.3333333333333335
-77.259663170406327 -146.54992359445299 3.3333333333333335
-69.455844122715718 -146.54992359445299 3.3333333333333335
-57.776603565143226 -146.54992359445299 3.3333333333333335
-43.999999999999993 -146.54992359445299 3.3333333333333335
-30.223396434856767 -146.54992359445299 3.3333333333333335
-18.54415587728429 -146.54992359445299 3.3333333333333335
-10.740336829593677 -146.54992359445299 3.3333333333333335
-8 -146.54992359445299 3.3333333333333335
-6.5 -146.54992359445299 3.3333333333333335
-5 -146.54992359445299 3.3333333333333335
-2.5 -146.54992359445299 3.3333333333333335
0 -146.54992359445299 3.3333333333333335
2.5 -146.54992359445299 3.3333333333333335
5 -146.54992359445299 3.3333333333333335
6.5 -146.54992359445299 3.3333333333333335
8 -146.54992359445299 3.3333333333333335
10.740336829593677 -146.54992359445299 3.3333333333333335
18.54415587728429 -146.54992359445299 3.3333333333333335
30.223396434856767 -146.54992359445299 3.3333333333333335
43.999999999999993 -146.54992359445299 3.3333333333333335
57.776603565143226 -146.54992359445299 3.3333333333333335
69.455844122715718 -146.54992359445299 3.3333333333333335
77.259663170406327 -146.54992359445299 3.3333333333333335
80 -146.54992359445299 3.3333333333333335
81.5 -146.54992359445299 3.3333333333333335
85.238825781195004 -146.54992359445299 3.3333333333333335
94.558037929280644 -146.54992359445299 3.3333333333333335
117.78664502240618 -146.54992359445299 3.3333333333333335
175.6851217297575 -146.54992359445299 3.3333333333333335
320 -146.54992359445299 3.3333333333333335
-320 -98.73320218676443 3.3333333333333335
-175.6851217297575 -98.73320218676443 3.3333333333333335
-117.78664502240618 -98.73320218676443 3.3333333333333335
-94.558037929280644 -98.73320218676443 3.3333333333333335
-85.238825781195004 -98.73320218676443 3.3333333333333335
-81.5 -98.73320218676443 3.3333333333333335
-80 -98.73320218676443 3.3333333333333335
-77.259663170406327 -98.73320218676443 3.3333333333333335
-69.455844122715718 -98.73320218676443 3.3333333333333335
-57.776603565143226 -98.73320218676443 3.3333333333333335
-43.999999999999993 -98.73320218676443 3.3333333333333335
-30.223396434856767 -98.73320218676443 3.3333333333333335
-18.54415587728429 -98.73320218676443 3.3333333333333335
-10.740336829593677 -98.73320218676443 3.3333333333333335
-8 -98.73320218676443 3.3333333333333335
-6.5 -98.73320218676443 3.3333333333333335
-5 -98.73320218676443 3.3333333333333335
-2.5 -98.73320218676443 3.3333333333333335
0 -98.73320218676443 3.3333333333333335
2.5 -98.73320218676443 3.3333333333333335
5 -98.73320218676443 3.3333333333333335
6.5 -98.73320218676443 3.3333333333333335
8 -98.73320218676443 3.3333333333333335
10.740336829593677 -98.73320218676443 3.3333333333333335
18.54415587728429 -98.73320218676443 3.3333333333333335
30.223396434856767 -98.73320218676443 3.3333333333333335
43.999999999999993 -98.73320218676443 3.3333333333333335
57.776603565143226 -98.73320218676443 3.3333333333333335
69.455844122715718 -98.73320218676443 3.3333333333333335
77.259663170406327 -98.73320218676443 3.3333333333333335
80 -98.73320218676443 3.3333333333333335
81.5 -98.73320218676443 3.3333333333333335
85.238825781195004 -98.73320218676443 3.3333333333333335
94.558037929280644 -98.73320218676443 3.3333333333333335
117.78664502240618 -98.73320218676443 3.3333333333333335
175.6851217297575 -98.73320218676443 3.3333333333333335
320 -98.73320218676443 3.3333333333333335
-320 -66.185111807528642 3.3333333333333335
-175.6851217297575 -66.185111807528642 3.3333333333333335
-117.78664502240618 -66.185111807528642 3.3333333333333335
-94.558037929280644 -66.185111807528642 3.3333333333333335
-85.238825781195004 -66.185111807528642 3.3333333333333335
-81.5 -66.185111807528642 3.3333333333333335
-80 -66.185111807528642 3.3333333333333335
-77.259663170406327 -66.185111807528642 3.3333333333333335
-69.455844122715718 -66.185111807528642 3.3333333333333335
-57.776603565143226 -66.185111807528642 3.3333333333333335
-43.999999999999993 -66.185111807528642 3.3333333333333335
-30.223396434856767 -66.185111807528642 3.3333333333333335
-18.54415587728429 -66.185111807528642 3.3333333333333335
-10.740336829593677 -66.185111807528642 3.3333333333333335
-8 -66.185111807528642 3.3333333333333335
-6.5 -66.185111807528642 3.3333333333333335
-5 -66.185111807528642 3.3333333333333335
-2.5 -66.185111807528642 3.3333333333333335
0 -66.185111807528642 3.3333333333333335
2.5 -66.185111807528642 3.3333333333333335
5 -66.185111807528642 3.3333333333333335
6.5 -66.185111807528642 3.3333333333333335
8 -66.185111807528642 3.3333333333333335
10.740336829593677 -66.185111807528642 3.3333333333333335
18.54415587728429 -66.185111807528642 3.3333333333333335
30.223396434856767 -66.185111807528642 3.3333333333333335
43.999999999999993 -66.185111807528642 3.3333333333333335
57.776603565143226 -66.185111807528642 3.3333333333333335
69.455844122715718 -66.185111807528642 3.3333333333333335
77.259663170406327 -66.185111807528642 3.3333333333333335
80 -66.185111807528642 3.3333333333333335
81.5 -66.185111807528642 3.3333333333333335
85.238825781195004 -66.185111807528642 3.3333333333333335
94.558037929280644 -66.185111807528642 3.3333333333333335
117.78664502240618 -66.185111807528642 3.3333333333333335
175.6851217297575 -66.185111807528642 3.3333333333333335
320 -66.185111807528642 3.3333333333333335
-320 -44.030138481303027 3.3333333333333335
-175.6851217297575 -44.030138481303027 3.3333333333333335
-117.78664502240618 -44.030138481303027 3.3333333333333335
-94.558037929280644 -44.030138481303027 3.3333333333333335
-85.238825781195004 -44.030138481303027 3.3333333333333335
-81.5 -44.030138481303027 3.3333333333333335
-80 -44.030138481303027 3.3333333333333335
-77.259663170406327 -44.030138481303027 3.3333333333333335
-69.455844122715718 -44.030138481303027 3.3333333333333335
-57.776603565143226 -44.030138481303027 3.3333333333333335
-43.999999999999993 -44.030138481303027 3.3333333333333335
-30.223396434856767 -44.030138481303027 3.3333333333333335
-18.54415587728429 -44.030138481303027 3.3333333333333335
-10.740336829593677 -44.030138481303027 3.3333333333333335
-8 -44.030138481303027 3.3333333333333335
-6.5 -44.030138481303027 3.3333333333333335
-5 -44.030138481303027 3.3333333333333335
-2.5 -44.030138481303027 3.3333333333333335
0 -44.030138481303027 3.3333333333333335
2.5 -44.030138481303027 3.3333333333333335
5 -44.030138481303027 3.3333333333333335
6.5 -44.030138481303027 3.3333333333333335
8 -44.030138481303027 3.3333333333333335
10.740336829593677 -44.030138481303027 3.3333333333333335
18.54415587728429 -44.030138481303027 3.3333333333333335
30.223396434856767 -44.030138481303027 3.3333333333333335
43.999999999999993 -44.030138481303027 3.3333333333333335
57.776603565143226 -44.030138481303027 3.3333333333333335
69.455844122715718 -44.030138481303027 3.3333333333333335
77.259663170406327 -44.030138481303027 3.3333333333333335
80 -44.030138481303027 3.3333333333333335
81.5 -44.030138481303027 3.3333333333333335
85.238825781195004 -44.030138481303027 3.3333333333333335
94.558037929280644 -44.030138481303027 3.3333333333333335
117.78664502240618 -44.030138481303027 3.3333333333333335
175.6851217297575 -44.030138481303027 3.3333333333333335
320 -44.030138481303027 3.3333333333333335
-320 -28.949596508895819 3.3333333333333335
-175.6851217297575 -28.949596508895819 3.3333333333333335
-117.78664502240618 -28.949596508895819 3.3333333333333335
-94.558037929280644 -28.949596508895819 3.3333333333333335
-85.238825781195004 -28.949596508895819 3.3333333333333335
-81.5 -28.949596508895819 3.3333333333333335
-80 -28.949596508895819 3.3333333333333335
-77.259663170406327 -28.949596508895819 3.3333333333333335
-69.455844122715718 -28.949596508895819 3.3333333333333335
-57.776603565143226 -28.949596508895819 3.3333333333333335
-43.999999999999993 -28.949596508895819 3.3333333333333335
-30.223396434856767 -28.949596508895819 3.3333333333333335
-18.54415587728429 -28.949596508895819 3.3333333333333335
-10.740336829593677 -28.949596508895819 3.3333333333333335
-8 -28.949596508895819 3.3333333333333335
-6.5 -28.949596508895819 3.3333333333333335
-5 -28.949596508895819 3.3333333333333335
-2.5 -28.949596508895819 3.3333333333333335
0 -28.949596508895819 3.3333333333333335
2.5 -28.949596508895819 3.3333333333333335
5 -28.949596508895819 3.3333333333333335
6.5 -28.949596508895819 3.3333333333333335
8 -28.949596508895819 3.3333333333333335
10.740336829593677 -28.949596508895819 3.3333333333333335
18.54415587728429 -28.949596508895819 3.3333333333333335
30.223396434856767 -28.949596508895819 3.3333333333333335
43.999999999999993 -28.949596508895819 3.3333333333333335
57.776603565143226 -28.949596508895819 3.3333333333333335
69.455844122715718 -28.949596508895819 3.3333333333333335
77.259663170406327 -28.949596508895819 3.3333333333333335
80 -28.949596508895819 3.3333333333333335
81.5 -28.949596508895819 3.3333333333333335
85.238825781195004 -28.949596508895819 3.3333333333333335
94.558037929280644 -28.949596508895819 3.3333333333333335
117.78664502240618 -28.949596508895819 3.3333333333333335
175.6851217297575 -28.949596508895819 3.3333333333333335
320 -28.949596508895819 3.3333333333333335
-320 -18.684508718772996 3.3333333333333335
-175.6851217297575 -18.684508718772996 3.3333333333333335
-117.78664502240618 -18.684508718772996 3.3333333333333335
-94.558037929280644 -18.684508718772996 3.3333333333333335
-85.238825781195004 -18.684508718772996 3.3333333333333335
-81.5 -18.684508718772996 3.3333333333333335
-80 -18.684508718772996 3.3333333333333335
-77.259663170406327 -18.684508718772996 3.3333333333333335
-69.455844122715718 -18.684508718772996 3.3333333333333335
-57.776603565143226 -18.684508718772996 3.3333333333333335
-43.999999999999993 -18.684508718772996 3.3333333333333335
-30.223396434856767 -18.684508718772996 3.3333333333333335
-18.54415587728429 -18.684508718772996 3.3333333333333335
-10.740336829593677 -18.684508718772996 3.3333333333333335
-8 -18.684508718772996 3.3333333333333335
-6.5 -18.684508718772996 3.3333333333333335
-5 -18.684508718772996 3.3333333333333335
-2.5 -18.684508718772996 3.3333333333333335
0 -18.684508718772996 3.3333333333333335
2.5 -18.684508718772996 3.3333333333333335
5 -18.684508718772996 3.3333333333333335
6.5 -18.684508718772996 3.3333333333333335
8 -18.684508718772996 3.3333333333333335
10.740336829593677 -18.684508718772996 3.3333333333333335
18.54415587728429 -18.684508718772996 3.3333333333333335
30.223396434856767 -18.684508718772996 3.3333333333333335
43.999999999999993 -18.684508718772996 3.3333333333333335
57.776603565143226 -18.684508718772996 3.3333333333333335
69.455844122715718 -18.684508718772996 3.3333333333333335
77.259663170406327 -18.684508718772996 3.3333333333333335
80 -18.684508718772996 3.3333333333333335
81.5 -18.684508718772996 3.3333333333333335
85.238825781195004 -18.684508718772996 3.3333333333333335
94.558037929280644 -18.684508718772996 3.3333333333333335
117.78664502240618 -18.684508718772996 3.3333333333333335
175.6851217297575 -18.684508718772996 3.3333333333333335
320 -18.684508718772996 3.3333333333333335
-320 -11.69722487103547 3.3333333333333335
-175.6851217297575 -11.69722487103547 3.3333333333333335
-117.78664502240618 -11.69722487103547 3.3333333333333335
-94.558037929280644 -11.69722487103547 3.3333333333333335
-85.238825781195004 -11.69722487103547 3.3333333333333335
-81.5 -11.69722487103547 3.3333333333333335
-80 -11.69722487103547 3.3333333333333335
-77.259663170406327 -11.69722487103547 3.3333333333333335
-69.455844122715718 -11.69722487103547 3.3333333333333335
-57.776603565143226 -11.69722487103547 3.3333333333333335
-43.999999999999993 -11.69722487103547 3.3333333333333335
-30.223396434856767 -11.69722487103547 3.3333333333333335
-18.54415587728429 -11.69722487103547 3.3333333333333335
-10.740336829593677 -11.69722487103547 3.3333333333333335
-8 -11.69722487103547 3.3333333333333335
-6.5 -11.69722487103547 3.3333333333333335
-5 -11.69722487103547 3.3333333333333335
-2.5 -11.69722487103547 3.3333333333333335
0 -11.69722487103547 3.3333333333333335
2.5 -11.69722487103547 3.3333333333333335
5 -11.69722487103547 3.3333333333333335
6.5 -11.69722487103547 3.3333333333333335
8 -11.69722487103547 3.3333333333333335
10.740336829593677 -11.69722487103547 3.3333333333333335
18.54415587728429 -11.69722487103547 3.3333333333333335
30.223396434856767 -11.69722487103547 3.3333333333333335
43.999999999999993 -11.69722487103547 3.3333333333333335
57.776603565143226 -11.69722487103547 3.3333333333333335
69.455844122715718 -11.69722487103547 3.3333333333333335
77.259663170406327 -11.69722487103547 3.3333333333333335
80 -11.69722487103547 3.3333333333333335
81.5 -11.69722487103547 3.3333333333333335
85.238825781195004 -11.69722487103547 3.3333333333333335
94.558037929280644 -11.69722487103547 3.3333333333333335
117.78664502240618 -11.69722487103547 3.3333333333333335
175.6851217297575 -11.69722487103547 3.3333333333333335
320 -11.69722487103547 3.3333333333333335
-320 -6.9410906258095402 3.3333333333333335
-175.6851217297575 -6.9410906258095402 3.3333333333333335
-117.78664502240618 -6.9410906258095402 3.3333333333333335
-94.558037929280644 -6.9410906258095402 3.3333333333333335
-85.238825781195004 -6.9410906258095402 3.3333333333333335
-81.5 -6.9410906258095402 3.3333333333333335
-80 -6.9410906258095402 3.3333333333333335
-77.259663170406327 -6.9410906258095402 3.3333333333333335
-69.455844122715718 -6.9410906258095402 3.3333333333333335
-57.776603565143226 -6.9410906258095402 3.3333333333333335
-43.999999999999993 -6.9410906258095402 3.3333333333333335
-30.223396434856767 -6.9410906258095402 3.3333333333333335
-18.54415587728429 -6.9410906258095402 3.3333333333333335
-10.740336829593677 -6.9410906258095402 3.3333333333333335
-8 -6.9410906258095402 3.3333333333333335
-6.5 -6.9410906258095402 3.3333333333333335
-5 -6.9410906258095402 3.3333333333333335
-2.5 -6.9410906258095402 3.3333333333333335
0 -6.9410906258095402 3.3333333333333335
2.5 -6.9410906258095402 3.3333333333333335
5 -6.9410906258095402 3.3333333333333335
6.5 -6.9410906258095402 3.3333333333333335
8 -6.9410906258095402 3.3333333333333335
10.740336829593677 -6.9410906258095402 3.3333333333333335
18.54415587728429 -6.9410906258095402 3.3333333333333335
30.223396434856767 -6.9410906258095402 3.3333333333333335
43.999999999999993 -6.9410906258095402 3.3333333333333335
57.776603565143226 -6.9410906258095402 3.3333333333333335
69.455844122715718 -6.9410906258095402 3.3333333333333335
77.259663170406327 -6.9410906258095402 3.3333333333333335
80 -6.9410906258095402 3.3333333333333335
81.5 -6.9410906258095402 3.3333333333333335
85.238825781195004 -6.9410906258095402 3.3333333333333335
94.558037929280644 -6.9410906258095402 3.3333333333333335
117.78664502240618 -6.9410906258095402 3.3333333333333335
175.6851217297575 -6.9410906258095402 3.3333333333333335
320 -6.9410906258095402 3.3333333333333335
-320 -3.7036648318172993 3.3333333333333335
-175.6851217297575 -3.7036648318172993 3.3333333333333335
-117.78664502240618 -3.7036648318172993 3.3333333333333335
-94.558037929280644 -3.7036648318172993 3.3333333333333335
-85.238825781195004 -3.7036648318172993 3.3333333333333335
-81.5 -3.7036648318172993 3.3333333333333335
-80 -3.7036648318172993 3.3333333333333335
-77.259663170406327 -3.7036648318172993 3.3333333333333335
-69.455844122715718 -3.7036648318172993 3.3333333333333335
-57.776603565143226 -3.7036648318172993 3.3333333333333335
-43.999999999999993 -3.7036648318172993 3.3333333333333335
-30.223396434856767 -3.7036648318172993 3.3333333333333335
-18.54415587728429 -3.7036648318172993 3.3333333333333335
-10.740336829593677 -3.7036648318172993 3.3333333333333335
-8 -3.7036648318172993 3.3333333333333335
-6.5 -3.7036648318172993 3.3333333333333335
-5 -3.7036648318172993 3.3333333333333335
-2.5 -3.7036648318172993 3.3333333333333335
0 -3.7036648318172993 3.3333333333333335
2.5 -3.7036648318172993 3.3333333333333335
5 -3.7036648318172993 3.3333333333333335
6.5 -3.7036648318172993 3.3333333333333335
8 -3.7036648318172993 3.3333333333333335
10.740336829593677 -3.7036648318172993 3.3333333333333335
18.54415587728429 -3.7036648318172993 3.3333333333333335
30.223396434856767 -3.7036648318172993 3.3333333333333335
43.999999999999993 -3.7036648318172993 3.3333333333333335
57.776603565143226 -3.7036648318172993 3.3333333333333335
69.455844122715718 -3.7036648318172993 3.3333333333333335
77.259663170406327 -3.7036648318172993 3.3333333333333335
80 -3.7036648318172993 3.3333333333333335
81.5 -3.7036648318172993 3.3333333333333335
85.238825781195004 -3.7036648318172993 3.3333333333333335
94.558037929280644 -3.7036648318172993 3.3333333333333335
117.78664502240618 -3.7036648318172993 3.3333333333333335
175.6851217297575 -3.7036648318172993 3.3333333333333335
320 -3.7036648318172993 3.3333333333333335
-320 -1.5000000000000007 3.3333333333333335
-175.6851217297575 -1.5000000000000007 3.3333333333333335
-117.78664502240618 -1.5000000000000007 3.3333333333333335
-94.558037929280644 -1.5000000000000007 3.3333333333333335
-85.238825781195004 -1.5000000000000007 3.3333333333333335
-81.5 -1.5000000000000007 3.3333333333333335
-80 -1.5000000000000007 3.3333333333333335
-77.259663170406327 -1.5000000000000007 3.3333333333333335
-69.455844122715718 -1.5000000000000007 3.3333333333333335
-57.776603565143226 -1.5000000000000007 3.3333333333333335
-43.999999999999993 -1.5000000000000007 3.3333333333333335
-30.223396434856767 -1.5000000000000007 3.3333333333333335
-18.54415587728429 -1.5000000000000007 3.3333333333333335
-10.740336829593677 -1.5000000000000007 3.3333333333333335
-8 -1.5000000000000007 3.3333333333333335
-6.5 -1.5000000000000007 3.3333333333333335
-5 -1.5000000000000007 3.3333333333333335
-2.5 -1.5000000000000007 3.3333333333333335
0 -1.5000000000000007 3.3333333333333335
2.5 -1.5000000000000007 3.3333333333333335
5 -1.5000000000000007 3.3333333333333335
6.5 -1.5000000000000007 3.3333333333333335
8 -1.5000000000000007 3.3333333333333335
10.740336829593677 -1.5000000000000007 3.3333333333333335
18.54415587728429 -1.5000000000000007 3.3333333333333335
30.223396434856767 -1.5000000000000007 3.3333333333333335
43.999999999999993 -1.5000000000000007 3.3333333333333335
57.776603565143226 -1.5000000000000007 3.3333333333333335
69.455844122715718 -1.5000000000000007 3.3333333333333335
77.259663170406327 -1.5000000000000007 3.3333333333333335
80 -1.5000000000000007 3.3333333333333335
81.5 -1.5000000000000007 3.3333333333333335
85.238825781195004 -1.5000000000000007 3.3333333333333335
94.558037929280644 -1.5000000000000007 3.3333333333333335
117.78664502240618 -1.5000000000000007 3.3333333333333335
175.6851217297575 -1.5000000000000007 3.3333333333333335
320 -1.5000000000000007 3.3333333333333335
-320 0 3.3333333333333335
-175.6851217297575 0 3.3333333333333335
-117.78664502240618 0 3.3333333333333335
-94.558037929280644 0 3.3333333333333335
-85.238825781195004 0 3.3333333333333335
-81.5 0 3.3333333333333335
-80 0 3.3333333333333335
-77.259663170406327 0 3.3333333333333335
-69.455844122715718 0 3.3333333333333335
-57.776603565143226 0 3.3333333333333335
-43.999999999999993 0 3.3333333333333335
-30.223396434856767 0 3.3333333333333335
-18.54415587728429 0 3.3333333333333335
-10.740336829593677 0 3.3333333333333335
-8 0 3.3333333333333335
-6.5 0 3.3333333333333335
-5 0 3.3333333333333335
-2.5 0 3.3333333333333335
0 0 3.3333333333333335
2.5 0 3.3333333333333335
5 0 3.3333333333333335
6.5 0 3.3333333333333335
8 0 3.3333333333333335
10.740336829593677 0 3.3333333333333335
18.54415587728429 0 3.3333333333333335
30.223396434856767 0 3.3333333333333335
43.999999999999993 0 3.3333333333333335
57.776603565143226 0 3.3333333333333335
69.455844122715718 0 3.3333333333333335
77.259663170406327 0 3.3333333333333335
80 0 3.3333333333333335
81.5 0 3.3333333333333335
85.238825781195004 0 3.3333333333333335
94.558037929280644 0 3.3333333333333335
117.78664502240618 0 3.3333333333333335
175.6851217297575 0 3.3333333333333335
320 0 3.3333333333333335
-320 1.5000000000000007 3.3333333333333335
-175.6851217297575 1.5000000000000007 3.3333333333333335
-117.78664502240618 1.5000000000000007 3.3333333333333335
-94.558037929280644 1.5000000000000007 3.3333333333333335
-85.238825781195004 1.5000000000000007 3.3333333333333335
-81.5 1.5000000000000007 3.3333333333333335
-80 1.5000000000000007 3.3333333333333335
-77.259663170406327 1.5000000000000007 3.3333333333333335
-69.455844122715718 1.5000000000000007 3.3333333333333335
-57.776603565143226 1.5000000000000007 3.3333333333333335
-43.999999999999993 1.5000000000000007 3.3333333333333335
-30.223396434856767 1.5000000000000007 3.3333333333333335
-18.54415587728429 1.5000000000000007 3.3333333333333335
-10.740336829593677 1.5000000000000007 3.3333333333333335
-8 1.5000000000000007 3.3333333333333335
-6.5 1.5000000000000007 3.3333333333333335
-5 1.5000000000000007 3.3333333333333335
-2.5 1.5000000000000007 3.3333333333333335
0 1.5000000000000007 3.3333333333333335
2.5 1.5000000000000007 3.3333333333333335
5 1.5000000000000007 3.3333333333333335
6.5 1.5000000000000007 3.3333333333333335
8 1.5000000000000007 3.3333333333333335
10.740336829593677 1.5000000000000007 3.3333333333333335
18.54415587728429 1.5000000000000007 3.3333333333333335
30.223396434856767 1.5000000000000007 3.3333333333333335
43.999999999999993 1.5000000000000007 3.3333333333333335
57.776603565143226 1.5000000000000007 3.3333333333333335
69.455844122715718 1.5000000000000007 3.3333333333333335
77.259663170406327 1.5000000000000007 3.3333333333333335
80 1.5000000000000007 3.3333333333333335
81.5 1.5000000000000007 3.3333333333333335
85.238825781195004 1.5000000000000007 3.3333333333333335
94.558037929280644 1.5000000000000007 3.3333333333333335
117.78664502240618 1.5000000000000007 3.3333333333333335
175.6851217297575 1.5000000000000007 3.3333333333333335
320 1.5000000000000007 3.3333333333333335
-320 3.7036648318172993 3.3333333333333335
-175.6851217297575 3.7036648318172993 3.3333333333333335
-117.78664502240618 3.7036648318172993 3.3333333333333335
-94.558037929280644 3.7036648318172993 3.3333333333333335
-85.238825781195004 3.7036648318172993 3.3333333333333335
-81.5 3.7036648318172993 3.3333333333333335
-80 3.7036648318172993 3.3333333333333335
-77.259663170406327 3.7036648318172993 3.3333333333333335
-69.455844122715718 3.7036648318172993 3.3333333333333335
-57.776603565143226 3.7036648318172993 3.3333333333333335
-43.999999999999993 3.7036648318172993 3.3333333333333335
-30.223396434856767 3.7036648318172993 3.3333333333333335
-18.54415587728429 3.7036648318172993 3.3333333333333335
-10.740336829593677 3.7036648318172993 3.3333333333333335
-8 3.7036648318172993 3.3333333333333335
-6.5 3.7036648318172993 3.3333333333333335
-5 3.7036648318172993 3.3333333333333335
-2.5 3.7036648318172993 3.3333333333333335
0 3.7036648318172993 3.3333333333333335
2.5 3.7036648318172993 3.3333333333333335
5 3.7036648318172993 3.3333333333333335
6.5 3.7036648318172993 3.3333333333333335
8 3.7036648318172993 3.3333333333333335
10.740336829593677 3.7036648318172993 3.3333333333333335
18.54415587728429 3.7036648318172993 3.3333333333333335
30.223396434856767 3.7036648318172993 3.3333333333333335
43.999999999999993 3.7036648318172993 3.3333333333333335
57.776603565143226 3.7036648318172993 3.3333333333333335
69.455844122715718 3.7036648318172993 3.3333333333333335
77.259663170406327 3.7036648318172993 3.3333333333333335
80 3.7036648318172993 3.3333333333333335
81.5 3.7036648318172993 3.3333333333333335
85.238825781195004 3.7036648318172993 3.3333333333333335
94.558037929280644 3.7036648318172993 3.3333333333333335
117.78664502240618 3.7036648318172993 3.3333333333333335
175.6851217297575 3.7036648318172993 3.3333333333333335
320 3.7036648318172993 3.3333333333333335
-320 6.9410906258095402 3.3333333333333335
-175.6851217297575 6.9410906258095402 3.3333333333333335
-117.78664502240618 6.9410906258095402 3.3333333333333335
-94.558037929280644 6.9410906258095402 3.3333333333333335
-85.238825781195004 6.9410906258095402 3.3333333333333335
-81.5 6.9410906258095402 3.3333333333333335
-80 6.9410906258095402 3.3333333333333335
-77.259663170406327 6.9410906258095402 3.3333333333333335
-69.455844122715718 6.9410906258095402 3.3333333333333335
-57.776603565143226 6.9410906258095402 3.3333333333333335
-43.999999999999993 6.9410906258095402 3.3333333333333335
-30.223396434856767 6.9410906258095402 3.3333333333333335
-18.54415587728429 6.9410906258095402 3.3333333333333335
-10.740336829593677 6.9410906258095402 3.3333333333333335
-8 6.9410906258095402 3.3333333333333335
-6.5 6.9410906258095402 3.3333333333333335
-5 6.9410906258095402 3.3333333333333335
-2.5 6.9410906258095402 3.3333333333333335
0 6.9410906258095402 3.3333333333333335
2.5 6.9410906258095402 3.3333333333333335
5 6.9410906258095402 3.3333333333333335
6.5 6.9410906258095402 3.3333333333333335
8 6.9410906258095402 3.3333333333333335
10.740336829593677 6.9410906258095402 3.3333333333333335
18.54415587728429 6.9410906258095402 3.3333333333333335
30.223396434856767 6.9410906258095402 3.3333333333333335
43.999999999999993 6.9410906258095402 3.3333333333333335
57.776603565143226 6.9410906258095402 3.3333333333333335
69.455844122715718 6.9410906258095402 3.3333333333333335
77.259663170406327 6.9410906258095402 3.3333333333333335
80 6.9410906258095402 3.3333333333333335
81.5 6.9410906258095402 3.3333333333333335
85.238825781195004 6.9410906258095402 3.3333333333333335
94.558037929280644 6.9410906258095402 3.3333333333333335
117.78664502240618 6.9410906258095402 3.3333333333333335
175.6851217297575 6.9410906258095402 3.3333333333333335
320 6.9410906258095402 3.3333333333333335
-320 11.69722487103547 3.3333333333333335
-175.6851217297575 11.69722487103547 3.3333333333333335
-117.78664502240618 11.69722487103547 3.3333333333333335
-94.558037929280644 11.69722487103547 3.3333333333333335
-85.238825781195004 11.69722487103547 3.3333333333333335
-81.5 11.69722487103547 3.3333333333333335
-80 11.69722487103547 3.3333333333333335
-77.259663170406327 11.69722487103547 3.3333333333333335
-69.455844122715718 11.69722487103547 3.3333333333333335
-57.776603565143226 11.69722487103547 3.3333333333333335
-43.999999999999993 11.69722487103547 3.3333333333333335
-30.223396434856767 11.69722487103547 3.3333333333333335
-18.54415587728429 11.69722487103547 3.3333333333333335
-10.740336829593677 11.69722487103547 3.3333333333333335
-8 11.69722487103547 3.3333333333333335
-6.5 11.69722487103547 3.3333333333333335
-5 11.69722487103547 3.3333333333333335
-2.5 11.69722487103547 3.3333333333333335
0 11.69722487103547 3.3333333333333335
2.5 11.69722487103547 3.3333333333333335
5 11.69722487103547 3.3333333333333335
6.5 11.69722487103547 3.3333333333333335
8 11.69722487103547 3.3333333333333335
10.740336829593677 11.69722487103547 3.3333333333333335
18.54415587728429 11.69722487103547 3.3333333333333335
30.223396434856767 11.69722487103547 3.3333333333333335
43.999999999999993 11.69722487103547 3.3333333333333335
57.776603565143226 11.69722487103547 3.3333333333333335
69.455844122715718 11.69722487103547 3.3333333333333335
77.259663170406327 11.69722487103547 3.3333333333333335
80 11.69722487103547 3.3333333333333335
81.5 11.69722487103547 3.3333333333333335
85.238825781195004 11.69722487103547 3.3333333333333335
94.558037929280644 11.69722487103547 3.3333333333333335
117.78664502240618 11.69722487103547 3.3333333333333335
175.6851217297575 11.69722487103547 3.3333333333333335
320 11.69722487103547 3.3333333333333335
-320 18.684508718772996 3.3333333333333335
-175.6851217297575 18.684508718772996 3.3333333333333335
-117.78664502240618 18.684508718772996 3.3333333333333335
-94.558037929280644 18.684508718772996 3.3333333333333335
-85.238825781195004 18.684508718772996 3.3333333333333335
-81.5 18.684508718772996 3.3333333333333335
-80 18.684508718772996 3.3333333333333335
-77.259663170406327 18.684508718772996 3.3333333333333335
-69.455844122715718 18.684508718772996 3.3333333333333335
-57.776603565143226 18.684508718772996 3.3333333333333335
-43.999999999999993 18.684508718772996 3.3333333333333335
-30.223396434856767 18.684508718772996 3.3333333333333335
-18.54415587728429 18.684508718772996 3.3333333333333335
-10.740336829593677 18.684508718772996 3.3333333333333335
-8 18.684508718772996 3.3333333333333335
-6.5 18.684508718772996 3.3333333333333335
-5 18.684508718772996 3.3333333333333335
-2.5 18.684508718772996 3.3333333333333335
0 18.684508718772996 3.3333333333333335
2.5 18.684508718772996 3.3333333333333335
5 18.684508718772996 3.3333333333333335
6.5 18.684508718772996 3.3333333333333335
8 18.684508718772996 3.3333333333333335
10.740336829593677 18.684508718772996 3.3333333333333335
18.54415587728429 18.684508718772996 3.3333333333333335
30.223396434856767 18.684508718772996 3.3333333333333335
43.999999999999993 18.684508718772996 3.3333333333333335
57.776603565143226 18.684508718772996 3.3333333333333335
69.455844122715718 18.684508718772996 3.3333333333333335
77.259663170406327 18.684508718772996 3.3333333333333335
80 18.684508718772996 3.3333333333333335
81.5 18.684508718772996 3.3333333333333335
85.238825781195004 18.684508718772996 3.3333333333333335
94.558037929280644 18.684508718772996 3.3333333333333335
117.78664502240618 18.684508718772996 3.3333333333333335
175.6851217297575 18.684508718772996 3.3333333333333335
320 18.684508718772996 3.3333333333333335
-320 28.949596508895819 3.3333333333333335
-175.6851217297575 28.949596508895819 3.3333333333333335
-117.78664502240618 28.949596508895819 3.3333333333333335
-94.558037929280644 28.949596508895819 3.3333333333333335
-85.238825781195004 28.949596508895819 3.3333333333333335
-81.5 28.949596508895819 3.3333333333333335
-80 28.949596508895819 3.3333333333333335
-77.259663170406327 28.949596508895819 3.3333333333333335
-69.455844122715718 28.949596508895819 3.3333333333333335
-57.776603565143226 28.949596508895819 3.3333333333333335
-43.999999999999993 28.949596508895819 3.3333333333333335
-30.223396434856767 28.949596508895819 3.3333333333333335
-18.54415587728429 28.949596508895819 3.3333333333333335
-10.740336829593677 28.949596508895819 3.3333333333333335
-8 28.949596508895819 3.3333333333333335
-6.5 28.949596508895819 3.3333333333333335
-5 28.949596508895819 3.3333333333333335
-2.5 28.949596508895819 3.3333333333333335
0 28.949596508895819 3.3333333333333335
2.5 28.949596508895819 3.3333333333333335
5 28.949596508895819 3.3333333333333335
6.5 28.949596508895819 3.3333333333333335
8 28.949596508895819 3.3333333333333335
10.740336829593677 28.949596508895819 3.3333333333333335
18.54415587728429 28.949596508895819 3.3333333333333335
30.223396434856767 28.949596508895819 3.3333333333333335
43.999999999999993 28.949596508895819 3.3333333333333335
57.776603565143226 28.949596508895819 3.3333333333333335
69.455844122715718 28.949596508895819 3.3333333333333335
77.259663170406327 28.949596508895819 3.3333333333333335
80 28.949596508895819 3.3333333333333335
81.5 28.949596508895819 3.3333333333333335
85.238825781195004 28.949596508895819 3.3333333333333335
94.558037929280644 28.949596508895819 3.3333333333333335
117.78664502240618 28.949596508895819 3.3333333333333335
175.6851217297575 28.949596508895819 3.3333333333333335
320 28.949596508895819 3.3333333333333335
-320 44.030138481303027 3.3333333333333335
-175.6851217297575 44.030138481303027 3.3333333333333335
-117.78664502240618 44.030138481303027 3.3333333333333335
-94.558037929280644 44.030138481303027 3.3333333333333335
-85.238825781195004 44.030138481303027 3.3333333333333335
-81.5 44.030138481303027 3.3333333333333335
-80 44.030138481303027 3.3333333333333335
-77.259663170406327 44.030138481303027 3.3333333333333335
-69.455844122715718 44.030138481303027 3.3333333333333335
-57.776603565143226 44.030138481303027 3.3333333333333335
-43.999999999999993 44.030138481303027 3.3333333333333335
-30.223396434856767 44.030138481303027 3.3333333333333335
-18.54415587728429 44.030138481303027 3.3333333333333335
-10.740336829593677 44.030138481303027 3.3333333333333335
-8 44.030138481303027 3.3333333333333335
-6.5 44.030138481303027 3.3333333333333335
-5 44.030138481303027 3.3333333333333335
-2.5 44.030138481303027 3.3333333333333335
0 44.030138481303027 3.3333333333333335
2.5 44.030138481303027 3.3333333333333335
5 44.030138481303027 3.3333333333333335
6.5 44.030138481303027 3.3333333333333335
8 44.030138481303027 3.3333333333333335
10.740336829593677 44.030138481303027 3.3333333333333335
18.54415587728429 44.030138481303027 3.3333333333333335
30.223396434856767 44.030138481303027 3.3333333333333335
43.999999999999993 44.030138481303027 3.3333333333333335
57.776603565143226 44.030138481303027 3.3333333333333335
69.455844122715718 44.030138481303027 3.3333333333333335
77.259663170406327 44.030138481303027 3.3333333333333335
80 44.030138481303027 3.3333333333333335
81.5 44.030138481303027 3.3333333333333335
85.238825781195004 44.030138481303027 3.3333333333333335
94.558037929280644 44.030138481303027 3.3333333333333335
117.78664502240618 44.030138481303027 3.3333333333333335
175.6851217297575 44.030138481303027 3.3333333333333335
320 44.030138481303027 3.3333333333333335
-320 66.185111807528642 3.3333333333333335
-175.6851217297575 66.185111807528642 3.3333333333333335
-117.78664502240618 66.185111807528642 3.3333333333333335
-94.558037929280644 66.185111807528642 3.3333333333333335
-85.238825781195004 66.185111807528642 3.3333333333333335
-81.5 66.185111807528642 3.3333333333333335
-80 66.185111807528642 3.3333333333333335
-77.259663170406327 66.185111807528642 3.3333333333333335
-69.455844122715718 66.185111807528642 3.3333333333333335
-57.776603565143226 66.185111807528642 3.3333333333333335
-43.999999999999993 66.185111807528642 3.3333333333333335
-30.223396434856767 66.185111807528642 3.3333333333333335
-18.54415587728429 66.185111807528642 3.3333333333333335
-10.740336829593677 66.185111807528642 3.3333333333333335
-8 66.185111807528642 3.3333333333333335
-6.5 66.185111807528642 3.3333333333333335
-5 66.185111807528642 3.3333333333333335
-2.5 66.185111807528642 3.3333333333333335
0 66.185111807528642 3.3333333333333335
2.5 66.185111807528642 3.3333333333333335
5 66.185111807528642 3.3333333333333335
6.5 66.185111807528642 3.3333333333333335
8 66.185111807528642 3.3333333333333335
10.740336829593677 66.185111807528642 3.3333333333333335
18.54415587728429 66.185111807528642 3.3333333333333335
30.223396434856767 66.185111807528642 3.3333333333333335
43.999999999999993 66.185111807528642 3.3333333333333335
57.776603565143226 66.185111807528642 3.3333333333333335
69.455844122715718 66.185111807528642 3.3333333333333335
77.259663170406327 66.185111807528642 3.3333333333333335
80 66.185111807528642 3.3333333333333335
81.5 66.185111807528642 3.3333333333333335
85.238825781195004 66.185111807528642 3.3333333333333335
94.558037929280644 66.185111807528642 3.3333333333333335
117.78664502240618 66.185111807528642 3.3333333333333335
175.6851217297575 66.185111807528642 3.3333333333333335
320 66.185111807528642 3.3333333333333335
-320 98.73320218676443 3.3333333333333335
-175.6851217297575 98.73320218676443 3.3333333333333335
-117.78664502240618 98.73320218676443 3.3333333333333335
-94.558037929280644 98.73320218676443 3.3333333333333335
-85.238825781195004 98.73320218676443 3.3333333333333335
-81.5 98.73320218676443 3.3333333333333335
-80 98.73320218676443 3.3333333333333335
-77.259663170406327 98.73320218676443 3.3333333333333335
-69.455844122715718 98.73320218676443 3.3333333333333335
-57.776603565143226 98.73320218676443 3.3333333333333335
-43.999999999999993 98.73320218676443 3.3333333333333335
-30.223396434856767 98.73320218676443 3.3333333333333335
-18.54415587728429 98.73320218676443 3.3333333333333335
-10.740336829593677 98.73320218676443 3.3333333333333335
-8 98.73320218676443 3.3333333333333335
-6.5 98.73320218676443 3.3333333333333335
-5 98.73320218676443 3.3333333333333335
-2.5 98.73320218676443 3.3333333333333335
0 98.73320218676443 3.3333333333333335
2.5 98.73320218676443 3.3333333333333335
5 98.73320218676443 3.3333333333333335
6.5 98.73320218676443 3.3333333333333335
8 98.73320218676443 3.3333333333333335
10.740336829593677 98.73320218676443 3.3333333333333335
18.54415587728429 98.73320218676443 3.3333333333333335
30.223396434856767 98.73320218676443 3.3333333333333335
43.999999999999993 98.73320218676443 3.3333333333333335
57.776603565143226 98.73320218676443 3.3333333333333335
69.455844122715718 98.73320218676443 3.3333333333333335
77.259663170406327 98.73320218676443 3.3333333333333335
80 98.73320218676443 3.3333333333333335
81.5 98.73320218676443 3.3333333333333335
85.238825781195004 98.73320218676443 3.3333333333333335
94.558037929280644 98.73320218676443 3.3333333333333335
117.78664502240618 98.73320218676443 3.3333333333333335
175.6851217297575 98.73320218676443 3.3333333333333335
320 98.73320218676443 3.3333333333333335
-320 146.54992359445299 3.3333333333333335
-175.6851217297575 146.54992359445299 3.3333333333333335
-117.78664502240618 146.54992359445299 3.3333333333333335
-94.558037929280644 146.54992359445299 3.3333333333333335
-85.238825781195004 146.54992359445299 3.3333333333333335
-81.5 146.54992359445299 3.3333333333333335
-80 146.54992359445299 3.3333333333333335
-77.259663170406327 146.54992359445299 3.3333333333333335
-69.455844122715718 146.54992359445299 3.3333333333333335
-57.776603565143226 146.54992359445299 3.3333333333333335
-43.999999999999993 146.54992359445299 3.3333333333333335
-30.223396434856767 146.54992359445299 3.3333333333333335
-18.54415587728429 146.54992359445299 3.3333333333333335
-10.740336829593677 146.54992359445299 3.3333333333333335
-8 146.54992359445299 3.3333333333333335
-6.5 146.54992359445299 3.3333333333333335
-5 146.54992359445299 3.3333333333333335
-2.5 146.54992359445299 3.3333333333333335
0 146.54992359445299 3.3333333333333335
2.5 146.54992359445299 3.3333333333333335
5 146.54992359445299 3.3333333333333335
6.5 146.54992359445299 3.3333333333333335
8 146.54992359445299 3.3333333333333335
10.740336829593677 146.54992359445299 3.3333333333333335
18.54415587728429 146.54992359445299 3.3333333333333335
30.223396434856767 146.54992359445299 3.3333333333333335
43.999999999999993 146.54992359445299 3.3333333333333335
57.776603565143226 146.54992359445299 3.3333333333333335
69.455844122715718 146.54992359445299 3.3333333333333335
77.259663170406327 146.54992359445299 3.3333333333333335
80 146.54992359445299 3.3333333333333335
81.5 146.54992359445299 3.3333333333333335
85.238825781195004 146.54992359445299 3.3333333333333335
94.558037929280644 146.54992359445299 3.3333333333333335
117.78664502240618 146.54992359445299 3.3333333333333335
175.6851217297575 146.54992359445299 3.3333333333333335
320 146.54992359445299 3.3333333333333335
-320 216.79794182040541 3.3333333333333335
-175.6851217297575 216.79794182040541 3.3333333333333335
-117.78664502240618 216.79794182040541 3.3333333333333335
-94.558037929280644 216.79794182040541 3.3333333333333335
-85.238825781195004 216.79794182040541 3.3333333333333335
-81.5 216.79794182040541 3.3333333333333335
-80 216.79794182040541 3.3333333333333335
-77.259663170406327 216.79794182040541 3.3333333333333335
-69.455844122715718 216.79794182040541 3.3333333333333335
-57.776603565143226 216.79794182040541 3.3333333333333335
-43.999999999999993 216.79794182040541 3.3333333333333335
-30.223396434856767 216.79794182040541 3.3333333333333335
-18.54415587728429 216.79794182040541 3.3333333333333335
-10.740336829593677 216.79794182040541 3.3333333333333335
-8 216.79794182040541 3.3333333333333335
-6.5 216.79794182040541 3.3333333333333335
-5 216.79794182040541 3.3333333333333335
-2.5 216.79794182040541 3.3333333333333335
0 216.79794182040541 3.3333333333333335
2.5 216.79794182040541 3.3333333333333335
5 216.79794182040541 3.3333333333333335
6.5 216.79794182040541 3.3333333333333335
8 216.79794182040541 3.3333333333333335
10.740336829593677 216.79794182040541 3.3333333333333335
18.54415587728429 216.79794182040541 3.3333333333333335
30.223396434856767 216.79794182040541 3.3333333333333335
43.999999999999993 216.79794182040541 3.3333333333333335
57.776603565143226 216.79794182040541 3.3333333333333335
69.455844122715718 216.79794182040541 3.3333333333333335
77.259663170406327 216.79794182040541 3.3333333333333335
80 216.79794182040541 3.3333333333333335
81.5 216.79794182040541 3.3333333333333335
85.238825781195004 216.79794182040541 3.3333333333333335
94.558037929280644 216.79794182040541 3.3333333333333335
117.78664502240618 216.79794182040541 3.3333333333333335
175.6851217297575 216.79794182040541 3.3333333333333335
320 216.79794182040541 3.3333333333333335
-320 320 3.3333333333333335
-175.6851217297575 320 3.3333333333333335
-117.78664502240618 320 3.3333333333333335
-94.558037929280644 320 3.3333333333333335
-85.238825781195004 320 3.3333333333333335
-81.5 320 3.3333333333333335
-80 320 3.3333333333333335
-77.259663170406327 320 3.3333333333333335
-69.455844122715718 320 3.3333333333333335
-57.776603565143226 320 3.3333333333333335
-43.999999999999993 320 3.3333333333333335
-30.223396434856767 320 3.3333333333333335
-18.54415587728429 320 3.3333333333333335
-10.740336829593677 320 3.3333333333333335
-8 320 3.3333333333333335
-6.5 320 3.3333333333333335
-5 320 3.3333333333333335
-2.5 320 3.3333333333333335
0 320 3.3333333333333335
2.5 320 3.3333333333333335
5 320 3.3333333333333335
6.5 320 3.3333333333333335
8 320 3.3333333333333335
10.740336829593677 320 3.3333333333333335
18.54415587728429 320 3.3333333333333335
30.223396434856767 320 3.3333333333333335
43.999999999999993 320 3.3333333333333335
57.776603565143226 320 3.3333333333333335
69.455844122715718 320 3.3333333333333335
77.259663170406327 320 3.3333333333333335
80 320 3.3333333333333335
81.5 320 3.3333333333333335
85.238825781195004 320 3.3333333333333335
94.558037929280644 320 3.3333333333333335
117.78664502240618 320 3.3333333333333335
175.6851217297575 320 3.3333333333333335
320 320 3.3333333333333335
-320 -320 6.666666666666667
-175.6851217297575 -320 6.666666666666667
-117.78664502240618 -320 6.666666666666667
-94.558037929280644 -320 6.666666666666667
-85.238825781195004 -320 6.666666666666667
-81.5 -320 6.666666666666667
-80 -320 6.666666666666667
-77.259663170406327 -320 6.666666666666667
-69.455844122715718 -320 6.666666666666667
-57.776603565143226 -320 6.666666666666667
-43.999999999999993 -320 6.666666666666667
-30.223396434856767 -320 6.666666666666667
-18.54415587728429 -320 6.666666666666667
-10.740336829593677 -320 6.666666666666667
-8 -320 6.666666666666667
-6.5 -320 6.666666666666667
-5 -320 6.666666666666667
-2.5 -320 6.666666666666667
0 -320 6.666666666666667
2.5 -320 6.666666666666667
5 -320 6.666666666666667
6.5 -320 6.666666666666667
8 -320 6.666666666666667
10.740336829593677 -320 6.666666666666667
18.54415587728429 -320 6.666666666666667
30.223396434856767 -320 6.666666666666667
43.999999999999993 -320 6.666666666666667
57.776603565143226 -320 6.666666666666667
69.455844122715718 -320 6.666666666666667
77.259663170406327 -320 6.666666666666667
80 -320 6.666666666666667
81.5 -320 6.666666666666667
85.238825781195004 -320 6.666666666666667
94.558037929280644 -320 6.666666666666667
117.78664502240618 -320 6.666666666666667
175.6851217297575 -320 6.666666666666667
320 -320 6.666666666666667
-320 -216.79794182040541 6.666666666666667
-175.6851217297575 -216.79794182040541 6.666666666666667
-117.78664502240618 -216.79794182040541 6.666666666666667
-94.558037929280644 -216.79794182040541 6.666666666666667
-85.238825781195004 -216.79794182040541 6.666666666666667
-81.5 -216.79794182040541 6.666666666666667
-80 -216.79794182040541 6.666666666666667
-77.259663170406327 -216.79794182040541 6.666666666666667
-69.455844122715718 -216.79794182040541 6.666666666666667
-57.776603565143226 -216.79794182040541 6.666666666666667
-43.999999999999993 -216.79794182040541 6.666666666666667
-30.223396434856767 -216.79794182040541 6.666666666666667
-18.54415587728429 -216.79794182040541 6.666666666666667
-10.740336829593677 -216.79794182040541 6.666666666666667
-8 -216.79794182040541 6.666666666666667
-6.5 -216.79794182040541 6.666666666666667
-5 -216.79794182040541 6.666666666666667
-2.5 -216.79794182040541 6.666666666666667
0 -216.79794182040541 6.666666666666667
2.5 -216.79794182040541 6.666666666666667
5 -216.79794182040541 6.666666666666667
6.5 -216.79794182040541 6.666666666666667
8 -216.79794182040541 6.666666666666667
10.740336829593677 -216.79794182040541 6.666666666666667
18.54415587728429 -216.79794182040541 6.666666666666667
30.223396434856767 -216.79794182040541 6.666666666666667
43.999999999999993 -216.79794182040541 6.666666666666667
57.776603565143226 -216.79794182040541 6.666666666666667
69.455844122715718 -216.79794182040541 6.666666666666667
77.259663170406327 -216.79794182040541 6.666666666666667
80 -216.79794182040541 6.666666666666667
81.5 -216.79794182040541 6.666666666666667
85.238825781195004 -216.79794182040541 6.666666666666667
94.558037929280644 -216.79794182040541 6.666666666666667
117.78664502240618 -216.79794182040541 6.666666666666667
175.6851217297575 -216.79794182040541 6.666666666666667
320 -216.79794182040541 6.666666666666667
-320 -146.54992359445299 6.666666666666667
-175.6851217297575 -146.54992359445299 6.666666666666667
-117.78664502240618 -146.54992359445299 6.666666666666667
-94.558037929280644 -146.54992359445299 6.666666666666667
-85.238825781195004 -146.54992359445299 6.666666666666667
-81.5 -146.54992359445299 6.666666666666667
-80 -146.54992359445299 6.666666666666667
-77.259663170406327 -146.54992359445299 6.666666666666667
-69.455844122715718 -146.54992359445299 6.666666666666667
-57.776603565143226 -146.54992359445299 6.666666666666667
-43.999999999999993 -146.54992359445299 6.666666666666667
-30.223396434856767 -146.54992359445299 6.666666666666667
-18.54415587728429 -146.54992359445299 6.666666666666667
-10.740336829593677 -146.54992359445299 6.666666666666667
-8 -146.54992359445299 6.666666666666667
-6.5 -146.54992359445299 6.666666666666667
-5 -146.54992359445299 6.666666666666667
-2.5 -146.54992359445299 6.666666666666667
0 -146.54992359445299 6.666666666666667
2.5 -146.54992359445299 6.666666666666667
5 -146.54992359445299 6.666666666666667
6.5 -146.54992359445299 6.666666666666667
8 -146.54992359445299 6.666666666666667
10.740336829593677 -146.54992359445299 6.666666666666667
18.54415587728429 -146.54992359445299 6.666666666666667
30.223396434856767 -146.54992359445299 6.666666666666667
43.999999999999993 -146.54992359445299 6.666666666666667
57.776603565143226 -146.54992359445299 6.666666666666667
69.455844122715718 -146.54992359445299 6.666666666666667
77.259663170406327 -146.54992359445299 6.666666666666667
80 -146.54992359445299 6.666666666666667
81.5 -146.54992359445299 6.666666666666667
85.238825781195004 -146.54992359445299 6.666666666666667
94.558037929280644 -146.54992359445299 6.666666666666667
117.78664502240618 -146.54992359445299 6.666666666666667
175.6851217297575 -146.54992359445299 6.666666666666667
320 -146.54992359445299 6.666666666666667
-320 -98.73320218676443 6.666666666666667
-175.6851217297575 -98.73320218676443 6.666666666666667
-117.78664502240618 -98.73320218676443 6.666666666666667
-94.558037929280644 -98.73320218676443 6.666666666666667
-85.238825781195004 -98.73320218676443 6.666666666666667
-81.5 -98.73320218676443 6.666666666666667
-80 -98.73320218676443 6.666666666666667
-77.259663170406327 -98.73320218676443 6.666666666666667
-69.455844122715718 -98.73320218676443 6.666666666666667
-57.776603565143226 -98.73320218676443 6.666666666666667
-43.999999999999993 -98.73320218676443 6.666666666666667
-30.223396434856767 -98.73320218676443 6.666666666666667
-18.54415587728429 -98.73320218676443 6.666666666666667
-10.740336829593677 -98.73320218676443 6.666666666666667
-8 -98.73320218676443 6.666666666666667
-6.5 -98.73320218676443 6.666666666666667
-5 -98.73320218676443 6.666666666666667
-2.5 -98.73320218676443 6.666666666666667
0 -98.73320218676443 6.666666666666667
2.5 -98.73320218676443 6.666666666666667
5 -98.73320218676443 6.666666666666667
6.5 -98.73320218676443 6.666666666666667
8 -98.73320218676443 6.666666666666667
10.740336829593677 -98.73320218676443 6.666666666666667
18.54415587728429 -98.73320218676443 6.666666666666667
30.223396434856767 -98.73320218676443 6.666666666666667
43.999999999999993 -98.73320218676443 6.666666666666667
57.776603565143226 -98.73320218676443 6.666666666666667
69.455844122715718 -98.73320218676443 6.666666666666667
77.259663170406327 -98.73320218676443 6.666666666666667
80 -98.73320218676443 6.666666666666667
81.5 -98.73320218676443 6.666666666666667
85.238825781195004 -98.73320218676443 6.666666666666667
94.558037929280644 -98.73320218676443 6.666666666666667
117.78664502240618 -98.73320218676443 6.666666666666667
175.6851217297575 -98.73320218676443 6.666666666666667
320 -98.73320218676443 6.666666666666667
-320 -66.185111807528642 6.666666666666667
-175.6851217297575 -66.185111807528642 6.666666666666667
-117.78664502240618 -66.185111807528642 6.666666666666667
-94.558037929280644 -66.185111807528642 6.666666666666667
-85.238825781195004 -66.185111807528642 6.666666666666667
-81.5 -66.185111807528642 6.666666666666667
-80 -66.185111807528642 6.666666666666667
-77.259663170406327 -66.185111807528642 6.666666666666667
-69.455844122715718 -66.185111807528642 6.666666666666667
-57.776603565143226 -66.185111807528642 6.666666666666667
-43.999999999999993 -66.185111807528642 6.666666666666667
-30.223396434856767 -66.185111807528642 6.666666666666667
-18.54415587728429 -66.185111807528642 6.666666666666667
-10.740336829593677 -66.185111807528642 6.666666666666667
-8 -66.185111807528642 6.666666666666667
-6.5 -66.185111807528642 6.666666666666667
-5 -66.185111807528642 6.666666666666667
-2.5 -66.185111807528642 6.666666666666667
0 -66.185111807528642 6.666666666666667
2.5 -66.185111807528642 6.666666666666667
5 -66.185111807528642 6.666666666666667
6.5 -66.185111807528642 6.666666666666667
8 -66.185111807528642 6.666666666666667
10.740336829593677 -66.185111807528642 6.666666666666667
18.54415587728429 -66.185111807528642 6.666666666666667
30.223396434856767 -66.185111807528642 6.666666666666667
43.999999999999993 -66.185111807528642 6.666666666666667
57.776603565143226 -66.185111807528642 6.666666666666667
69.455844122715718 -66.185111807528642 6.666666666666667
77.259663170406327 -66.185111807528642 6.666666666666667
80 -66.185111807528642 6.666666666666667
81.5 -66.185111807528642 6.666666666666667
85.238825781195004 -66.185111807528642 6.666666666666667
94.558037929280644 -66.185111807528642 6.666666666666667
117.78664502240618 -66.185111807528642 6.666666666666667
175.6851217297575 -66.185111807528642 6.666666666666667
320 -66.185111807528642 6.666666666666667
-320 -44.030138481303027 6.666666666666667
-175.6851217297575 -44.030138481303027 6.666666666666667
-117.78664502240618 -44.030138481303027 6.666666666666667
-94.558037929280644 -44.030138481303027 6.666666666666667
-85.238825781195004 -44.030138481303027 6.666666666666667
-81.5 -44.030138481303027 6.666666666666667
-80 -44.030138481303027 6.666666666666667
-77.259663170406327 -44.030138481303027 6.666666666666667
-69.455844122715718 -44.030138481303027 6.666666666666667
-57.776603565143226 -44.030138481303027 6.666666666666667
-43.999999999999993 -44.030138481303027 6.666666666666667
-30.223396434856767 -44.030138481303027 6.666666666666667
-18.54415587728429 -44.030138481303027 6.666666666666667
-10.740336829593677 -44.030138481303027 6.666666666666667
-8 -44.030138481303027 6.666666666666667
-6.5 -44.030138481303027 6.666666666666667
-5 -44.030138481303027 6.666666666666667
-2.5 -44.030138481303027 6.666666666666667
0 -44.030138481303027 6.666666666666667
2.5 -44.030138481303027 6.666666666666667
5 -44.030138481303027 6.666666666666667
6.5 -44.030138481303027 6.666666666666667
8 -44.030138481303027 6.666666666666667
10.740336829593677 -44.030138481303027 6.666666666666667
18.54415587728429 -44.030138481303027 6.666666666666667
30.223396434856767 -44.030138481303027 6.666666666666667
43.999999999999993 -44.030138481303027 6.666666666666667
57.776603565143226 -44.030138481303027 6.666666666666667
69.455844122715718 -44.030138481303027 6.666666666666667
77.259663170406327 -44.030138481303027 6.666666666666667
80 -44.030138481303027 6.666666666666667
81.5 -44.030138481303027 6.666666666666667
85.238825781195004 -44.030138481303027 6.666666666666667
94.558037929280644 -44.030138481303027 6.666666666666667
117.78664502240618 -44.030138481303027 6.666666666666667
175.6851217297575 -44.030138481303027 6.666666666666667
320 -44.030138481303027 6.666666666666667
-320 -28.949596508895819 6.666666666666667
-175.6851217297575 -28.949596508895819 6.666666666666667
-117.78664502240618 -28.949596508895819 6.666666666666667
-94.558037929280644 -28.949596508895819 6.666666666666667
-85.238825781195004 -28.949596508895819 6.666666666666667
-81.5 -28.949596508895819 6.666666666666667
-80 -28.949596508895819 6.666666666666667
-77.259663170406327 -28.949596508895819 6.666666666666667
-69.455844122715718 -28.949596508895819 6.666666666666667
-57.776603565143226 -28.949596508895819 6.666666666666667
-43.999999999999993 -28.949596508895819 6.666666666666667
-30.223396434856767 -28.949596508895819 6.666666666666667
-18.54415587728429 -28.949596508895819 6.666666666666667
-10.740336829593677 -28.949596508895819 6.666666666666667
-8 -28.949596508895819 6.666666666666667
-6.5 -28.949596508895819 6.666666666666667
-5 -28.949596508895819 6.666666666666667
-2.5 -28.949596508895819 6.666666666666667
0 -28.949596508895819 6.666666666666667
2.5 -28.949596508895819 6.666666666666667
5 -28.949596508895819 6.666666666666667
6.5 -28.949596508895819 6.666666666666667
8 -28.949596508895819 6.666666666666667
10.740336829593677 -28.949596508895819 6.666666666666667
18.54415587728429 -28.949596508895819 6.666666666666667
30.223396434856767 -28.949596508895819 6.666666666666667
43.999999999999993 -28.949596508895819 6.666666666666667
57.776603565143226 -28.949596508895819 6.666666666666667
69.455844122715718 -28.949596508895819 6.666666666666667
77.259663170406327 -28.949596508895819 6.666666666666667
80 -28.949596508895819 6.666666666666667
81.5 -28.949596508895819 6.666666666666667
85.238825781195004 -28.949596508895819 6.666666666666667
94.558037929280644 -28.949596508895819 6.666666666666667
117.78664502240618 -28.949596508895819 6.666666666666667
175.6851217297575 -28.949596508895819 6.666666666666667
320 -28.949596508895819 6.666666666666667
-320 -18.684508718772996 6.666666666666667
-175.6851217297575 -18.684508718772996 6.666666666666667
-117.78664502240618 -18.684508718772996 6.666666666666667
-94.558037929280644 -18.684508718772996 6.666666666666667
-85.238825781195004 -18.684508718772996 6.666666666666667
-81.5 -18.684508718772996 6.666666666666667
-80 -18.684508718772996 6.666666666666667
-77.259663170406327 -18.684508718772996 6.666666666666667
-69.455844122715718 -18.684508718772996 6.666666666666667
-57.776603565143226 -18.684508718772996 6.666666666666667
-43.999999999999993 -18.684508718772996 6.666666666666667
-30.223396434856767 -18.684508718772996 6.666666666666667
-18.54415587728429 -18.684508718772996 6.666666666666667
-10.740336829593677 -18.684508718772996 6.666666666666667
-8 -18.684508718772996 6.666666666666667
-6.5 -18.684508718772996 6.666666666666667
-5 -18.684508718772996 6.666666666666667
-2.5 -18.684508718772996 6.666666666666667
0 -18.684508718772996 6.666666666666667
2.5 -18.684508718772996 6.666666666666667
5 -18.684508718772996 6.666666666666667
6.5 -18.684508718772996 6.666666666666667
8 -18.684508718772996 6.666666666666667
10.740336829593677 -18.684508718772996 6.666666666666667
18.54415587728429 -18.684508718772996 6.666666666666667
30.223396434856767 -18.684508718772996 6.666666666666667
43.999999999999993 -18.684508718772996 6.666666666666667
57.776603565143226 -18.684508718772996 6.666666666666667
69.455844122715718 -18.684508718772996 6.666666666666667
77.259663170406327 -18.684508718772996 6.666666666666667
80 -18.684508718772996 6.666666666666667
81.5 -18.684508718772996 6.666666666666667
85.238825781195004 -18.684508718772996 6.666666666666667
94.558037929280644 -18.684508718772996 6.666666666666667
117.78664502240618 -18.684508718772996 6.666666666666667
175.6851217297575 -18.684508718772996 6.666666666666667
320 -18.684508718772996 6.666666666666667
-320 -11.69722487103547 6.666666666666667
-175.6851217297575 -11.69722487103547 6.666666666666667
-117.78664502240618 -11.69722487103547 6.666666666666667
-94.558037929280644 -11.69722487103547 6.666666666666667
-85.238825781195004 -11.69722487103547 6.666666666666667
-81.5 -11.69722487103547 6.666666666666667
-80 -11.69722487103547 6.666666666666667
-77.259663170406327 -11.69722487103547 6.666666666666667
-69.455844122715718 -11.69722487103547 6.666666666666667
-57.776603565143226 -11.69722487103547 6.666666666666667
-43.999999999999993 -11.69722487103547 6.666666666666667
-30.223396434856767 -11.69722487103547 6.666666666666667
-18.54415587728429 -11.69722487103547 6.666666666666667
-10.740336829593677 -11.69722487103547 6.666666666666667
-8 -11.69722487103547 6.666666666666667
-6.5 -11.69722487103547 6.666666666666667
-5 -11.69722487103547 6.666666666666667
-2.5 -11.69722487103547 6.666666666666667
0 -11.69722487103547 6.666666666666667
2.5 -11.69722487103547 6.666666666666667
5 -11.69722487103547 6.666666666666667
6.5 -11.69722487103547 6.666666666666667
8 -11.69722487103547 6.666666666666667
10.740336829593677 -11.69722487103547 6.666666666666667
18.54415587728429 -11.69722487103547 6.666666666666667
30.223396434856767 -11.69722487103547 6.666666666666667
43.999999999999993 -11.69722487103547 6.666666666666667
57.776603565143226 -11.69722487103547 6.666666666666667
69.455844122715718 -11.69722487103547 6.666666666666667
77.259663170406327 -11.69722487103547 6.666666666666667
80 -11.69722487103547 6.666666666666667
81.5 -11.69722487103547 6.666666666666667
85.238825781195004 -11.69722487103547 6.666666666666667
94.558037929280644 -11.69722487103547 6.666666666666667
117.78664502240618 -11.69722487103547 6.666666666666667
175.6851217297575 -11.69722487103547 6.666666666666667
320 -11.69722487103547 6.666666666666667
-320 -6.9410906258095402 6.666666666666667
-175.6851217297575 -6.9410906258095402 6.666666666666667
-117.78664502240618 -6.9410906258095402 6.666666666666667
-94.558037929280644 -6.9410906258095402 6.666666666666667
-85.238825781195004 -6.9410906258095402 6.666666666666667
-81.5 -6.9410906258095402 6.666666666666667
-80 -6.9410906258095402 6.666666666666667
-77.259663170406327 -6.9410906258095402 6.666666666666667
-69.455844122715718 -6.9410906258095402 6.666666666666667
-57.776603565143226 -6.9410906258095402 6.666666666666667
-43.999999999999993 -6.9410906258095402 6.666666666666667
-30.223396434856767 -6.9410906258095402 6.666666666666667
-18.54415587728429 -6.9410906258095402 6.666666666666667
-10.740336829593677 -6.9410906258095402 6.666666666666667
-8 -6.9410906258095402 6.666666666666667
-6.5 -6.9410906258095402 6.666666666666667
-5 -6.9410906258095402 6.666666666666667
-2.5 -6.9410906258095402 6.666666666666667
0 -6.9410906258095402 6.666666666666667
2.5 -6.9410906258095402 6.666666666666667
5 -6.9410906258095402 6.666666666666667
6.5 -6.9410906258095402 6.666666666666667
8 -6.9410906258095402 6.666666666666667
10.740336829593677 -6.9410906258095402 6.666666666666667
18.54415587728429 -6.9410906258095402 6.666666666666667
30.223396434856767 -6.9410906258095402 6.666666666666667
43.999999999999993 -6.9410906258095402 6.666666666666667
57.776603565143226 -6.9410906258095402 6.666666666666667
69.455844122715718 -6.9410906258095402 6.666666666666667
77.259663170406327 -6.9410906258095402 6.666666666666667
80 -6.9410906258095402 6.666666666666667
81.5 -6.9410906258095402 6.666666666666667
85.238825781195004 -6.9410906258095402 6.666666666666667
94.558037929280644 -6.9410906258095402 6.666666666666667
117.78664502240618 -6.9410906258095402 6.666666666666667
175.6851217297575 -6.9410906258095402 6.666666666666667
320 -6.9410906258095402 6.666666666666667
-320 -3.7036648318172993 6.666666666666667
-175.6851217297575 -3.7036648318172993 6.666666666666667
-117.78664502240618 -3.7036648318172993 6.666666666666667
-94.558037929280644 -3.7036648318172993 6.666666666666667
-85.238825781195004 -3.7036648318172993 6.666666666666667
-81.5 -3.7036648318172993 6.666666666666667
-80 -3.7036648318172993 6.666666666666667
-77.259663170406327 -3.7036648318172993 6.666666666666667
-69.455844122715718 -3.7036648318172993 6.666666666666667
-57.776603565143226 -3.7036648318172993 6.666666666666667
-43.999999999999993 -3.7036648318172993 6.666666666666667
-30.223396434856767 -3.7036648318172993 6.666666666666667
-18.54415587728429 -3.7036648318172993 6.666666666666667
-10.740336829593677 -3.7036648318172993 6.666666666666667
-8 -3.7036648318172993 6.666666666666667
-6.5 -3.7036648318172993 6.666666666666667
-5 -3.7036648318172993 6.666666666666667
-2.5 -3.7036648318172993 6.666666666666667
0 -3.7036648318172993 6.666666666666667
2.5 -3.7036648318172993 6.666666666666667
5 -3.7036648318172993 6.666666666666667
6.5 -3.7036648318172993 6.666666666666667
8 -3.7036648318172993 6.666666666666667
10.740336829593677 -3.7036648318172993 6.666666666666667
18.54415587728429 -3.7036648318172993 6.666666666666667
30.223396434856767 -3.7036648318172993 6.666666666666667
43.999999999999993 -3.7036648318172993 6.666666666666667
57.776603565143226 -3.7036648318172993 6.666666666666667
69.455844122715718 -3.7036648318172993 6.666666666666667
77.259663170406327 -3.7036648318172993 6.666666666666667
80 -3.7036648318172993 6.666666666666667
81.5 -3.7036648318172993 6.666666666666667
85.238825781195004 -3.7036648318172993 6.666666666666667
94.558037929280644 -3.7036648318172993 6.666666666666667
117.78664502240618 -3.7036648318172993 6.666666666666667
175.6851217297575 -3.7036648318172993 6.666666666666667
320 -3.7036648318172993 6.666666666666667
-320 -1.5000000000000007 6.666666666666667
-175.6851217297575 -1.5000000000000007 6.666666666666667
-117.78664502240618 -1.5000000000000007 6.666666666666667
-94.558037929280644 -1.5000000000000007 6.666666666666667
-85.238825781195004 -1.5000000000000007 6.666666666666667
-81.5 -1.5000000000000007 6.666666666666667
-80 -1.5000000000000007 6.666666666666667
-77.259663170406327 -1.5000000000000007 6.666666666666667
-69.455844122715718 -1.5000000000000007 6.666666666666667
-57.776603565143226 -1.5000000000000007 6.666666666666667
-43.999999999999993 -1.5000000000000007 6.666666666666667
-30.223396434856767 -1.5000000000000007 6.666666666666667
-18.54415587728429 -1.5000000000000007 6.666666666666667
-10.740336829593677 -1.5000000000000007 6.666666666666667
-8 -1.5000000000000007 6.666666666666667
-6.5 -1.5000000000000007 6.666666666666667
-5 -1.5000000000000007 6.666666666666667
-2.5 -1.5000000000000007 6.666666666666667
0 -1.5000000000000007 6.666666666666667
2.5 -1.5000000000000007 6.666666666666667
5 -1.5000000000000007 6.666666666666667
6.5 -1.5000000000000007 6.666666666666667
8 -1.5000000000000007 6.666666666666667
10.740336829593677 -1.5000000000000007 6.666666666666667
18.54415587728429 -1.5000000000000007 6.666666666666667
30.223396434856767 -1.5000000000000007 6.666666666666667
43.999999999999993 -1.5000000000000007 6.666666666666667
57.776603565143226 -1.5000000000000007 6.666666666666667
69.455844122715718 -1.5000000000000007 6.666666666666667
77.259663170406327 -1.5000000000000007 6.666666666666667
80 -1.5000000000000007 6.666666666666667
81.5 -1.5000000000000007 6.666666666666667
85.238825781195004 -1.5000000000000007 6.666666666666667
94.558037929280644 -1.5000000000000007 6.666666666666667
117.78664502240618 -1.5000000000000007 6.666666666666667
175.6851217297575 -1.5000000000000007 6.666666666666667
320 -1.5000000000000007 6.666666666666667
-320 0 6.666666666666667
-175.6851217297575 0 6.666666666666667
-117.78664502240618 0 6.666666666666667
-94.558037929280644 0 6.666666666666667
-85.238825781195004 0 6.666666666666667
-81.5 0 6.666666666666667
-80 0 6.666666666666667
-77.259663170406327 0 6.666666666666667
-69.455844122715718 0 6.666666666666667
-57.776603565143226 0 6.666666666666667
-43.999999999999993 0 6.666666666666667
-30.223396434856767 0 6.666666666666667
-18.54415587728429 0 6.666666666666667
-10.740336829593677 0 6.666666666666667
-8 0 6.666666666666667
-6.5 0 6.666666666666667
-5 0 6.666666666666667
-2.5 0 6.666666666666667
0 0 6.666666666666667
2.5 0 6.666666666666667
5 0 6.666666666666667
6.5 0 6.666666666666667
8 0 6.666666666666667
10.740336829593677 0 6.666666666666667
18.54415587728429 0 6.666666666666667
30.223396434856767 0 6.666666666666667
43.999999999999993 0 6.666666666666667
57.776603565143226 0 6.666666666666667
69.455844122715718 0 6.666666666666667
77.259663170406327 0 6.666666666666667
80 0 6.666666666666667
81.5 0 6.666666666666667
85.238825781195004 0 6.666666666666667
94.558037929280644 0 6.666666666666667
117.78664502240618 0 6.666666666666667
175.6851217297575 0 6.666666666666667
320 0 6.666666666666667
-320 1.5000000000000007 6.666666666666667
-175.6851217297575 1.5000000000000007 6.666666666666667
-117.78664502240618 1.5000000000000007 6.666666666666667
-94.558037929280644 1.5000000000000007 6.666666666666667
-85.238825781195004 1.5000000000000007 6.666666666666667
-81.5 1.5000000000000007 6.666666666666667
-80 1.5000000000000007 6.666666666666667
-77.259663170406327 1.5000000000000007 6.666666666666667
-69.455844122715718 1.5000000000000007 6.666666666666667
-57.776603565143226 1.5000000000000007 6.666666666666667
-43.999999999999993 1.5000000000000007 6.666666666666667
-30.223396434856767 1.5000000000000007 6.666666666666667
-18.54415587728429 1.5000000000000007 6.666666666666667
-10.740336829593677 1.5000000000000007 6.666666666666667
-8 1.5000000000000007 6.666666666666667
-6.5 1.5000000000000007 6.666666666666667
-5 1.5000000000000007 6.666666666666667
-2.5 1.5000000000000007 6.666666666666667
0 1.5000000000000007 6.666666666666667
2.5 1.5000000000000007 6.666666666666667
5 1.5000000000000007 6.666666666666667
6.5 1.5000000000000007 6.666666666666667
8 1.5000000000000007 6.666666666666667
10.740336829593677 1.5000000000000007 6.666666666666667
18.54415587728429 1.5000000000000007 6.666666666666667
30.223396434856767 1.5000000000000007 6.666666666666667
43.999999999999993 1.5000000000000007 6.666666666666667
57.776603565143226 1.5000000000000007 6.666666666666667
69.455844122715718 1.5000000000000007 6.666666666666667
77.259663170406327 1.5000000000000007 6.666666666666667
80 1.5000000000000007 6.666666666666667
81.5 1.5000000000000007 6.666666666666667
85.238825781195004 1.5000000000000007 6.666666666666667
94.558037929280644 1.5000000000000007 6.666666666666667
117.78664502240618 1.5000000000000007 6.666666666666667
175.6851217297575 1.5000000000000007 6.666666666666667
320 1.5000000000000007 6.666666666666667
-320 3.7036648318172993 6.666666666666667
-175.6851217297575 3.7036648318172993 6.666666666666667
-117.78664502240618 3.7036648318172993 6.666666666666667
-94.558037929280644 3.7036648318172993 6.666666666666667
-85.238825781195004 3.7036648318172993 6.666666666666667
-81.5 3.7036648318172993 6.666666666666667
-80 3.7036648318172993 6.666666666666667
-77.259663170406327 3.7036648318172993 6.666666666666667
-69.455844122715718 3.7036648318172993 6.666666666666667
-57.776603565143226 3.7036648318172993 6.666666666666667
-43.999999999999993 3.7036648318172993 6.666666666666667
-30.223396434856767 3.7036648318172993 6.666666666666667
-18.54415587728429 3.7036648318172993 6.666666666666667
-10.740336829593677 3.7036648318172993 6.666666666666667
-8 3.7036648318172993 6.666666666666667
-6.5 3.7036648318172993 6.666666666666667
-5 3.7036648318172993 6.666666666666667
-2.5 3.7036648318172993 6.666666666666667
0 3.7036648318172993 6.666666666666667
2.5 3.7036648318172993 6.666666666666667
5 3.7036648318172993 6.666666666666667
6.5 3.7036648318172993 6.666666666666667
8 3.7036648318172993 6.666666666666667
10.740336829593677 3.7036648318172993 6.666666666666667
18.54415587728429 3.7036648318172993 6.666666666666667
30.223396434856767 3.7036648318172993 6.666666666666667
43.999999999999993 3.7036648318172993 6.666666666666667
57.776603565143226 3.7036648318172993 6.666666666666667
69.455844122715718 3.7036648318172993 6.666666666666667
77.259663170406327 3.7036648318172993 6.666666666666667
80 3.7036648318172993 6.666666666666667
81.5 3.7036648318172993 6.666666666666667
85.238825781195004 3.7036648318172993 6.666666666666667
94.558037929280644 3.7036648318172993 6.666666666666667
117.78664502240618 3.7036648318172993 6.666666666666667
175.6851217297575 3.7036648318172993 6.666666666666667
320 3.7036648318172993 6.666666666666667
-320 6.9410906258095402 6.666666666666667
-175.6851217297575 6.9410906258095402 6.666666666666667
-117.78664502240618 6.9410906258095402 6.666666666666667
-94.558037929280644 6.9410906258095402 6.666666666666667
-85.238825781195004 6.9410906258095402 6.666666666666667
-81.5 6.9410906258095402 6.666666666666667
-80 6.9410906258095402 6.666666666666667
-77.259663170406327 6.9410906258095402 6.666666666666667
-69.455844122715718 6.9410906258095402 6.666666666666667
-57.776603565143226 6.9410906258095402 6.666666666666667
-43.999999999999993 6.9410906258095402 6.666666666666667
-30.223396434856767 6.9410906258095402 6.666666666666667
-18.54415587728429 6.9410906258095402 6.666666666666667
-10.740336829593677 6.9410906258095402 6.666666666666667
-8 6.9410906258095402 6.666666666666667
-6.5 6.9410906258095402 6.666666666666667
-5 6.9410906258095402 6.666666666666667
-2.5 6.9410906258095402 6.666666666666667
0 6.9410906258095402 6.666666666666667
2.5 6.9410906258095402 6.666666666666667
5 6.9410906258095402 6.666666666666667
6.5 6.9410906258095402 6.666666666666667
8 6.9410906258095402 6.666666666666667
10.740336829593677 6.9410906258095402 6.666666666666667
18.54415587728429 6.9410906258095402 6.666666666666667
30.223396434856767 6.9410906258095402 6.666666666666667
43.999999999999993 6.9410906258095402 6.666666666666667
57.776603565143226 6.9410906258095402 6.666666666666667
69.455844122715718 6.9410906258095402 6.666666666666667
77.259663170406327 6.9410906258095402 6.666666666666667
80 6.9410906258095402 6.666666666666667
81.5 6.9410906258095402 6.666666666666667
85.238825781195004 6.9410906258095402 6.666666666666667
94.558037929280644 6.9410906258095402 6.666666666666667
117.78664502240618 6.9410906258095402 6.666666666666667
175.6851217297575 6.9410906258095402 6.666666666666667
320 6.9410906258095402 6.666666666666667
-320 11.69722487103547 6.666666666666667
-175.6851217297575 11.69722487103547 6.666666666666667
-117.78664502240618 11.69722487103547 6.666666666666667
-94.558037929280644 11.69722487103547 6.666666666666667
-85.238825781195004 11.69722487103547 6.666666666666667
-81.5 11.69722487103547 6.666666666666667
-80 11.69722487103547 6.666666666666667
-77.259663170406327 11.69722487103547 6.666666666666667
-69.455844122715718 11.69722487103547 6.666666666666667
-57.776603565143226 11.69722487103547 6.666666666666667
-43.999999999999993 11.69722487103547 6.666666666666667
-30.223396434856767 11.69722487103547 6.666666666666667
-18.54415587728429 11.69722487103547 6.666666666666667
-10.740336829593677 11.69722487103547 6.666666666666667
-8 11.69722487103547 6.666666666666667
-6.5 11.69722487103547 6.666666666666667
-5 11.69722487103547 6.666666666666667
-2.5 11.69722487103547 6.666666666666667
0 11.69722487103547 6.666666666666667
2.5 11.69722487103547 6.666666666666667
5 11.69722487103547 6.666666666666667
6.5 11.69722487103547 6.666666666666667
8 11.69722487103547 6.666666666666667
10.740336829593677 11.69722487103547 6.666666666666667
18.54415587728429 11.69722487103547 6.666666666666667
30.223396434856767 11.69722487103547 6.666666666666667
43.999999999999993 11.69722487103547 6.666666666666667
57.776603565143226 11.69722487103547 6.666666666666667
69.455844122715718 11.69722487103547 6.666666666666667
77.259663170406327 11.69722487103547 6.666666666666667
80 11.69722487103547 6.666666666666667
81.5 11.69722487103547 6.666666666666667
85.238825781195004 11.69722487103547 6.666666666666667
94.558037929280644 11.69722487103547 6.666666666666667
117.78664502240618 11.69722487103547 6.666666666666667
175.6851217297575 11.69722487103547 6.666666666666667
320 11.69722487103547 6.666666666666667
-320 18.684508718772996 6.666666666666667
-175.6851217297575 18.684508718772996 6.666666666666667
-117.78664502240618 18.684508718772996 6.666666666666667
-94.558037929280644 18.684508718772996 6.666666666666667
-85.238825781195004 18.684508718772996 6.666666666666667
-81.5 18.684508718772996 6.666666666666667
-80 18.684508718772996 6.666666666666667
-77.259663170406327 18.684508718772996 6.666666666666667
-69.455844122715718 18.684508718772996 6.666666666666667
-57.776603565143226 18.684508718772996 6.666666666666667
-43.999999999999993 18.684508718772996 6.666666666666667
-30.223396434856767 18.684508718772996 6.666666666666667
-18.54415587728429 18.684508718772996 6.666666666666667
-10.740336829593677 18.684508718772996 6.666666666666667
-8 18.684508718772996 6.666666666666667
-6.5 18.684508718772996 6.666666666666667
-5 18.684508718772996 6.666666666666667
-2.5 18.684508718772996 6.666666666666667
0 18.684508718772996 6.666666666666667
2.5 18.684508718772996 6.666666666666667
5 18.684508718772996 6.666666666666667
6.5 18.684508718772996 6.666666666666667
8 18.684508718772996 6.666666666666667
10.740336829593677 18.684508718772996 6.666666666666667
18.54415587728429 18.684508718772996 6.666666666666667
30.223396434856767 18.684508718772996 6.666666666666667
43.999999999999993 18.684508718772996 6.666666666666667
57.776603565143226 18.684508718772996 6.666666666666667
69.455844122715718 18.684508718772996 6.666666666666667
77.259663170406327 18.684508718772996 6.666666666666667
80 18.684508718772996 6.666666666666667
81.5 18.684508718772996 6.666666666666667
85.238825781195004 18.684508718772996 6.666666666666667
94.558037929280644 18.684508718772996 6.666666666666667
117.78664502240618 18.684508718772996 6.666666666666667
175.6851217297575 18.684508718772996 6.666666666666667
320 18.684508718772996 6.666666666666667
-320 28.949596508895819 6.666666666666667
-175.6851217297575 28.949596508895819 6.666666666666667
-117.78664502240618 28.949596508895819 6.666666666666667
-94.558037929280644 28.949596508895819 6.666666666666667
-85.238825781195004 28.949596508895819 6.666666666666667
-81.5 28.949596508895819 6.666666666666667
-80 28.949596508895819 6.666666666666667
-77.259663170406327 28.949596508895819 6.666666666666667
-69.455844122715718 28.949596508895819 6.666666666666667
-57.776603565143226 28.949596508895819 6.666666666666667
-43.999999999999993 28.949596508895819 6.666666666666667
-30.223396434856767 28.949596508895819 6.666666666666667
-18.54415587728429 28.949596508895819 6.666666666666667
-10.740336829593677 28.949596508895819 6.666666666666667
-8 28.949596508895819 6.666666666666667
-6.5 28.949596508895819 6.666666666666667
-5 28.949596508895819 6.666666666666667
-2.5 28.949596508895819 6.666666666666667
0 28.949596508895819 6.666666666666667
2.5 28.949596508895819 6.666666666666667
5 28.949596508895819 6.666666666666667
6.5 28.949596508895819 6.666666666666667
8 28.949596508895819 6.666666666666667
10.740336829593677 28.949596508895819 6.666666666666667
18.54415587728429 28.949596508895819 6.666666666666667
30.223396434856767 28.949596508895819 6.666666666666667
43.999999999999993 28.949596508895819 6.666666666666667
57.776603565143226 28.949596508895819 6.666666666666667
69.455844122715718 28.949596508895819 6.666666666666667
77.259663170406327 28.949596508895819 6.666666666666667
80 28.949596508895819 6.666666666666667
81.5 28.949596508895819 6.666666666666667
85.238825781195004 28.949596508895819 6.666666666666667
94.558037929280644 28.949596508895819 6.666666666666667
117.78664502240618 28.949596508895819 6.666666666666667
175.6851217297575 28.949596508895819 6.666666666666667
320 28.949596508895819 6.666666666666667
-320 44.030138481303027 6.666666666666667
-175.6851217297575 44.030138481303027 6.666666666666667
-117.78664502240618 44.030138481303027 6.666666666666667
-94.558037929280644 44.030138481303027 6.666666666666667
-85.238825781195004 44.030138481303027 6.666666666666667
-81.5 44.030138481303027 6.666666666666667
-80 44.030138481303027 6.666666666666667
-77.259663170406327 44.030138481303027 6.666666666666667
-69.455844122715718 44.030138481303027 6.666666666666667
-57.776603565143226 44.030138481303027 6.666666666666667
-43.999999999999993 44.030138481303027 6.666666666666667
-30.223396434856767 44.030138481303027 6.666666666666667
-18.54415587728429 44.030138481303027 6.666666666666667
-10.740336829593677 44.030138481303027 6.666666666666667
-8 44.030138481303027 6.666666666666667
-6.5 44.030138481303027 6.666666666666667
-5 44.030138481303027 6.666666666666667
-2.5 44.030138481303027 6.666666666666667
0 44.030138481303027 6.666666666666667
2.5 44.030138481303027 6.666666666666667
5 44.030138481303027 6.666666666666667
6.5 44.030138481303027 6.666666666666667
8 44.030138481303027 6.666666666666667
10.740336829593677 44.030138481303027 6.666666666666667
18.54415587728429 44.030138481303027 6.666666666666667
30.223396434856767 44.030138481303027 6.666666666666667
43.999999999999993 44.030138481303027 6.666666666666667
57.776603565143226 44.030138481303027 6.666666666666667
69.455844122715718 44.030138481303027 6.666666666666667
77.259663170406327 44.030138481303027 6.666666666666667
80 44.030138481303027 6.666666666666667
81.5 44.030138481303027 6.666666666666667
85.238825781195004 44.030138481303027 6.666666666666667
94.558037929280644 44.030138481303027 6.666666666666667
117.78664502240618 44.030138481303027 6.666666666666667
175.6851217297575 44.030138481303027 6.666666666666667
320 44.030138481303027 6.666666666666667
-320 66.185111807528642 6.666666666666667
-175.6851217297575 66.185111807528642 6.666666666666667
-117.78664502240618 66.185111807528642 6.666666666666667
-94.558037929280644 66.185111807528642 6.666666666666667
-85.238825781195004 66.185111807528642 6.666666666666667
-81.5 66.185111807528642 6.666666666666667
-80 66.185111807528642 6.666666666666667
-77.259663170406327 66.185111807528642 6.666666666666667
-69.455844122715718 66.185111807528642 6.666666666666667
-57.776603565143226 66.185111807528642 6.666666666666667
-43.999999999999993 66.185111807528642 6.666666666666667
-30.223396434856767 66.185111807528642 6.666666666666667
-18.54415587728429 66.185111807528642 6.666666666666667
-10.740336829593677 66.185111807528642 6.666666666666667
-8 66.185111807528642 6.666666666666667
-6.5 66.185111807528642 6.666666666666667
-5 66.185111807528642 6.666666666666667
-2.5 66.185111807528642 6.666666666666667
0 66.185111807528642 6.666666666666667
2.5 66.185111807528642 6.666666666666667
5 66.185111807528642 6.666666666666667
6.5 66.185111807528642 6.666666666666667
8 66.185111807528642 6.666666666666667
10.740336829593677 66.185111807528642 6.666666666666667
18.54415587728429 66.185111807528642 6.666666666666667
30.223396434856767 66.185111807528642 6.666666666666667
43.999999999999993 66.185111807528642 6.666666666666667
57.776603565143226 66.185111807528642 6.666666666666667
69.455844122715718 66.185111807528642 6.666666666666667
77.259663170406327 66.185111807528642 6.666666666666667
80 66.185111807528642 6.666666666666667
81.5 66.185111807528642 6.666666666666667
85.238825781195004 66.185111807528642 6.666666666666667
94.558037929280644 66.185111807528642 6.666666666666667
117.78664502240618 66.185111807528642 6.666666666666667
175.6851217297575 66.185111807528642 6.666666666666667
320 66.185111807528642 6.666666666666667
-320 98.73320218676443 6.666666666666667
-175.6851217297575 98.73320218676443 6.666666666666667
-117.78664502240618 98.73320218676443 6.666666666666667
-94.558037929280644 98.73320218676443 6.666666666666667
-85.238825781195004 98.73320218676443 6.666666666666667
-81.5 98.73320218676443 6.666666666666667
-80 98.73320218676443 6.666666666666667
-77.259663170406327 98.73320218676443 6.666666666666667
-69.455844122715718 98.73320218676443 6.666666666666667
-57.776603565143226 98.73320218676443 6.666666666666667
-43.999999999999993 98.73320218676443 6.666666666666667
-30.223396434856767 98.73320218676443 6.666666666666667
-18.54415587728429 98.73320218676443 6.666666666666667
-10.740336829593677 98.73320218676443 6.666666666666667
-8 98.73320218676443 6.666666666666667
-6.5 98.73320218676443 6.666666666666667
-5 98.73320218676443 6.666666666666667
-2.5 98.73320218676443 6.666666666666667
0 98.73320218676443 6.666666666666667
2.5 98.73320218676443 6.666666666666667
5 98.73320218676443 6.666666666666667
6.5 98.73320218676443 6.666666666666667
8 98.73320218676443 6.666666666666667
10.740336829593677 98.73320218676443 6.666666666666667
18.54415587728429 98.73320218676443 6.666666666666667
30.223396434856767 98.73320218676443 6.666666666666667
43.999999999999993 98.73320218676443 6.666666666666667
57.776603565143226 98.73320218676443 6.666666666666667
69.455844122715718 98.73320218676443 6.666666666666667
77.259663170406327 98.73320218676443 6.666666666666667
80 98.73320218676443 6.666666666666667
81.5 98.73320218676443 6.666666666666667
85.238825781195004 98.73320218676443 6.666666666666667
94.558037929280644 98.73320218676443 6.666666666666667
117.78664502240618 98.73320218676443 6.666666666666667
175.6851217297575 98.73320218676443 6.666666666666667
320 98.73320218676443 6.666666666666667
-320 146.54992359445299 6.666666666666667
-175.6851217297575 146.54992359445299 6.666666666666667
-117.78664502240618 146.54992359445299 6.666666666666667
-94.558037929280644 146.54992359445299 6.666666666666667
-85.238825781195004 146.54992359445299 6.666666666666667
-81.5 146.54992359445299 6.666666666666667
-80 146.54992359445299 6.666666666666667
-77.259663170406327 146.54992359445299 6.666666666666667
-69.455844122715718 146.54992359445299 6.666666666666667
-57.776603565143226 146.54992359445299 6.666666666666667
-43.999999999999993 146.54992359445299 6.666666666666667
-30.223396434856767 146.54992359445299 6.666666666666667
-18.54415587728429 146.54992359445299 6.666666666666667
-10.740336829593677 146.54992359445299 6.666666666666667
-8 146.54992359445299 6.666666666666667
-6.5 146.54992359445299 6.666666666666667
-5 146.54992359445299 6.666666666666667
-2.5 146.54992359445299 6.666666666666667
0 146.54992359445299 6.666666666666667
2.5 146.54992359445299 6.666666666666667
5 146.54992359445299 6.666666666666667
6.5 146.54992359445299 6.666666666666667
8 146.54992359445299 6.666666666666667
10.740336829593677 146.54992359445299 6.666666666666667
18.54415587728429 146.54992359445299 6.666666666666667
30.223396434856767 146.54992359445299 6.666666666666667
43.999999999999993 146.54992359445299 6.666666666666667
57.776603565143226 146.54992359445299 6.666666666666667
69.455844122715718 146.54992359445299 6.666666666666667
77.259663170406327 146.54992359445299 6.666666666666667
80 146.54992359445299 6.666666666666667
81.5 146.54992359445299 6.666666666666667
85.238825781195004 146.54992359445299 6.666666666666667
94.558037929280644 146.54992359445299 6.666666666666667
117.78664502240618 146.54992359445299 6.666666666666667
175.6851217297575 146.54992359445299 6.666666666666667
320 146.54992359445299 6.666666666666667
-320 216.79794182040541 6.666666666666667
-175.6851217297575 216.79794182040541 6.666666666666667
-117.78664502240618 216.79794182040541 6.666666666666667
-94.558037929280644 216.79794182040541 6.666666666666667
-85.238825781195004 216.79794182040541 6.666666666666667
-81.5 216.79794182040541 6.666666666666667
-80 216.79794182040541 6.666666666666667
-77.259663170406327 216.79794182040541 6.666666666666667
-69.455844122715718 216.79794182040541 6.666666666666667
-57.776603565143226 216.79794182040541 6.666666666666667
-43.999999999999993 216.79794182040541 6.666666666666667
-30.223396434856767 216.79794182040541 6.666666666666667
-18.54415587728429 216.79794182040541 6.666666666666667
-10.740336829593677 216.79794182040541 6.666666666666667
-8 216.79794182040541 6.666666666666667
-6.5 216.79794182040541 6.666666666666667
-5 216.79794182040541 6.666666666666667
-2.5 216.79794182040541 6.666666666666667
0 216.79794182040541 6.666666666666667
2.5 216.79794182040541 6.666666666666667
5 216.79794182040541 6.666666666666667
6.5 216.79794182040541 6.666666666666667
8 216.79794182040541 6.666666666666667
10.740336829593677 216.79794182040541 6.666666666666667
18.54415587728429 216.79794182040541 6.666666666666667
30.223396434856767 216.79794182040541 6.666666666666667
43.999999999999993 216.79794182040541 6.666666666666667
57.776603565143226 216.79794182040541 6.666666666666667
69.455844122715718 216.79794182040541 6.666666666666667
77.259663170406327 216.79794182040541 6.666666666666667
80 216.79794182040541 6.666666666666667
81.5 216.79794182040541 6.666666666666667
85.238825781195004 216.79794182040541 6.666666666666667
94.558037929280644 216.79794182040541 6.666666666666667
117.78664502240618 216.79794182040541 6.666666666666667
175.6851217297575 216.79794182040541 6.666666666666667
320 216.79794182040541 6.666666666666667
-320 320 6.666666666666667
-175.6851217297575 320 6.666666666666667
-117.78664502240618 320 6.666666666666667
-94.558037929280644 320 6.666666666666667
-85.238825781195004 320 6.666666666666667
-81.5 320 6.666666666666667
-80 320 6.666666666666667
-77.259663170406327 320 6.666666666666667
-69.455844122715718 320 6.666666666666667
-57.776603565143226 320 6.666666666666667
-43.999999999999993 320 6.666666666666667
-30.223396434856767 320 6.666666666666667
-18.54415587728429 320 6.666666666666667
-10.740336829593677 320 6.666666666666667
-8 320 6.666666666666667
-6.5 320 6.666666666666667
-5 320 6.666666666666667
-2.5 320 6.666666666666667
0 320 6.666666666666667
2.5 320 6.666666666666667
5 320 6.666666666666667
6.5 320 6.666666666666667
8 320 6.666666666666667
10.740336829593677 320 6.666666666666667
18.54415587728429 320 6.666666666666667
30.223396434856767 320 6.666666666666667
43.999999999999993 320 6.666666666666667
57.776603565143226 320 6.666666666666667
69.455844122715718 320 6.666666666666667
77.259663170406327 320 6.666666666666667
80 320 6.666666666666667
81.5 320 6.666666666666667
85.238825781195004 320 6.666666666666667
94.558037929280644 320 6.666666666666667
117.78664502240618 320 6.666666666666667
175.6851217297575 320 6.666666666666667
320 320 6.666666666666667
-320 -320 10
-175.6851217297575 -320 10
-117.78664502240618 -320 10
-94.558037929280644 -320 10
-85.238825781195004 -320 10
-81.5 -320 10
-80 -320 10
-77.259663170406327 -320 10
-69.455844122715718 -320 10
-57.776603565143226 -320 10
-43.999999999999993 -320 10
-30.223396434856767 -320 10
-18.54415587728429 -320 10
-10.740336829593677 -320 10
-8 -320 10
-6.5 -320 10
-5 -320 10
-2.5 -320 10
0 -320 10
2.5 -320 10
5 -320 10
6.5 -320 10
8 -320 10
10.740336829593677 -320 10
18.54415587728429 -320 10
30.223396434856767 -320 10
43.999999999999993 -320 10
57.776603565143226 -320 10
69.455844122715718 -320 10
77.259663170406327 -320 10
80 -320 10
81.5 -320 10
85.238825781195004 -320 10
94.558037929280644 -320 10
117.78664502240618 -320 10
175.6851217297575 -320 10
320 -320 10
-320 -216.79794182040541 10
-175.6851217297575 -216.79794182040541 10
-117.78664502240618 -216.79794182040541 10
-94.558037929280644 -216.79794182040541 10
-85.238825781195004 -216.79794182040541 10
-81.5 -216.79794182040541 10
-80 -216.79794182040541 10
-77.259663170406327 -216.79794182040541 10
-69.455844122715718 -216.79794182040541 10
-57.776603565143226 -216.79794182040541 10
-43.999999999999993 -216.79794182040541 10
-30.223396434856767 -216.79794182040541 10
-18.54415587728429 -216.79794182040541 10
-10.740336829593677 -216.79794182040541 10
-8 -216.79794182040541 10
-6.5 -216.79794182040541 10
-5 -216.79794182040541 10
-2.5 -216.79794182040541 10
0 -216.79794182040541 10
2.5 -216.79794182040541 10
5 -216.79794182040541 10
6.5 -216.79794182040541 10
8 -216.79794182040541 10
10.740336829593677 -216.79794182040541 10
18.54415587728429 -216.79794182040541 10
30.223396434856767 -216.79794182040541 10
43.999999999999993 -216.79794182040541 10
57.776603565143226 -216.79794182040541 10
69.455844122715718 -216.79794182040541 10
77.259663170406327 -216.79794182040541 10
80 -216.79794182040541 10
81.5 -216.79794182040541 10
85.238825781195004 -216.79794182040541 10
94.558037929280644 -216.79794182040541 10
117.78664502240618 -216.79794182040541 10
175.6851217297575 -216.79794182040541 10
320 -216.79794182040541 10
-320 -146.54992359445299 10
-175.6851217297575 -146.54992359445299 10
-117.78664502240618 -146.54992359445299 10
-94.558037929280644 -146.54992359445299 10
-85.238825781195004 -146.54992359445299 10
-81.5 -146.54992359445299 10
-80 -146.54992359445299 10
-77.259663170406327 -146.54992359445299 10
-69.455844122715718 -146.54992359445299 10
-57.776603565143226 -146.54992359445299 10
-43.999999999999993 -146.54992359445299 10
-30.223396434856767 -146.54992359445299 10
-18.54415587728429 -146.54992359445299 10
-10.740336829593677 -146.54992359445299 10
-8 -146.54992359445299 10
-6.5 -146.54992359445299 10
-5 -146.54992359445299 10
-2.5 -146.54992359445299 10
0 -146.54992359445299 10
2.5 -146.54992359445299 10
5 -146.54992359445299 10
6.5 -146.54992359445299 10
8 -146.54992359445299 10
10.740336829593677 -146.54992359445299 10
18.54415587728429 -146.54992359445299 10
30.223396434856767 -146.54992359445299 10
43.999999999999993 -146.54992359445299 10
57.776603565143226 -146.54992359445299 10
69.455844122715718 -146.54992359445299 10
77.259663170406327 -146.54992359445299 10
80 -146.54992359445299 10
81.5 -146.54992359445299 10
85.238825781195004 -146.54992359445299 10
94.558037929280644 -146.54992359445299 10
117.78664502240618 -146.54992359445299 10
175.6851217297575 -146.54992359445299 10
320 -146.54992359445299 10
-320 -98.73320218676443 10
-175.6851217297575 -98.73320218676443 10
-117.78664502240618 -98.73320218676443 10
-94.558037929280644 -98.73320218676443 10
-85.238825781195004 -98.73320218676443 10
-81.5 -98.73320218676443 10
-80 -98.73320218676443 10
-77.259663170406327 -98.73320218676443 10
-69.455844122715718 -98.73320218676443 10
-57.776603565143226 -98.73320218676443 10
-43.999999999999993 -98.73320218676443 10
-30.223396434856767 -98.73320218676443 10
-18.54415587728429 -98.73320218676443 10
-10.740336829593677 -98.73320218676443 10
-8 -98.73320218676443 10
-6.5 -98.73320218676443 10
-5 -98.73320218676443 10
-2.5 -98.73320218676443 10
0 -98.73320218676443 10
2.5 -98.73320218676443 10
5 -98.73320218676443 10
6.5 -98.73320218676443 10
8 -98.73320218676443 10
10.740336829593677 -98.73320218676443 10
18.54415587728429 -98.73320218676443 10
30.223396434856767 -98.73320218676443 10
43.999999999999993 -98.73320218676443 10
57.776603565143226 -98.73320218676443 10
69.455844122715718 -98.73320218676443 10
77.259663170406327 -98.73320218676443 10
80 -98.73320218676443 10
81.5 -98.73320218676443 10
85.238825781195004 -98.73320218676443 10
94.558037929280644 -98.73320218676443 10
117.78664502240618 -98.73320218676443 10
175.6851217297575 -98.73320218676443 10
320 -98.73320218676443 10
-320 -66.185111807528642 10
-175.6851217297575 -66.185111807528642 10
-117.78664502240618 -66.185111807528642 10
-94.558037929280644 -66.185111807528642 10
-85.238825781195004 -66.185111807528642 10
-81.5 -66.185111807528642 10
-80 -66.185111807528642 10
-77.259663170406327 -66.185111807528642 10
-69.455844122715718 -66.185111807528642 10
-57.776603565143226 -66.185111807528642 10
-43.999999999999993 -66.185111807528642 10
-30.223396434856767 -66.185111807528642 10
-18.54415587728429 -66.185111807528642 10
-10.740336829593677 -66.185111807528642 10
-8 -66.185111807528642 10
-6.5 -66.185111807528642 10
-5 -66.185111807528642 10
-2.5 -66.185111807528642 10
0 -66.185111807528642 10
2.5 -66.185111807528642 10
5 -66.185111807528642 10
6.5 -66.185111807528642 10
8 -66.185111807528642 10
10.740336829593677 -66.185111807528642 10
18.54415587728429 -66.185111807528642 10
30.223396434856767 -66.185111807528642 10
43.999999999999993 -66.185111807528642 10
57.776603565143226 -66.185111807528642 10
69.455844122715718 -66.185111807528642 10
77.259663170406327 -66.185111807528642 10
80 -66.185111807528642 10
81.5 -66.185111807528642 10
85.238825781195004 -66.185111807528642 10
94.558037929280644 -66.185111807528642 10
117.78664502240618 -66.185111807528642 10
175.6851217297575 -66.185111807528642 10
320 -66.185111807528642 10
-320 -44.030138481303027 10
-175.6851217297575 -44.030138481303027 10
-117.78664502240618 -44.030138481303027 10
-94.558037929280644 -44.030138481303027 10
-85.238825781195004 -44.030138481303027 10
-81.5 -44.030138481303027 10
-80 -44.030138481303027 10
-77.259663170406327 -44.030138481303027 10
-69.455844122715718 -44.030138481303027 10
-57.776603565143226 -44.030138481303027 10
-43.999999999999993 -44.030138481303027 10
-30.223396434856767 -44.030138481303027 10
-18.54415587728429 -44.030138481303027 10
-10.740336829593677 -44.030138481303027 10
-8 -44.030138481303027 10
-6.5 -44.030138481303027 10
-5 -44.030138481303027 10
-2.5 -44.030138481303027 10
0 -44.030138481303027 10
2.5 -44.030138481303027 10
5 -44.030138481303027 10
6.5 -44.030138481303027 10
8 -44.030138481303027 10
10.740336829593677 -44.030138481303027 10
18.54415587728429 -44.030138481303027 10
30.223396434856767 -44.030138481303027 10
43.999999999999993 -44.030138481303027 10
57.776603565143226 -44.030138481303027 10
69.455844122715718 -44.030138481303027 10
77.259663170406327 -44.030138481303027 10
80 -44.030138481303027 10
81.5 -44.030138481303027 10
85.238825781195004 -44.030138481303027 10
94.558037929280644 -44.030138481303027 10
117.78664502240618 -44.030138481303027 10
175.6851217297575 -44.030138481303027 10
320 -44.030138481303027 10
-320 -28.949596508895819 10
-175.6851217297575 -28.949596508895819 10
-117.78664502240618 -28.949596508895819 10
-94.558037929280644 -28.949596508895819 10
-85.238825781195004 -28.949596508895819 10
-81.5 -28.949596508895819 10
-80 -28.949596508895819 10
-77.259663170406327 -28.949596508895819 10
-69.455844122715718 -28.949596508895819 10
-57.776603565143226 -28.949596508895819 10
-43.999999999999993 -28.949596508895819 10
-30.223396434856767 -28.949596508895819 10
-18.54415587728429 -28.949596508895819 10
-10.740336829593677 -28.949596508895819 10
-8 -28.949596508895819 10
-6.5 -28.949596508895819 10
-5 -28.949596508895819 10
-2.5 -28.949596508895819 10
0 -28.949596508895819 10
2.5 -28.949596508895819 10
5 -28.949596508895819 10
6.5 -28.949596508895819 10
8 -28.949596508895819 10
10.740336829593677 -28.949596508895819 10
18.54415587728429 -28.949596508895819 10
30.223396434856767 -28.949596508895819 10
43.999999999999993 -28.949596508895819 10
57.776603565143226 -28.949596508895819 10
69.455844122715718 -28.949596508895819 10
77.259663170406327 -28.949596508895819 10
80 -28.949596508895819 10
81.5 -28.949596508895819 10
85.238825781195004 -28.949596508895819 10
94.558037929280644 -28.949596508895819 10
117.78664502240618 -28.949596508895819 10
175.6851217297575 -28.949596508895819 10
320 -28.949596508895819 10
-320 -18.684508718772996 10
-175.6851217297575 -18.684508718772996 10
-117.78664502240618 -18.684508718772996 10
-94.558037929280644 -18.684508718772996 10
-85.238825781195004 -18.684508718772996 10
-81.5 -18.684508718772996 10
-80 -18.684508718772996 10
-77.259663170406327 -18.684508718772996 10
-69.455844122715718 -18.684508718772996 10
-57.776603565143226 -18.684508718772996 10
-43.999999999999993 -18.684508718772996 10
-30.223396434856767 -18.684508718772996 10
-18.54415587728429 -18.684508718772996 10
-10.740336829593677 -18.684508718772996 10
-8 -18.684508718772996 10
-6.5 -18.684508718772996 10
-5 -18.684508718772996 10
-2.5 -18.684508718772996 10
0 -18.684508718772996 10
2.5 -18.684508718772996 10
5 -18.684508718772996 10
6.5 -18.684508718772996 10
8 -18.684508718772996 10
10.740336829593677 -18.684508718772996 10
18.54415587728429 -18.684508718772996 10
30.223396434856767 -18.684508718772996 10
43.999999999999993 -18.684508718772996 10
57.776603565143226 -18.684508718772996 10
69.455844122715718 -18.684508718772996 10
77.259663170406327 -18.684508718772996 10
80 -18.684508718772996 10
81.5 -18.684508718772996 10
85.238825781195004 -18.684508718772996 10
94.558037929280644 -18.684508718772996 10
117.78664502240618 -18.684508718772996 10
175.6851217297575 -18.684508718772996 10
320 -18.684508718772996 10
-320 -11.69722487103547 10
-175.6851217297575 -11.69722487103547 10
-117.78664502240618 -11.69722487103547 10
-94.558037929280644 -11.69722487103547 10
-85.238825781195004 -11.69722487103547 10
-81.5 -11.69722487103547 10
-80 -11.69722487103547 10
-77.259663170406327 -11.69722487103547 10
-69.455844122715718 -11.69722487103547 10
-57.776603565143226 -11.69722487103547 10
-43.999999999999993 -11.69722487103547 10
-30.223396434856767 -11.69722487103547 10
-18.54415587728429 -11.69722487103547 10
-10.740336829593677 -11.69722487103547 10
-8 -11.69722487103547 10
-6.5 -11.69722487103547 10
-5 -11.69722487103547 10
-2.5 -11.69722487103547 10
0 -11.69722487103547 10
2.5 -11.69722487103547 10
5 -11.69722487103547 10
6.5 -11.69722487103547 10
8 -11.69722487103547 10
10.740336829593677 -11.69722487103547 10
18.54415587728429 -11.69722487103547 10
30.223396434856767 -11.69722487103547 10
43.999999999999993 -11.69722487103547 10
57.776603565143226 -11.69722487103547 10
69.455844122715718 -11.69722487103547 10
77.259663170406327 -11.69722487103547 10
80 -11.69722487103547 10
81.5 -11.69722487103547 10
85.238825781195004 -11.69722487103547 10
94.558037929280644 -11.69722487103547 10
117.78664502240618 -11.69722487103547 10
175.6851217297575 -11.69722487103547 10
320 -11.69722487103547 10
-320 -6.9410906258095402 10
-175.6851217297575 -6.9410906258095402 10
-117.78664502240618 -6.9410906258095402 10
-94.558037929280644 -6.9410906258095402 10
-85.238825781195004 -6.9410906258095402 10
-81.5 -6.9410906258095402 10
-80 -6.9410906258095402 10
-77.259663170406327 -6.9410906258095402 10
-69.455844122715718 -6.9410906258095402 10
-57.776603565143226 -6.9410906258095402 10
-43.999999999999993 -6.9410906258095402 10
-30.223396434856767 -6.9410906258095402 10
-18.54415587728429 -6.9410906258095402 10
-10.740336829593677 -6.9410906258095402 10
-8 -6.9410906258095402 10
-6.5 -6.9410906258095402 10
-5 -6.9410906258095402 10
-2.5 -6.9410906258095402 10
0 -6.9410906258095402 10
2.5 -6.9410906258095402 10
5 -6.9410906258095402 10
6.5 -6.9410906258095402 10
8 -6.9410906258095402 10
10.740336829593677 -6.9410906258095402 10
18.54415587728429 -6.9410906258095402 10
30.223396434856767 -6.9410906258095402 10
43.999999999999993 -6.9410906258095402 10
57.776603565143226 -6.9410906258095402 10
69.455844122715718 -6.9410906258095402 10
77.259663170406327 -6.9410906258095402 10
80 -6.9410906258095402 10
81.5 -6.9410906258095402 10
85.238825781195004 -6.9410906258095402 10
94.558037929280644 -6.9410906258095402 10
117.78664502240618 -6.9410906258095402 10
175.6851217297575 -6.9410906258095402 10
320 -6.9410906258095402 10
-320 -3.7036648318172993 10
-175.6851217297575 -3.7036648318172993 10
-117.78664502240618 -3.7036648318172993 10
-94.558037929280644 -3.7036648318172993 10
-85.238825781195004 -3.7036648318172993 10
-81.5 -3.7036648318172993 10
-80 -3.7036648318172993 10
-77.259663170406327 -3.7036648318172993 10
-69.455844122715718 -3.7036648318172993 10
-57.776603565143226 -3.7036648318172993 10
-43.999999999999993 -3.7036648318172993 10
-30.223396434856767 -3.7036648318172993 10
-18.54415587728429 -3.7036648318172993 10
-10.740336829593677 -3.7036648318172993 10
-8 -3.7036648318172993 10
-6.5 -3.7036648318172993 10
-5 -3.7036648318172993 10
-2.5 -3.7036648318172993 10
0 -3.7036648318172993 10
2.5 -3.7036648318172993 10
5 -3.7036648318172993 10
6.5 -3.7036648318172993 10
8 -3.7036648318172993 10
10.740336829593677 -3.7036648318172993 10
18.54415587728429 -3.7036648318172993 10
30.223396434856767 -3.7036648318172993 10
43.999999999999993 -3.7036648318172993 10
57.776603565143226 -3.7036648318172993 10
69.455844122715718 -3.7036648318172993 10
77.259663170406327 -3.7036648318172993 10
80 -3.7036648318172993 10
81.5 -3.7036648318172993 10
85.238825781195004 -3.7036648318172993 10
94.558037929280644 -3.7036648318172993 10
117.78664502240618 -3.7036648318172993 10
175.6851217297575 -3.7036648318172993 10
320 -3.7036648318172993 10
-320 -1.5000000000000007 10
-175.6851217297575 -1.5000000000000007 10
-117.78664502240618 -1.5000000000000007 10
-94.558037929280644 -1.5000000000000007 10
-85.238825781195004 -1.5000000000000007 10
-81.5 -1.5000000000000007 10
-80 -1.5000000000000007 10
-77.259663170406327 -1.5000000000000007 10
-69.455844122715718 -1.5000000000000007 10
-57.776603565143226 -1.5000000000000007 10
-43.999999999999993 -1.5000000000000007 10
-30.223396434856767 -1.5000000000000007 10
-18.54415587728429 -1.5000000000000007 10
-10.740336829593677 -1.5000000000000007 10
-8 -1.5000000000000007 10
-6.5 -1.5000000000000007 10
-5 -1.5000000000000007 10
-2.5 -1.5000000000000007 10
0 -1.5000000000000007 10
2.5 -1.5000000000000007 10
5 -1.5000000000000007 10
6.5 -1.5000000000000007 10
8 -1.5000000000000007 10
10.740336829593677 -1.5000000000000007 10
18.54415587728429 -1.5000000000000007 10
30.223396434856767 -1.5000000000000007 10
43.999999999999993 -1.5000000000000007 10
57.776603565143226 -1.5000000000000007 10
69.455844122715718 -1.5000000000000007 10
77.259663170406327 -1.5000000000000007 10
80 -1.5000000000000007 10
81.5 -1.5000000000000007 10
85.238825781195004 -1.5000000000000007 10
94.558037929280644 -1.5000000000000007 10
117.78664502240618 -1.5000000000000007 10
175.6851217297575 -1.5000000000000007 10
320 -1.5000000000000007 10
-320 0 10
-175.6851217297575 0 10
-117.78664502240618 0 10
-94.558037929280644 0 10
-85.238825781195004 0 10
-81.5 0 10
-80 0 10
-77.259663170406327 0 10
-69.455844122715718 0 10
-57.776603565143226 0 10
-43.999999999999993 0 10
-30.223396434856767 0 10
-18.54415587728429 0 10
-10.740336829593677 0 10
-8 0 10
-6.5 0 10
-5 0 10
-2.5 0 10
0 0 10
2.5 0 10
5 0 10
6.5 0 10
8 0 10
10.740336829593677 0 10
18.54415587728429 0 10
30.223396434856767 0 10
43.999999999999993 0 10
57.776603565143226 0 10
69.455844122715718 0 10
77.259663170406327 0 10
80 0 10
81.5 0 10
85.238825781195004 0 10
94.558037929280644 0 10
117.78664502240618 0 10
175.6851217297575 0 10
320 0 10
-320 1.5000000000000007 10
-175.6851217297575 1.5000000000000007 10
-117.78664502240618 1.5000000000000007 10
-94.558037929280644 1.5000000000000007 10
-85.238825781195004 1.5000000000000007 10
-81.5 1.5000000000000007 10
-80 1.5000000000000007 10
-77.259663170406327 1.5000000000000007 10
-69.455844122715718 1.5000000000000007 10
-57.776603565143226 1.5000000000000007 10
-43.999999999999993 1.5000000000000007 10
-30.223396434856767 1.5000000000000007 10
-18.54415587728429 1.5000000000000007 10
-10.740336829593677 1.5000000000000007 10
-8 1.5000000000000007 10
-6.5 1.5000000000000007 10
-5 1.5000000000000007 10
-2.5 1.5000000000000007 10
0 1.5000000000000007 10
2.5 1.5000000000000007 10
5 1.5000000000000007 10
6.5 1.5000000000000007 10
8 1.5000000000000007 10
10.740336829593677 1.5000000000000007 10
18.54415587728429 1.5000000000000007 10
30.223396434856767 1.5000000000000007 10
43.999999999999993 1.5000000000000007 10
57.776603565143226 1.5000000000000007 10
69.455844122715718 1.5000000000000007 10
77.259663170406327 1.5000000000000007 10
80 1.5000000000000007 10
81.5 1.5000000000000007 10
85.238825781195004 1.5000000000000007 10
94.558037929280644 1.5000000000000007 10
117.78664502240618 1.5000000000000007 10
175.6851217297575 1.5000000000000007 10
320 1.5000000000000007 10
-320 3.7036648318172993 10
-175.6851217297575 3.7036648318172993 10
-117.78664502240618 3.7036648318172993 10
-94.558037929280644 3.7036648318172993 10
-85.238825781195004 3.7036648318172993 10
-81.5 3.7036648318172993 10
-80 3.7036648318172993 10
-77.259663170406327 3.7036648318172993 10
-69.455844122715718 3.7036648318172993 10
-57.776603565143226 3.7036648318172993 10
-43.999999999999993 3.7036648318172993 10
-30.223396434856767 3.7036648318172993 10
-18.54415587728429 3.7036648318172993 10
-10.740336829593677 3.7036648318172993 10
-8 3.7036648318172993 10
-6.5 3.7036648318172993 10
-5 3.7036648318172993 10
-2.5 3.7036648318172993 10
0 3.7036648318172993 10
2.5 3.7036648318172993 10
5 3.7036648318172993 10
6.5 3.7036648318172993 10
8 3.7036648318172993 10
10.740336829593677 3.7036648318172993 10
18.54415587728429 3.7036648318172993 10
30.223396434856767 3.7036648318172993 10
43.999999999999993 3.7036648318172993 10
57.776603565143226 3.7036648318172993 10
69.455844122715718 3.7036648318172993 10
77.259663170406327 3.7036648318172993 10
80 3.7036648318172993 10
81.5 3.7036648318172993 10
85.238825781195004 3.7036648318172993 10
94.558037929280644 3.7036648318172993 10
117.78664502240618 3.7036648318172993 10
175.6851217297575 3.7036648318172993 10
320 3.7036648318172993 10
-320 6.9410906258095402 10
-175.6851217297575 6.9410906258095402 10
-117.78664502240618 6.9410906258095402 10
-94.558037929280644 6.9410906258095402 10
-85.238825781195004 6.9410906258095402 10
-81.5 6.9410906258095402 10
-80 6.9410906258095402 10
-77.259663170406327 6.9410906258095402 10
-69.455844122715718 6.9410906258095402 10
-57.776603565143226 6.9410906258095402 10
-43.999999999999993 6.9410906258095402 10
-30.223396434856767 6.9410906258095402 10
-18.54415587728429 6.9410906258095402 10
-10.740336829593677 6.9410906258095402 10
-8 6.9410906258095402 10
-6.5 6.9410906258095402 10
-5 6.9410906258095402 10
-2.5 6.9410906258095402 10
0 6.9410906258095402 10
2.5 6.9410906258095402 10
5 6.9410906258095402 10
6.5 6.9410906258095402 10
8 6.9410906258095402 10
10.740336829593677 6.9410906258095402 10
18.54415587728429 6.9410906258095402 10
30.223396434856767 6.9410906258095402 10
43.999999999999993 6.9410906258095402 10
57.776603565143226 6.9410906258095402 10
69.455844122715718 6.9410906258095402 10
77.259663170406327 6.9410906258095402 10
80 6.9410906258095402 10
81.5 6.9410906258095402 10
85.238825781195004 6.9410906258095402 10
94.558037929280644 6.9410906258095402 10
117.78664502240618 6.9410906258095402 10
175.6851217297575 6.9410906258095402 10
320 6.9410906258095402 10
-320 11.69722487103547 10
-175.6851217297575 11.69722487103547 10
-117.78664502240618 11.69722487103547 10
-94.558037929280644 11.69722487103547 10
-85.238825781195004 11.69722487103547 10
-81.5 11.69722487103547 10
-80 11.69722487103547 10
-77.259663170406327 11.69722487103547 10
-69.455844122715718 11.69722487103547 10
-57.776603565143226 11.69722487103547 10
-43.999999999999993 11.69722487103547 10
-30.223396434856767 11.69722487103547 10
-18.54415587728429 11.69722487103547 10
-10.740336829593677 11.69722487103547 10
-8 11.69722487103547 10
-6.5 11.69722487103547 10
-5 11.69722487103547 10
-2.5 11.69722487103547 10
0 11.69722487103547 10
2.5 11.69722487103547 10
5 11.69722487103547 10
6.5 11.69722487103547 10
8 11.69722487103547 10
10.740336829593677 11.69722487103547 10
18.54415587728429 11.69722487103547 10
30.223396434856767 11.69722487103547 10
43.999999999999993 11.69722487103547 10
57.776603565143226 11.69722487103547 10
69.455844122715718 11.69722487103547 10
77.259663170406327 11.69722487103547 10
80 11.69722487103547 10
81.5 11.69722487103547 10
85.238825781195004 11.69722487103547 10
94.558037929280644 11.69722487103547 10
117.78664502240618 11.69722487103547 10
175.6851217297575 11.69722487103547 10
320 11.69722487103547 10
-320 18.684508718772996 10
-175.6851217297575 18.684508718772996 10
-117.78664502240618 18.684508718772996 10
-94.558037929280644 18.684508718772996 10
-85.238825781195004 18.684508718772996 10
-81.5 18.684508718772996 10
-80 18.684508718772996 10
-77.259663170406327 18.684508718772996 10
-69.455844122715718 18.684508718772996 10
-57.776603565143226 18.684508718772996 10
-43.999999999999993 18.684508718772996 10
-30.223396434856767 18.684508718772996 10
-18.54415587728429 18.684508718772996 10
-10.740336829593677 18.684508718772996 10
-8 18.684508718772996 10
-6.5 18.684508718772996 10
-5 18.684508718772996 10
-2.5 18.684508718772996 10
0 18.684508718772996 10
2.5 18.684508718772996 10
5 18.684508718772996 10
6.5 18.684508718772996 10
8 18.684508718772996 10
10.740336829593677 18.684508718772996 10
18.54415587728429 18.684508718772996 10
30.223396434856767 18.684508718772996 10
43.999999999999993 18.684508718772996 10
57.776603565143226 18.684508718772996 10
69.455844122715718 18.684508718772996 10
77.259663170406327 18.684508718772996 10
80 18.684508718772996 10
81.5 18.684508718772996 10
85.238825781195004 18.684508718772996 10
94.558037929280644 18.684508718772996 10
117.78664502240618 18.684508718772996 10
175.6851217297575 18.684508718772996 10
320 18.684508718772996 10
-320 28.949596508895819 10
-175.6851217297575 28.949596508895819 10
-117.78664502240618 28.949596508895819 10
-94.558037929280644 28.949596508895819 10
-85.238825781195004 28.949596508895819 10
-81.5 28.949596508895819 10
-80 28.949596508895819 10
-77.259663170406327 28.949596508895819 10
-69.455844122715718 28.949596508895819 10
-57.776603565143226 28.949596508895819 10
-43.999999999999993 28.949596508895819 10
-30.223396434856767 28.949596508895819 10
-18.54415587728429 28.949596508895819 10
-10.740336829593677 28.949596508895819 10
-8 28.949596508895819 10
-6.5 28.949596508895819 10
-5 28.949596508895819 10
-2.5 28.949596508895819 10
0 28.949596508895819 10
2.5 28.949596508895819 10
5 28.949596508895819 10
6.5 28.949596508895819 10
8 28.949596508895819 10
10.740336829593677 28.949596508895819 10
18.54415587728429 28.949596508895819 10
30.223396434856767 28.949596508895819 10
43.999999999999993 28.949596508895819 10
57.776603565143226 28.949596508895819 10
69.455844122715718 28.949596508895819 10
77.259663170406327 28.949596508895819 10
80 28.949596508895819 10
81.5 28.949596508895819 10
85.238825781195004 28.949596508895819 10
94.558037929280644 28.949596508895819 10
117.78664502240618 28.949596508895819 10
175.6851217297575 28.949596508895819 10
320 28.949596508895819 10
-320 44.030138481303027 10
-175.6851217297575 44.030138481303027 10
-117.78664502240618 44.030138481303027 10
-94.558037929280644 44.030138481303027 10
-85.238825781195004 44.030138481303027 10
-81.5 44.030138481303027 10
-80 44.030138481303027 10
-77.259663170406327 44.030138481303027 10
-69.455844122715718 44.030138481303027 10
-57.776603565143226 44.030138481303027 10
-43.999999999999993 44.030138481303027 10
-30.223396434856767 44.030138481303027 10
-18.54415587728429 44.030138481303027 10
-10.740336829593677 44.030138481303027 10
-8 44.030138481303027 10
-6.5 44.030138481303027 10
-5 44.030138481303027 10
-2.5 44.030138481303027 10
0 44.030138481303027 10
2.5 44.030138481303027 10
5 44.030138481303027 10
6.5 44.030138481303027 10
8 44.030138481303027 10
10.740336829593677 44.030138481303027 10
18.54415587728429 44.030138481303027 10
30.223396434856767 44.030138481303027 10
43.999999999999993 44.030138481303027 10
57.776603565143226 44.030138481303027 10
69.455844122715718 44.030138481303027 10
77.259663170406327 44.030138481303027 10
80 44.030138481303027 10
81.5 44.030138481303027 10
85.238825781195004 44.030138481303027 10
94.558037929280644 44.030138481303027 10
117.78664502240618 44.030138481303027 10
175.6851217297575 44.030138481303027 10
320 44.030138481303027 10
-320 66.185111807528642 10
-175.6851217297575 66.185111807528642 10
-117.78664502240618 66.185111807528642 10
-94.558037929280644 66.185111807528642 10
-85.238825781195004 66.185111807528642 10
-81.5 66.185111807528642 10
-80 66.185111807528642 10
-77.259663170406327 66.185111807528642 10
-69.455844122715718 66.185111807528642 10
-57.776603565143226 66.185111807528642 10
-43.999999999999993 66.185111807528642 10
-30.223396434856767 66.185111807528642 10
-18.54415587728429 66.185111807528642 10
-10.740336829593677 66.185111807528642 10
-8 66.185111807528642 10
-6.5 66.185111807528642 10
-5 66.185111807528642 10
-2.5 66.185111807528642 10
0 66.185111807528642 10
2.5 66.185111807528642 10
5 66.185111807528642 10
6.5 66.185111807528642 10
8 66.185111807528642 10
10.740336829593677 66.185111807528642 10
18.54415587728429 66.185111807528642 10
30.223396434856767 66.185111807528642 10
43.999999999999993 66.185111807528642 10
57.776603565143226 66.185111807528642 10
69.455844122715718 66.185111807528642 10
77.259663170406327 66.185111807528642 10
80 66.185111807528642 10
81.5 66.185111807528642 10
85.238825781195004 66.185111807528642 10
94.558037929280644 66.185111807528642 10
117.78664502240618 66.185111807528642 10
175.6851217297575 66.185111807528642 10
320 66.185111807528642 10
-320 98.73320218676443 10
-175.6851217297575 98.73320218676443 10
-117.78664502240618 98.73320218676443 10
-94.558037929280644 98.73320218676443 10
-85.238825781195004 98.73320218676443 10
-81.5 98.73320218676443 10
-80 98.73320218676443 10
-77.259663170406327 98.73320218676443 10
-69.455844122715718 98.73320218676443 10
-57.776603565143226 98.73320218676443 10
-43.999999999999993 98.73320218676443 10
-30.223396434856767 98.73320218676443 10
-18.54415587728429 98.73320218676443 10
-10.740336829593677 98.73320218676443 10
-8 98.73320218676443 10
-6.5 98.73320218676443 10
-5 98.73320218676443 10
-2.5 98.73320218676443 10
0 98.73320218676443 10
2.5 98.73320218676443 10
5 98.73320218676443 10
6.5 98.73320218676443 10
8 98.73320218676443 10
10.740336829593677 98.73320218676443 10
18.54415587728429 98.73320218676443 10
30.223396434856767 98.73320218676443 10
43.999999999999993 98.73320218676443 10
57.776603565143226 98.73320218676443 10
69.455844122715718 98.73320218676443 10
77.259663170406327 98.73320218676443 10
80 98.73320218676443 10
81.5 98.73320218676443 10
85.238825781195004 98.73320218676443 10
94.558037929280644 98.73320218676443 10
117.78664502240618 98.73320218676443 10
175.6851217297575 98.73320218676443 10
320 98.73320218676443 10
-320 146.54992359445299 10
-175.6851217297575 146.54992359445299 10
-117.78664502240618 146.54992359445299 10
-94.558037929280644 146.54992359445299 10
-85.238825781195004 146.54992359445299 10
-81.5 146.54992359445299 10
-80 146.54992359445299 10
-77.259663170406327 146.54992359445299 10
-69.455844122715718 146.54992359445299 10
-57.776603565143226 146.54992359445299 10
-43.999999999999993 146.54992359445299 10
-30.223396434856767 146.54992359445299 10
-18.54415587728429 146.54992359445299 10
-10.740336829593677 146.54992359445299 10
-8 146.54992359445299 10
-6.5 146.54992359445299 10
-5 146.54992359445299 10
-2.5 146.54992359445299 10
0 146.54992359445299 10
2.5 146.54992359445299 10
5 146.54992359445299 10
6.5 146.54992359445299 10
8 146.54992359445299 10
10.740336829593677 146.54992359445299 10
18.54415587728429 146.54992359445299 10
30.223396434856767 146.54992359445299 10
43.999999999999993 146.54992359445299 10
57.776603565143226 146.54992359445299 10
69.455844122715718 146.54992359445299 10
77.259663170406327 146.54992359445299 10
80 146.54992359445299 10
81.5 146.54992359445299 10
85.238825781195004 146.54992359445299 10
94.558037929280644 146.54992359445299 10
117.78664502240618 146.54992359445299 10
175.6851217297575 146.54992359445299 10
320 146.54992359445299 10
-320 216.79794182040541 10
-175.6851217297575 216.79794182040541 10
-117.78664502240618 216.79794182040541 10
-94.558037929280644 216.79794182040541 10
-85.238825781195004 216.79794182040541 10
-81.5 216.79794182040541 10
-80 216.79794182040541 10
-77.259663170406327 216.79794182040541 10
-69.455844122715718 216.79794182040541 10
-57.776603565143226 216.79794182040541 10
-43.999999999999993 216.79794182040541 10
-30.223396434856767 216.79794182040541 10
-18.54415587728429 216.79794182040541 10
-10.740336829593677 216.79794182040541 10
-8 216.79794182040541 10
-6.5 216.79794182040541 10
-5 216.79794182040541 10
-2.5 216.79794182040541 10
0 216.79794182040541 10
2.5 216.79794182040541 10
5 216.79794182040541 10
6.5 216.79794182040541 10
8 216.79794182040541 10
10.740336829593677 216.79794182040541 10
18.54415587728429 216.79794182040541 10
30.223396434856767 216.79794182040541 10
43.999999999999993 216.79794182040541 10
57.776603565143226 216.79794182040541 10
69.455844122715718 216.79794182040541 10
77.259663170406327 216.79794182040541 10
80 216.79794182040541 10
81.5 216.79794182040541 10
85.238825781195004 216.79794182040541 10
94.558037929280644 216.79794182040541 10
117.78664502240618 216.79794182040541 10
175.6851217297575 216.79794182040541 10
320 216.79794182040541 10
-320 320 10
-175.6851217297575 320 10
-117.78664502240618 320 10
-94.558037929280644 320 10
-85.238825781195004 320 10
-81.5 320 10
-80 320 10
-77.259663170406327 320 10
-69.455844122715718 320 10
-57.776603565143226 320 10
-43.999999999999993 320 10
-30.223396434856767 320 10
-18.54415587728429 320 10
-10.740336829593677 320 10
-8 320 10
-6.5 320 10
-5 320 10
-2.5 320 10
0 320 10
2.5 320 10
5 320 10
6.5 320 10
8 320 10
10.740336829593677 320 10
18.54415587728429 320 10
30.223396434856767 320 10
43.999999999999993 320 10
57.776603565143226 320 10
69.455844122715718 320 10
77.259663170406327 320 10
80 320 10
81.5 320 10
85.238825781195004 320 10
94.558037929280644 320 10
117.78664502240618 320 10
175.6851217297575 320 10
320 320 10
