                       Norm,                    Minimum,                    Maximum,                       Mean
        +6.910140413454e-03,        +1.217549893451e-06,        +5.028148777008e-04,        +3.383124667734e-05
