{
  "ElapsedTime": {
    "Counts": {
      "Adaptation": 0,
      "CoarseSolve": 21,
      "Construction": 1,
      "DiskIO": 3,
      "Div.-FreeProjection": 0,
      "EigenvalueSolve": 0,
      "Estimation": 2,
      "FarFields": 0,
      "Gridfunction": 3,
      "Initialization": 2,
      "LinearSolve": 2,
      "MeshPreprocessing": 1,
      "OperatorConstruction": 1,
      "PROMConstruction": 0,
      "PROMSolve": 0,
      "Paraview": 3,
      "Postprocessing": 6,
      "Preconditioner": 21,
      "Rebalancing": 0,
      "Setup": 1,
      "Solve": 2,
      "TimeStepping": 0,
      "Total": 1,
      "WavePorts": 0
    },
    "Durations": {
      "Adaptation": 0.0,
      "CoarseSolve": 0.009291063000000004,
      "Construction": 2.418552661,
      "DiskIO": 0.37230195499999996,
      "Div.-FreeProjection": 0.0,
      "EigenvalueSolve": 0.0,
      "Estimation": 0.046615302,
      "FarFields": 0.0,
      "Gridfunction": 3.2837410780000003,
      "Initialization": 0.37086402599999996,
      "LinearSolve": 0.16038615199999998,
      "MeshPreprocessing": 0.44480246300000004,
      "OperatorConstruction": 4.8914282920000005,
      "PROMConstruction": 0.0,
      "PROMSolve": 0.0,
      "Paraview": 8.657433471000001,
      "Postprocessing": 0.15938688899999998,
      "Preconditioner": 3.8364721139999998,
      "Rebalancing": 0.0,
      "Setup": 2.344035362,
      "Solve": 2.40597324,
      "TimeStepping": 0.0,
      "Total": 29.413297717,
      "WavePorts": 0.0
    }
  },
  "GitTag": "bfe2e88",
  "LinearSolver": {
    "TotalIts": 17,
    "TotalSolves": 2
  },
  "PeakMemoryMegabytes": {
    "Average": 681.421875,
    "Max": 681.421875,
    "Min": 681.421875,
    "Total": 681.421875
  },
  "PeakNodeMemoryMegabytes": {
    "Average": 681.421875,
    "Max": 681.421875,
    "Min": 681.421875,
    "Total": 681.421875
  },
  "Problem": {
    "DegreesOfFreedom": 66328,
    "MPISize": 1,
    "MeshElements": 14362,
    "MultigridDegreesOfFreedom": [
      2536,
      19857,
      66328
    ]
  }
}
