                    Norm,                 Minimum,                 Maximum,                    Mean
        +8.849013010e-03,        +1.935743000e-06,        +5.774157910e-04,        +5.534017319e-05
