               i,           Φ_elec[1] (C),           Φ_elec[2] (C)
 1.000000000e+00,        +2.366881888e-11,        -9.145385889e-12
 2.000000000e+00,        -9.126061391e-12,        +4.743056283e-11
